32.8867572503717,105.730388910856,2.46201938253052,228.0,80.0,90.0,5.0,5.0,0.0,0.0,0.0,0.0,0.0,0.0,0.0,0.0,0.0,0.0,0.0,0.0,0.0,0.0,0.0,0.0,0.0,0.0,0.0,0.0,0.0,0.0,0.0,0.0,0.0,0.0,0.0,0.0,0.0,0.0,0.0,0.0,0.0,0.0,0.0,0.0,0.0,0.0,0.0,0.0,0.0,0.0,0.0,0.0,0.0,0.0,0.0,0.0,0.0,0.0,0.0,0.0,0.0,0.0,0.0,0.0,0.0,0.0,0.0,0.0,0.0,0.0,0.0,0.0,0.0,0.0,0.0,0.0,0.0,0.0,0.0,0.0,0.0,0.0,0.0,0.0,0.0,0.0,0.0,0.0,0.0,0.0,0.0,0.0,0.0,0.0,0.0,0.0,0.0,0.0,0.0,0.0,0.0,0.0,0.0,0.0,0.0,0.0,0.0,0.0,0.0,0.0,0.0,0.0,0.0,0.0,0.0,0.0,0.0,0.0,0.0,0.0,0.0,0.0,0.0,0.0,0.0,0.0,0.0,0.0,0.0,0.0,0.0,0.0,0.0,0.0,0.0,0.0,0.0,0.0,0.0,0.0,0.0,0.0,0.0,0.0,0.0,0.0,0.0,0.0,0.0,0.0,0.0,0.0,0.0,0.0,0.0,0.0,0.0,0.0,0.0,0.0,0.0,0.0,0.0,0.0,0.0,0.0,0.0,0.0,0.0,0.0,0.0,0.0,0.0,0.0,0.0,0.0,0.0,0.0,0.0,0.0,0.0,0.0,0.0,0.0,0.0,0.0,0.0,0.0,0.0,0.0,0.0,0.0,0.0,0.0,0.0,0.0,0.0,0.0,0.0,0.0,0.0,0.0,0.0,0.0,0.0,0.0,0.0,0.0,0.0,0.0,0.0,0.0,0.0,0.0,0.0,0.0,0.0,0.0,0.0,0.0,0.0,0.0,0.0,0.0,0.0,0.0,0.0,0.0,0.0,0.0,0.0,0.0,0.0,0.0,0.0,0.0,0.0,0.0,0.0,0.0,0.0,0.0,0.0,0.0,0.0,0.0,0.0,0.0,0.0,0.0
32.896719762431,105.719703354747,7.18980823265266,228.0,65.0,90.0,5.0,5.0,0.0,0.0,0.0,0.0,0.0,0.0,0.0,0.0,0.0,0.0,0.0,0.0,0.0,0.0,0.0,0.0,0.0,0.0,0.0,0.0,0.0,0.0,0.0,0.0,0.0,0.0,0.0,0.0,0.0,0.0,0.0,0.0,0.0,0.0,0.0,0.0,0.0,0.0,0.0,0.0,0.0,0.0,0.0,0.0,0.0,0.0,0.0,0.0,0.0,0.0,0.0,0.0,0.0,0.0,0.0,0.0,0.0,0.0,0.0,0.0,0.0,0.0,0.0,0.0,0.0,0.0,0.0,0.0,0.0,0.0,0.0,0.0,0.0,0.0,0.0,0.0,0.0,0.0,0.0,0.0,0.0,0.0,0.0,0.0,0.0,0.0,0.0,0.0,0.0,0.0,0.0,0.0,0.0,0.0,0.0,0.0,0.0,0.0,0.0,0.0,0.0,0.0,0.0,0.0,0.0,0.0,0.0,0.0,0.0,0.0,0.0,0.0,0.0,0.0,0.0,0.0,0.0,0.0,0.0,0.0,0.0,0.0,0.0,0.0,0.0,0.0,0.0,0.0,0.0,0.0,0.0,0.0,0.0,0.0,0.0,0.0,0.0,0.0,0.0,0.0,0.0,0.0,0.0,0.0,0.0,0.0,0.0,0.0,0.0,0.0,0.0,0.0,0.0,0.0,0.0,0.0,0.0,0.0,0.0,0.0,0.0,0.0,0.0,0.0,0.0,0.0,0.0,0.0,0.0,0.0,0.0,0.0,0.0,0.0,0.0,0.0,0.0,0.0,0.0,0.0,0.0,0.0,0.0,0.0,0.0,0.0,0.0,0.0,0.0,0.0,0.0,0.0,0.0,0.0,0.0,0.0,0.0,0.0,0.0,0.0,0.0,0.0,0.0,0.0,0.0,0.0,0.0,0.0,0.0,0.0,0.0,0.0,0.0,0.0,0.0,0.0,0.0,0.0,0.0,0.0,0.0,0.0,0.0,0.0,0.0,0.0,0.0,0.0,0.0,0.0,0.0,0.0,0.0,0.0,0.0,0.0,0.0,0.0,0.0,0.0,0.0,0.0
32.9145207288122,105.700607716431,11.3706888080417,228.0,50.0,90.0,5.0,5.0,0.0,0.0,0.0,0.0,0.0,0.0,0.0,0.0,0.0,0.0,0.0,0.0,0.0,0.0,0.0,0.0,0.0,0.0,0.0,0.0,0.0,0.0,0.0,0.0,0.0,0.0,0.0,0.0,0.0,0.0,0.0,0.0,0.0,0.0,0.0,0.0,0.0,0.0,0.0,0.0,0.0,0.0,0.0,0.0,0.0,0.0,0.0,0.0,0.0,0.0,0.0,0.0,0.0,0.0,0.0,0.0,0.0,0.0,0.0,0.0,0.0,0.0,0.0,0.0,0.0,0.0,0.0,0.0,0.0,0.0,0.0,0.0,0.0,0.0,0.0,0.0,0.0,0.0,0.0,0.0,0.0,0.0,0.0,0.0,0.0,0.0,0.0,0.0,0.0,0.0,0.0,0.0,0.0,0.0,0.0,0.0,0.0,0.0,0.0,0.0,0.0,0.0,0.0,0.0,0.0,0.0,0.0,0.0,0.0,0.0,0.0,0.0,0.0,0.0,0.0,0.0,0.0,0.0,0.0,0.0,0.0,0.0,0.0,0.0,0.0,0.0,0.0,0.0,0.0,0.0,0.0,0.0,0.0,0.0,0.0,0.0,0.0,0.0,0.0,0.0,0.0,0.0,0.0,0.0,0.0,0.0,0.0,0.0,0.0,0.0,0.0,0.0,0.0,0.0,0.0,0.0,0.0,0.0,0.0,0.0,0.0,0.0,0.0,0.0,0.0,0.0,0.0,0.0,0.0,0.0,0.0,0.0,0.0,0.0,0.0,0.0,0.0,0.0,0.0,0.0,0.0,0.0,0.0,0.0,0.0,0.0,0.0,0.0,0.0,0.0,0.0,0.0,0.0,0.0,0.0,0.0,0.0,0.0,0.0,0.0,0.0,0.0,0.0,0.0,0.0,0.0,0.0,0.0,0.0,0.0,0.0,0.0,0.0,0.0,0.0,0.0,0.0,0.0,0.0,0.0,0.0,0.0,0.0,0.0,0.0,0.0,0.0,0.0,0.0,0.0,0.0,0.0,0.0,0.0,0.0,0.0,0.0,0.0,0.0,0.0,0.0,0.0
32.9380597130448,105.675351276384,14.8927689400555,228.0,40.0,90.0,5.0,5.0,0.0,0.0,0.0,0.0,0.0,0.0,0.0,0.0,0.0,0.0,0.0,0.0,0.0,0.0,0.0,0.0,0.0,0.0,0.0,0.0,0.0,0.0,0.0,0.0,0.0,0.0,0.0,0.0,0.0,0.0,0.0,0.0,0.0,0.0,0.0,0.0,0.0,0.0,0.0,0.0,0.0,0.0,0.0,0.0,0.0,0.0,0.0,0.0,0.0,0.0,0.0,0.0,0.0,0.0,0.0,0.0,0.0,0.0,0.0,0.0,0.0,0.0,0.0,0.0,0.0,0.0,0.0,0.0,0.0,0.0,0.0,0.0,0.0,0.0,0.0,0.0,0.0,0.0,0.0,0.0,0.0,0.0,0.0,0.0,0.0,0.0,0.0,0.0,0.0,0.0,0.0,0.0,0.0,0.0,0.0,0.0,0.0,0.0,0.0,0.0,0.0,0.0,0.0,0.0,0.0,0.0,0.0,0.0,0.0,0.0,0.0,0.0,0.0,0.0,0.0,0.0,0.0,0.0,0.0,0.0,0.0,0.0,0.0,0.0,0.0,0.0,0.0,0.0,0.0,0.0,0.0,0.0,0.0,0.0,0.0,0.0,0.0,0.0,0.0,0.0,0.0,0.0,0.0,0.0,0.0,0.0,0.0,0.0,0.0,0.0,0.0,0.0,0.0,0.0,0.0,0.0,0.0,0.0,0.0,0.0,0.0,0.0,0.0,0.0,0.0,0.0,0.0,0.0,0.0,0.0,0.0,0.0,0.0,0.0,0.0,0.0,0.0,0.0,0.0,0.0,0.0,0.0,0.0,0.0,0.0,0.0,0.0,0.0,0.0,0.0,0.0,0.0,0.0,0.0,0.0,0.0,0.0,0.0,0.0,0.0,0.0,0.0,0.0,0.0,0.0,0.0,0.0,0.0,0.0,0.0,0.0,0.0,0.0,0.0,0.0,0.0,0.0,0.0,0.0,0.0,0.0,0.0,0.0,0.0,0.0,0.0,0.0,0.0,0.0,0.0,0.0,0.0,0.0,0.0,0.0,0.0,0.0,0.0,0.0,0.0,0.0,0.0
32.9653285889311,105.646084731661,17.7497379642719,228.0,30.0,90.0,5.0,5.0,0.0,0.0,0.0,0.0,0.0,0.0,0.0,0.0,0.0,0.0,0.0,0.0,0.0,0.0,0.0,0.0,0.0,0.0,0.0,0.0,0.0,0.0,0.0,0.0,0.0,0.0,0.0,0.0,0.0,0.0,0.0,0.0,0.0,0.0,0.0,0.0,0.0,0.0,0.0,0.0,0.0,0.0,0.0,0.0,0.0,0.0,0.0,0.0,0.0,0.0,0.0,0.0,0.0,0.0,0.0,0.0,0.0,0.0,0.0,0.0,0.0,0.0,0.0,0.0,0.0,0.0,0.0,0.0,0.0,0.0,0.0,0.0,0.0,0.0,0.0,0.0,0.0,0.0,0.0,0.0,0.0,0.0,0.0,0.0,0.0,0.0,0.0,0.0,0.0,0.0,0.0,0.0,0.0,0.0,0.0,0.0,0.0,0.0,0.0,0.0,0.0,0.0,0.0,0.0,0.0,0.0,0.0,0.0,0.0,0.0,0.0,0.0,0.0,0.0,0.0,0.0,0.0,0.0,0.0,0.0,0.0,0.0,0.0,0.0,0.0,0.0,0.0,0.0,0.0,0.0,0.0,0.0,0.0,0.0,0.0,0.0,0.0,0.0,0.0,0.0,0.0,0.0,0.0,0.0,0.0,0.0,0.0,0.0,0.0,0.0,0.0,0.0,0.0,0.0,0.0,0.0,0.0,0.0,0.0,0.0,0.0,0.0,0.0,0.0,0.0,0.0,0.0,0.0,0.0,0.0,0.0,0.0,0.0,0.0,0.0,0.0,0.0,0.0,0.0,0.0,0.0,0.0,0.0,0.0,0.0,0.0,0.0,0.0,0.0,0.0,0.0,0.0,0.0,0.0,0.0,0.0,0.0,0.0,0.0,0.0,0.0,0.0,0.0,0.0,0.0,0.0,0.0,0.0,0.0,0.0,0.0,0.0,0.0,0.0,0.0,0.0,0.0,0.0,0.0,0.0,0.0,0.0,0.0,0.0,0.0,0.0,0.0,0.0,0.0,0.0,0.0,0.0,0.0,0.0,0.0,0.0,0.0,0.0,0.0,0.0,0.0,0.0
32.994941006501,105.614293114124,20.0562836186236,228.0,25.0,90.0,5.0,5.0,0.0,0.0,0.0,0.0,0.0,0.0,0.0,0.0,0.0,0.0,0.0,0.0,0.0,0.0,0.0,0.0,0.0,0.0,0.0,0.0,0.0,0.0,0.0,0.0,0.0,0.0,0.0,0.0,0.0,0.0,0.0,0.0,0.0,0.0,0.0,0.0,0.0,0.0,0.0,0.0,0.0,0.0,0.0,0.0,0.0,0.0,0.0,0.0,0.0,0.0,0.0,0.0,0.0,0.0,0.0,0.0,0.0,0.0,0.0,0.0,0.0,0.0,0.0,0.0,0.0,0.0,0.0,0.0,0.0,0.0,0.0,0.0,0.0,0.0,0.0,0.0,0.0,0.0,0.0,0.0,0.0,0.0,0.0,0.0,0.0,0.0,0.0,0.0,0.0,0.0,0.0,0.0,0.0,0.0,0.0,0.0,0.0,0.0,0.0,0.0,0.0,0.0,0.0,0.0,0.0,0.0,0.0,0.0,0.0,0.0,0.0,0.0,0.0,0.0,0.0,0.0,0.0,0.0,0.0,0.0,0.0,0.0,0.0,0.0,0.0,0.0,0.0,0.0,0.0,0.0,0.0,0.0,0.0,0.0,0.0,0.0,0.0,0.0,0.0,0.0,0.0,0.0,0.0,0.0,0.0,0.0,0.0,0.0,0.0,0.0,0.0,0.0,0.0,0.0,0.0,0.0,0.0,0.0,0.0,0.0,0.0,0.0,0.0,0.0,0.0,0.0,0.0,0.0,0.0,0.0,0.0,0.0,0.0,0.0,0.0,0.0,0.0,0.0,0.0,0.0,0.0,0.0,0.0,0.0,0.0,0.0,0.0,0.0,0.0,0.0,0.0,0.0,0.0,0.0,0.0,0.0,0.0,0.0,0.0,0.0,0.0,0.0,0.0,0.0,0.0,0.0,0.0,0.0,0.0,0.0,0.0,0.0,0.0,0.0,0.0,0.0,0.0,0.0,0.0,0.0,0.0,0.0,0.0,0.0,0.0,0.0,0.0,0.0,0.0,0.0,0.0,0.0,0.0,0.0,0.0,0.0,0.0,0.0,0.0,0.0,0.0,0.0
33.025784267347,105.581168837223,21.9678796312896,228.0,20.0,90.0,5.0,5.0,0.0,0.0,0.0,0.0,0.0,0.0,0.0,0.0,0.0,0.0,0.0,0.0,0.0,0.0,0.0,0.0,0.0,0.0,0.0,0.0,0.0,0.0,0.0,0.0,0.0,0.0,0.0,0.0,0.0,0.0,0.0,0.0,0.0,0.0,0.0,0.0,0.0,0.0,0.0,0.0,0.0,0.0,0.0,0.0,0.0,0.0,0.0,0.0,0.0,0.0,0.0,0.0,0.0,0.0,0.0,0.0,0.0,0.0,0.0,0.0,0.0,0.0,0.0,0.0,0.0,0.0,0.0,0.0,0.0,0.0,0.0,0.0,0.0,0.0,0.0,0.0,0.0,0.0,0.0,0.0,0.0,0.0,0.0,0.0,0.0,0.0,0.0,0.0,0.0,0.0,0.0,0.0,0.0,0.0,0.0,0.0,0.0,0.0,0.0,0.0,0.0,0.0,0.0,0.0,0.0,0.0,0.0,0.0,0.0,0.0,0.0,0.0,0.0,0.0,0.0,0.0,0.0,0.0,0.0,0.0,0.0,0.0,0.0,0.0,0.0,0.0,0.0,0.0,0.0,0.0,0.0,0.0,0.0,0.0,0.0,0.0,0.0,0.0,0.0,0.0,0.0,0.0,0.0,0.0,0.0,0.0,0.0,0.0,0.0,0.0,0.0,0.0,0.0,0.0,0.0,0.0,0.0,0.0,0.0,0.0,0.0,0.0,0.0,0.0,0.0,0.0,0.0,0.0,0.0,0.0,0.0,0.0,0.0,0.0,0.0,0.0,0.0,0.0,0.0,0.0,0.0,0.0,0.0,0.0,0.0,0.0,0.0,0.0,0.0,0.0,0.0,0.0,0.0,0.0,0.0,0.0,0.0,0.0,0.0,0.0,0.0,0.0,0.0,0.0,0.0,0.0,0.0,0.0,0.0,0.0,0.0,0.0,0.0,0.0,0.0,0.0,0.0,0.0,0.0,0.0,0.0,0.0,0.0,0.0,0.0,0.0,0.0,0.0,0.0,0.0,0.0,0.0,0.0,0.0,0.0,0.0,0.0,0.0,0.0,0.0,0.0,0.0
33.0576236356306,105.546962800991,23.46997760236,228.0,15.0,90.0,5.0,5.0,0.0,0.0,0.0,0.0,0.0,0.0,0.0,0.0,0.0,0.0,0.0,0.0,0.0,0.0,0.0,0.0,0.0,0.0,0.0,0.0,0.0,0.0,0.0,0.0,0.0,0.0,0.0,0.0,0.0,0.0,0.0,0.0,0.0,0.0,0.0,0.0,0.0,0.0,0.0,0.0,0.0,0.0,0.0,0.0,0.0,0.0,0.0,0.0,0.0,0.0,0.0,0.0,0.0,0.0,0.0,0.0,0.0,0.0,0.0,0.0,0.0,0.0,0.0,0.0,0.0,0.0,0.0,0.0,0.0,0.0,0.0,0.0,0.0,0.0,0.0,0.0,0.0,0.0,0.0,0.0,0.0,0.0,0.0,0.0,0.0,0.0,0.0,0.0,0.0,0.0,0.0,0.0,0.0,0.0,0.0,0.0,0.0,0.0,0.0,0.0,0.0,0.0,0.0,0.0,0.0,0.0,0.0,0.0,0.0,0.0,0.0,0.0,0.0,0.0,0.0,0.0,0.0,0.0,0.0,0.0,0.0,0.0,0.0,0.0,0.0,0.0,0.0,0.0,0.0,0.0,0.0,0.0,0.0,0.0,0.0,0.0,0.0,0.0,0.0,0.0,0.0,0.0,0.0,0.0,0.0,0.0,0.0,0.0,0.0,0.0,0.0,0.0,0.0,0.0,0.0,0.0,0.0,0.0,0.0,0.0,0.0,0.0,0.0,0.0,0.0,0.0,0.0,0.0,0.0,0.0,0.0,0.0,0.0,0.0,0.0,0.0,0.0,0.0,0.0,0.0,0.0,0.0,0.0,0.0,0.0,0.0,0.0,0.0,0.0,0.0,0.0,0.0,0.0,0.0,0.0,0.0,0.0,0.0,0.0,0.0,0.0,0.0,0.0,0.0,0.0,0.0,0.0,0.0,0.0,0.0,0.0,0.0,0.0,0.0,0.0,0.0,0.0,0.0,0.0,0.0,0.0,0.0,0.0,0.0,0.0,0.0,0.0,0.0,0.0,0.0,0.0,0.0,0.0,0.0,0.0,0.0,0.0,0.0,0.0,0.0,0.0,0.0
33.0902167945338,105.511936129777,24.5511456592836,228.0,10.0,90.0,5.0,5.0,0.0,0.0,0.0,0.0,0.0,0.0,0.0,0.0,0.0,0.0,0.0,0.0,0.0,0.0,0.0,0.0,0.0,0.0,0.0,0.0,0.0,0.0,0.0,0.0,0.0,0.0,0.0,0.0,0.0,0.0,0.0,0.0,0.0,0.0,0.0,0.0,0.0,0.0,0.0,0.0,0.0,0.0,0.0,0.0,0.0,0.0,0.0,0.0,0.0,0.0,0.0,0.0,0.0,0.0,0.0,0.0,0.0,0.0,0.0,0.0,0.0,0.0,0.0,0.0,0.0,0.0,0.0,0.0,0.0,0.0,0.0,0.0,0.0,0.0,0.0,0.0,0.0,0.0,0.0,0.0,0.0,0.0,0.0,0.0,0.0,0.0,0.0,0.0,0.0,0.0,0.0,0.0,0.0,0.0,0.0,0.0,0.0,0.0,0.0,0.0,0.0,0.0,0.0,0.0,0.0,0.0,0.0,0.0,0.0,0.0,0.0,0.0,0.0,0.0,0.0,0.0,0.0,0.0,0.0,0.0,0.0,0.0,0.0,0.0,0.0,0.0,0.0,0.0,0.0,0.0,0.0,0.0,0.0,0.0,0.0,0.0,0.0,0.0,0.0,0.0,0.0,0.0,0.0,0.0,0.0,0.0,0.0,0.0,0.0,0.0,0.0,0.0,0.0,0.0,0.0,0.0,0.0,0.0,0.0,0.0,0.0,0.0,0.0,0.0,0.0,0.0,0.0,0.0,0.0,0.0,0.0,0.0,0.0,0.0,0.0,0.0,0.0,0.0,0.0,0.0,0.0,0.0,0.0,0.0,0.0,0.0,0.0,0.0,0.0,0.0,0.0,0.0,0.0,0.0,0.0,0.0,0.0,0.0,0.0,0.0,0.0,0.0,0.0,0.0,0.0,0.0,0.0,0.0,0.0,0.0,0.0,0.0,0.0,0.0,0.0,0.0,0.0,0.0,0.0,0.0,0.0,0.0,0.0,0.0,0.0,0.0,0.0,0.0,0.0,0.0,0.0,0.0,0.0,0.0,0.0,0.0,0.0,0.0,0.0,0.0,0.0,0.0
32.8566690697977,105.690589421021,2.46201938253052,228.0,80.0,90.0,5.0,5.0,0.203273892971766,1.581783929115516e+17,0.0,0.0,0.0,0.0,0.0,0.0,0.0,0.0,0.0,0.0,0.0,0.0,0.0,0.0,0.0,0.0,0.0,0.0,0.0,0.0,0.0,0.0,0.0,0.0,0.0,0.0,0.0,0.0,0.0,0.0,0.0,0.0,0.0,0.0,0.0,0.0,0.0,0.0,0.0,0.0,0.0,0.0,0.0,0.0,0.0,0.0,0.0,0.0,0.0,0.0,0.0,0.0,0.0,0.0,0.0,0.0,0.0,0.0,0.0,0.0,0.0,0.0,0.0,0.0,0.0,0.0,0.0,0.0,0.0,0.0,0.0,0.0,0.0,0.0,0.0,0.0,0.0,0.0,0.0,0.0,0.0,0.0,0.0,0.0,0.0,0.0,0.0,0.0,0.0,0.0,0.0,0.0,0.0,0.0,0.0,0.0,0.0,0.0,0.0,0.0,0.0,0.0,0.0,0.0,0.0,0.0,0.0,0.0,0.0,0.0,0.0,0.0,0.0,0.0,0.0,0.0,0.0,0.0,0.0,0.0,0.0,0.0,0.0,0.0,0.0,0.0,0.0,0.0,0.0,0.0,0.0,0.0,0.0,0.0,0.0,0.0,0.0,0.0,0.0,0.0,0.0,0.0,0.0,1047162504446165.4,2094325008892330.8,6219367069741123.0,1.0344409130589914e+16,1.3589045627462546e+16,1.6833682124335174e+16,1.586713574162016e+16,1.4900589358905146e+16,1.0744498724309066e+16,6588408089712986.0,3294204044856493.0,0.0,0.0,0.0,0.0,0.0,0.0,0.0,0.0,0.0,0.0,0.0,0.0,0.0,0.0,0.0,0.0,0.0,0.0,0.0,5078241677779544.0,1.0156483355559088e+16,1.7740169575977362e+16,2.5323855796395636e+16,2.9100684287156572e+16,3.287751277791751e+16,2.9902673463316316e+16,2.692783414871513e+16,1.949684740221341e+16,1.2065860655711688e+16,6065646560264349.0,65432464817008.914,32716232408504.457,0.0,0.0,0.0,0.0,0.0,0.0,0.0,0.0,0.0,0.0,0.0,0.0,0.0,0.0,0.0,0.0,0.0,0.0,0.0,0.0,0.0,0.0,0.0,0.0,0.0,0.0,0.0,0.0,0.0,0.0,0.0,0.0,0.0,0.0,0.0,0.0,0.0,0.0,0.0,0.0,0.0,0.0,0.0,0.0,0.0,0.0,0.0,0.0,0.0,0.0,0.0,0.0,0.0,0.0
32.866631581857,105.679900973518,7.18980823265266,228.0,65.0,90.0,5.0,5.0,0.296344586776064,2.306017255781413e+17,0.0,0.0,0.0,0.0,0.0,0.0,0.0,0.0,0.0,0.0,0.0,0.0,0.0,0.0,0.0,0.0,0.0,0.0,0.0,0.0,0.0,0.0,0.0,0.0,0.0,0.0,0.0,0.0,0.0,0.0,0.0,0.0,0.0,0.0,0.0,0.0,0.0,0.0,0.0,0.0,0.0,0.0,0.0,0.0,0.0,0.0,0.0,0.0,0.0,0.0,0.0,0.0,0.0,0.0,0.0,0.0,0.0,0.0,0.0,0.0,0.0,0.0,0.0,0.0,0.0,0.0,0.0,0.0,0.0,0.0,0.0,0.0,0.0,0.0,0.0,0.0,0.0,0.0,0.0,0.0,0.0,0.0,0.0,0.0,0.0,0.0,0.0,0.0,0.0,0.0,0.0,0.0,0.0,0.0,0.0,0.0,0.0,0.0,0.0,0.0,0.0,0.0,0.0,0.0,0.0,0.0,0.0,0.0,0.0,0.0,0.0,0.0,0.0,0.0,0.0,0.0,0.0,0.0,0.0,0.0,0.0,0.0,0.0,0.0,0.0,0.0,0.0,0.0,0.0,0.0,0.0,0.0,0.0,0.0,0.0,0.0,0.0,0.0,0.0,0.0,0.0,0.0,0.0,3093167585127580.0,6186335170255160.0,1.2261577531610908e+16,1.8336819892966652e+16,2.2455890238439428e+16,2.6574960583912204e+16,2.5135157998626844e+16,2.369535541334149e+16,1.7614987570461958e+16,1.153461972758243e+16,5767309863791215.0,0.0,0.0,0.0,0.0,0.0,0.0,0.0,0.0,0.0,0.0,0.0,0.0,0.0,0.0,0.0,0.0,0.0,0.0,0.0,7427348855584137.0,1.4854697711168274e+16,2.5007787076285092e+16,3.5160876441401908e+16,3.995842098479699e+16,4.475596552819208e+16,4.009401553596143e+16,3.543206554373079e+16,2.4751047554660564e+16,1.4070029565590336e+16,7035014782795168.0,0.0,0.0,0.0,0.0,0.0,0.0,0.0,0.0,0.0,0.0,0.0,0.0,0.0,0.0,0.0,0.0,0.0,0.0,0.0,0.0,0.0,0.0,0.0,0.0,0.0,0.0,0.0,0.0,0.0,0.0,0.0,0.0,0.0,0.0,0.0,0.0,0.0,0.0,0.0,0.0,0.0,0.0,0.0,0.0,0.0,0.0,0.0,0.0,0.0,0.0,0.0,0.0,0.0,0.0,0.0,0.0
32.8844325482382,105.660799091635,11.3706888080417,228.0,50.0,99.15384660464143,5.0,5.0,0.2948661816107468,2.2945129868512906e+17,0.0,0.0,0.0,0.0,0.0,0.0,0.0,0.0,0.0,0.0,0.0,0.0,0.0,0.0,0.0,0.0,0.0,0.0,0.0,0.0,0.0,0.0,0.0,0.0,0.0,0.0,0.0,0.0,0.0,0.0,0.0,0.0,0.0,0.0,0.0,0.0,0.0,0.0,0.0,0.0,0.0,0.0,0.0,0.0,0.0,0.0,0.0,0.0,0.0,0.0,0.0,0.0,0.0,0.0,0.0,0.0,0.0,0.0,0.0,0.0,0.0,0.0,0.0,0.0,0.0,0.0,0.0,0.0,0.0,0.0,0.0,0.0,0.0,0.0,0.0,0.0,0.0,0.0,0.0,0.0,0.0,0.0,0.0,0.0,0.0,0.0,0.0,0.0,0.0,0.0,0.0,0.0,0.0,0.0,0.0,0.0,0.0,0.0,0.0,0.0,0.0,0.0,0.0,0.0,0.0,0.0,0.0,0.0,0.0,0.0,0.0,0.0,0.0,0.0,0.0,0.0,0.0,0.0,0.0,0.0,0.0,0.0,0.0,0.0,0.0,0.0,0.0,0.0,0.0,0.0,0.0,0.0,0.0,0.0,0.0,301257902604127.0,602515805208254.0,301257902604127.0,0.0,0.0,0.0,0.0,0.0,1592704383406050.8,3185408766812101.5,8371672203658357.0,1.3557935640504612e+16,1.7987788036965492e+16,2.241764043342637e+16,2.232177567480421e+16,2.2225910916182052e+16,1.7390083809918728e+16,1.2554256703655404e+16,7245967466560938.0,1937678229466471.8,1341547279313092.0,745416329159712.1,1652228080879156.0,2559039832598599.5,4070401669560738.0,5581763506522876.0,6728025493934840.0,7874287481346803.0,7734604840929089.0,7594922200511375.0,6340890469716516.0,5086858738921658.0,3442194550476999.5,1797530362032339.5,898765181016169.8,0.0,601528046911385.8,1203056093822771.5,7958864676859836.0,1.4714673259896902e+16,2.329188629817361e+16,3.1869099336450308e+16,3.4778931983250684e+16,3.768876463005106e+16,3.242736744344321e+16,2.7165970256835348e+16,1.7838620409740714e+16,8511270562646079.0,4255635281323039.5,0.0,0.0,0.0,0.0,0.0,0.0,0.0,0.0,0.0,288649799538992.9,577299599077985.8,288649799538992.9,0.0,0.0,0.0,0.0,0.0,0.0,0.0,0.0,0.0,0.0,0.0,0.0,0.0,0.0,0.0,0.0,0.0,0.0,0.0,0.0,0.0,0.0,0.0,0.0,0.0,0.0,0.0,0.0,0.0,0.0,0.0,0.0,0.0,0.0,0.0,0.0,0.0,0.0,0.0,0.0,0.0,0.0,0.0,0.0
32.9079715324708,105.635533347419,14.8927689400555,228.0,40.0,121.47561679331245,5.0,5.0,0.22905068414747864,1.782367060720971e+17,0.0,0.0,0.0,0.0,0.0,0.0,0.0,0.0,0.0,0.0,0.0,0.0,0.0,0.0,0.0,0.0,0.0,0.0,0.0,0.0,0.0,0.0,0.0,0.0,0.0,0.0,0.0,0.0,0.0,0.0,0.0,0.0,0.0,0.0,0.0,0.0,0.0,0.0,0.0,0.0,0.0,0.0,0.0,0.0,0.0,0.0,0.0,0.0,0.0,0.0,0.0,0.0,0.0,0.0,0.0,0.0,0.0,0.0,0.0,0.0,0.0,0.0,0.0,0.0,0.0,0.0,0.0,0.0,0.0,0.0,0.0,0.0,0.0,0.0,0.0,0.0,0.0,0.0,0.0,0.0,0.0,0.0,0.0,0.0,0.0,0.0,0.0,0.0,0.0,0.0,0.0,0.0,0.0,0.0,0.0,0.0,0.0,0.0,0.0,0.0,0.0,0.0,0.0,0.0,0.0,0.0,0.0,0.0,0.0,0.0,0.0,0.0,0.0,0.0,0.0,0.0,0.0,0.0,0.0,0.0,0.0,0.0,0.0,0.0,0.0,0.0,0.0,0.0,0.0,0.0,0.0,0.0,0.0,0.0,0.0,0.0,0.0,0.0,0.0,0.0,0.0,0.0,0.0,0.0,0.0,1991698560970840.8,3983397121941681.5,6892834755513969.0,9802272389086256.0,1.0964098085837304e+16,1.212592378258835e+16,1.0605154088351124e+16,9084384394113898.0,6729764578252014.0,4375144762390132.0,3509822134478307.0,2644499506566483.0,5067085939535707.0,7489672372504932.0,1.1325453902454078e+16,1.5161235432403222e+16,1.7294259352018904e+16,1.9427283271634584e+16,1.8149993650796628e+16,1.6872704029958676e+16,1.3111055956195172e+16,9349407882431670.0,5624313052966950.0,1899218223502230.0,949609111751115.0,0.0,0.0,0.0,3658430295649517.0,7316860591299034.0,1.265806263757613e+16,1.799926468385323e+16,1.97201029391681e+16,2.144094119448297e+16,1.7751289451006686e+16,1.4061637707530408e+16,8610859306620174.0,3160080905709940.0,1580040452854970.0,0.0,0.0,0.0,0.0,0.0,0.0,0.0,431984171013532.5,863968342027065.0,1021388910049700.2,1178809478072335.5,589404739036167.8,0.0,0.0,0.0,0.0,0.0,0.0,0.0,0.0,0.0,0.0,0.0,0.0,0.0,0.0,0.0,0.0,0.0,0.0,0.0,0.0,0.0,0.0,0.0,0.0,0.0,0.0,0.0,0.0,0.0,0.0,0.0,0.0,0.0,0.0,0.0,0.0,0.0,0.0,0.0,0.0,0.0,0.0,0.0,0.0
32.9352404083571,105.606255355113,17.7497379642719,228.0,30.0,143.9784363326377,5.0,5.0,0.219786636149113,1.710278500659769e+17,0.0,0.0,0.0,0.0,0.0,0.0,0.0,0.0,0.0,0.0,0.0,0.0,0.0,0.0,0.0,0.0,0.0,0.0,0.0,0.0,0.0,0.0,0.0,0.0,0.0,0.0,0.0,0.0,0.0,0.0,0.0,0.0,0.0,0.0,0.0,0.0,0.0,0.0,0.0,0.0,0.0,0.0,0.0,0.0,0.0,0.0,0.0,0.0,0.0,0.0,0.0,0.0,0.0,0.0,0.0,0.0,0.0,0.0,0.0,0.0,0.0,0.0,0.0,0.0,0.0,0.0,0.0,0.0,0.0,0.0,0.0,0.0,0.0,0.0,0.0,0.0,0.0,0.0,0.0,0.0,0.0,0.0,0.0,0.0,0.0,0.0,0.0,0.0,0.0,0.0,0.0,0.0,0.0,0.0,0.0,0.0,0.0,0.0,0.0,0.0,0.0,0.0,0.0,0.0,0.0,0.0,0.0,0.0,0.0,0.0,0.0,0.0,0.0,0.0,0.0,0.0,0.0,0.0,0.0,0.0,0.0,0.0,0.0,0.0,0.0,0.0,0.0,0.0,0.0,0.0,0.0,0.0,0.0,0.0,0.0,0.0,0.0,0.0,0.0,0.0,0.0,0.0,0.0,0.0,0.0,0.0,0.0,1160439523189707.2,2320879046379414.5,3955346726675277.5,5589814406971141.0,6299192906566361.0,7008571406161582.0,7258619298033611.0,7508667189905639.0,8463015195946091.0,9417363201986542.0,1.3967674929988606e+16,1.8517986657990676e+16,2.427107412910472e+16,3.002416160021876e+16,3.1591656889160516e+16,3.3159152178102284e+16,2.900373933073735e+16,2.4848326483372424e+16,1.79064633545686e+16,1.0964600225764776e+16,5692991886855178.0,421383547945579.75,210691773972789.88,0.0,0.0,0.0,234951231997570.84,469902463995141.7,2841258501217869.5,5212614538440598.0,6596455175848944.0,7980295813257290.0,6850479584298932.0,5720663355340575.0,3344943649586906.5,969223943833238.8,484611971916619.4,0.0,0.0,0.0,0.0,0.0,0.0,0.0,0.0,0.0,447122003155616.5,894244006311233.0,447122003155616.5,0.0,0.0,0.0,0.0,0.0,0.0,0.0,0.0,0.0,0.0,0.0,0.0,0.0,0.0,0.0,0.0,0.0,0.0,0.0,0.0,0.0,0.0,0.0,0.0,0.0,0.0,0.0,0.0,0.0,0.0,0.0,0.0,0.0,0.0,0.0,0.0,0.0,0.0,0.0,0.0,0.0,0.0,0.0,0.0
32.964852825927,105.574450904912,20.0562836186236,228.0,25.0,147.0506956850811,5.0,5.0,0.2277524541700281,1.7722648322222403e+17,0.0,0.0,0.0,0.0,0.0,0.0,0.0,0.0,0.0,0.0,0.0,0.0,0.0,0.0,0.0,0.0,0.0,0.0,0.0,0.0,0.0,0.0,0.0,0.0,0.0,0.0,0.0,0.0,0.0,0.0,0.0,0.0,0.0,0.0,0.0,0.0,0.0,0.0,0.0,0.0,0.0,0.0,0.0,0.0,0.0,0.0,0.0,0.0,0.0,0.0,0.0,0.0,0.0,0.0,0.0,0.0,0.0,0.0,0.0,0.0,0.0,0.0,0.0,0.0,0.0,0.0,0.0,0.0,0.0,0.0,0.0,0.0,0.0,0.0,0.0,0.0,0.0,0.0,0.0,0.0,0.0,0.0,0.0,0.0,0.0,0.0,0.0,0.0,0.0,0.0,0.0,0.0,0.0,0.0,0.0,0.0,0.0,0.0,0.0,0.0,0.0,0.0,0.0,0.0,0.0,0.0,0.0,0.0,0.0,0.0,0.0,0.0,0.0,0.0,0.0,0.0,0.0,0.0,0.0,0.0,0.0,0.0,0.0,0.0,0.0,0.0,0.0,0.0,0.0,0.0,0.0,0.0,0.0,0.0,0.0,0.0,0.0,0.0,0.0,0.0,0.0,0.0,0.0,0.0,0.0,0.0,0.0,0.0,0.0,0.0,0.0,1323025662092897.5,2646051324185795.0,5196119751001465.0,7746188177817136.0,1.212783483767989e+16,1.6509481497542646e+16,2.389311509969407e+16,3.1276748701845496e+16,3.693001178756892e+16,4.258327487329233e+16,4.128212847195841e+16,3.99809820706245e+16,3.2210694779471604e+16,2.4440407488318716e+16,1.5630955703667634e+16,6821503919016549.0,3410751959508274.5,0.0,0.0,0.0,0.0,0.0,0.0,0.0,0.0,0.0,424036136290876.5,848072272581753.0,716168102674172.1,584263932766591.4,292131966383295.7,0.0,0.0,0.0,0.0,0.0,0.0,0.0,0.0,0.0,892473881567875.5,1784947763135751.0,1894754482116260.8,2004561201096769.8,1002280600548384.9,0.0,0.0,0.0,0.0,0.0,0.0,0.0,0.0,0.0,0.0,0.0,0.0,0.0,0.0,0.0,0.0,0.0,0.0,0.0,0.0,0.0,0.0,0.0,0.0,0.0,0.0,0.0,0.0,0.0,0.0,0.0,0.0,0.0,0.0,0.0,0.0,0.0,0.0,0.0,0.0,0.0,0.0,0.0,0.0
32.995696086773,105.541312969485,21.9678796312896,228.0,20.0,141.9616328303593,5.0,5.0,0.17746296639341053,1.3809351715089797e+17,0.0,0.0,0.0,0.0,0.0,0.0,0.0,0.0,0.0,0.0,0.0,0.0,0.0,0.0,0.0,0.0,0.0,0.0,0.0,0.0,0.0,0.0,0.0,0.0,0.0,0.0,0.0,0.0,0.0,0.0,0.0,0.0,0.0,0.0,0.0,0.0,0.0,0.0,0.0,0.0,0.0,0.0,0.0,0.0,0.0,0.0,0.0,0.0,0.0,0.0,0.0,0.0,0.0,0.0,0.0,0.0,0.0,0.0,0.0,0.0,0.0,0.0,0.0,0.0,0.0,0.0,0.0,0.0,0.0,0.0,0.0,0.0,0.0,0.0,0.0,0.0,0.0,0.0,0.0,0.0,0.0,0.0,0.0,0.0,0.0,0.0,0.0,0.0,0.0,0.0,0.0,0.0,0.0,0.0,0.0,0.0,0.0,0.0,0.0,0.0,0.0,0.0,0.0,0.0,0.0,0.0,0.0,0.0,0.0,0.0,0.0,0.0,0.0,0.0,0.0,0.0,0.0,0.0,0.0,0.0,0.0,0.0,0.0,0.0,0.0,0.0,0.0,0.0,0.0,0.0,0.0,0.0,0.0,0.0,0.0,0.0,0.0,0.0,0.0,0.0,0.0,0.0,0.0,0.0,0.0,0.0,0.0,0.0,0.0,0.0,0.0,0.0,0.0,2388817388200644.0,4777634776401288.0,1.026539670409502e+16,1.5753158631788754e+16,2.2888512209100844e+16,3.0023865786412932e+16,3.3574288789054324e+16,3.712471179169573e+16,3.3640025641537376e+16,3.0155339491379028e+16,2.182849959426761e+16,1.3501659697156186e+16,6841659542195810.0,181659387235432.34,90829693617716.17,0.0,0.0,0.0,0.0,0.0,0.0,0.0,0.0,0.0,0.0,0.0,0.0,0.0,0.0,0.0,0.0,0.0,0.0,0.0,0.0,0.0,733914180748537.6,1467828361497075.2,2383717919234892.5,3299607476972708.5,2553829613665781.0,1808051750358852.8,904025875179426.4,0.0,0.0,0.0,0.0,0.0,0.0,0.0,0.0,0.0,0.0,0.0,0.0,0.0,0.0,0.0,0.0,0.0,0.0,0.0,0.0,0.0,0.0,0.0,0.0,0.0,0.0,0.0,0.0,0.0,0.0,0.0,0.0,0.0,0.0,0.0,0.0,0.0,0.0,0.0,0.0,0.0,0.0,0.0,0.0
33.0275354550566,105.507092750066,23.46997760236,228.0,15.0,138.51202912318269,5.0,5.0,0.08656740825645648,6.736277500439463e+16,0.0,0.0,0.0,0.0,0.0,0.0,0.0,0.0,0.0,0.0,0.0,0.0,0.0,0.0,0.0,0.0,0.0,0.0,0.0,0.0,0.0,0.0,0.0,0.0,0.0,0.0,0.0,0.0,0.0,0.0,0.0,0.0,0.0,0.0,0.0,0.0,0.0,0.0,0.0,0.0,0.0,0.0,0.0,0.0,0.0,0.0,0.0,0.0,0.0,0.0,0.0,0.0,0.0,0.0,0.0,0.0,0.0,0.0,0.0,0.0,0.0,0.0,0.0,0.0,0.0,0.0,0.0,0.0,0.0,0.0,0.0,0.0,0.0,0.0,0.0,0.0,0.0,0.0,0.0,0.0,0.0,0.0,0.0,0.0,0.0,0.0,0.0,0.0,0.0,0.0,0.0,0.0,0.0,0.0,0.0,0.0,0.0,0.0,0.0,0.0,0.0,0.0,0.0,0.0,0.0,0.0,0.0,0.0,0.0,0.0,0.0,0.0,0.0,0.0,0.0,0.0,0.0,0.0,0.0,0.0,0.0,0.0,0.0,0.0,0.0,0.0,0.0,0.0,0.0,0.0,0.0,0.0,0.0,0.0,0.0,0.0,0.0,0.0,0.0,0.0,0.0,0.0,0.0,0.0,0.0,0.0,0.0,0.0,0.0,0.0,0.0,0.0,0.0,612686301153771.9,1225372602307543.8,4441332704211947.5,7657292806116349.0,1.1784576345994376e+16,1.5911859885872406e+16,1.7390206113008106e+16,1.88685523401438e+16,1.6372711931465878e+16,1.387687152278795e+16,9274027722353402.0,4671183921918856.0,2335591960959428.0,0.0,0.0,0.0,0.0,0.0,0.0,0.0,0.0,0.0,0.0,0.0,0.0,0.0,0.0,0.0,0.0,0.0,0.0,0.0,0.0,0.0,0.0,0.0,735613247813668.6,1471226495627337.2,2048383405126600.8,2625540314625864.5,1840207714810194.0,1054875114994523.1,527437557497261.56,0.0,0.0,0.0,0.0,0.0,0.0,0.0,0.0,0.0,0.0,0.0,0.0,0.0,0.0,0.0,0.0,0.0,0.0,0.0,0.0,0.0,0.0,0.0,0.0,0.0,0.0,0.0,0.0,0.0,0.0,0.0,0.0,0.0,0.0,0.0,0.0,0.0,0.0,0.0,0.0,0.0,0.0,0.0,0.0
33.0601286139598,105.472055211712,24.5511456592836,228.0,10.0,90.0,5.0,5.0,0.0,0.0,0.0,0.0,0.0,0.0,0.0,0.0,0.0,0.0,0.0,0.0,0.0,0.0,0.0,0.0,0.0,0.0,0.0,0.0,0.0,0.0,0.0,0.0,0.0,0.0,0.0,0.0,0.0,0.0,0.0,0.0,0.0,0.0,0.0,0.0,0.0,0.0,0.0,0.0,0.0,0.0,0.0,0.0,0.0,0.0,0.0,0.0,0.0,0.0,0.0,0.0,0.0,0.0,0.0,0.0,0.0,0.0,0.0,0.0,0.0,0.0,0.0,0.0,0.0,0.0,0.0,0.0,0.0,0.0,0.0,0.0,0.0,0.0,0.0,0.0,0.0,0.0,0.0,0.0,0.0,0.0,0.0,0.0,0.0,0.0,0.0,0.0,0.0,0.0,0.0,0.0,0.0,0.0,0.0,0.0,0.0,0.0,0.0,0.0,0.0,0.0,0.0,0.0,0.0,0.0,0.0,0.0,0.0,0.0,0.0,0.0,0.0,0.0,0.0,0.0,0.0,0.0,0.0,0.0,0.0,0.0,0.0,0.0,0.0,0.0,0.0,0.0,0.0,0.0,0.0,0.0,0.0,0.0,0.0,0.0,0.0,0.0,0.0,0.0,0.0,0.0,0.0,0.0,0.0,0.0,0.0,0.0,0.0,0.0,0.0,0.0,0.0,0.0,0.0,0.0,0.0,0.0,0.0,0.0,0.0,0.0,0.0,0.0,0.0,0.0,0.0,0.0,0.0,0.0,0.0,0.0,0.0,0.0,0.0,0.0,0.0,0.0,0.0,0.0,0.0,0.0,0.0,0.0,0.0,0.0,0.0,0.0,0.0,0.0,0.0,0.0,0.0,0.0,0.0,0.0,0.0,0.0,0.0,0.0,0.0,0.0,0.0,0.0,0.0,0.0,0.0,0.0,0.0,0.0,0.0,0.0,0.0,0.0,0.0,0.0,0.0,0.0,0.0,0.0,0.0,0.0,0.0,0.0,0.0,0.0,0.0,0.0,0.0,0.0,0.0,0.0,0.0,0.0,0.0,0.0,0.0,0.0,0.0,0.0,0.0,0.0
32.8265808892237,105.650789931186,2.46201938253052,228.0,80.0,91.40754997085116,5.0,5.0,0.5203420779754317,4.0490626934489414e+17,0.0,0.0,0.0,0.0,0.0,0.0,0.0,0.0,0.0,0.0,0.0,0.0,0.0,0.0,0.0,0.0,0.0,0.0,0.0,0.0,0.0,0.0,0.0,0.0,0.0,0.0,0.0,0.0,0.0,0.0,0.0,0.0,0.0,0.0,0.0,0.0,0.0,0.0,0.0,0.0,0.0,0.0,0.0,0.0,0.0,0.0,0.0,0.0,0.0,0.0,0.0,0.0,0.0,0.0,0.0,0.0,0.0,0.0,0.0,0.0,0.0,0.0,0.0,0.0,0.0,0.0,0.0,0.0,0.0,0.0,0.0,0.0,0.0,0.0,0.0,0.0,0.0,0.0,0.0,0.0,0.0,0.0,0.0,0.0,0.0,0.0,0.0,0.0,0.0,0.0,0.0,0.0,0.0,0.0,0.0,0.0,0.0,0.0,0.0,0.0,0.0,0.0,0.0,0.0,0.0,0.0,0.0,0.0,0.0,0.0,0.0,0.0,0.0,0.0,0.0,0.0,0.0,0.0,0.0,0.0,0.0,0.0,0.0,0.0,0.0,0.0,0.0,0.0,0.0,0.0,0.0,0.0,0.0,0.0,0.0,0.0,0.0,0.0,0.0,0.0,0.0,0.0,0.0,3395330304500611.5,6790660609001223.0,1.4931083220191706e+16,2.3071505831382188e+16,2.8779853417614876e+16,3.4488201003847572e+16,3.237237926364392e+16,3.025655752344027e+16,2.2318184810317344e+16,1.437981209719442e+16,8383753779337077.0,2387695461479732.0,1659984052901236.5,932272644322741.1,466136322161370.56,0.0,0.0,0.0,0.0,0.0,0.0,0.0,0.0,0.0,0.0,0.0,0.0,0.0,3335035335935813.0,6670070671871626.0,2.131010000567246e+16,3.5950129339473296e+16,5.26850046859839e+16,6.941988003249451e+16,7.604356056468048e+16,8.266724109686645e+16,7.410484122436747e+16,6.554244135186852e+16,4.751586719122492e+16,2.9489293030581308e+16,1.5943327715219608e+16,2397362399857910.0,1430254325535137.0,463146251212364.0,231573125606182.0,0.0,0.0,0.0,0.0,0.0,0.0,0.0,0.0,0.0,0.0,0.0,0.0,0.0,0.0,0.0,0.0,0.0,0.0,0.0,0.0,0.0,0.0,0.0,0.0,0.0,0.0,0.0,0.0,0.0,0.0,0.0,0.0,0.0,0.0,0.0,0.0,0.0,0.0,0.0,0.0,0.0,0.0,0.0,0.0,0.0,0.0,0.0,0.0,0.0,0.0,0.0,0.0
32.836543401283,105.640098592288,7.18980823265266,228.0,65.0,91.47559437481179,5.0,5.0,0.658515463778015,5.1242644220071744e+17,0.0,0.0,0.0,0.0,0.0,0.0,0.0,0.0,0.0,0.0,0.0,0.0,0.0,0.0,0.0,0.0,0.0,0.0,0.0,0.0,0.0,0.0,0.0,0.0,0.0,0.0,0.0,0.0,0.0,0.0,0.0,0.0,0.0,0.0,0.0,0.0,0.0,0.0,0.0,0.0,0.0,0.0,0.0,0.0,0.0,0.0,0.0,0.0,0.0,0.0,0.0,0.0,0.0,0.0,0.0,0.0,0.0,0.0,0.0,0.0,0.0,0.0,0.0,0.0,0.0,0.0,0.0,0.0,0.0,0.0,0.0,0.0,0.0,0.0,0.0,0.0,0.0,0.0,0.0,0.0,0.0,0.0,0.0,0.0,0.0,0.0,0.0,0.0,0.0,0.0,0.0,0.0,0.0,0.0,0.0,0.0,0.0,0.0,0.0,0.0,0.0,0.0,0.0,0.0,0.0,0.0,0.0,0.0,0.0,0.0,0.0,0.0,0.0,0.0,0.0,0.0,0.0,0.0,0.0,0.0,0.0,0.0,0.0,0.0,0.0,0.0,0.0,0.0,0.0,0.0,0.0,0.0,0.0,1269878033692338.0,2539756067384676.0,1841111085741676.8,1142466104098677.5,571233052049338.8,0.0,0.0,0.0,0.0,0.0,5662316244201569.0,1.1324632488403138e+16,2.200163607637356e+16,3.2678639664343984e+16,4.020375008833232e+16,4.772886051232066e+16,4.549718259482664e+16,4.326550467733262e+16,3.2656124708163884e+16,2.2046744738995144e+16,1.2075353639535016e+16,2103962540074889.2,1748832220261953.2,1393701900449016.8,1088853450080005.6,784004999710994.5,451916376555089.94,119827753399185.38,500081791356439.56,880335829313693.8,1181039351243747.2,1481742873173800.5,1407014151707415.2,1332285430241029.8,928121679441442.5,523957928641855.2,261978964320927.6,0.0,4419626511339840.5,8839253022679681.0,2.6577584025418004e+16,4.431591502815632e+16,6.435249252885891e+16,8.438907002956149e+16,9.131365684008323e+16,9.8238243650605e+16,8.67762001656139e+16,7.53141566806228e+16,5.3284216369461384e+16,3.1254276058299972e+16,1.5810766083947334e+16,367256109594695.44,364552111454413.0,361848113314130.56,180924056657065.28,0.0,0.0,0.0,0.0,0.0,0.0,0.0,0.0,0.0,0.0,0.0,0.0,0.0,0.0,0.0,0.0,0.0,0.0,0.0,0.0,0.0,0.0,0.0,0.0,0.0,0.0,0.0,0.0,0.0,0.0,0.0,0.0,0.0,0.0,0.0,0.0,0.0,0.0,0.0,0.0,0.0,0.0,0.0,0.0,0.0,0.0,0.0,0.0,0.0,0.0,0.0,0.0
32.8543443676642,105.62099046684,11.3706888080417,228.0,50.0,102.32912283544619,5.0,5.0,0.6315847690555052,4.914702143796176e+17,0.0,0.0,0.0,0.0,0.0,0.0,0.0,0.0,0.0,0.0,0.0,0.0,0.0,0.0,0.0,0.0,0.0,0.0,0.0,0.0,0.0,0.0,0.0,0.0,0.0,0.0,0.0,0.0,0.0,0.0,0.0,0.0,0.0,0.0,0.0,0.0,0.0,0.0,0.0,0.0,0.0,0.0,0.0,0.0,0.0,0.0,0.0,0.0,0.0,0.0,0.0,0.0,0.0,0.0,0.0,0.0,0.0,0.0,0.0,0.0,0.0,0.0,0.0,0.0,0.0,0.0,0.0,0.0,0.0,0.0,0.0,0.0,0.0,0.0,0.0,0.0,0.0,0.0,0.0,0.0,0.0,0.0,0.0,0.0,0.0,0.0,0.0,0.0,0.0,0.0,0.0,0.0,0.0,0.0,0.0,0.0,0.0,0.0,0.0,0.0,0.0,0.0,0.0,0.0,0.0,0.0,0.0,0.0,0.0,0.0,0.0,0.0,0.0,0.0,0.0,0.0,0.0,0.0,0.0,0.0,0.0,0.0,0.0,0.0,0.0,0.0,0.0,0.0,0.0,0.0,0.0,0.0,0.0,3549957487782575.5,7099914975565151.0,5817718471643669.0,4535521967722189.0,2267760983861094.5,0.0,0.0,0.0,0.0,0.0,2986930834559751.5,5973861669119503.0,1.4267076931976116e+16,2.2560292194832732e+16,2.9954254826901492e+16,3.734821745897026e+16,3.7451098460834344e+16,3.7553979462698424e+16,2.995087790762702e+16,2.2347776352555616e+16,1.371012918113575e+16,5072482009715886.0,4511849366270528.0,3951216722825168.5,6282097214815787.0,8612977706806407.0,1.1318286906464758e+16,1.4023596106123108e+16,1.601717846023712e+16,1.801076081435113e+16,1.7285984200831138e+16,1.6561207587311138e+16,1.3675064092890086e+16,1.0788920598469036e+16,7294202259909745.0,3799483921350456.0,1899741960675228.0,0.0,4438359127571691.0,8876718255143382.0,2.420454948586041e+16,3.953238071657744e+16,5.549280264918011e+16,7.145322458178278e+16,7.525295364738835e+16,7.905268271299392e+16,6.716726205252186e+16,5.52818413920498e+16,3.7157499282351944e+16,1.9033157172654084e+16,9516578586327042.0,0.0,0.0,0.0,0.0,0.0,0.0,0.0,0.0,0.0,0.0,0.0,0.0,0.0,0.0,0.0,0.0,0.0,0.0,0.0,0.0,0.0,0.0,0.0,0.0,0.0,0.0,0.0,0.0,0.0,0.0,0.0,0.0,0.0,0.0,0.0,0.0,0.0,0.0,0.0,0.0,0.0,0.0,0.0,0.0,0.0,0.0,0.0,0.0,0.0,0.0,0.0,0.0,0.0,0.0,0.0,0.0
32.8778833518968,105.595715418454,14.8927689400555,228.0,40.0,124.4570956609258,5.0,5.0,0.5156679287822586,4.012690614536297e+17,0.0,0.0,0.0,0.0,0.0,0.0,0.0,0.0,0.0,0.0,0.0,0.0,0.0,0.0,0.0,0.0,0.0,0.0,0.0,0.0,0.0,0.0,0.0,0.0,0.0,0.0,0.0,0.0,0.0,0.0,0.0,0.0,0.0,0.0,0.0,0.0,0.0,0.0,0.0,0.0,0.0,0.0,0.0,0.0,0.0,0.0,0.0,0.0,0.0,0.0,0.0,0.0,0.0,0.0,0.0,0.0,0.0,0.0,0.0,0.0,0.0,0.0,0.0,0.0,0.0,0.0,0.0,0.0,0.0,0.0,0.0,0.0,0.0,0.0,0.0,0.0,0.0,0.0,0.0,0.0,0.0,0.0,0.0,0.0,0.0,0.0,0.0,0.0,0.0,0.0,0.0,0.0,0.0,0.0,0.0,0.0,0.0,0.0,0.0,0.0,0.0,0.0,0.0,0.0,0.0,0.0,0.0,0.0,0.0,0.0,0.0,0.0,0.0,0.0,0.0,0.0,0.0,0.0,0.0,0.0,0.0,0.0,0.0,0.0,0.0,0.0,0.0,0.0,0.0,0.0,0.0,0.0,0.0,3372250212602805.0,6744500425205610.0,5167280894102340.0,3590061362999070.0,1795030681499535.0,0.0,0.0,0.0,0.0,0.0,0.0,0.0,3702414408986367.0,7404828817972734.0,1.2454035268251144e+16,1.7503241718529558e+16,1.9757982503364052e+16,2.2012723288198548e+16,1.9613883831700776e+16,1.7215044375202998e+16,1.3557686656278674e+16,9900328937354352.0,9059634628540520.0,8218940319726690.0,1.4221287732609604e+16,2.0223635145492516e+16,2.77522103463879e+16,3.5280785547283292e+16,3.844479691740071e+16,4.160880828751812e+16,3.820326915199666e+16,3.479773001647519e+16,2.681283657650006e+16,1.882794313652493e+16,1.1506453150536748e+16,4184963164548567.0,2092481582274283.5,0.0,2058016694095627.5,4116033388191255.0,1.3469747832952406e+16,2.2823462277713556e+16,3.2719371670599544e+16,4.261528106348554e+16,4.430998318212196e+16,4.600468530075839e+16,3.775244786602275e+16,2.95002104312871e+16,1.87150055672262e+16,7929800703165300.0,3964900351582650.0,0.0,0.0,0.0,0.0,0.0,0.0,0.0,383026872998197.2,766053745996394.4,383026872998197.2,0.0,0.0,0.0,0.0,0.0,0.0,0.0,0.0,0.0,0.0,0.0,0.0,0.0,0.0,0.0,0.0,0.0,0.0,0.0,0.0,0.0,0.0,0.0,0.0,0.0,0.0,0.0,0.0,0.0,0.0,0.0,0.0,0.0,0.0,0.0,0.0,0.0,0.0,0.0,0.0,0.0,0.0,0.0,0.0,0.0,0.0
32.9051522277831,105.566425978565,17.7497379642719,228.0,30.0,143.9932957965995,5.0,5.0,0.49338286763427547,3.83927851981082e+17,0.0,0.0,0.0,0.0,0.0,0.0,0.0,0.0,0.0,0.0,0.0,0.0,0.0,0.0,0.0,0.0,0.0,0.0,0.0,0.0,0.0,0.0,0.0,0.0,0.0,0.0,0.0,0.0,0.0,0.0,0.0,0.0,0.0,0.0,0.0,0.0,0.0,0.0,0.0,0.0,0.0,0.0,0.0,0.0,0.0,0.0,0.0,0.0,0.0,0.0,0.0,0.0,0.0,0.0,0.0,0.0,0.0,0.0,0.0,0.0,0.0,0.0,0.0,0.0,0.0,0.0,0.0,0.0,0.0,0.0,0.0,0.0,0.0,0.0,0.0,0.0,0.0,0.0,0.0,0.0,0.0,0.0,0.0,0.0,0.0,0.0,0.0,0.0,0.0,0.0,0.0,0.0,0.0,0.0,0.0,0.0,0.0,0.0,0.0,0.0,0.0,0.0,0.0,0.0,0.0,0.0,0.0,0.0,0.0,0.0,0.0,0.0,0.0,0.0,0.0,0.0,0.0,0.0,0.0,0.0,0.0,0.0,0.0,0.0,0.0,0.0,0.0,0.0,0.0,0.0,0.0,0.0,0.0,2362249324413564.5,4724498648827129.0,3039882852103622.0,1355267055380113.5,677633527690056.8,0.0,0.0,0.0,0.0,0.0,0.0,0.0,0.0,0.0,1963100438218976.8,3926200876437953.5,6840423734959851.0,9754646593481748.0,1.1457103179036296e+16,1.3159559764590838e+16,1.4501576799485756e+16,1.5843593834380672e+16,1.963798113010991e+16,2.343236842583915e+16,3.4291195842359436e+16,4.515002325887971e+16,5.565578965379273e+16,6.616155604870576e+16,6.743350173162908e+16,6.870544741455239e+16,5.940435362248705e+16,5.0103259830421704e+16,3.5637668233365336e+16,2.1172076636308964e+16,1.0969174514204872e+16,766272392100777.6,383136196050388.8,0.0,0.0,0.0,3534518193301958.0,7069036386603916.0,1.2378947390553898e+16,1.7688858394503874e+16,1.9016082147113924e+16,2.0343305899723972e+16,1.6249098360377382e+16,1.2154890821030786e+16,7144593015169057.0,2134295209307324.2,1067147604653662.1,0.0,0.0,0.0,0.0,0.0,0.0,0.0,141347245002626.03,282694490005252.06,141347245002626.03,0.0,0.0,0.0,0.0,0.0,0.0,0.0,0.0,0.0,0.0,0.0,0.0,0.0,0.0,0.0,0.0,0.0,0.0,0.0,0.0,0.0,0.0,0.0,0.0,0.0,0.0,0.0,0.0,0.0,0.0,0.0,0.0,0.0,0.0,0.0,0.0,0.0,0.0,0.0,0.0,0.0,0.0,0.0,0.0,0.0,0.0
32.934764645353,105.534608695701,20.0562836186236,228.0,25.0,148.33219213145063,5.0,5.0,0.4774918896252094,3.715622238794152e+17,0.0,0.0,0.0,0.0,0.0,0.0,0.0,0.0,0.0,0.0,0.0,0.0,0.0,0.0,0.0,0.0,0.0,0.0,0.0,0.0,0.0,0.0,0.0,0.0,0.0,0.0,0.0,0.0,0.0,0.0,0.0,0.0,0.0,0.0,0.0,0.0,0.0,0.0,0.0,0.0,0.0,0.0,0.0,0.0,0.0,0.0,0.0,0.0,0.0,0.0,0.0,0.0,0.0,0.0,0.0,0.0,0.0,0.0,0.0,0.0,0.0,0.0,0.0,0.0,0.0,0.0,0.0,0.0,0.0,0.0,0.0,0.0,0.0,0.0,0.0,0.0,0.0,0.0,0.0,0.0,0.0,0.0,0.0,0.0,0.0,0.0,0.0,0.0,0.0,0.0,0.0,0.0,0.0,0.0,0.0,0.0,0.0,0.0,0.0,0.0,0.0,0.0,0.0,0.0,0.0,0.0,0.0,0.0,0.0,0.0,0.0,0.0,0.0,0.0,0.0,0.0,0.0,0.0,0.0,0.0,0.0,0.0,0.0,0.0,0.0,0.0,0.0,0.0,0.0,0.0,0.0,0.0,0.0,1049704259317163.6,2099408518634327.2,1049704259317163.6,0.0,0.0,0.0,0.0,0.0,0.0,0.0,0.0,0.0,0.0,0.0,0.0,0.0,334321059633691.06,668642119267382.1,2955089688269282.0,5241537257271182.0,1.0548861261142052e+16,1.5856185265012924e+16,2.602364297575068e+16,3.619110068648844e+16,5.182079548321492e+16,6.74504902799414e+16,7.789913210697864e+16,8.834777393401589e+16,8.484169205377576e+16,8.133561017353563e+16,6.545274384485926e+16,4.9569877516182904e+16,3.2354908460870804e+16,1.5139939405558704e+16,7569969702779352.0,0.0,0.0,0.0,0.0,0.0,0.0,0.0,925169107804044.5,1850338215608089.0,2919022432421496.5,3987706649234903.5,3122821005905559.0,2257935362576214.5,1128967681288107.2,0.0,0.0,0.0,0.0,0.0,0.0,0.0,0.0,0.0,782839248043616.6,1565678496087233.2,782839248043616.6,0.0,0.0,0.0,0.0,0.0,0.0,0.0,0.0,0.0,0.0,0.0,0.0,0.0,0.0,0.0,0.0,0.0,0.0,0.0,0.0,0.0,0.0,0.0,0.0,0.0,0.0,0.0,0.0,0.0,0.0,0.0,0.0,0.0,0.0,0.0,0.0,0.0,0.0,0.0,0.0,0.0,0.0,0.0,0.0,0.0,0.0
32.965607906199,105.501457101746,21.9678796312896,228.0,20.0,144.06708728792518,5.0,5.0,0.3605497464848694,2.8056322742618707e+17,0.0,0.0,0.0,0.0,0.0,0.0,0.0,0.0,0.0,0.0,0.0,0.0,0.0,0.0,0.0,0.0,0.0,0.0,0.0,0.0,0.0,0.0,0.0,0.0,0.0,0.0,0.0,0.0,0.0,0.0,0.0,0.0,0.0,0.0,0.0,0.0,0.0,0.0,0.0,0.0,0.0,0.0,0.0,0.0,0.0,0.0,0.0,0.0,0.0,0.0,0.0,0.0,0.0,0.0,0.0,0.0,0.0,0.0,0.0,0.0,0.0,0.0,0.0,0.0,0.0,0.0,0.0,0.0,0.0,0.0,0.0,0.0,0.0,0.0,0.0,0.0,0.0,0.0,0.0,0.0,0.0,0.0,0.0,0.0,0.0,0.0,0.0,0.0,0.0,0.0,0.0,0.0,0.0,0.0,0.0,0.0,0.0,0.0,0.0,0.0,0.0,0.0,0.0,0.0,0.0,0.0,0.0,0.0,0.0,0.0,0.0,0.0,0.0,0.0,0.0,0.0,0.0,0.0,0.0,0.0,0.0,0.0,0.0,0.0,0.0,0.0,0.0,0.0,0.0,0.0,0.0,0.0,0.0,0.0,0.0,0.0,0.0,0.0,0.0,0.0,0.0,0.0,0.0,0.0,0.0,0.0,0.0,0.0,0.0,0.0,0.0,2135730391946.765,4271460783893.53,5243115615341077.0,1.048195976989826e+16,2.2253234553061876e+16,3.40245093362255e+16,4.851748089884443e+16,6.301045246146337e+16,6.901220356473459e+16,7.501395466800581e+16,6.7923747419229896e+16,6.083354017045398e+16,4.481496622012154e+16,2.8796392269789084e+16,1.5919848204963704e+16,3043304140138321.5,1521652070069160.8,0.0,0.0,0.0,0.0,0.0,0.0,0.0,0.0,0.0,0.0,0.0,0.0,0.0,0.0,0.0,0.0,0.0,0.0,0.0,0.0,0.0,1030848064772464.6,2061696129544929.2,2677421574714423.5,3293147019883917.5,1646573509941958.8,0.0,0.0,0.0,0.0,0.0,0.0,0.0,0.0,0.0,0.0,0.0,0.0,0.0,0.0,0.0,0.0,0.0,0.0,0.0,0.0,0.0,0.0,0.0,0.0,0.0,0.0,0.0,0.0,0.0,0.0,0.0,0.0,0.0,0.0,0.0,0.0,0.0,0.0,0.0,0.0,0.0,0.0,0.0,0.0,0.0,0.0
32.9974472744825,105.467222699141,23.46997760236,228.0,15.0,140.3830087446454,5.0,5.0,0.16874868654739655,1.3131246543160282e+17,0.0,0.0,0.0,0.0,0.0,0.0,0.0,0.0,0.0,0.0,0.0,0.0,0.0,0.0,0.0,0.0,0.0,0.0,0.0,0.0,0.0,0.0,0.0,0.0,0.0,0.0,0.0,0.0,0.0,0.0,0.0,0.0,0.0,0.0,0.0,0.0,0.0,0.0,0.0,0.0,0.0,0.0,0.0,0.0,0.0,0.0,0.0,0.0,0.0,0.0,0.0,0.0,0.0,0.0,0.0,0.0,0.0,0.0,0.0,0.0,0.0,0.0,0.0,0.0,0.0,0.0,0.0,0.0,0.0,0.0,0.0,0.0,0.0,0.0,0.0,0.0,0.0,0.0,0.0,0.0,0.0,0.0,0.0,0.0,0.0,0.0,0.0,0.0,0.0,0.0,0.0,0.0,0.0,0.0,0.0,0.0,0.0,0.0,0.0,0.0,0.0,0.0,0.0,0.0,0.0,0.0,0.0,0.0,0.0,0.0,0.0,0.0,0.0,0.0,0.0,0.0,0.0,0.0,0.0,0.0,0.0,0.0,0.0,0.0,0.0,0.0,0.0,0.0,0.0,0.0,0.0,0.0,0.0,0.0,0.0,0.0,0.0,0.0,0.0,0.0,0.0,0.0,0.0,0.0,0.0,0.0,0.0,0.0,0.0,0.0,0.0,0.0,0.0,1629685007978650.5,3259370015957301.0,1.0145929292111154e+16,1.7032488568265008e+16,2.489373496287352e+16,3.2754981357482024e+16,3.500594065935925e+16,3.725689996123648e+16,3.1924209461800616e+16,2.6591518962364764e+16,1.7675050270634902e+16,8758581578905039.0,4379290789452519.5,0.0,0.0,0.0,0.0,0.0,0.0,0.0,0.0,0.0,42617994651505.33,85235989303010.66,42617994651505.33,0.0,0.0,0.0,0.0,0.0,0.0,0.0,0.0,0.0,0.0,0.0,1340014496377737.5,2680028992755475.0,2786694499044598.0,2893360005333721.0,1446680002666860.5,0.0,0.0,0.0,0.0,0.0,0.0,0.0,0.0,0.0,0.0,0.0,0.0,0.0,0.0,0.0,0.0,0.0,0.0,0.0,0.0,0.0,0.0,0.0,0.0,0.0,0.0,0.0,0.0,0.0,0.0,0.0,0.0,0.0,0.0,0.0,0.0,0.0,0.0,0.0,0.0,0.0,0.0,0.0,0.0,0.0,0.0
33.0300404333858,105.432174293648,24.5511456592836,228.0,10.0,90.0,5.0,5.0,0.0,0.0,0.0,0.0,0.0,0.0,0.0,0.0,0.0,0.0,0.0,0.0,0.0,0.0,0.0,0.0,0.0,0.0,0.0,0.0,0.0,0.0,0.0,0.0,0.0,0.0,0.0,0.0,0.0,0.0,0.0,0.0,0.0,0.0,0.0,0.0,0.0,0.0,0.0,0.0,0.0,0.0,0.0,0.0,0.0,0.0,0.0,0.0,0.0,0.0,0.0,0.0,0.0,0.0,0.0,0.0,0.0,0.0,0.0,0.0,0.0,0.0,0.0,0.0,0.0,0.0,0.0,0.0,0.0,0.0,0.0,0.0,0.0,0.0,0.0,0.0,0.0,0.0,0.0,0.0,0.0,0.0,0.0,0.0,0.0,0.0,0.0,0.0,0.0,0.0,0.0,0.0,0.0,0.0,0.0,0.0,0.0,0.0,0.0,0.0,0.0,0.0,0.0,0.0,0.0,0.0,0.0,0.0,0.0,0.0,0.0,0.0,0.0,0.0,0.0,0.0,0.0,0.0,0.0,0.0,0.0,0.0,0.0,0.0,0.0,0.0,0.0,0.0,0.0,0.0,0.0,0.0,0.0,0.0,0.0,0.0,0.0,0.0,0.0,0.0,0.0,0.0,0.0,0.0,0.0,0.0,0.0,0.0,0.0,0.0,0.0,0.0,0.0,0.0,0.0,0.0,0.0,0.0,0.0,0.0,0.0,0.0,0.0,0.0,0.0,0.0,0.0,0.0,0.0,0.0,0.0,0.0,0.0,0.0,0.0,0.0,0.0,0.0,0.0,0.0,0.0,0.0,0.0,0.0,0.0,0.0,0.0,0.0,0.0,0.0,0.0,0.0,0.0,0.0,0.0,0.0,0.0,0.0,0.0,0.0,0.0,0.0,0.0,0.0,0.0,0.0,0.0,0.0,0.0,0.0,0.0,0.0,0.0,0.0,0.0,0.0,0.0,0.0,0.0,0.0,0.0,0.0,0.0,0.0,0.0,0.0,0.0,0.0,0.0,0.0,0.0,0.0,0.0,0.0,0.0,0.0,0.0,0.0,0.0,0.0,0.0,0.0
32.7964927086497,105.610990441351,2.46201938253052,228.0,80.0,100.05622921274352,5.0,5.0,0.7225536349825263,5.6225800127619283e+17,0.0,0.0,0.0,0.0,0.0,0.0,0.0,0.0,0.0,0.0,0.0,0.0,0.0,0.0,0.0,0.0,0.0,0.0,0.0,0.0,0.0,0.0,0.0,0.0,0.0,0.0,0.0,0.0,0.0,0.0,0.0,0.0,0.0,0.0,0.0,0.0,0.0,0.0,0.0,0.0,0.0,0.0,0.0,0.0,0.0,0.0,0.0,0.0,0.0,0.0,0.0,0.0,0.0,0.0,0.0,0.0,0.0,0.0,0.0,0.0,0.0,0.0,0.0,0.0,0.0,0.0,0.0,0.0,0.0,0.0,0.0,0.0,0.0,0.0,0.0,0.0,0.0,0.0,0.0,0.0,0.0,0.0,0.0,0.0,0.0,0.0,0.0,0.0,0.0,0.0,0.0,0.0,0.0,0.0,0.0,0.0,0.0,0.0,0.0,0.0,0.0,0.0,0.0,0.0,0.0,0.0,0.0,0.0,0.0,0.0,0.0,0.0,0.0,0.0,0.0,0.0,0.0,0.0,0.0,0.0,0.0,0.0,0.0,0.0,0.0,0.0,0.0,0.0,0.0,0.0,0.0,5538773395515754.0,1.1077546791031508e+16,1.0812038674841334e+16,1.0546530558651162e+16,7679691164487128.0,4812851770323093.0,2406425885161546.5,0.0,0.0,0.0,0.0,0.0,3485643649065842.5,6971287298131685.0,1.4741505325748388e+16,2.2511723353365084e+16,2.77846523868785e+16,3.305758142039191e+16,3.1206750199057748e+16,2.9355918977723588e+16,2.329162959661482e+16,1.7227340215506058e+16,1.4513260480542434e+16,1.1799180745578808e+16,1.0158917591232384e+16,8518654436885963.0,5689623502003307.0,2860592567120649.0,1430296283560324.5,0.0,0.0,0.0,0.0,0.0,119292962176965.16,238585924353930.3,288938735448689.06,339291546543447.75,169645773271723.88,0.0,7922514822272984.0,1.5845029644545968e+16,3.654702906195213e+16,5.724902847935828e+16,7.756374201202691e+16,9.787845554469557e+16,1.029140461959138e+17,1.0794963684713202e+17,9.402965332820397e+16,8.010966980927594e+16,5.734671910223455e+16,3.458376839519314e+16,2.0491138668020104e+16,6398508940847066.0,4662663475192518.0,2926818009537970.0,1463409004768985.0,0.0,0.0,0.0,0.0,0.0,0.0,0.0,0.0,0.0,0.0,0.0,0.0,0.0,0.0,0.0,0.0,0.0,0.0,0.0,0.0,0.0,0.0,0.0,0.0,0.0,0.0,0.0,0.0,0.0,0.0,0.0,0.0,0.0,0.0,0.0,0.0,0.0,0.0,0.0,0.0,0.0,0.0,0.0,0.0,0.0,0.0,0.0,0.0,0.0,0.0,0.0,0.0
32.806455220709,105.600296211059,7.18980823265266,228.0,65.0,98.78017127203458,5.0,5.0,0.8854775153896626,6.890378705105275e+17,0.0,0.0,0.0,0.0,0.0,0.0,0.0,0.0,0.0,0.0,0.0,0.0,0.0,0.0,0.0,0.0,0.0,0.0,0.0,0.0,0.0,0.0,0.0,0.0,0.0,0.0,0.0,0.0,0.0,0.0,0.0,0.0,0.0,0.0,0.0,0.0,0.0,0.0,0.0,0.0,0.0,0.0,0.0,0.0,0.0,0.0,0.0,0.0,0.0,0.0,0.0,0.0,0.0,0.0,0.0,0.0,0.0,0.0,0.0,0.0,0.0,0.0,0.0,0.0,0.0,0.0,0.0,0.0,0.0,0.0,0.0,0.0,0.0,0.0,0.0,0.0,0.0,0.0,0.0,0.0,0.0,0.0,0.0,0.0,0.0,0.0,0.0,0.0,0.0,0.0,0.0,0.0,0.0,0.0,0.0,0.0,0.0,0.0,0.0,0.0,0.0,0.0,0.0,0.0,0.0,0.0,0.0,0.0,0.0,0.0,0.0,0.0,0.0,0.0,0.0,0.0,0.0,0.0,0.0,0.0,0.0,0.0,0.0,0.0,0.0,0.0,0.0,0.0,0.0,3753082855053046.5,7506165710106093.0,1.1310674498606574e+16,1.5115183287107056e+16,1.5117827860842274e+16,1.5120472434577494e+16,1.1366482620369612e+16,7612492806161726.0,3958921222160075.5,305349638158423.1,152674819079211.56,0.0,0.0,0.0,5597765691694383.0,1.1195531383388766e+16,2.1272766693307868e+16,3.1350002003226972e+16,3.848116743171743e+16,4.5612332860207896e+16,4.328950305956585e+16,4.09666732589238e+16,3.1161360712406252e+16,2.1356048165888704e+16,1.502619969191904e+16,8696351217949378.0,8188945917941631.0,7681540617933882.0,5972163628075141.0,4262786638216401.5,3317836602660759.5,2372886567105118.0,2651112434434555.0,2929338301763992.5,3200431050337898.5,3471523798911805.5,3338364906294801.5,3205206013677798.0,2506787681090069.0,1808369348502340.8,904184674251170.4,0.0,1.0794386194111116e+16,2.158877238822223e+16,4.610645760437371e+16,7.062414282052517e+16,9.303569155470627e+16,1.154472402888874e+17,1.1953356001996272e+17,1.2361987975103805e+17,1.0593227271953685e+17,8.824466568803563e+16,6.11434072219303e+16,3.4042148755824988e+16,1.8468140299708696e+16,2894131843592406.5,2451383383093232.0,2008634922594057.5,1004317461297028.8,0.0,0.0,0.0,0.0,0.0,0.0,0.0,0.0,0.0,0.0,0.0,0.0,0.0,0.0,0.0,0.0,0.0,0.0,0.0,0.0,0.0,0.0,0.0,0.0,0.0,0.0,0.0,0.0,0.0,0.0,0.0,0.0,0.0,0.0,0.0,0.0,0.0,0.0,0.0,0.0,0.0,0.0,0.0,0.0,0.0,0.0,0.0,0.0,0.0,0.0,0.0,0.0
32.8242561870902,105.581181842044,11.3706888080417,228.0,50.0,109.33737573418973,5.0,5.0,0.884265297085154,6.880945779880009e+17,0.0,0.0,0.0,0.0,0.0,0.0,0.0,0.0,0.0,0.0,0.0,0.0,0.0,0.0,0.0,0.0,0.0,0.0,0.0,0.0,0.0,0.0,0.0,0.0,0.0,0.0,0.0,0.0,0.0,0.0,0.0,0.0,0.0,0.0,0.0,0.0,0.0,0.0,0.0,0.0,0.0,0.0,0.0,0.0,0.0,0.0,0.0,0.0,0.0,0.0,0.0,0.0,0.0,0.0,0.0,0.0,0.0,0.0,0.0,0.0,0.0,0.0,0.0,0.0,0.0,0.0,0.0,0.0,0.0,0.0,0.0,0.0,0.0,0.0,0.0,0.0,0.0,0.0,0.0,0.0,0.0,0.0,0.0,0.0,0.0,0.0,0.0,0.0,0.0,0.0,0.0,0.0,0.0,0.0,0.0,0.0,0.0,0.0,0.0,0.0,0.0,0.0,0.0,0.0,0.0,0.0,0.0,0.0,0.0,0.0,0.0,0.0,0.0,0.0,0.0,0.0,0.0,0.0,0.0,0.0,0.0,0.0,0.0,0.0,0.0,0.0,0.0,0.0,0.0,7578005615251589.0,1.5156011230503178e+16,1.8601280894927616e+16,2.2046550559352052e+16,2.1804132601911492e+16,2.1561714644470944e+16,1.6338656460326578e+16,1.1115598276182216e+16,5937466551666423.0,759334827150632.2,379667413575316.1,0.0,0.0,0.0,2868503274906456.0,5737006549812912.0,1.3735543970455338e+16,2.1734081391097764e+16,2.880997161824843e+16,3.5885861845399092e+16,3.579323339926531e+16,3.5700604953131536e+16,2.82996747976655e+16,2.0898744642199468e+16,1.3456439261878288e+16,6014133881557106.0,7109781923365283.0,8205429965173461.0,1.1120040563102224e+16,1.403465116103099e+16,1.7283058554218264e+16,2.0531465947405536e+16,2.241210823707414e+16,2.429275052674274e+16,2.307457433044803e+16,2.185639813415333e+16,1.7911786689337724e+16,1.3967175244522122e+16,9600867468004772.0,5234559691487424.0,2703250326218849.5,171940960950274.7,1.1593204549612506e+16,2.301446813827474e+16,4.4991211744721304e+16,6.696795535116786e+16,8.48253992880167e+16,1.0268284322486555e+17,1.02924501172554e+17,1.0316615912024245e+17,8.469090001554355e+16,6.621564091084465e+16,4.330319210861753e+16,2.0390743306390388e+16,1.0382000846763204e+16,373258387136021.94,376376751946236.0,379495116756450.06,189747558378225.03,0.0,0.0,0.0,0.0,0.0,0.0,0.0,0.0,0.0,0.0,0.0,0.0,0.0,0.0,0.0,0.0,0.0,0.0,0.0,0.0,0.0,0.0,0.0,0.0,0.0,0.0,0.0,0.0,0.0,0.0,0.0,0.0,0.0,0.0,0.0,0.0,0.0,0.0,0.0,0.0,0.0,0.0,0.0,0.0,0.0,0.0,0.0,0.0,0.0,0.0,0.0,0.0
32.8477951713228,105.55589748949,14.8927689400555,228.0,40.0,128.7410495876989,5.0,5.0,0.791513397306217,6.15919316167422e+17,0.0,0.0,0.0,0.0,0.0,0.0,0.0,0.0,0.0,0.0,0.0,0.0,0.0,0.0,0.0,0.0,0.0,0.0,0.0,0.0,0.0,0.0,0.0,0.0,0.0,0.0,0.0,0.0,0.0,0.0,0.0,0.0,0.0,0.0,0.0,0.0,0.0,0.0,0.0,0.0,0.0,0.0,0.0,0.0,0.0,0.0,0.0,0.0,0.0,0.0,0.0,0.0,0.0,0.0,0.0,0.0,0.0,0.0,0.0,0.0,0.0,0.0,0.0,0.0,0.0,0.0,0.0,0.0,0.0,0.0,0.0,0.0,0.0,0.0,0.0,0.0,0.0,0.0,0.0,0.0,0.0,0.0,0.0,0.0,0.0,0.0,0.0,0.0,0.0,0.0,0.0,0.0,0.0,0.0,0.0,0.0,0.0,0.0,0.0,0.0,0.0,0.0,0.0,0.0,0.0,0.0,0.0,0.0,0.0,0.0,0.0,0.0,0.0,0.0,0.0,0.0,0.0,0.0,0.0,0.0,0.0,0.0,0.0,0.0,0.0,0.0,0.0,0.0,0.0,9790488019801702.0,1.9580976039603404e+16,2.236873539255012e+16,2.5156494745496836e+16,2.3459079504781576e+16,2.1761664264066316e+16,1.5792137495273416e+16,9822610726480518.0,4911305363240259.0,0.0,0.0,0.0,0.0,0.0,0.0,0.0,3527693146718696.0,7055386293437392.0,1.1928570498291224e+16,1.6801754703145052e+16,1.9077174500896404e+16,2.135259429864776e+16,1.951669558137441e+16,1.7680796864101058e+16,1.475406817361668e+16,1.18273394831323e+16,1.334802481625611e+16,1.486871014937992e+16,2.3711390123811004e+16,3.2554070098242092e+16,4.147541234886686e+16,5.039675459949164e+16,5.296972905601074e+16,5.554270351252983e+16,4.984366664781357e+16,4.41446297830973e+16,3.344492736141157e+16,2.2745224939725836e+16,1.3554884893113434e+16,4364544846501028.5,2182272423250514.2,0.0,7336419636607188.0,1.4672839273214376e+16,2.9536952330987628e+16,4.440106538876087e+16,5.635446135868115e+16,6.830785732860142e+16,6.7035659401486776e+16,6.576346147437213e+16,5.1989567075829256e+16,3.8215672677286376e+16,2.355891867769742e+16,8902164678108459.0,4451082339054229.5,0.0,0.0,0.0,0.0,0.0,0.0,0.0,0.0,0.0,0.0,0.0,0.0,0.0,0.0,0.0,0.0,0.0,0.0,0.0,0.0,0.0,0.0,0.0,0.0,0.0,0.0,0.0,0.0,0.0,0.0,0.0,0.0,0.0,0.0,0.0,0.0,0.0,0.0,0.0,0.0,0.0,0.0,0.0,0.0,0.0,0.0,0.0,0.0,0.0,0.0,0.0,0.0,0.0,0.0,0.0,0.0
32.8750640472091,105.526596602016,17.7497379642719,228.0,30.0,144.05095045747802,5.0,5.0,0.7605376578338853,5.918154205940691e+17,0.0,0.0,0.0,0.0,0.0,0.0,0.0,0.0,0.0,0.0,0.0,0.0,0.0,0.0,0.0,0.0,0.0,0.0,0.0,0.0,0.0,0.0,0.0,0.0,0.0,0.0,0.0,0.0,0.0,0.0,0.0,0.0,0.0,0.0,0.0,0.0,0.0,0.0,0.0,0.0,0.0,0.0,0.0,0.0,0.0,0.0,0.0,0.0,0.0,0.0,0.0,0.0,0.0,0.0,0.0,0.0,0.0,0.0,0.0,0.0,0.0,0.0,0.0,0.0,0.0,0.0,0.0,0.0,0.0,0.0,0.0,0.0,0.0,0.0,0.0,0.0,0.0,0.0,0.0,0.0,0.0,0.0,0.0,0.0,0.0,0.0,0.0,0.0,0.0,0.0,0.0,0.0,0.0,0.0,0.0,0.0,0.0,0.0,0.0,0.0,0.0,0.0,0.0,0.0,0.0,0.0,0.0,0.0,0.0,0.0,0.0,0.0,0.0,0.0,0.0,0.0,0.0,0.0,0.0,0.0,0.0,0.0,0.0,0.0,0.0,0.0,0.0,0.0,0.0,1.0075868808633832e+16,2.0151737617267664e+16,2.2259744684258332e+16,2.4367751751249004e+16,2.0762580819537956e+16,1.7157409887826906e+16,1.141090177040723e+16,5664393652987553.0,2832196826493776.5,0.0,0.0,0.0,0.0,0.0,0.0,0.0,0.0,0.0,963987180539811.8,1927974361079623.5,4636693059607805.0,7345411758135986.0,1.0160469785246606e+16,1.2975527812357224e+16,1.654475326619181e+16,2.011397872002639e+16,2.7809015286453816e+16,3.5504051852881244e+16,5.1201441972611976e+16,6.6898832092342696e+16,7.94991124939196e+16,9.20993928954965e+16,9.155370364502e+16,9.100801439454352e+16,7.704452969494222e+16,6.308104499534093e+16,4.42242084423189e+16,2.536737188929687e+16,1.3013196366269874e+16,659020843242872.1,329510421621436.06,0.0,1937219276078375.8,3874438552156751.5,1.1701380286605418e+16,1.9528322021054084e+16,2.674509105667169e+16,3.396186009228929e+16,3.3139750765094588e+16,3.2317641437899892e+16,2.437279685086094e+16,1.642795226382198e+16,8905621983297085.0,1383291702772189.0,691645851386094.5,0.0,0.0,0.0,0.0,0.0,0.0,0.0,0.0,0.0,0.0,0.0,0.0,0.0,0.0,0.0,0.0,0.0,0.0,0.0,0.0,0.0,0.0,0.0,0.0,0.0,0.0,0.0,0.0,0.0,0.0,0.0,0.0,0.0,0.0,0.0,0.0,0.0,0.0,0.0,0.0,0.0,0.0,0.0,0.0,0.0,0.0,0.0,0.0,0.0,0.0,0.0,0.0,0.0,0.0,0.0,0.0
32.904676464779,105.49476648649,20.0562836186236,228.0,25.0,148.3653308021788,5.0,5.0,0.6854749571019864,5.334050797687391e+17,0.0,0.0,0.0,0.0,0.0,0.0,0.0,0.0,0.0,0.0,0.0,0.0,0.0,0.0,0.0,0.0,0.0,0.0,0.0,0.0,0.0,0.0,0.0,0.0,0.0,0.0,0.0,0.0,0.0,0.0,0.0,0.0,0.0,0.0,0.0,0.0,0.0,0.0,0.0,0.0,0.0,0.0,0.0,0.0,0.0,0.0,0.0,0.0,0.0,0.0,0.0,0.0,0.0,0.0,0.0,0.0,0.0,0.0,0.0,0.0,0.0,0.0,0.0,0.0,0.0,0.0,0.0,0.0,0.0,0.0,0.0,0.0,0.0,0.0,0.0,0.0,0.0,0.0,0.0,0.0,0.0,0.0,0.0,0.0,0.0,0.0,0.0,0.0,0.0,0.0,0.0,0.0,0.0,0.0,0.0,0.0,0.0,0.0,0.0,0.0,0.0,0.0,0.0,0.0,0.0,0.0,0.0,0.0,0.0,0.0,0.0,0.0,0.0,0.0,0.0,0.0,0.0,0.0,0.0,0.0,0.0,0.0,0.0,0.0,0.0,0.0,0.0,0.0,0.0,7131948145573223.0,1.4263896291146446e+16,1.5825343461911756e+16,1.7386790632677064e+16,1.378508722314469e+16,1.0183383813612316e+16,5937038720899435.0,1690693628186554.0,845346814093277.0,0.0,0.0,0.0,0.0,0.0,0.0,0.0,0.0,0.0,0.0,0.0,0.0,0.0,2096323979632178.0,4192647959264356.0,1.1907003027030756e+16,1.962135809479716e+16,3.5758678461700148e+16,5.189599882860314e+16,7.317353870869691e+16,9.44510785887907e+16,1.0612457099804216e+17,1.1779806340729358e+17,1.106108921587082e+17,1.034237209101228e+17,8.156253334246595e+16,5.970134577480911e+16,3.77848927249523e+16,1.586843967509551e+16,7934219837547755.0,0.0,0.0,0.0,0.0,0.0,1195219524589723.2,2390439049179446.5,5180879324616277.0,7971319600053106.0,8409690742232527.0,8848061884411947.0,6282951757553874.0,3717841630695802.0,1858920815347901.0,0.0,0.0,0.0,0.0,0.0,0.0,0.0,0.0,0.0,0.0,0.0,0.0,0.0,0.0,0.0,0.0,0.0,0.0,0.0,0.0,0.0,0.0,0.0,0.0,0.0,0.0,0.0,0.0,0.0,0.0,0.0,0.0,0.0,0.0,0.0,0.0,0.0,0.0,0.0,0.0,0.0,0.0,0.0,0.0,0.0,0.0,0.0,0.0,0.0,0.0,0.0,0.0,0.0,0.0,0.0,0.0,0.0,0.0
32.935519725625,105.461601234008,21.9678796312896,228.0,20.0,145.89693702376633,5.0,5.0,0.47006572404547964,3.6578352342888614e+17,0.0,0.0,0.0,0.0,0.0,0.0,0.0,0.0,0.0,0.0,0.0,0.0,0.0,0.0,0.0,0.0,0.0,0.0,0.0,0.0,0.0,0.0,0.0,0.0,0.0,0.0,0.0,0.0,0.0,0.0,0.0,0.0,0.0,0.0,0.0,0.0,0.0,0.0,0.0,0.0,0.0,0.0,0.0,0.0,0.0,0.0,0.0,0.0,0.0,0.0,0.0,0.0,0.0,0.0,0.0,0.0,0.0,0.0,0.0,0.0,0.0,0.0,0.0,0.0,0.0,0.0,0.0,0.0,0.0,0.0,0.0,0.0,0.0,0.0,0.0,0.0,0.0,0.0,0.0,0.0,0.0,0.0,0.0,0.0,0.0,0.0,0.0,0.0,0.0,0.0,0.0,0.0,0.0,0.0,0.0,0.0,0.0,0.0,0.0,0.0,0.0,0.0,0.0,0.0,0.0,0.0,0.0,0.0,0.0,0.0,0.0,0.0,0.0,0.0,0.0,0.0,0.0,0.0,0.0,0.0,0.0,0.0,0.0,0.0,0.0,0.0,0.0,0.0,0.0,0.0,0.0,2124495120021615.5,4248990240043231.0,3148080688766964.5,2047171137490698.5,1023585568745349.2,0.0,0.0,0.0,0.0,0.0,0.0,0.0,0.0,0.0,0.0,0.0,0.0,0.0,0.0,0.0,0.0,0.0,7175113927629124.0,1.4350227855258248e+16,3.0994301865142496e+16,4.7638375875026744e+16,6.617348344881332e+16,8.470859102259987e+16,9.131232623600246e+16,9.791606144940506e+16,8.709119048255507e+16,7.626631951570507e+16,5.517401466587408e+16,3.4081709816043108e+16,1.855141788987342e+16,3021125963703731.0,1510562981851865.5,0.0,0.0,0.0,0.0,0.0,0.0,0.0,0.0,0.0,0.0,0.0,0.0,0.0,0.0,0.0,0.0,0.0,0.0,0.0,0.0,0.0,752475276805182.0,1504950553610364.0,752475276805182.0,0.0,0.0,0.0,0.0,0.0,0.0,0.0,0.0,0.0,0.0,0.0,0.0,0.0,0.0,0.0,0.0,0.0,0.0,0.0,0.0,0.0,0.0,0.0,0.0,0.0,0.0,0.0,0.0,0.0,0.0,0.0,0.0,0.0,0.0,0.0,0.0,0.0,0.0,0.0,0.0,0.0,0.0,0.0,0.0,0.0,0.0,0.0,0.0
32.9673590939086,105.427352648216,23.46997760236,228.0,15.0,141.6703863117669,5.0,5.0,0.20821362415713238,1.6202226449236918e+17,0.0,0.0,0.0,0.0,0.0,0.0,0.0,0.0,0.0,0.0,0.0,0.0,0.0,0.0,0.0,0.0,0.0,0.0,0.0,0.0,0.0,0.0,0.0,0.0,0.0,0.0,0.0,0.0,0.0,0.0,0.0,0.0,0.0,0.0,0.0,0.0,0.0,0.0,0.0,0.0,0.0,0.0,0.0,0.0,0.0,0.0,0.0,0.0,0.0,0.0,0.0,0.0,0.0,0.0,0.0,0.0,0.0,0.0,0.0,0.0,0.0,0.0,0.0,0.0,0.0,0.0,0.0,0.0,0.0,0.0,0.0,0.0,0.0,0.0,0.0,0.0,0.0,0.0,0.0,0.0,0.0,0.0,0.0,0.0,0.0,0.0,0.0,0.0,0.0,0.0,0.0,0.0,0.0,0.0,0.0,0.0,0.0,0.0,0.0,0.0,0.0,0.0,0.0,0.0,0.0,0.0,0.0,0.0,0.0,0.0,0.0,0.0,0.0,0.0,0.0,0.0,0.0,0.0,0.0,0.0,0.0,0.0,0.0,0.0,0.0,0.0,0.0,0.0,0.0,0.0,0.0,0.0,0.0,0.0,0.0,0.0,0.0,0.0,0.0,0.0,0.0,0.0,0.0,0.0,0.0,0.0,0.0,0.0,0.0,0.0,0.0,0.0,0.0,2684241313421197.5,5368482626842395.0,1.46319004519903e+16,2.389531827713821e+16,3.3497927761521164e+16,4.310053724590413e+16,4.491031818464087e+16,4.672009912337762e+16,3.909416150339053e+16,3.146822388340344e+16,2.035700846854326e+16,9245793053683078.0,4622896526841539.0,0.0,0.0,0.0,0.0,0.0,0.0,0.0,0.0,0.0,80243289451373.89,160486578902747.78,80243289451373.89,0.0,0.0,0.0,0.0,0.0,0.0,0.0,0.0,0.0,0.0,0.0,1031661851558781.6,2063323703117563.2,1031661851558781.6,0.0,0.0,0.0,0.0,0.0,0.0,0.0,0.0,0.0,0.0,0.0,0.0,0.0,0.0,0.0,0.0,0.0,0.0,0.0,0.0,0.0,0.0,0.0,0.0,0.0,0.0,0.0,0.0,0.0,0.0,0.0,0.0,0.0,0.0,0.0,0.0,0.0,0.0,0.0,0.0,0.0,0.0,0.0,0.0,0.0,0.0,0.0,0.0
32.9999522528118,105.392293375583,24.5511456592836,228.0,10.0,90.0,5.0,5.0,0.0,0.0,0.0,0.0,0.0,0.0,0.0,0.0,0.0,0.0,0.0,0.0,0.0,0.0,0.0,0.0,0.0,0.0,0.0,0.0,0.0,0.0,0.0,0.0,0.0,0.0,0.0,0.0,0.0,0.0,0.0,0.0,0.0,0.0,0.0,0.0,0.0,0.0,0.0,0.0,0.0,0.0,0.0,0.0,0.0,0.0,0.0,0.0,0.0,0.0,0.0,0.0,0.0,0.0,0.0,0.0,0.0,0.0,0.0,0.0,0.0,0.0,0.0,0.0,0.0,0.0,0.0,0.0,0.0,0.0,0.0,0.0,0.0,0.0,0.0,0.0,0.0,0.0,0.0,0.0,0.0,0.0,0.0,0.0,0.0,0.0,0.0,0.0,0.0,0.0,0.0,0.0,0.0,0.0,0.0,0.0,0.0,0.0,0.0,0.0,0.0,0.0,0.0,0.0,0.0,0.0,0.0,0.0,0.0,0.0,0.0,0.0,0.0,0.0,0.0,0.0,0.0,0.0,0.0,0.0,0.0,0.0,0.0,0.0,0.0,0.0,0.0,0.0,0.0,0.0,0.0,0.0,0.0,0.0,0.0,0.0,0.0,0.0,0.0,0.0,0.0,0.0,0.0,0.0,0.0,0.0,0.0,0.0,0.0,0.0,0.0,0.0,0.0,0.0,0.0,0.0,0.0,0.0,0.0,0.0,0.0,0.0,0.0,0.0,0.0,0.0,0.0,0.0,0.0,0.0,0.0,0.0,0.0,0.0,0.0,0.0,0.0,0.0,0.0,0.0,0.0,0.0,0.0,0.0,0.0,0.0,0.0,0.0,0.0,0.0,0.0,0.0,0.0,0.0,0.0,0.0,0.0,0.0,0.0,0.0,0.0,0.0,0.0,0.0,0.0,0.0,0.0,0.0,0.0,0.0,0.0,0.0,0.0,0.0,0.0,0.0,0.0,0.0,0.0,0.0,0.0,0.0,0.0,0.0,0.0,0.0,0.0,0.0,0.0,0.0,0.0,0.0,0.0,0.0,0.0,0.0,0.0,0.0,0.0,0.0,0.0,0.0
32.7664045280757,105.571190951517,2.46201938253052,228.0,80.0,118.26749442669477,5.0,5.0,0.8200337061030587,6.381125085389196e+17,0.0,0.0,0.0,0.0,0.0,0.0,0.0,0.0,0.0,0.0,0.0,0.0,0.0,0.0,0.0,0.0,0.0,0.0,0.0,0.0,0.0,0.0,0.0,0.0,0.0,0.0,0.0,0.0,0.0,0.0,0.0,0.0,0.0,0.0,0.0,0.0,0.0,0.0,0.0,0.0,0.0,0.0,0.0,0.0,0.0,0.0,0.0,0.0,0.0,0.0,0.0,0.0,0.0,0.0,0.0,0.0,0.0,0.0,0.0,0.0,0.0,0.0,0.0,0.0,0.0,0.0,0.0,0.0,0.0,0.0,0.0,0.0,0.0,0.0,0.0,0.0,0.0,0.0,0.0,0.0,0.0,0.0,0.0,0.0,0.0,0.0,0.0,0.0,0.0,0.0,0.0,0.0,0.0,0.0,0.0,0.0,0.0,0.0,0.0,0.0,0.0,0.0,0.0,0.0,0.0,0.0,0.0,0.0,0.0,0.0,0.0,0.0,0.0,0.0,0.0,0.0,0.0,0.0,0.0,0.0,0.0,0.0,0.0,0.0,0.0,0.0,0.0,6670001566978808.0,1.3340003133957616e+16,1.7393625841112768e+16,2.1447248548267924e+16,2.402594387153612e+16,2.6604639194804308e+16,2.4502802313942504e+16,2.2400965433080708e+16,1.7175003623920764e+16,1.1949041814760818e+16,7329185079586035.0,2709328344411253.0,1354664172205626.5,0.0,0.0,0.0,1786682604079398.5,3573365208158797.0,7668008823941213.0,1.1762652439723628e+16,1.5162583738895494e+16,1.856251503806736e+16,1.9946972788321196e+16,2.133143053857503e+16,2.172524357723064e+16,2.2119056615886252e+16,2.1961545947843588e+16,2.180403527980092e+16,1.9023251841630188e+16,1.6242468403459458e+16,1.1733610221951428e+16,7224752040443400.0,4240672742190603.5,1256593443937807.2,628296721968903.6,0.0,709745926140143.6,1419491852280287.2,2411365981827390.5,3403240111374494.0,3665811407279336.5,3928382703184178.0,3086697013633407.0,2245011324082635.5,1.2420370958914934e+16,2.2595730593747236e+16,4.4957328857622776e+16,6.731892712149833e+16,8.533219007921542e+16,1.0334545303693253e+17,1.0381800623942502e+17,1.0429055944191754e+17,8.647964063496435e+16,6.866872182801114e+16,4.7378172280107e+16,2.6087622732202864e+16,1.7626697226326036e+16,9165771720449208.0,6240636158176525.0,3315500595903843.5,1657750297951921.8,0.0,0.0,0.0,0.0,0.0,0.0,0.0,0.0,0.0,0.0,0.0,0.0,0.0,0.0,0.0,0.0,0.0,0.0,0.0,0.0,0.0,0.0,0.0,0.0,0.0,0.0,0.0,0.0,0.0,0.0,0.0,0.0,0.0,0.0,0.0,0.0,0.0,0.0,0.0,0.0,0.0,0.0,0.0,0.0,0.0,0.0,0.0,0.0,0.0,0.0,0.0,0.0
32.776367040135,105.56049382983,7.18980823265266,228.0,65.0,110.48595356509574,5.0,5.0,0.9638849468293355,7.500509269150348e+17,0.0,0.0,0.0,0.0,0.0,0.0,0.0,0.0,0.0,0.0,0.0,0.0,0.0,0.0,0.0,0.0,0.0,0.0,0.0,0.0,0.0,0.0,0.0,0.0,0.0,0.0,0.0,0.0,0.0,0.0,0.0,0.0,0.0,0.0,0.0,0.0,0.0,0.0,0.0,0.0,0.0,0.0,0.0,0.0,0.0,0.0,0.0,0.0,0.0,0.0,0.0,0.0,0.0,0.0,0.0,0.0,0.0,0.0,0.0,0.0,0.0,0.0,0.0,0.0,0.0,0.0,0.0,0.0,0.0,0.0,0.0,0.0,0.0,0.0,0.0,0.0,0.0,0.0,0.0,0.0,0.0,0.0,0.0,0.0,0.0,0.0,0.0,0.0,0.0,0.0,0.0,0.0,0.0,0.0,0.0,0.0,0.0,0.0,0.0,0.0,0.0,0.0,0.0,0.0,0.0,0.0,0.0,0.0,0.0,0.0,0.0,0.0,0.0,0.0,0.0,0.0,0.0,0.0,0.0,0.0,0.0,0.0,0.0,0.0,0.0,0.0,0.0,6126261262630558.0,1.2252522525261116e+16,1.879201343776866e+16,2.53315043502762e+16,2.8867596275602184e+16,3.240368820092816e+16,2.99574697763012e+16,2.751125135167425e+16,2.1060459696898396e+16,1.4609668042122544e+16,8688274036074994.0,2766880030027443.5,1383440015013721.8,0.0,0.0,0.0,3026350711940676.5,6052701423881353.0,1.2226980767440246e+16,1.840126011099914e+16,2.2439509390778652e+16,2.647775867055817e+16,2.534048323913908e+16,2.4203207807719996e+16,2.084289707000489e+16,1.7482586332289782e+16,1.7133748954780648e+16,1.6784911577271518e+16,1.522162439343791e+16,1.36583372096043e+16,1.060293055175856e+16,7547523893912818.0,5239669305727658.0,2931814717542497.5,2926770585106808.5,2921726452671118.5,3660453274100162.0,4399180095529205.5,4864707323729403.0,5330234551929600.0,4784881304281327.0,4239528056633054.0,3043918260666672.5,1848308464700291.0,1.8131179504765836e+16,3.4414050544831388e+16,6.1479368657714616e+16,8.854468677059784e+16,1.0813285329529893e+17,1.2772101982000006e+17,1.2558052791164122e+17,1.2344003600328238e+17,1.0031679564171546e+17,7.71935552801485e+16,5.043979087593048e+16,2.3686026471712464e+16,1.450568207078682e+16,5325337669861175.0,3948479079464733.5,2571620489068291.5,1285810244534145.8,0.0,0.0,0.0,0.0,0.0,0.0,0.0,0.0,0.0,0.0,0.0,0.0,0.0,0.0,0.0,0.0,0.0,0.0,0.0,0.0,0.0,0.0,0.0,0.0,0.0,0.0,0.0,0.0,0.0,0.0,0.0,0.0,0.0,0.0,0.0,0.0,0.0,0.0,0.0,0.0,0.0,0.0,0.0,0.0,0.0,0.0,0.0,0.0,0.0,0.0,0.0,0.0
32.7941680065162,105.541373217249,11.3706888080417,228.0,50.0,115.21761994059752,5.0,5.0,1.0337679357812044,8.044306542998874e+17,0.0,0.0,0.0,0.0,0.0,0.0,0.0,0.0,0.0,0.0,0.0,0.0,0.0,0.0,0.0,0.0,0.0,0.0,0.0,0.0,0.0,0.0,0.0,0.0,0.0,0.0,0.0,0.0,0.0,0.0,0.0,0.0,0.0,0.0,0.0,0.0,0.0,0.0,0.0,0.0,0.0,0.0,0.0,0.0,0.0,0.0,0.0,0.0,0.0,0.0,0.0,0.0,0.0,0.0,0.0,0.0,0.0,0.0,0.0,0.0,0.0,0.0,0.0,0.0,0.0,0.0,0.0,0.0,0.0,0.0,0.0,0.0,0.0,0.0,0.0,0.0,0.0,0.0,0.0,0.0,0.0,0.0,0.0,0.0,0.0,0.0,0.0,0.0,0.0,0.0,0.0,0.0,0.0,0.0,0.0,0.0,0.0,0.0,0.0,0.0,0.0,0.0,0.0,0.0,0.0,0.0,0.0,0.0,0.0,0.0,0.0,0.0,0.0,0.0,0.0,0.0,0.0,0.0,0.0,0.0,0.0,0.0,0.0,0.0,0.0,0.0,0.0,7866076180547831.0,1.5732152361095662e+16,2.4468109068505656e+16,3.3204065775915644e+16,3.7002567422822296e+16,4.080106906972895e+16,3.747819697017413e+16,3.41553248706193e+16,2.557030345894316e+16,1.698528204726702e+16,9452783810282730.0,1920285573298443.8,960142786649221.9,0.0,0.0,0.0,1375407100674469.2,2750814201348938.5,7889666095149004.0,1.3028517988949066e+16,1.770095773720844e+16,2.237339748546782e+16,2.2084946500861316e+16,2.17964955162548e+16,1.7278218702985834e+16,1.2759941889716868e+16,1.035825929761897e+16,7956576705521073.0,9548527908612044.0,1.1140479111703014e+16,1.3583032462043298e+16,1.6025585812383578e+16,1.869316528589017e+16,2.136074475939675e+16,2.2841849280714844e+16,2.432295380203294e+16,2.3102701330884316e+16,2.18824488597357e+16,1.8227372256752332e+16,1.4572295653768964e+16,1.0229400850537556e+16,5886506047306146.0,5473425324825437.0,5060344602344726.0,2.3894729597214356e+16,4.2729114592083976e+16,6.915958285719919e+16,9.55900511223144e+16,1.1181218520793805e+17,1.2803431929356166e+17,1.212889975550324e+17,1.1454367581650314e+17,8.916536778246184e+16,6.3787059748420536e+16,3.865683297255957e+16,1.3526606196698606e+16,7512839117303979.0,1499072037909352.0,1252272698224792.2,1005473358540232.9,502736679270116.44,0.0,0.0,0.0,0.0,0.0,0.0,0.0,0.0,0.0,0.0,0.0,0.0,0.0,0.0,0.0,0.0,0.0,0.0,0.0,0.0,0.0,0.0,0.0,0.0,0.0,0.0,0.0,0.0,0.0,0.0,0.0,0.0,0.0,0.0,0.0,0.0,0.0,0.0,0.0,0.0,0.0,0.0,0.0,0.0,0.0,0.0,0.0,0.0,0.0,0.0,0.0,0.0
32.8177069907487,105.516079560525,14.8927689400555,228.0,40.0,130.11580621743124,5.0,5.0,0.985348871862876,7.667531660355844e+17,0.0,0.0,0.0,0.0,0.0,0.0,0.0,0.0,0.0,0.0,0.0,0.0,0.0,0.0,0.0,0.0,0.0,0.0,0.0,0.0,0.0,0.0,0.0,0.0,0.0,0.0,0.0,0.0,0.0,0.0,0.0,0.0,0.0,0.0,0.0,0.0,0.0,0.0,0.0,0.0,0.0,0.0,0.0,0.0,0.0,0.0,0.0,0.0,0.0,0.0,0.0,0.0,0.0,0.0,0.0,0.0,0.0,0.0,0.0,0.0,0.0,0.0,0.0,0.0,0.0,0.0,0.0,0.0,0.0,0.0,0.0,0.0,0.0,0.0,0.0,0.0,0.0,0.0,0.0,0.0,0.0,0.0,0.0,0.0,0.0,0.0,0.0,0.0,0.0,0.0,0.0,0.0,0.0,0.0,0.0,0.0,0.0,0.0,0.0,0.0,0.0,0.0,0.0,0.0,0.0,0.0,0.0,0.0,0.0,0.0,0.0,0.0,0.0,0.0,0.0,0.0,0.0,0.0,0.0,0.0,0.0,0.0,0.0,0.0,0.0,0.0,0.0,1.072202269788202e+16,2.144404539576404e+16,3.12880010909391e+16,4.113195678611416e+16,4.339483932683111e+16,4.5657721867548056e+16,4.005000326491245e+16,3.4442284662276844e+16,2.4439584176932496e+16,1.4436883691588142e+16,7218441845794071.0,0.0,0.0,0.0,0.0,0.0,0.0,0.0,1950197643752468.5,3900395287504937.0,7047807718615660.0,1.019522014972638e+16,1.1581519653654948e+16,1.2967819157583516e+16,1.2294056873202356e+16,1.1620294588821196e+16,1.0624916639241964e+16,9629538689662732.0,1.3943258665873124e+16,1.825697864208352e+16,2.8167077390948444e+16,3.807717613981337e+16,4.658622146543874e+16,5.5095266791064104e+16,5.655462881235365e+16,5.801399083364319e+16,5.1163307468591576e+16,4.431262410353997e+16,3.3021279127691996e+16,2.1729934151844028e+16,1.2665918032769288e+16,3601901913694543.0,4067274197621278.0,4532646481548013.0,1.887247472110706e+16,3.32123029606661e+16,5.262094581213353e+16,7.202958866360098e+16,8.224877630197173e+16,9.246796394034246e+16,8.511006107875349e+16,7.775215821716453e+16,5.776680999768911e+16,3.77814617782137e+16,2.112223645999479e+16,4463011141775891.5,2231505570887945.8,0.0,0.0,0.0,0.0,0.0,0.0,0.0,0.0,0.0,0.0,0.0,0.0,0.0,0.0,0.0,0.0,0.0,0.0,0.0,0.0,0.0,0.0,0.0,0.0,0.0,0.0,0.0,0.0,0.0,0.0,0.0,0.0,0.0,0.0,0.0,0.0,0.0,0.0,0.0,0.0,0.0,0.0,0.0,0.0,0.0,0.0,0.0,0.0,0.0,0.0,0.0,0.0,0.0,0.0,0.0,0.0
32.8449758666351,105.486767225468,17.7497379642719,228.0,30.0,142.41553512968662,5.0,5.0,0.9522428077690217,7.409915498366953e+17,0.0,0.0,0.0,0.0,0.0,0.0,0.0,0.0,0.0,0.0,0.0,0.0,0.0,0.0,0.0,0.0,0.0,0.0,0.0,0.0,0.0,0.0,0.0,0.0,0.0,0.0,0.0,0.0,0.0,0.0,0.0,0.0,0.0,0.0,0.0,0.0,0.0,0.0,0.0,0.0,0.0,0.0,0.0,0.0,0.0,0.0,0.0,0.0,0.0,0.0,0.0,0.0,0.0,0.0,0.0,0.0,0.0,0.0,0.0,0.0,0.0,0.0,0.0,0.0,0.0,0.0,0.0,0.0,0.0,0.0,0.0,0.0,0.0,0.0,0.0,0.0,0.0,0.0,0.0,0.0,0.0,0.0,0.0,0.0,0.0,0.0,0.0,0.0,0.0,0.0,0.0,0.0,0.0,0.0,0.0,0.0,0.0,0.0,0.0,0.0,0.0,0.0,0.0,0.0,0.0,0.0,0.0,0.0,0.0,0.0,0.0,0.0,0.0,0.0,0.0,0.0,0.0,0.0,0.0,0.0,0.0,0.0,0.0,0.0,0.0,0.0,0.0,1.1762816284655294e+16,2.3525632569310588e+16,3.3331879599499956e+16,4.313812662968933e+16,4.356834279493775e+16,4.3998558960186184e+16,3.6283295579196776e+16,2.856803219820736e+16,1.9005866998067396e+16,9443701797927432.0,4721850898963716.0,0.0,0.0,0.0,0.0,0.0,0.0,0.0,0.0,0.0,0.0,0.0,1667083650035014.8,3334167300070029.5,6239664043564009.0,9145160787057988.0,1.418916778842074e+16,1.9233174789783492e+16,3.0465151067397704e+16,4.169712734501192e+16,5.926421653183713e+16,7.683130571866235e+16,8.831376871265834e+16,9.979623170665432e+16,9.686882683866304e+16,9.394142197067173e+16,7.784592895457322e+16,6.17504359384747e+16,4.216241693863009e+16,2.2574397938785468e+16,1.1288189394927994e+16,1980851070515.9705,990425535257.9852,0.0,7360114420670135.0,1.472022884134027e+16,2.649476396999802e+16,3.826929909865577e+16,4.479784497228824e+16,5.132639084592073e+16,4.6578459702900696e+16,4.183052855988065e+16,2.9813356600470536e+16,1.7796184641060416e+16,8932822994667244.0,69461348274071.95,34730674137035.977,0.0,0.0,0.0,0.0,0.0,0.0,0.0,0.0,0.0,0.0,0.0,0.0,0.0,0.0,0.0,0.0,0.0,0.0,0.0,0.0,0.0,0.0,0.0,0.0,0.0,0.0,0.0,0.0,0.0,0.0,0.0,0.0,0.0,0.0,0.0,0.0,0.0,0.0,0.0,0.0,0.0,0.0,0.0,0.0,0.0,0.0,0.0,0.0,0.0,0.0,0.0,0.0,0.0,0.0,0.0,0.0
32.874588284205,105.454924277279,20.0562836186236,228.0,25.0,147.16738668926465,5.0,5.0,0.8159983084561017,6.349723477183493e+17,0.0,0.0,0.0,0.0,0.0,0.0,0.0,0.0,0.0,0.0,0.0,0.0,0.0,0.0,0.0,0.0,0.0,0.0,0.0,0.0,0.0,0.0,0.0,0.0,0.0,0.0,0.0,0.0,0.0,0.0,0.0,0.0,0.0,0.0,0.0,0.0,0.0,0.0,0.0,0.0,0.0,0.0,0.0,0.0,0.0,0.0,0.0,0.0,0.0,0.0,0.0,0.0,0.0,0.0,0.0,0.0,0.0,0.0,0.0,0.0,0.0,0.0,0.0,0.0,0.0,0.0,0.0,0.0,0.0,0.0,0.0,0.0,0.0,0.0,0.0,0.0,0.0,0.0,0.0,0.0,0.0,0.0,0.0,0.0,0.0,0.0,0.0,0.0,0.0,0.0,0.0,0.0,0.0,0.0,0.0,0.0,0.0,0.0,0.0,0.0,0.0,0.0,0.0,0.0,0.0,0.0,0.0,0.0,0.0,0.0,0.0,0.0,0.0,0.0,0.0,0.0,0.0,0.0,0.0,0.0,0.0,0.0,0.0,0.0,0.0,0.0,0.0,8846747431140084.0,1.7693494862280168e+16,2.481835244577478e+16,3.194321002926939e+16,3.155250350741459e+16,3.1161796985559796e+16,2.404981852238647e+16,1.693784005921314e+16,9962244774494698.0,2986649489776260.0,1493324744888130.0,0.0,0.0,0.0,0.0,0.0,0.0,0.0,0.0,0.0,0.0,0.0,0.0,0.0,1741361860128940.0,3482723720257880.0,1.247080181362171e+16,2.145887990698554e+16,4.073048067983293e+16,6.000208145268033e+16,8.249185643249574e+16,1.0498163141231118e+17,1.1475996738716686e+17,1.2453830336202256e+17,1.142039018916792e+17,1.0386950042133582e+17,7.996054275321507e+16,5.6051585085094296e+16,3.4270241283928856e+16,1.248889748276341e+16,6244448741381705.0,0.0,0.0,0.0,852515859092822.0,1705031718185644.0,6181114828332572.0,1.06571979384795e+16,1.3640337013817204e+16,1.6623476089154904e+16,1.5035900559773814e+16,1.3448325030392726e+16,9195023851489758.0,4941722672586790.0,2470861336293395.0,0.0,0.0,0.0,0.0,0.0,0.0,0.0,0.0,0.0,0.0,0.0,0.0,0.0,0.0,0.0,0.0,0.0,0.0,0.0,0.0,0.0,0.0,0.0,0.0,0.0,0.0,0.0,0.0,0.0,0.0,0.0,0.0,0.0,0.0,0.0,0.0,0.0,0.0,0.0,0.0,0.0,0.0,0.0,0.0,0.0,0.0,0.0,0.0,0.0,0.0,0.0,0.0,0.0,0.0,0.0,0.0,0.0,0.0
32.905431545051,105.421745366269,21.9678796312896,228.0,20.0,146.6511949635296,5.0,5.0,0.5190356385850416,4.038896583075045e+17,0.0,0.0,0.0,0.0,0.0,0.0,0.0,0.0,0.0,0.0,0.0,0.0,0.0,0.0,0.0,0.0,0.0,0.0,0.0,0.0,0.0,0.0,0.0,0.0,0.0,0.0,0.0,0.0,0.0,0.0,0.0,0.0,0.0,0.0,0.0,0.0,0.0,0.0,0.0,0.0,0.0,0.0,0.0,0.0,0.0,0.0,0.0,0.0,0.0,0.0,0.0,0.0,0.0,0.0,0.0,0.0,0.0,0.0,0.0,0.0,0.0,0.0,0.0,0.0,0.0,0.0,0.0,0.0,0.0,0.0,0.0,0.0,0.0,0.0,0.0,0.0,0.0,0.0,0.0,0.0,0.0,0.0,0.0,0.0,0.0,0.0,0.0,0.0,0.0,0.0,0.0,0.0,0.0,0.0,0.0,0.0,0.0,0.0,0.0,0.0,0.0,0.0,0.0,0.0,0.0,0.0,0.0,0.0,0.0,0.0,0.0,0.0,0.0,0.0,0.0,0.0,0.0,0.0,0.0,0.0,0.0,0.0,0.0,0.0,0.0,0.0,0.0,3749345582366215.5,7498691164732431.0,8971215575023871.0,1.0443739985315312e+16,9921116937256874.0,9398493889198440.0,6556144646304198.0,3713795403409954.0,1856897701704977.0,0.0,0.0,0.0,0.0,0.0,0.0,0.0,0.0,0.0,0.0,0.0,0.0,0.0,0.0,0.0,0.0,0.0,8461683678623343.0,1.6923367357246686e+16,3.592716019378489e+16,5.493095303032308e+16,7.399934134804555e+16,9.306772966576802e+16,9.782984744717152e+16,1.0259196522857499e+17,8.870742427372117e+16,7.482288331886734e+16,5.2337222109972056e+16,2.9851560901076776e+16,1.524901963203411e+16,646478362991445.6,323239181495722.8,0.0,0.0,0.0,0.0,0.0,0.0,0.0,0.0,0.0,0.0,0.0,0.0,0.0,0.0,0.0,0.0,0.0,0.0,0.0,0.0,0.0,0.0,0.0,0.0,0.0,0.0,0.0,0.0,0.0,0.0,0.0,0.0,0.0,0.0,0.0,0.0,0.0,0.0,0.0,0.0,0.0,0.0,0.0,0.0,0.0,0.0,0.0,0.0,0.0,0.0,0.0,0.0,0.0,0.0,0.0,0.0,0.0,0.0,0.0,0.0,0.0,0.0,0.0,0.0,0.0,0.0,0.0,0.0,0.0,0.0,0.0,0.0
32.9372709133345,105.387482597291,23.46997760236,228.0,15.0,143.68277412386453,5.0,5.0,0.21308092186636274,1.6580977167399763e+17,0.0,0.0,0.0,0.0,0.0,0.0,0.0,0.0,0.0,0.0,0.0,0.0,0.0,0.0,0.0,0.0,0.0,0.0,0.0,0.0,0.0,0.0,0.0,0.0,0.0,0.0,0.0,0.0,0.0,0.0,0.0,0.0,0.0,0.0,0.0,0.0,0.0,0.0,0.0,0.0,0.0,0.0,0.0,0.0,0.0,0.0,0.0,0.0,0.0,0.0,0.0,0.0,0.0,0.0,0.0,0.0,0.0,0.0,0.0,0.0,0.0,0.0,0.0,0.0,0.0,0.0,0.0,0.0,0.0,0.0,0.0,0.0,0.0,0.0,0.0,0.0,0.0,0.0,0.0,0.0,0.0,0.0,0.0,0.0,0.0,0.0,0.0,0.0,0.0,0.0,0.0,0.0,0.0,0.0,0.0,0.0,0.0,0.0,0.0,0.0,0.0,0.0,0.0,0.0,0.0,0.0,0.0,0.0,0.0,0.0,0.0,0.0,0.0,0.0,0.0,0.0,0.0,0.0,0.0,0.0,0.0,0.0,0.0,0.0,0.0,0.0,0.0,449766205389993.6,899532410779987.2,667108125727504.4,434683840675021.56,217341920337510.78,0.0,0.0,0.0,0.0,0.0,0.0,0.0,0.0,0.0,0.0,0.0,0.0,0.0,0.0,0.0,0.0,0.0,0.0,0.0,0.0,0.0,3384292040473794.5,6768584080947589.0,1.6918132243749452e+16,2.706768040655131e+16,3.664728484805592e+16,4.622688928956053e+16,4.698862228055417e+16,4.775035527154782e+16,3.8670788543654376e+16,2.9591221815760924e+16,1.83310231869677e+16,7070824558174466.0,3535412279087233.0,0.0,0.0,0.0,0.0,0.0,0.0,0.0,0.0,0.0,0.0,0.0,0.0,0.0,0.0,0.0,0.0,0.0,0.0,0.0,0.0,0.0,0.0,0.0,0.0,0.0,0.0,0.0,0.0,0.0,0.0,0.0,0.0,0.0,0.0,0.0,0.0,0.0,0.0,0.0,0.0,0.0,0.0,0.0,0.0,0.0,0.0,0.0,0.0,0.0,0.0,0.0,0.0,0.0,0.0,0.0,0.0,0.0,0.0,0.0,0.0,0.0,0.0,0.0,0.0,0.0,0.0,0.0,0.0,0.0,0.0,0.0,0.0,0.0,0.0
32.9698640722378,105.352412457519,24.5511456592836,228.0,10.0,90.0,5.0,5.0,0.0,0.0,0.0,0.0,0.0,0.0,0.0,0.0,0.0,0.0,0.0,0.0,0.0,0.0,0.0,0.0,0.0,0.0,0.0,0.0,0.0,0.0,0.0,0.0,0.0,0.0,0.0,0.0,0.0,0.0,0.0,0.0,0.0,0.0,0.0,0.0,0.0,0.0,0.0,0.0,0.0,0.0,0.0,0.0,0.0,0.0,0.0,0.0,0.0,0.0,0.0,0.0,0.0,0.0,0.0,0.0,0.0,0.0,0.0,0.0,0.0,0.0,0.0,0.0,0.0,0.0,0.0,0.0,0.0,0.0,0.0,0.0,0.0,0.0,0.0,0.0,0.0,0.0,0.0,0.0,0.0,0.0,0.0,0.0,0.0,0.0,0.0,0.0,0.0,0.0,0.0,0.0,0.0,0.0,0.0,0.0,0.0,0.0,0.0,0.0,0.0,0.0,0.0,0.0,0.0,0.0,0.0,0.0,0.0,0.0,0.0,0.0,0.0,0.0,0.0,0.0,0.0,0.0,0.0,0.0,0.0,0.0,0.0,0.0,0.0,0.0,0.0,0.0,0.0,0.0,0.0,0.0,0.0,0.0,0.0,0.0,0.0,0.0,0.0,0.0,0.0,0.0,0.0,0.0,0.0,0.0,0.0,0.0,0.0,0.0,0.0,0.0,0.0,0.0,0.0,0.0,0.0,0.0,0.0,0.0,0.0,0.0,0.0,0.0,0.0,0.0,0.0,0.0,0.0,0.0,0.0,0.0,0.0,0.0,0.0,0.0,0.0,0.0,0.0,0.0,0.0,0.0,0.0,0.0,0.0,0.0,0.0,0.0,0.0,0.0,0.0,0.0,0.0,0.0,0.0,0.0,0.0,0.0,0.0,0.0,0.0,0.0,0.0,0.0,0.0,0.0,0.0,0.0,0.0,0.0,0.0,0.0,0.0,0.0,0.0,0.0,0.0,0.0,0.0,0.0,0.0,0.0,0.0,0.0,0.0,0.0,0.0,0.0,0.0,0.0,0.0,0.0,0.0,0.0,0.0,0.0,0.0,0.0,0.0,0.0,0.0,0.0
32.7363163475017,105.531391461682,2.46201938253052,228.0,80.0,135.12714124894998,5.0,5.0,0.9098142421247223,7.079755917663212e+17,0.0,0.0,0.0,0.0,0.0,0.0,0.0,0.0,0.0,0.0,0.0,0.0,0.0,0.0,0.0,0.0,0.0,0.0,0.0,0.0,0.0,0.0,0.0,0.0,0.0,0.0,0.0,0.0,0.0,0.0,0.0,0.0,0.0,0.0,0.0,0.0,0.0,0.0,0.0,0.0,0.0,0.0,0.0,0.0,0.0,0.0,0.0,0.0,0.0,0.0,0.0,0.0,0.0,0.0,0.0,0.0,0.0,0.0,0.0,0.0,0.0,0.0,0.0,0.0,0.0,0.0,0.0,0.0,0.0,0.0,0.0,0.0,0.0,0.0,0.0,0.0,0.0,0.0,0.0,0.0,0.0,0.0,0.0,0.0,0.0,0.0,0.0,0.0,0.0,0.0,0.0,0.0,0.0,0.0,0.0,0.0,0.0,0.0,0.0,0.0,0.0,0.0,0.0,0.0,0.0,0.0,0.0,0.0,0.0,0.0,0.0,0.0,0.0,0.0,0.0,0.0,0.0,0.0,0.0,0.0,0.0,0.0,0.0,0.0,0.0,5797717355307759.0,1.1595434710615518e+16,1.931679259798657e+16,2.7038150485357624e+16,3.1777035474873816e+16,3.651592046439001e+16,3.683008631130558e+16,3.714425215822115e+16,3.3218973305587772e+16,2.9293694452954396e+16,2.2833267156556144e+16,1.6372839860157894e+16,1.0810515798879586e+16,5248191737601276.0,3202244724935679.0,1156297712270081.2,1380943732294733.0,1605589752319384.8,2469467861182181.0,3333345970044976.5,5125251086544737.0,6917156203044497.0,1.0718038566897356e+16,1.4518920930750214e+16,1.9084831544712616e+16,2.3650742158675016e+16,2.6531241205542132e+16,2.9411740252409252e+16,2.887591429874974e+16,2.834008834509023e+16,2.4386674147543108e+16,2.043325994999598e+16,1.5206992288150058e+16,9980724626304134.0,6246837221240300.0,2512949816176464.0,1771915437057519.2,1030881057938574.0,2458258971456515.5,3885636884974457.0,5363858450926127.0,6842080016877798.0,6954773109303743.0,7067466201729687.0,5748128709029612.0,4428791216329537.0,1.7541765618139142e+16,3.0654740019948748e+16,5.404175851306883e+16,7.742877700618891e+16,9.146315225165856e+16,1.0549752749712818e+17,9.956157028690445e+16,9.362561307668067e+16,7.192142382343506e+16,5.021723457018943e+16,3.232024848659615e+16,1.4423262403002876e+16,1.1113772315978498e+16,7804282228954119.0,3902141114477059.5,0.0,0.0,0.0,0.0,0.0,0.0,0.0,0.0,0.0,0.0,0.0,0.0,0.0,0.0,0.0,0.0,0.0,0.0,0.0,0.0,0.0,0.0,0.0,0.0,0.0,0.0,0.0,0.0,0.0,0.0,0.0,0.0,0.0,0.0,0.0,0.0,0.0,0.0,0.0,0.0,0.0,0.0,0.0,0.0,0.0,0.0,0.0,0.0,0.0,0.0,0.0,0.0,0.0,0.0
32.746278859561,105.5206914486,7.18980823265266,228.0,65.0,117.75698211464868,5.0,5.0,0.9847785781502129,7.663093897019008e+17,0.0,0.0,0.0,0.0,0.0,0.0,0.0,0.0,0.0,0.0,0.0,0.0,0.0,0.0,0.0,0.0,0.0,0.0,0.0,0.0,0.0,0.0,0.0,0.0,0.0,0.0,0.0,0.0,0.0,0.0,0.0,0.0,0.0,0.0,0.0,0.0,0.0,0.0,0.0,0.0,0.0,0.0,0.0,0.0,0.0,0.0,0.0,0.0,0.0,0.0,0.0,0.0,0.0,0.0,0.0,0.0,0.0,0.0,0.0,0.0,0.0,0.0,0.0,0.0,0.0,0.0,0.0,0.0,0.0,0.0,0.0,0.0,0.0,0.0,0.0,0.0,0.0,0.0,0.0,0.0,0.0,0.0,0.0,0.0,0.0,0.0,0.0,0.0,0.0,0.0,0.0,0.0,0.0,0.0,0.0,0.0,0.0,0.0,0.0,0.0,0.0,0.0,0.0,0.0,0.0,0.0,0.0,0.0,0.0,0.0,0.0,0.0,0.0,0.0,0.0,0.0,0.0,0.0,0.0,0.0,0.0,0.0,0.0,0.0,0.0,3184352084505133.5,6368704169010267.0,1.4214007785003854e+16,2.205931140099744e+16,2.935286619307659e+16,3.6646420985155736e+16,3.8718278983873896e+16,4.079013698259206e+16,3.677989173213221e+16,3.276964648167235e+16,2.5022212023940012e+16,1.727477756620766e+16,1.0461707532738686e+16,3648637499269709.5,1824318749634854.8,0.0,0.0,0.0,654166410847035.8,1308332821694071.5,3305858491653523.5,5303384161612976.0,7067611700733008.0,8831839239853040.0,1.1255521764648656e+16,1.3679204289444274e+16,1.6673170607817014e+16,1.9667136926189748e+16,1.9976786223042508e+16,2.028643551989526e+16,1.7551343765375134e+16,1.4816252010855008e+16,1.0819374062143212e+16,6822496113431414.0,4297861482898103.5,1773226852364792.5,1725082869213565.0,1676938886062337.0,2803949143417144.5,3930959400771952.0,4881975729020146.0,5832992057268342.0,5320113765508598.0,4807235473748855.0,6071231241213363.0,7335227008677871.0,2.9420801533115396e+16,5.150637605755293e+16,8.001615837277358e+16,1.085259406879942e+17,1.2338830651717598e+17,1.3825067234635774e+17,1.2802592826796896e+17,1.1780118418958018e+17,8.894271948740317e+16,6.008425478522611e+16,3.50540045828629e+16,1.0023754380499696e+16,7255832894207238.0,4487911407914781.0,2243955703957390.5,0.0,0.0,0.0,0.0,0.0,0.0,0.0,0.0,0.0,0.0,0.0,0.0,0.0,0.0,0.0,0.0,0.0,0.0,0.0,0.0,0.0,0.0,0.0,0.0,0.0,0.0,0.0,0.0,0.0,0.0,0.0,0.0,0.0,0.0,0.0,0.0,0.0,0.0,0.0,0.0,0.0,0.0,0.0,0.0,0.0,0.0,0.0,0.0,0.0,0.0,0.0,0.0,0.0,0.0
32.7640798259422,105.501564592453,11.3706888080417,228.0,50.0,115.50355562742156,5.0,5.0,1.1100628341208039,8.637998346224401e+17,0.0,0.0,0.0,0.0,0.0,0.0,0.0,0.0,0.0,0.0,0.0,0.0,0.0,0.0,0.0,0.0,0.0,0.0,0.0,0.0,0.0,0.0,0.0,0.0,0.0,0.0,0.0,0.0,0.0,0.0,0.0,0.0,0.0,0.0,0.0,0.0,0.0,0.0,0.0,0.0,0.0,0.0,0.0,0.0,0.0,0.0,0.0,0.0,0.0,0.0,0.0,0.0,0.0,0.0,0.0,0.0,0.0,0.0,0.0,0.0,0.0,0.0,0.0,0.0,0.0,0.0,0.0,0.0,0.0,0.0,0.0,0.0,0.0,0.0,0.0,0.0,0.0,0.0,0.0,0.0,0.0,0.0,0.0,0.0,0.0,0.0,0.0,0.0,0.0,0.0,0.0,0.0,0.0,0.0,0.0,0.0,0.0,0.0,0.0,0.0,0.0,0.0,0.0,0.0,0.0,0.0,0.0,0.0,0.0,0.0,0.0,0.0,0.0,0.0,0.0,0.0,0.0,0.0,0.0,0.0,0.0,0.0,0.0,0.0,0.0,4433877384709664.5,8867754769419329.0,1.6186522762510122e+16,2.350529075560091e+16,3.274671226859994e+16,4.198813378159897e+16,4.59218661371372e+16,4.985559849267542e+16,4.500991073011142e+16,4.0164222967547416e+16,2.9847204676040356e+16,1.9530186384533304e+16,1.1051879674981242e+16,2573572965429181.0,1286786482714590.5,0.0,0.0,0.0,0.0,0.0,1803968587418937.8,3607937174837875.5,5321025033375562.0,7034112891913250.0,6671455811505034.0,6308798731096819.0,6268625760834045.0,6228452790571272.0,7375241872160101.0,8522030953748929.0,9746125375337626.0,1.0970219796926322e+16,1.2749149458550016e+16,1.4528079120173708e+16,1.6576751579695386e+16,1.8625424039217068e+16,1.948919740258503e+16,2.035297076595299e+16,1.9141275189396532e+16,1.792957961284008e+16,1.4625976523645954e+16,1.1322373434451826e+16,7558380856896915.0,3794388279342003.5,1.0567123863156958e+16,1.7339859446971912e+16,4.391743630255569e+16,7.0495013158139464e+16,9.941400401139326e+16,1.283329948646471e+17,1.3950198733933109e+17,1.5067097981401507e+17,1.3523060131448526e+17,1.1979022281495541e+17,8.770330443827507e+16,5.561638606159476e+16,3.0076853295885144e+16,4537320530175546.0,2922625377119804.5,1307930224064062.5,653965112032031.2,0.0,0.0,0.0,0.0,0.0,0.0,0.0,0.0,0.0,0.0,0.0,0.0,0.0,0.0,0.0,0.0,0.0,0.0,0.0,0.0,0.0,0.0,0.0,0.0,0.0,0.0,0.0,0.0,0.0,0.0,0.0,0.0,0.0,0.0,0.0,0.0,0.0,0.0,0.0,0.0,0.0,0.0,0.0,0.0,0.0,0.0,0.0,0.0,0.0,0.0,0.0,0.0,0.0,0.0
32.7876188101748,105.476261631561,14.8927689400555,228.0,40.0,126.29044464335598,5.0,5.0,1.0939022873810147,8.512244405346861e+17,0.0,0.0,0.0,0.0,0.0,0.0,0.0,0.0,0.0,0.0,0.0,0.0,0.0,0.0,0.0,0.0,0.0,0.0,0.0,0.0,0.0,0.0,0.0,0.0,0.0,0.0,0.0,0.0,0.0,0.0,0.0,0.0,0.0,0.0,0.0,0.0,0.0,0.0,0.0,0.0,0.0,0.0,0.0,0.0,0.0,0.0,0.0,0.0,0.0,0.0,0.0,0.0,0.0,0.0,0.0,0.0,0.0,0.0,0.0,0.0,0.0,0.0,0.0,0.0,0.0,0.0,0.0,0.0,0.0,0.0,0.0,0.0,0.0,0.0,0.0,0.0,0.0,0.0,0.0,0.0,0.0,0.0,0.0,0.0,0.0,0.0,0.0,0.0,0.0,0.0,0.0,0.0,0.0,0.0,0.0,0.0,0.0,0.0,0.0,0.0,0.0,0.0,0.0,0.0,0.0,0.0,0.0,0.0,0.0,0.0,0.0,0.0,0.0,0.0,0.0,0.0,0.0,0.0,0.0,0.0,0.0,0.0,0.0,0.0,0.0,6771553152689562.0,1.3543106305379124e+16,2.268672878290404e+16,3.183035126042896e+16,4.058533422634377e+16,4.934031719225858e+16,5.1564589975571096e+16,5.3788862758883624e+16,4.697081356799661e+16,4.015276437710958e+16,2.8242074522195532e+16,1.6331384667281482e+16,8165692333640741.0,0.0,0.0,0.0,0.0,0.0,0.0,0.0,194450383725251.6,388900767450503.2,1424523920423072.8,2460147073395643.0,2759088862906512.0,3058030652417381.5,2979566962572475.5,2901103272727569.0,4056407093708018.5,5211710914688469.0,1.1463254769859016e+16,1.7714798625029562e+16,2.766823486624961e+16,3.762167110746966e+16,4.4908969833931736e+16,5.219626856039382e+16,5.2133401632184616e+16,5.207053470397541e+16,4.455962110176688e+16,3.704870749955835e+16,2.642104734435964e+16,1.5793387189160926e+16,8676261459758105.0,1559135730355289.0,9653769388536646.0,1.7748403046718004e+16,3.933092441182384e+16,6.0913445776929656e+16,8.254244134635318e+16,1.0417143691577674e+17,1.1012514004650957e+17,1.1607884317724242e+17,1.006063304222097e+17,8.513381766717694e+16,5.965056448002771e+16,3.4167311292878476e+16,1.7083655646439238e+16,0.0,0.0,0.0,0.0,0.0,0.0,0.0,0.0,0.0,0.0,0.0,0.0,0.0,0.0,0.0,0.0,0.0,0.0,0.0,0.0,0.0,0.0,0.0,0.0,0.0,0.0,0.0,0.0,0.0,0.0,0.0,0.0,0.0,0.0,0.0,0.0,0.0,0.0,0.0,0.0,0.0,0.0,0.0,0.0,0.0,0.0,0.0,0.0,0.0,0.0,0.0,0.0,0.0,0.0,0.0,0.0,0.0,0.0
32.8148876860611,105.44693784892,17.7497379642719,228.0,30.0,137.4394238151427,5.0,5.0,1.0420935151052535,8.109092371532134e+17,0.0,0.0,0.0,0.0,0.0,0.0,0.0,0.0,0.0,0.0,0.0,0.0,0.0,0.0,0.0,0.0,0.0,0.0,0.0,0.0,0.0,0.0,0.0,0.0,0.0,0.0,0.0,0.0,0.0,0.0,0.0,0.0,0.0,0.0,0.0,0.0,0.0,0.0,0.0,0.0,0.0,0.0,0.0,0.0,0.0,0.0,0.0,0.0,0.0,0.0,0.0,0.0,0.0,0.0,0.0,0.0,0.0,0.0,0.0,0.0,0.0,0.0,0.0,0.0,0.0,0.0,0.0,0.0,0.0,0.0,0.0,0.0,0.0,0.0,0.0,0.0,0.0,0.0,0.0,0.0,0.0,0.0,0.0,0.0,0.0,0.0,0.0,0.0,0.0,0.0,0.0,0.0,0.0,0.0,0.0,0.0,0.0,0.0,0.0,0.0,0.0,0.0,0.0,0.0,0.0,0.0,0.0,0.0,0.0,0.0,0.0,0.0,0.0,0.0,0.0,0.0,0.0,0.0,0.0,0.0,0.0,0.0,0.0,0.0,0.0,7258868774345075.0,1.451773754869015e+16,2.506148660652444e+16,3.560523566435874e+16,4.370005787891973e+16,5.179488009348071e+16,5.151298800577939e+16,5.123109591807807e+16,4.221887718842985e+16,3.3206658458781624e+16,2.1907135227569788e+16,1.0607611996357954e+16,5303805998178977.0,0.0,0.0,0.0,0.0,0.0,0.0,0.0,0.0,0.0,0.0,0.0,0.0,0.0,1718447436483602.2,3436894872967204.5,9153232439175728.0,1.4869570005384252e+16,2.847046922778123e+16,4.207136845017821e+16,5.900927840126995e+16,7.59471883523617e+16,8.45772883730135e+16,9.320738839366533e+16,8.755051055114382e+16,8.189363270862234e+16,6.5189044531864984e+16,4.848445635510765e+16,3.1121296247973176e+16,1.3758136140838706e+16,6879068070419353.0,0.0,4120381531536288.5,8240763063072577.0,2.1923557426177436e+16,3.5606351789282292e+16,4.9500230794822744e+16,6.339410980036318e+16,6.633988249483708e+16,6.928565518931097e+16,5.826780260397145e+16,4.724995001863194e+16,3.1875251176155892e+16,1.6500552333679858e+16,8250276166839929.0,0.0,0.0,0.0,0.0,0.0,0.0,0.0,0.0,0.0,0.0,0.0,0.0,0.0,0.0,0.0,0.0,0.0,0.0,0.0,0.0,0.0,0.0,0.0,0.0,0.0,0.0,0.0,0.0,0.0,0.0,0.0,0.0,0.0,0.0,0.0,0.0,0.0,0.0,0.0,0.0,0.0,0.0,0.0,0.0,0.0,0.0,0.0,0.0,0.0,0.0,0.0,0.0,0.0,0.0,0.0,0.0,0.0,0.0
32.844500103631,105.415082068068,20.0562836186236,228.0,25.0,143.55296234459843,5.0,5.0,0.8415251963123563,6.548361976112453e+17,0.0,0.0,0.0,0.0,0.0,0.0,0.0,0.0,0.0,0.0,0.0,0.0,0.0,0.0,0.0,0.0,0.0,0.0,0.0,0.0,0.0,0.0,0.0,0.0,0.0,0.0,0.0,0.0,0.0,0.0,0.0,0.0,0.0,0.0,0.0,0.0,0.0,0.0,0.0,0.0,0.0,0.0,0.0,0.0,0.0,0.0,0.0,0.0,0.0,0.0,0.0,0.0,0.0,0.0,0.0,0.0,0.0,0.0,0.0,0.0,0.0,0.0,0.0,0.0,0.0,0.0,0.0,0.0,0.0,0.0,0.0,0.0,0.0,0.0,0.0,0.0,0.0,0.0,0.0,0.0,0.0,0.0,0.0,0.0,0.0,0.0,0.0,0.0,0.0,0.0,0.0,0.0,0.0,0.0,0.0,0.0,0.0,0.0,0.0,0.0,0.0,0.0,0.0,0.0,0.0,0.0,0.0,0.0,0.0,0.0,0.0,0.0,0.0,0.0,0.0,0.0,0.0,0.0,0.0,0.0,0.0,0.0,0.0,0.0,0.0,5900257261601932.0,1.1800514523203864e+16,1.95982584237611e+16,2.7396002324318344e+16,3.249301758817129e+16,3.759003285202423e+16,3.5865793119716976e+16,3.4141553387409716e+16,2.6442258199708576e+16,1.874296301200744e+16,1.1103087255170282e+16,3463211498333125.5,1731605749166562.8,0.0,0.0,0.0,0.0,0.0,0.0,0.0,0.0,0.0,0.0,0.0,0.0,0.0,1227207756383578.5,2454415512767157.0,1.207673487182314e+16,2.169905423087913e+16,4.172983626172269e+16,6.1760618292566264e+16,8.19589048235652e+16,1.0215719135456414e+17,1.0812186292538973e+17,1.140865344962153e+17,1.0111884312672816e+17,8.815115175724102e+16,6.4990314756912504e+16,4.182947775658398e+16,2.4091389004529036e+16,6353300252474085.0,3176650126237042.5,0.0,75970603562341.36,151941207124682.72,5414781697447926.0,1.0677622187771172e+16,1.7617200450016418e+16,2.4556778712261668e+16,2.57102913489032e+16,2.6863803985544732e+16,2.174870577167154e+16,1.663360755779835e+16,1.0480015133977618e+16,4326422710156884.5,2163211355078442.2,0.0,0.0,0.0,0.0,0.0,0.0,0.0,0.0,0.0,0.0,0.0,0.0,0.0,0.0,0.0,0.0,0.0,0.0,0.0,0.0,0.0,0.0,0.0,0.0,0.0,0.0,0.0,0.0,0.0,0.0,0.0,0.0,0.0,0.0,0.0,0.0,0.0,0.0,0.0,0.0,0.0,0.0,0.0,0.0,0.0,0.0,0.0,0.0,0.0,0.0,0.0,0.0,0.0,0.0,0.0,0.0,0.0,0.0
32.875343364477,105.38188949853,21.9678796312896,228.0,20.0,145.43546106198102,5.0,5.0,0.5038517241717182,3.920742345711192e+17,0.0,0.0,0.0,0.0,0.0,0.0,0.0,0.0,0.0,0.0,0.0,0.0,0.0,0.0,0.0,0.0,0.0,0.0,0.0,0.0,0.0,0.0,0.0,0.0,0.0,0.0,0.0,0.0,0.0,0.0,0.0,0.0,0.0,0.0,0.0,0.0,0.0,0.0,0.0,0.0,0.0,0.0,0.0,0.0,0.0,0.0,0.0,0.0,0.0,0.0,0.0,0.0,0.0,0.0,0.0,0.0,0.0,0.0,0.0,0.0,0.0,0.0,0.0,0.0,0.0,0.0,0.0,0.0,0.0,0.0,0.0,0.0,0.0,0.0,0.0,0.0,0.0,0.0,0.0,0.0,0.0,0.0,0.0,0.0,0.0,0.0,0.0,0.0,0.0,0.0,0.0,0.0,0.0,0.0,0.0,0.0,0.0,0.0,0.0,0.0,0.0,0.0,0.0,0.0,0.0,0.0,0.0,0.0,0.0,0.0,0.0,0.0,0.0,0.0,0.0,0.0,0.0,0.0,0.0,0.0,0.0,0.0,0.0,0.0,0.0,3386735266941089.5,6773470533882179.0,1.0007428744841e+16,1.3241386955799822e+16,1.402455113342254e+16,1.480771531104526e+16,1.2961558533304988e+16,1.111540175556472e+16,7724628800562498.0,4333855845560277.0,2166927922780138.5,0.0,0.0,0.0,0.0,0.0,0.0,0.0,0.0,0.0,0.0,0.0,0.0,0.0,0.0,0.0,9694064664150.63,19388129328301.26,9415630914000636.0,1.881187369867297e+16,3.77070964889665e+16,5.660231927926003e+16,7.30823328481648e+16,8.95623464170696e+16,9.060157608047686e+16,9.164080574388414e+16,7.606821862843533e+16,6.0495631512986504e+16,4.020975315935406e+16,1.9923874805721616e+16,9961937402860808.0,0.0,0.0,0.0,0.0,0.0,0.0,0.0,1141513411708967.5,2283026823417935.0,2348467454948913.0,2413908086479891.5,1231568879462906.2,49229672445920.6,24614836222960.3,0.0,0.0,0.0,0.0,0.0,0.0,0.0,0.0,0.0,0.0,0.0,0.0,0.0,0.0,0.0,0.0,0.0,0.0,0.0,0.0,0.0,0.0,0.0,0.0,0.0,0.0,0.0,0.0,0.0,0.0,0.0,0.0,0.0,0.0,0.0,0.0,0.0,0.0,0.0,0.0,0.0,0.0,0.0,0.0,0.0,0.0,0.0,0.0,0.0,0.0,0.0,0.0,0.0,0.0,0.0,0.0,0.0,0.0,0.0,0.0
32.9071827327605,105.347612546366,23.46997760236,228.0,15.0,143.52041679891323,5.0,5.0,0.19066931823103758,1.483700926587548e+17,0.0,0.0,0.0,0.0,0.0,0.0,0.0,0.0,0.0,0.0,0.0,0.0,0.0,0.0,0.0,0.0,0.0,0.0,0.0,0.0,0.0,0.0,0.0,0.0,0.0,0.0,0.0,0.0,0.0,0.0,0.0,0.0,0.0,0.0,0.0,0.0,0.0,0.0,0.0,0.0,0.0,0.0,0.0,0.0,0.0,0.0,0.0,0.0,0.0,0.0,0.0,0.0,0.0,0.0,0.0,0.0,0.0,0.0,0.0,0.0,0.0,0.0,0.0,0.0,0.0,0.0,0.0,0.0,0.0,0.0,0.0,0.0,0.0,0.0,0.0,0.0,0.0,0.0,0.0,0.0,0.0,0.0,0.0,0.0,0.0,0.0,0.0,0.0,0.0,0.0,0.0,0.0,0.0,0.0,0.0,0.0,0.0,0.0,0.0,0.0,0.0,0.0,0.0,0.0,0.0,0.0,0.0,0.0,0.0,0.0,0.0,0.0,0.0,0.0,0.0,0.0,0.0,0.0,0.0,0.0,0.0,0.0,0.0,0.0,0.0,1029224152390992.9,2058448304781985.8,2229627999743390.8,2400807694704795.5,1535573651479815.8,670339608254835.8,335169804127417.9,0.0,0.0,0.0,0.0,0.0,0.0,0.0,0.0,0.0,0.0,0.0,0.0,0.0,0.0,0.0,0.0,0.0,0.0,0.0,0.0,0.0,4404367849323178.5,8808735698646357.0,1.838687640126721e+16,2.796501710388806e+16,3.544041179707495e+16,4.291580649026185e+16,4.156990166651987e+16,4.022399684277791e+16,3.0607675680628544e+16,2.099135451847918e+16,1.1663470457719514e+16,2335586396959851.0,1167793198479925.5,0.0,0.0,0.0,0.0,0.0,0.0,0.0,0.0,0.0,0.0,0.0,0.0,0.0,0.0,0.0,0.0,0.0,0.0,0.0,0.0,0.0,0.0,0.0,0.0,0.0,0.0,0.0,0.0,0.0,0.0,0.0,0.0,0.0,0.0,0.0,0.0,0.0,0.0,0.0,0.0,0.0,0.0,0.0,0.0,0.0,0.0,0.0,0.0,0.0,0.0,0.0,0.0,0.0,0.0,0.0,0.0,0.0,0.0,0.0,0.0,0.0,0.0,0.0,0.0,0.0,0.0,0.0,0.0,0.0,0.0,0.0,0.0,0.0,0.0
32.9397758916638,105.312531539454,24.5511456592836,228.0,10.0,90.0,5.0,5.0,0.0,0.0,0.0,0.0,0.0,0.0,0.0,0.0,0.0,0.0,0.0,0.0,0.0,0.0,0.0,0.0,0.0,0.0,0.0,0.0,0.0,0.0,0.0,0.0,0.0,0.0,0.0,0.0,0.0,0.0,0.0,0.0,0.0,0.0,0.0,0.0,0.0,0.0,0.0,0.0,0.0,0.0,0.0,0.0,0.0,0.0,0.0,0.0,0.0,0.0,0.0,0.0,0.0,0.0,0.0,0.0,0.0,0.0,0.0,0.0,0.0,0.0,0.0,0.0,0.0,0.0,0.0,0.0,0.0,0.0,0.0,0.0,0.0,0.0,0.0,0.0,0.0,0.0,0.0,0.0,0.0,0.0,0.0,0.0,0.0,0.0,0.0,0.0,0.0,0.0,0.0,0.0,0.0,0.0,0.0,0.0,0.0,0.0,0.0,0.0,0.0,0.0,0.0,0.0,0.0,0.0,0.0,0.0,0.0,0.0,0.0,0.0,0.0,0.0,0.0,0.0,0.0,0.0,0.0,0.0,0.0,0.0,0.0,0.0,0.0,0.0,0.0,0.0,0.0,0.0,0.0,0.0,0.0,0.0,0.0,0.0,0.0,0.0,0.0,0.0,0.0,0.0,0.0,0.0,0.0,0.0,0.0,0.0,0.0,0.0,0.0,0.0,0.0,0.0,0.0,0.0,0.0,0.0,0.0,0.0,0.0,0.0,0.0,0.0,0.0,0.0,0.0,0.0,0.0,0.0,0.0,0.0,0.0,0.0,0.0,0.0,0.0,0.0,0.0,0.0,0.0,0.0,0.0,0.0,0.0,0.0,0.0,0.0,0.0,0.0,0.0,0.0,0.0,0.0,0.0,0.0,0.0,0.0,0.0,0.0,0.0,0.0,0.0,0.0,0.0,0.0,0.0,0.0,0.0,0.0,0.0,0.0,0.0,0.0,0.0,0.0,0.0,0.0,0.0,0.0,0.0,0.0,0.0,0.0,0.0,0.0,0.0,0.0,0.0,0.0,0.0,0.0,0.0,0.0,0.0,0.0,0.0,0.0,0.0,0.0,0.0,0.0
32.7062281669277,105.491591971847,2.46201938253052,228.0,80.0,131.30607522299488,5.0,5.0,0.9750601096144688,7.587469245369373e+17,0.0,0.0,0.0,0.0,0.0,0.0,0.0,0.0,0.0,0.0,0.0,0.0,0.0,0.0,0.0,0.0,0.0,0.0,0.0,0.0,0.0,0.0,0.0,0.0,0.0,0.0,0.0,0.0,0.0,0.0,0.0,0.0,0.0,0.0,0.0,0.0,0.0,0.0,0.0,0.0,0.0,0.0,0.0,0.0,0.0,0.0,0.0,0.0,0.0,0.0,0.0,0.0,0.0,0.0,0.0,0.0,0.0,0.0,0.0,0.0,0.0,0.0,0.0,0.0,0.0,0.0,0.0,0.0,0.0,0.0,0.0,0.0,0.0,0.0,0.0,0.0,0.0,0.0,0.0,0.0,0.0,0.0,0.0,0.0,0.0,0.0,0.0,0.0,0.0,0.0,0.0,0.0,0.0,0.0,0.0,0.0,0.0,0.0,0.0,0.0,0.0,0.0,0.0,0.0,0.0,0.0,0.0,0.0,0.0,0.0,0.0,0.0,0.0,0.0,0.0,0.0,0.0,0.0,0.0,0.0,0.0,0.0,0.0,3201021133771602.5,6402042267543205.0,1.230849727152354e+16,1.821495227550388e+16,2.5243518141260996e+16,3.227208400701812e+16,3.623849451185212e+16,4.020490501668611e+16,3.906084491787592e+16,3.7916784819065704e+16,3.2741745209705144e+16,2.7566705600344584e+16,2.0780336612235956e+16,1.3993967624127322e+16,8697813417452743.0,3401659210778165.0,1700829605389082.5,0.0,679612449651871.9,1359224899303743.8,2441285461938112.0,3523346024572480.0,5726714868792340.0,7930083713012202.0,1.215940467218699e+16,1.6388725631361778e+16,2.1190053604472932e+16,2.5991381577584092e+16,2.889975788716453e+16,3.1808134196744956e+16,3.0630520224284416e+16,2.9452906251823884e+16,2.4648027481358936e+16,1.984314871089399e+16,1.4180500877460646e+16,8517853044027295.0,4931158536605321.0,1344464029183345.0,796608068850355.8,248752108517366.5,1783962747311843.2,3319173386106320.5,4783732291462547.0,6248291196818774.0,5960105471837518.0,5671919746856261.0,8384665810346556.0,1.1097411873836848e+16,3.262591520735278e+16,5.415441854086872e+16,7.75182524596101e+16,1.0088208637835147e+17,1.089329916966954e+17,1.1698389701503934e+17,1.0325788153489918e+17,8.953186605475902e+16,6.394141206167544e+16,3.835095806859186e+16,2.223836966810413e+16,6125781267616406.0,3062890633808203.0,0.0,0.0,0.0,0.0,0.0,0.0,0.0,0.0,0.0,0.0,0.0,0.0,0.0,0.0,0.0,0.0,0.0,0.0,0.0,0.0,0.0,0.0,0.0,0.0,0.0,0.0,0.0,0.0,0.0,0.0,0.0,0.0,0.0,0.0,0.0,0.0,0.0,0.0,0.0,0.0,0.0,0.0,0.0,0.0,0.0,0.0,0.0,0.0,0.0,0.0,0.0,0.0,0.0,0.0,0.0,0.0
32.716190678987,105.480889067371,7.18980823265266,228.0,65.0,113.33466394920507,5.0,5.0,1.066798530647556,8.301335438175183e+17,0.0,0.0,0.0,0.0,0.0,0.0,0.0,0.0,0.0,0.0,0.0,0.0,0.0,0.0,0.0,0.0,0.0,0.0,0.0,0.0,0.0,0.0,0.0,0.0,0.0,0.0,0.0,0.0,0.0,0.0,0.0,0.0,0.0,0.0,0.0,0.0,0.0,0.0,0.0,0.0,0.0,0.0,0.0,0.0,0.0,0.0,0.0,0.0,0.0,0.0,0.0,0.0,0.0,0.0,0.0,0.0,0.0,0.0,0.0,0.0,0.0,0.0,0.0,0.0,0.0,0.0,0.0,0.0,0.0,0.0,0.0,0.0,0.0,0.0,0.0,0.0,0.0,0.0,0.0,0.0,0.0,0.0,0.0,0.0,0.0,0.0,0.0,0.0,0.0,0.0,0.0,0.0,0.0,0.0,0.0,0.0,0.0,0.0,0.0,0.0,0.0,0.0,0.0,0.0,0.0,0.0,0.0,0.0,0.0,0.0,0.0,0.0,0.0,0.0,0.0,0.0,0.0,0.0,0.0,0.0,0.0,0.0,0.0,760636169410411.4,1521272338820822.8,5718757006671108.0,9916241674521392.0,1.780404403626335e+16,2.5691846398005308e+16,3.2564265867684556e+16,3.94366853373638e+16,4.0371222127246856e+16,4.1305758917129896e+16,3.6303954888719096e+16,3.1302150860308296e+16,2.3104034821189196e+16,1.490591878207009e+16,8434829100151556.0,1963739418233023.8,981869709116511.9,0.0,0.0,0.0,264209381462213.03,528418762924426.06,1378665638199915.5,2228912513475404.8,4165651902166716.0,6102391290858027.0,1.0223898493862674e+16,1.434540569686732e+16,1.7651723015493752e+16,2.0958040334120188e+16,2.0772188975250584e+16,2.0586337616380972e+16,1.6852926671843462e+16,1.3119515727305952e+16,8609569784589931.0,4099623841873910.5,2049811920936955.2,0.0,0.0,0.0,749736787423607.2,1499473574847214.5,2419035226940334.5,3338596879033454.0,2860618061159789.0,2382639243286124.0,1.2914382473938414e+16,2.3446125704590704e+16,5.337351875958985e+16,8.330091181458901e+16,1.1250976443287338e+17,1.4171861705115771e+17,1.495397328520463e+17,1.573608486529349e+17,1.3744007107593106e+17,1.1751929349892725e+17,8.334495035161158e+16,4.917060720429592e+16,2.577738894394657e+16,2384170683597223.5,1192085341798611.8,0.0,0.0,0.0,0.0,0.0,0.0,0.0,0.0,0.0,0.0,0.0,0.0,0.0,0.0,0.0,0.0,0.0,0.0,0.0,0.0,0.0,0.0,0.0,0.0,0.0,0.0,0.0,0.0,0.0,0.0,0.0,0.0,0.0,0.0,0.0,0.0,0.0,0.0,0.0,0.0,0.0,0.0,0.0,0.0,0.0,0.0,0.0,0.0,0.0,0.0,0.0,0.0,0.0,0.0,0.0,0.0
32.7339916453682,105.461755967658,11.3706888080417,228.0,50.0,109.95814597096258,5.0,5.0,1.211726091103331,9.429095046964214e+17,0.0,0.0,0.0,0.0,0.0,0.0,0.0,0.0,0.0,0.0,0.0,0.0,0.0,0.0,0.0,0.0,0.0,0.0,0.0,0.0,0.0,0.0,0.0,0.0,0.0,0.0,0.0,0.0,0.0,0.0,0.0,0.0,0.0,0.0,0.0,0.0,0.0,0.0,0.0,0.0,0.0,0.0,0.0,0.0,0.0,0.0,0.0,0.0,0.0,0.0,0.0,0.0,0.0,0.0,0.0,0.0,0.0,0.0,0.0,0.0,0.0,0.0,0.0,0.0,0.0,0.0,0.0,0.0,0.0,0.0,0.0,0.0,0.0,0.0,0.0,0.0,0.0,0.0,0.0,0.0,0.0,0.0,0.0,0.0,0.0,0.0,0.0,0.0,0.0,0.0,0.0,0.0,0.0,0.0,0.0,0.0,0.0,0.0,0.0,0.0,0.0,0.0,0.0,0.0,0.0,0.0,0.0,0.0,0.0,0.0,0.0,0.0,0.0,0.0,0.0,0.0,0.0,0.0,0.0,0.0,0.0,0.0,0.0,3312818308318274.0,6625636616636548.0,1.029117983772235e+16,1.395672305880815e+16,1.907794960897402e+16,2.419917615913989e+16,3.368887189288582e+16,4.317856762663175e+16,4.703654175584547e+16,5.08945158850592e+16,4.515422619835276e+16,3.941393651164632e+16,2.8524685598927668e+16,1.7635434686209012e+16,9433216752264972.0,1230998818320929.8,615499409160464.9,0.0,0.0,0.0,0.0,0.0,465380159732459.3,930760319464918.6,1346403922411805.2,1762047525358691.5,1741548987658928.0,1721050449959164.8,3611960387341022.5,5502870324722880.0,6362876122443515.0,7222881920164150.0,7690234554318765.0,8157587188473384.0,9513378082354174.0,1.0869168976234966e+16,1.257872928437641e+16,1.4288289592517852e+16,1.4847403597417452e+16,1.5406517602317052e+16,1.3971723539038052e+16,1.2536929475759048e+16,9616194945152210.0,6695460414545371.0,3984409356789984.0,1273358299034595.5,1.9914916499091864e+16,3.855647469914914e+16,7.352403836976712e+16,1.084916020403851e+17,1.378924678154454e+17,1.6729333359050576e+17,1.708408564739836e+17,1.743883793574615e+17,1.485391130261056e+17,1.226898466947497e+17,8.504997830477941e+16,4.741010991480914e+16,2.3993978431583156e+16,577846948357185.1,288923474178592.56,0.0,0.0,0.0,0.0,0.0,0.0,0.0,0.0,0.0,0.0,0.0,0.0,0.0,0.0,0.0,0.0,0.0,0.0,0.0,0.0,0.0,0.0,0.0,0.0,0.0,0.0,0.0,0.0,0.0,0.0,0.0,0.0,0.0,0.0,0.0,0.0,0.0,0.0,0.0,0.0,0.0,0.0,0.0,0.0,0.0,0.0,0.0,0.0,0.0,0.0,0.0,0.0,0.0,0.0,0.0,0.0
32.7575306296007,105.436443702596,14.8927689400555,228.0,40.0,119.34720019785854,5.0,5.0,1.197961905911213,9.32198848932434e+17,0.0,0.0,0.0,0.0,0.0,0.0,0.0,0.0,0.0,0.0,0.0,0.0,0.0,0.0,0.0,0.0,0.0,0.0,0.0,0.0,0.0,0.0,0.0,0.0,0.0,0.0,0.0,0.0,0.0,0.0,0.0,0.0,0.0,0.0,0.0,0.0,0.0,0.0,0.0,0.0,0.0,0.0,0.0,0.0,0.0,0.0,0.0,0.0,0.0,0.0,0.0,0.0,0.0,0.0,0.0,0.0,0.0,0.0,0.0,0.0,0.0,0.0,0.0,0.0,0.0,0.0,0.0,0.0,0.0,0.0,0.0,0.0,0.0,0.0,0.0,0.0,0.0,0.0,0.0,0.0,0.0,0.0,0.0,0.0,0.0,0.0,0.0,0.0,0.0,0.0,0.0,0.0,0.0,0.0,0.0,0.0,0.0,0.0,0.0,0.0,0.0,0.0,0.0,0.0,0.0,0.0,0.0,0.0,0.0,0.0,0.0,0.0,0.0,0.0,0.0,0.0,0.0,0.0,0.0,0.0,0.0,0.0,0.0,4311033169729857.5,8622066339459715.0,1.445966141347169e+16,2.0297256487483664e+16,2.5844150611501636e+16,3.13910447355196e+16,3.97238452468231e+16,4.80566457581266e+16,5.129940137431009e+16,5.454215699049358e+16,4.7632969989547064e+16,4.0723782988600536e+16,2.8376432786075924e+16,1.6029082583551322e+16,8014541291775661.0,0.0,0.0,0.0,0.0,0.0,0.0,0.0,0.0,0.0,0.0,0.0,0.0,0.0,0.0,0.0,1807848962758038.8,3615697925516077.5,1.0381359533808912e+16,1.7147021142101748e+16,2.6417897362343664e+16,3.5688773582585584e+16,4.159995198885871e+16,4.751113039513184e+16,4.601575568236582e+16,4.452038096959982e+16,3.636504892643269e+16,2.8209716883265548e+16,1.877190587504195e+16,9334094866818350.0,5227053071313693.0,1120011275809034.5,1.8497389192921284e+16,3.5874767110033536e+16,6.490419191697897e+16,9.393361672392437e+16,1.1619072766073979e+17,1.384478385975552e+17,1.3783639998722725e+17,1.3722496137689926e+17,1.1352079097577424e+17,8.981662057464922e+16,5.995440109997932e+16,3.009218162530943e+16,1.5046090812654716e+16,0.0,0.0,0.0,0.0,0.0,0.0,0.0,0.0,0.0,0.0,0.0,0.0,0.0,0.0,0.0,0.0,0.0,0.0,0.0,0.0,0.0,0.0,0.0,0.0,0.0,0.0,0.0,0.0,0.0,0.0,0.0,0.0,0.0,0.0,0.0,0.0,0.0,0.0,0.0,0.0,0.0,0.0,0.0,0.0,0.0,0.0,0.0,0.0,0.0,0.0,0.0,0.0,0.0,0.0,0.0,0.0,0.0,0.0
32.7847995054871,105.407108472372,17.7497379642719,228.0,30.0,130.25438369798962,5.0,5.0,1.0696596645638679,8.32359946619032e+17,0.0,0.0,0.0,0.0,0.0,0.0,0.0,0.0,0.0,0.0,0.0,0.0,0.0,0.0,0.0,0.0,0.0,0.0,0.0,0.0,0.0,0.0,0.0,0.0,0.0,0.0,0.0,0.0,0.0,0.0,0.0,0.0,0.0,0.0,0.0,0.0,0.0,0.0,0.0,0.0,0.0,0.0,0.0,0.0,0.0,0.0,0.0,0.0,0.0,0.0,0.0,0.0,0.0,0.0,0.0,0.0,0.0,0.0,0.0,0.0,0.0,0.0,0.0,0.0,0.0,0.0,0.0,0.0,0.0,0.0,0.0,0.0,0.0,0.0,0.0,0.0,0.0,0.0,0.0,0.0,0.0,0.0,0.0,0.0,0.0,0.0,0.0,0.0,0.0,0.0,0.0,0.0,0.0,0.0,0.0,0.0,0.0,0.0,0.0,0.0,0.0,0.0,0.0,0.0,0.0,0.0,0.0,0.0,0.0,0.0,0.0,0.0,0.0,0.0,0.0,0.0,0.0,0.0,0.0,0.0,0.0,0.0,0.0,3023622612457361.0,6047245224914722.0,1.2870934400573928e+16,1.9694623576233132e+16,2.7149604162844824e+16,3.4604584749456516e+16,4.124961973604182e+16,4.789465472262713e+16,4.814160383291385e+16,4.838855294320056e+16,4.010243890357818e+16,3.1816324863955804e+16,2.0753831815261868e+16,9691338766567940.0,4845669383283970.0,0.0,0.0,0.0,0.0,0.0,0.0,0.0,0.0,0.0,0.0,0.0,0.0,0.0,914910222290979.6,1829820444581959.2,7954540604204915.0,1.4079260763827872e+16,2.7635721342169892e+16,4.119218192051192e+16,5.624653281569425e+16,7.130088371087658e+16,7.696371568776542e+16,8.262654766465429e+16,7.477935718123795e+16,6.693216669782163e+16,5.042140464858107e+16,3.391064259934052e+16,1.9768959888658276e+16,5627277177976032.0,2818056301621068.5,8835425266104.174,1.0872968930154646e+16,2.1737102435043184e+16,4.084258645981027e+16,5.994807048457735e+16,7.419701211359446e+16,8.844595374261158e+16,8.613422226303456e+16,8.382249078345754e+16,6.667568755374237e+16,4.9528884324027224e+16,3.1380693960764824e+16,1.3232503597502436e+16,6616251798751218.0,0.0,0.0,0.0,0.0,0.0,0.0,0.0,0.0,0.0,0.0,0.0,0.0,0.0,0.0,0.0,0.0,0.0,0.0,0.0,0.0,0.0,0.0,0.0,0.0,0.0,0.0,0.0,0.0,0.0,0.0,0.0,0.0,0.0,0.0,0.0,0.0,0.0,0.0,0.0,0.0,0.0,0.0,0.0,0.0,0.0,0.0,0.0,0.0,0.0,0.0,0.0,0.0,0.0,0.0,0.0,0.0,0.0,0.0
32.814411923057,105.375239858857,20.0562836186236,228.0,25.0,138.02878479816593,5.0,5.0,0.8124679393150785,6.322251768497856e+17,0.0,0.0,0.0,0.0,0.0,0.0,0.0,0.0,0.0,0.0,0.0,0.0,0.0,0.0,0.0,0.0,0.0,0.0,0.0,0.0,0.0,0.0,0.0,0.0,0.0,0.0,0.0,0.0,0.0,0.0,0.0,0.0,0.0,0.0,0.0,0.0,0.0,0.0,0.0,0.0,0.0,0.0,0.0,0.0,0.0,0.0,0.0,0.0,0.0,0.0,0.0,0.0,0.0,0.0,0.0,0.0,0.0,0.0,0.0,0.0,0.0,0.0,0.0,0.0,0.0,0.0,0.0,0.0,0.0,0.0,0.0,0.0,0.0,0.0,0.0,0.0,0.0,0.0,0.0,0.0,0.0,0.0,0.0,0.0,0.0,0.0,0.0,0.0,0.0,0.0,0.0,0.0,0.0,0.0,0.0,0.0,0.0,0.0,0.0,0.0,0.0,0.0,0.0,0.0,0.0,0.0,0.0,0.0,0.0,0.0,0.0,0.0,0.0,0.0,0.0,0.0,0.0,0.0,0.0,0.0,0.0,0.0,0.0,2396022689006508.5,4792045378013017.0,1.048162265496958e+16,1.6171199931926142e+16,2.1922651195051284e+16,2.7674102458176424e+16,3.1005457359419524e+16,3.4336812260662616e+16,3.246766283980522e+16,3.059851341894782e+16,2.384963234129235e+16,1.7100751263636882e+16,9985348577223746.0,2869945890810612.0,1434972945405306.0,0.0,0.0,0.0,0.0,0.0,0.0,0.0,0.0,0.0,0.0,0.0,0.0,0.0,1865318186144020.5,3730636372288041.0,1.361433933740861e+16,2.349804230252918e+16,4.211166501448284e+16,6.072528772643652e+16,7.702018915536555e+16,9.33150905842946e+16,9.502516706702917e+16,9.673524354976376e+16,8.228348200128138e+16,6.783172045279899e+16,4.731977472788753e+16,2.6807829002976044e+16,1.3991167606982404e+16,1174506210988761.0,587253105494380.5,0.0,3017535824710363.0,6035071649420726.0,1.5327113305001278e+16,2.4619154960581824e+16,3.1816270301701976e+16,3.901338564282213e+16,3.717273060695532e+16,3.533207557108852e+16,2.641279062637909e+16,1.7493505681669654e+16,9931881110811490.0,2370256539953328.0,1185128269976664.0,0.0,0.0,0.0,0.0,0.0,0.0,0.0,0.0,0.0,0.0,0.0,0.0,0.0,0.0,0.0,0.0,0.0,0.0,0.0,0.0,0.0,0.0,0.0,0.0,0.0,0.0,0.0,0.0,0.0,0.0,0.0,0.0,0.0,0.0,0.0,0.0,0.0,0.0,0.0,0.0,0.0,0.0,0.0,0.0,0.0,0.0,0.0,0.0,0.0,0.0,0.0,0.0,0.0,0.0,0.0,0.0,0.0,0.0
32.845255183903,105.342033630792,21.9678796312896,228.0,20.0,142.5113624188463,5.0,5.0,0.4584059896973008,3.567104545069134e+17,0.0,0.0,0.0,0.0,0.0,0.0,0.0,0.0,0.0,0.0,0.0,0.0,0.0,0.0,0.0,0.0,0.0,0.0,0.0,0.0,0.0,0.0,0.0,0.0,0.0,0.0,0.0,0.0,0.0,0.0,0.0,0.0,0.0,0.0,0.0,0.0,0.0,0.0,0.0,0.0,0.0,0.0,0.0,0.0,0.0,0.0,0.0,0.0,0.0,0.0,0.0,0.0,0.0,0.0,0.0,0.0,0.0,0.0,0.0,0.0,0.0,0.0,0.0,0.0,0.0,0.0,0.0,0.0,0.0,0.0,0.0,0.0,0.0,0.0,0.0,0.0,0.0,0.0,0.0,0.0,0.0,0.0,0.0,0.0,0.0,0.0,0.0,0.0,0.0,0.0,0.0,0.0,0.0,0.0,0.0,0.0,0.0,0.0,0.0,0.0,0.0,0.0,0.0,0.0,0.0,0.0,0.0,0.0,0.0,0.0,0.0,0.0,0.0,0.0,0.0,0.0,0.0,0.0,0.0,0.0,0.0,0.0,0.0,1169333599275383.2,2338667198550766.5,5359389222616590.0,8380111246682412.0,1.0593158091551704e+16,1.2806204936420994e+16,1.3055503166498634e+16,1.330480139657627e+16,1.1593440423081992e+16,9882079449587712.0,7072845854180622.0,4263612258773531.5,2131806129386765.8,0.0,0.0,0.0,0.0,0.0,0.0,0.0,0.0,0.0,0.0,0.0,0.0,0.0,0.0,0.0,812239851416997.5,1624479702833995.0,1.2210831233506346e+16,2.2797182764178696e+16,3.99419368372411e+16,5.708669091030352e+16,6.899534155021042e+16,8.090399219011731e+16,7.791801497207371e+16,7.493203775403011e+16,5.860757851977153e+16,4.2283119285512936e+16,2.5895737078696424e+16,9508354871879906.0,4754177435939953.0,0.0,0.0,0.0,0.0,0.0,2024979016625647.8,4049958033251295.5,5785657414473353.0,7521356795695409.0,6274581254106975.0,5027805712518542.0,2513902856259271.0,0.0,0.0,0.0,0.0,0.0,0.0,0.0,0.0,0.0,0.0,0.0,0.0,0.0,0.0,0.0,0.0,0.0,0.0,0.0,0.0,0.0,0.0,0.0,0.0,0.0,0.0,0.0,0.0,0.0,0.0,0.0,0.0,0.0,0.0,0.0,0.0,0.0,0.0,0.0,0.0,0.0,0.0,0.0,0.0,0.0,0.0,0.0,0.0,0.0,0.0,0.0,0.0,0.0,0.0,0.0,0.0,0.0,0.0,0.0,0.0,0.0,0.0
32.8770945521865,105.307742495441,23.46997760236,228.0,15.0,142.352608282262,5.0,5.0,0.16504507047648556,1.2843048177155915e+17,0.0,0.0,0.0,0.0,0.0,0.0,0.0,0.0,0.0,0.0,0.0,0.0,0.0,0.0,0.0,0.0,0.0,0.0,0.0,0.0,0.0,0.0,0.0,0.0,0.0,0.0,0.0,0.0,0.0,0.0,0.0,0.0,0.0,0.0,0.0,0.0,0.0,0.0,0.0,0.0,0.0,0.0,0.0,0.0,0.0,0.0,0.0,0.0,0.0,0.0,0.0,0.0,0.0,0.0,0.0,0.0,0.0,0.0,0.0,0.0,0.0,0.0,0.0,0.0,0.0,0.0,0.0,0.0,0.0,0.0,0.0,0.0,0.0,0.0,0.0,0.0,0.0,0.0,0.0,0.0,0.0,0.0,0.0,0.0,0.0,0.0,0.0,0.0,0.0,0.0,0.0,0.0,0.0,0.0,0.0,0.0,0.0,0.0,0.0,0.0,0.0,0.0,0.0,0.0,0.0,0.0,0.0,0.0,0.0,0.0,0.0,0.0,0.0,0.0,0.0,0.0,0.0,0.0,0.0,0.0,0.0,0.0,0.0,504508202458307.94,1009016404916615.9,1609337500465436.2,2209658596014256.5,2234256627300362.8,2258854658586469.0,1662451747048747.5,1066048835511025.5,533024417755512.75,0.0,0.0,0.0,0.0,0.0,0.0,0.0,0.0,0.0,0.0,0.0,0.0,0.0,0.0,0.0,0.0,0.0,0.0,0.0,400061170066.589,800122340133.178,5883888948979498.0,1.1766977775618864e+16,2.05430468400758e+16,2.931911590453274e+16,3.376099225758127e+16,3.820286861062981e+16,3.43360223276521e+16,3.046917604467439e+16,2.128223087016943e+16,1.2095285695664472e+16,6063982409367417.0,32679123070362.254,16339561535181.127,0.0,0.0,0.0,0.0,0.0,0.0,0.0,0.0,0.0,0.0,0.0,0.0,0.0,0.0,0.0,0.0,0.0,0.0,0.0,0.0,0.0,0.0,0.0,0.0,0.0,0.0,0.0,0.0,0.0,0.0,0.0,0.0,0.0,0.0,0.0,0.0,0.0,0.0,0.0,0.0,0.0,0.0,0.0,0.0,0.0,0.0,0.0,0.0,0.0,0.0,0.0,0.0,0.0,0.0,0.0,0.0,0.0,0.0,0.0,0.0,0.0,0.0,0.0,0.0,0.0,0.0,0.0,0.0,0.0,0.0,0.0,0.0,0.0,0.0
32.9096877110898,105.27265062139,24.5511456592836,228.0,10.0,90.0,5.0,5.0,0.0,0.0,0.0,0.0,0.0,0.0,0.0,0.0,0.0,0.0,0.0,0.0,0.0,0.0,0.0,0.0,0.0,0.0,0.0,0.0,0.0,0.0,0.0,0.0,0.0,0.0,0.0,0.0,0.0,0.0,0.0,0.0,0.0,0.0,0.0,0.0,0.0,0.0,0.0,0.0,0.0,0.0,0.0,0.0,0.0,0.0,0.0,0.0,0.0,0.0,0.0,0.0,0.0,0.0,0.0,0.0,0.0,0.0,0.0,0.0,0.0,0.0,0.0,0.0,0.0,0.0,0.0,0.0,0.0,0.0,0.0,0.0,0.0,0.0,0.0,0.0,0.0,0.0,0.0,0.0,0.0,0.0,0.0,0.0,0.0,0.0,0.0,0.0,0.0,0.0,0.0,0.0,0.0,0.0,0.0,0.0,0.0,0.0,0.0,0.0,0.0,0.0,0.0,0.0,0.0,0.0,0.0,0.0,0.0,0.0,0.0,0.0,0.0,0.0,0.0,0.0,0.0,0.0,0.0,0.0,0.0,0.0,0.0,0.0,0.0,0.0,0.0,0.0,0.0,0.0,0.0,0.0,0.0,0.0,0.0,0.0,0.0,0.0,0.0,0.0,0.0,0.0,0.0,0.0,0.0,0.0,0.0,0.0,0.0,0.0,0.0,0.0,0.0,0.0,0.0,0.0,0.0,0.0,0.0,0.0,0.0,0.0,0.0,0.0,0.0,0.0,0.0,0.0,0.0,0.0,0.0,0.0,0.0,0.0,0.0,0.0,0.0,0.0,0.0,0.0,0.0,0.0,0.0,0.0,0.0,0.0,0.0,0.0,0.0,0.0,0.0,0.0,0.0,0.0,0.0,0.0,0.0,0.0,0.0,0.0,0.0,0.0,0.0,0.0,0.0,0.0,0.0,0.0,0.0,0.0,0.0,0.0,0.0,0.0,0.0,0.0,0.0,0.0,0.0,0.0,0.0,0.0,0.0,0.0,0.0,0.0,0.0,0.0,0.0,0.0,0.0,0.0,0.0,0.0,0.0,0.0,0.0,0.0,0.0,0.0,0.0,0.0
32.6761399863537,105.451792482012,2.46201938253052,228.0,80.0,134.13661479357847,5.0,5.0,1.0548845242635014,8.208626120937407e+17,0.0,0.0,0.0,0.0,0.0,0.0,0.0,0.0,0.0,0.0,0.0,0.0,0.0,0.0,0.0,0.0,0.0,0.0,0.0,0.0,0.0,0.0,0.0,0.0,0.0,0.0,0.0,0.0,0.0,0.0,0.0,0.0,0.0,0.0,0.0,0.0,0.0,0.0,0.0,0.0,0.0,0.0,0.0,0.0,0.0,0.0,0.0,0.0,0.0,0.0,0.0,0.0,0.0,0.0,0.0,0.0,0.0,0.0,0.0,0.0,0.0,0.0,0.0,0.0,0.0,0.0,0.0,0.0,0.0,0.0,0.0,0.0,0.0,0.0,0.0,0.0,0.0,0.0,0.0,0.0,0.0,0.0,0.0,0.0,0.0,0.0,0.0,0.0,0.0,0.0,0.0,0.0,0.0,0.0,0.0,0.0,0.0,0.0,0.0,0.0,0.0,0.0,0.0,0.0,0.0,0.0,0.0,0.0,0.0,0.0,0.0,0.0,0.0,0.0,0.0,0.0,0.0,0.0,0.0,0.0,0.0,2365561758194246.0,4731123516388492.0,8532758195234427.0,1.2334392874080362e+16,1.7914485435437374e+16,2.3494577996794384e+16,2.9157600399372748e+16,3.4820622801951116e+16,3.729581407812317e+16,3.9771005354295224e+16,3.759755516182438e+16,3.542410496935355e+16,3.004203134329145e+16,2.4659957717229344e+16,1.8329844919986636e+16,1.1999732122743926e+16,7546049995358008.0,3092367867972092.0,1974215380069247.0,856062892166402.6,1688371426127744.8,2520679960089087.0,3971323796422194.5,5421967632755303.0,7784624262390728.0,1.0147280892026154e+16,1.5000971234701998e+16,1.9854661577377844e+16,2.4855686840697332e+16,2.985671210401682e+16,3.2646784283351256e+16,3.5436856462685696e+16,3.430805896060715e+16,3.3179261458528612e+16,2.8351283309517612e+16,2.3523305160506616e+16,1.7908796447562312e+16,1.2294287734618e+16,8954551331994085.0,5614814929370172.0,5066044567201156.0,4517274205032141.0,5766423110246063.0,7015572015459986.0,7840062510662533.0,8664553005865081.0,7736291351338987.0,6808029696812895.0,1.6626149751727724e+16,2.6444269806642556e+16,5.171607218733756e+16,7.698787456803258e+16,9.663082930061294e+16,1.1627378403319331e+17,1.1531969222121362e+17,1.1436560040923394e+17,9.262745760080104e+16,7.088931479236814e+16,4.537593916425951e+16,1.986256353615087e+16,9931281768075436.0,0.0,0.0,0.0,0.0,0.0,0.0,0.0,0.0,0.0,0.0,0.0,0.0,0.0,0.0,0.0,0.0,0.0,0.0,0.0,0.0,0.0,0.0,0.0,0.0,0.0,0.0,0.0,0.0,0.0,0.0,0.0,0.0,0.0,0.0,0.0,0.0,0.0,0.0,0.0,0.0,0.0,0.0,0.0,0.0,0.0,0.0,0.0,0.0,0.0,0.0,0.0,0.0,0.0,0.0,0.0,0.0,0.0,0.0
32.686102498413,105.441086686142,7.18980823265266,228.0,65.0,111.97282929492832,5.0,5.0,1.1305450580900895,8.797381591330355e+17,0.0,0.0,0.0,0.0,0.0,0.0,0.0,0.0,0.0,0.0,0.0,0.0,0.0,0.0,0.0,0.0,0.0,0.0,0.0,0.0,0.0,0.0,0.0,0.0,0.0,0.0,0.0,0.0,0.0,0.0,0.0,0.0,0.0,0.0,0.0,0.0,0.0,0.0,0.0,0.0,0.0,0.0,0.0,0.0,0.0,0.0,0.0,0.0,0.0,0.0,0.0,0.0,0.0,0.0,0.0,0.0,0.0,0.0,0.0,0.0,0.0,0.0,0.0,0.0,0.0,0.0,0.0,0.0,0.0,0.0,0.0,0.0,0.0,0.0,0.0,0.0,0.0,0.0,0.0,0.0,0.0,0.0,0.0,0.0,0.0,0.0,0.0,0.0,0.0,0.0,0.0,0.0,0.0,0.0,0.0,0.0,0.0,0.0,0.0,0.0,0.0,0.0,0.0,0.0,0.0,0.0,0.0,0.0,0.0,0.0,0.0,0.0,0.0,0.0,0.0,0.0,0.0,0.0,0.0,0.0,0.0,309398606906908.25,618797213813816.5,2331491498612715.5,4044185783411615.0,8031233018204071.0,1.2018280252996528e+16,1.900595736358652e+16,2.5993634474176516e+16,3.1574243380916892e+16,3.715485228765727e+16,3.74467143318842e+16,3.773857637611113e+16,3.2277956398086896e+16,2.6817336420062664e+16,1.908565485925406e+16,1.1353973298445454e+16,5927165599471840.0,500357900498227.3,250178950249113.66,0.0,6143686211501.454,12287372423002.908,556763258015978.8,1101239143608954.6,1830027104786260.0,2558815065963566.0,5114846249799198.0,7670877433634831.0,1.2000507269691218e+16,1.6330137105747604e+16,1.9790411746980188e+16,2.3250686388212776e+16,2.313223634818431e+16,2.301378630815585e+16,1.92227479999507e+16,1.5431709691745552e+16,1.082982108743003e+16,6227932483114507.0,3679714290259406.5,1131496097404306.5,973362731489489.4,815229365574672.0,1650505383226486.8,2485781400878301.5,2979673809977341.5,3473566219076381.5,3428640381607203.5,3383714544138025.5,2.485357411919973e+16,4.632343369426142e+16,8.133388227516912e+16,1.163443308560768e+17,1.4132436849665498e+17,1.6630440613723315e+17,1.6312504008719546e+17,1.5994567403715773e+17,1.2962360204604806e+17,9.93015300549384e+16,6.384653089072736e+16,2.839153172651632e+16,1.419576586325816e+16,0.0,0.0,0.0,0.0,0.0,0.0,0.0,0.0,0.0,0.0,0.0,0.0,0.0,0.0,0.0,0.0,0.0,0.0,0.0,0.0,0.0,0.0,0.0,0.0,0.0,0.0,0.0,0.0,0.0,0.0,0.0,0.0,0.0,0.0,0.0,0.0,0.0,0.0,0.0,0.0,0.0,0.0,0.0,0.0,0.0,0.0,0.0,0.0,0.0,0.0,0.0,0.0,0.0,0.0,0.0,0.0,0.0,0.0
32.7039034647942,105.421947342862,11.3706888080417,228.0,50.0,107.37491038894512,5.0,5.0,1.2766033133316537,9.933939746822797e+17,0.0,0.0,0.0,0.0,0.0,0.0,0.0,0.0,0.0,0.0,0.0,0.0,0.0,0.0,0.0,0.0,0.0,0.0,0.0,0.0,0.0,0.0,0.0,0.0,0.0,0.0,0.0,0.0,0.0,0.0,0.0,0.0,0.0,0.0,0.0,0.0,0.0,0.0,0.0,0.0,0.0,0.0,0.0,0.0,0.0,0.0,0.0,0.0,0.0,0.0,0.0,0.0,0.0,0.0,0.0,0.0,0.0,0.0,0.0,0.0,0.0,0.0,0.0,0.0,0.0,0.0,0.0,0.0,0.0,0.0,0.0,0.0,0.0,0.0,0.0,0.0,0.0,0.0,0.0,0.0,0.0,0.0,0.0,0.0,0.0,0.0,0.0,0.0,0.0,0.0,0.0,0.0,0.0,0.0,0.0,0.0,0.0,0.0,0.0,0.0,0.0,0.0,0.0,0.0,0.0,0.0,0.0,0.0,0.0,0.0,0.0,0.0,0.0,0.0,0.0,0.0,0.0,0.0,0.0,0.0,0.0,663201110085305.2,1326402220170610.5,4316579178496754.0,7306756136822897.0,9166493344445716.0,1.1026230552068534e+16,1.5787146563646324e+16,2.0548062575224116e+16,3.0138237576162936e+16,3.972841257710175e+16,4.321939787358605e+16,4.671038317007034e+16,4.080510172754682e+16,3.4899820285023308e+16,2.4408585914043204e+16,1.3917351543063104e+16,6958675771531552.0,0.0,0.0,0.0,897687627474.7515,1795375254949.503,9094695935693.068,16394016616436.639,22682705608947.992,28971394601459.344,66730623956239.055,104489853311018.77,1206595252842838.5,2308700652374658.0,4673824565065629.0,7038948477756600.0,8379460943874504.0,9719973409992406.0,1.0377825855758908e+16,1.1035678301525406e+16,1.1804097994469408e+16,1.2572517687413412e+16,1.3475672927918634e+16,1.4378828168423856e+16,1.4065400801583744e+16,1.3751973434743634e+16,1.1647837966773142e+16,9543702498802650.0,6727148530757689.0,3910594562712727.5,7178223408498947.0,1.0445852254285166e+16,3.902740508110669e+16,6.760895790792822e+16,1.0729591453426749e+17,1.4698287116060675e+17,1.7159560021552854e+17,1.962083292704503e+17,1.878259882723272e+17,1.7944364727420413e+17,1.4252907211686632e+17,1.056144969595285e+17,6.6414164960865624e+16,2.7213832962202764e+16,1.3606916481101382e+16,0.0,0.0,0.0,0.0,0.0,0.0,0.0,0.0,0.0,0.0,0.0,0.0,0.0,0.0,0.0,0.0,0.0,0.0,0.0,0.0,0.0,0.0,0.0,0.0,0.0,0.0,0.0,0.0,0.0,0.0,0.0,0.0,0.0,0.0,0.0,0.0,0.0,0.0,0.0,0.0,0.0,0.0,0.0,0.0,0.0,0.0,0.0,0.0,0.0,0.0,0.0,0.0,0.0,0.0,0.0,0.0,0.0,0.0
32.7274424490267,105.396625773631,14.8927689400555,228.0,40.0,115.38399821328197,5.0,5.0,1.2437590038496167,9.678360438815946e+17,0.0,0.0,0.0,0.0,0.0,0.0,0.0,0.0,0.0,0.0,0.0,0.0,0.0,0.0,0.0,0.0,0.0,0.0,0.0,0.0,0.0,0.0,0.0,0.0,0.0,0.0,0.0,0.0,0.0,0.0,0.0,0.0,0.0,0.0,0.0,0.0,0.0,0.0,0.0,0.0,0.0,0.0,0.0,0.0,0.0,0.0,0.0,0.0,0.0,0.0,0.0,0.0,0.0,0.0,0.0,0.0,0.0,0.0,0.0,0.0,0.0,0.0,0.0,0.0,0.0,0.0,0.0,0.0,0.0,0.0,0.0,0.0,0.0,0.0,0.0,0.0,0.0,0.0,0.0,0.0,0.0,0.0,0.0,0.0,0.0,0.0,0.0,0.0,0.0,0.0,0.0,0.0,0.0,0.0,0.0,0.0,0.0,0.0,0.0,0.0,0.0,0.0,0.0,0.0,0.0,0.0,0.0,0.0,0.0,0.0,0.0,0.0,0.0,0.0,0.0,0.0,0.0,0.0,0.0,0.0,0.0,5830037022928.846,11660074045857.691,4068728991085726.0,8125797908125594.0,1.2298608171058086e+16,1.647141843399058e+16,2.0898540261243316e+16,2.5325662088496056e+16,3.415109726930258e+16,4.2976532450109096e+16,4.669673428501419e+16,5.041693611991928e+16,4.374491328029936e+16,3.707289044067943e+16,2.5349145990948772e+16,1.3625401541218108e+16,6812700770609054.0,0.0,0.0,0.0,0.0,0.0,0.0,0.0,0.0,0.0,0.0,0.0,0.0,0.0,0.0,0.0,2789158579042982.5,5578317158085965.0,1.2923949908664448e+16,2.0269582659242936e+16,2.8808245017943308e+16,3.734690737664368e+16,4.152566924639374e+16,4.57044311161438e+16,4.2401057081960616e+16,3.909768304777743e+16,3.015751181748584e+16,2.1217340587194252e+16,1.2783972622884486e+16,4350604658574722.5,7023126821586536.0,9695648984598348.0,3.4517894712621616e+16,5.934014044064488e+16,9.211164910712341e+16,1.2488315777360194e+17,1.4392029167478374e+17,1.629574255759655e+17,1.536088680020333e+17,1.4426031042810106e+17,1.1241464153335197e+17,8.056897263860286e+16,4.955409750921812e+16,1.8539222379833364e+16,9269611189916682.0,0.0,0.0,0.0,0.0,0.0,0.0,0.0,0.0,0.0,0.0,0.0,0.0,0.0,0.0,0.0,0.0,0.0,0.0,0.0,0.0,0.0,0.0,0.0,0.0,0.0,0.0,0.0,0.0,0.0,0.0,0.0,0.0,0.0,0.0,0.0,0.0,0.0,0.0,0.0,0.0,0.0,0.0,0.0,0.0,0.0,0.0,0.0,0.0,0.0,0.0,0.0,0.0,0.0,0.0,0.0,0.0,0.0,0.0
32.7547113249131,105.367279095823,17.7497379642719,228.0,30.0,126.03301182628637,5.0,5.0,1.0538855127992117,8.200852273267578e+17,0.0,0.0,0.0,0.0,0.0,0.0,0.0,0.0,0.0,0.0,0.0,0.0,0.0,0.0,0.0,0.0,0.0,0.0,0.0,0.0,0.0,0.0,0.0,0.0,0.0,0.0,0.0,0.0,0.0,0.0,0.0,0.0,0.0,0.0,0.0,0.0,0.0,0.0,0.0,0.0,0.0,0.0,0.0,0.0,0.0,0.0,0.0,0.0,0.0,0.0,0.0,0.0,0.0,0.0,0.0,0.0,0.0,0.0,0.0,0.0,0.0,0.0,0.0,0.0,0.0,0.0,0.0,0.0,0.0,0.0,0.0,0.0,0.0,0.0,0.0,0.0,0.0,0.0,0.0,0.0,0.0,0.0,0.0,0.0,0.0,0.0,0.0,0.0,0.0,0.0,0.0,0.0,0.0,0.0,0.0,0.0,0.0,0.0,0.0,0.0,0.0,0.0,0.0,0.0,0.0,0.0,0.0,0.0,0.0,0.0,0.0,0.0,0.0,0.0,0.0,0.0,0.0,0.0,0.0,0.0,0.0,0.0,0.0,2910760110026946.5,5821520220053893.0,1.0885505917082404e+16,1.5949491614110918e+16,2.1388096729602416e+16,2.6826701845093908e+16,3.3174431573076012e+16,3.952216130105811e+16,4.088613857601987e+16,4.2250115850981624e+16,3.5198475081387424e+16,2.814683431179322e+16,1.812599303449809e+16,8105151757202957.0,4052575878601478.5,0.0,0.0,0.0,0.0,0.0,0.0,0.0,0.0,0.0,0.0,0.0,0.0,0.0,1072360911132414.2,2144721822264828.5,8831691172368231.0,1.5518660522471632e+16,2.9141559169718908e+16,4.276445781696618e+16,5.579687382190893e+16,6.882928982685169e+16,7.182592599322781e+16,7.482256215960392e+16,6.537790991990974e+16,5.593325768021556e+16,3.987863198639816e+16,2.3824006292580756e+16,1.2581845439991874e+16,1339684587402996.5,2761174158728727.0,4182663730054457.5,2.038213112371206e+16,3.658159851736967e+16,5.864005668015523e+16,8.06985148429408e+16,9.283748796500402e+16,1.0497646108706722e+17,9.708492668748792e+16,8.91933922879086e+16,6.727807479098364e+16,4.536275729405868e+16,2.63269896263824e+16,7291221958706121.0,3645610979353060.5,0.0,0.0,0.0,0.0,0.0,0.0,0.0,0.0,0.0,0.0,0.0,0.0,0.0,0.0,0.0,0.0,0.0,0.0,0.0,0.0,0.0,0.0,0.0,0.0,0.0,0.0,0.0,0.0,0.0,0.0,0.0,0.0,0.0,0.0,0.0,0.0,0.0,0.0,0.0,0.0,0.0,0.0,0.0,0.0,0.0,0.0,0.0,0.0,0.0,0.0,0.0,0.0,0.0,0.0,0.0,0.0,0.0,0.0
32.784323742483,105.335397649645,20.0562836186236,228.0,25.0,134.87439863708136,5.0,5.0,0.754141554755266,5.868382673990292e+17,0.0,0.0,0.0,0.0,0.0,0.0,0.0,0.0,0.0,0.0,0.0,0.0,0.0,0.0,0.0,0.0,0.0,0.0,0.0,0.0,0.0,0.0,0.0,0.0,0.0,0.0,0.0,0.0,0.0,0.0,0.0,0.0,0.0,0.0,0.0,0.0,0.0,0.0,0.0,0.0,0.0,0.0,0.0,0.0,0.0,0.0,0.0,0.0,0.0,0.0,0.0,0.0,0.0,0.0,0.0,0.0,0.0,0.0,0.0,0.0,0.0,0.0,0.0,0.0,0.0,0.0,0.0,0.0,0.0,0.0,0.0,0.0,0.0,0.0,0.0,0.0,0.0,0.0,0.0,0.0,0.0,0.0,0.0,0.0,0.0,0.0,0.0,0.0,0.0,0.0,0.0,0.0,0.0,0.0,0.0,0.0,0.0,0.0,0.0,0.0,0.0,0.0,0.0,0.0,0.0,0.0,0.0,0.0,0.0,0.0,0.0,0.0,0.0,0.0,0.0,0.0,0.0,0.0,0.0,0.0,0.0,0.0,0.0,1883372240362394.0,3766744480724788.0,7791758480505707.0,1.1816772480286626e+16,1.576477784884902e+16,1.971278321741142e+16,2.29535140411823e+16,2.6194244864953188e+16,2.57253468785167e+16,2.525644889208022e+16,1.981402699240639e+16,1.4371605092732564e+16,8269827049920954.0,2168049007109343.8,1084024503554671.9,0.0,0.0,0.0,0.0,0.0,0.0,0.0,0.0,0.0,0.0,0.0,0.0,0.0,2012189221826382.5,4024378443652765.0,1.4588582634577238e+16,2.515278682550171e+16,4.283271728106255e+16,6.05126477366234e+16,7.364426678582875e+16,8.677588583503413e+16,8.495776950125856e+16,8.313965316748302e+16,6.734287461416096e+16,5.15460960608389e+16,3.334081561880008e+16,1.5135535176761256e+16,7567767588380628.0,0.0,288211431266.6544,576422862533.3088,7450689289671918.0,1.4900802156481302e+16,2.6389807398723984e+16,3.7878812640966664e+16,4.3719022910815064e+16,4.955923318066346e+16,4.424912620025116e+16,3.893901921983886e+16,2.7455724098087468e+16,1.5972428976336064e+16,7993096248511566.0,13763520687066.305,6881760343533.152,0.0,0.0,0.0,0.0,0.0,0.0,0.0,0.0,0.0,0.0,0.0,0.0,0.0,0.0,0.0,0.0,0.0,0.0,0.0,0.0,0.0,0.0,0.0,0.0,0.0,0.0,0.0,0.0,0.0,0.0,0.0,0.0,0.0,0.0,0.0,0.0,0.0,0.0,0.0,0.0,0.0,0.0,0.0,0.0,0.0,0.0,0.0,0.0,0.0,0.0,0.0,0.0,0.0,0.0,0.0,0.0,0.0,0.0
32.815167003329,105.302177763053,21.9678796312896,228.0,20.0,141.171817174117,5.0,5.0,0.3999767959165231,3.112435436496261e+17,0.0,0.0,0.0,0.0,0.0,0.0,0.0,0.0,0.0,0.0,0.0,0.0,0.0,0.0,0.0,0.0,0.0,0.0,0.0,0.0,0.0,0.0,0.0,0.0,0.0,0.0,0.0,0.0,0.0,0.0,0.0,0.0,0.0,0.0,0.0,0.0,0.0,0.0,0.0,0.0,0.0,0.0,0.0,0.0,0.0,0.0,0.0,0.0,0.0,0.0,0.0,0.0,0.0,0.0,0.0,0.0,0.0,0.0,0.0,0.0,0.0,0.0,0.0,0.0,0.0,0.0,0.0,0.0,0.0,0.0,0.0,0.0,0.0,0.0,0.0,0.0,0.0,0.0,0.0,0.0,0.0,0.0,0.0,0.0,0.0,0.0,0.0,0.0,0.0,0.0,0.0,0.0,0.0,0.0,0.0,0.0,0.0,0.0,0.0,0.0,0.0,0.0,0.0,0.0,0.0,0.0,0.0,0.0,0.0,0.0,0.0,0.0,0.0,0.0,0.0,0.0,0.0,0.0,0.0,0.0,0.0,0.0,0.0,402953600978386.2,805907201956772.4,2609235339444308.0,4412563476931843.0,6002073309014733.0,7591583141097625.0,8124860451776953.0,8658137762456283.0,7937379612742193.0,7216621463028103.0,5149420761168904.0,3082220059309706.0,1541110029654853.0,0.0,0.0,0.0,0.0,0.0,0.0,0.0,0.0,0.0,0.0,0.0,0.0,0.0,0.0,0.0,1320087975638579.2,2640175951277158.5,1.3779276651332414e+16,2.4918377351387668e+16,4.0709454089972904e+16,5.6500530828558136e+16,6.467217588697941e+16,7.284382094540069e+16,6.661571650880837e+16,6.038761207221605e+16,4.428669547009128e+16,2.8185778867966516e+16,1.531506837733355e+16,2444357886700582.0,1222178943350291.0,0.0,0.0,0.0,1567701442561076.8,3135402885122153.5,6210815586953890.0,9286228288785626.0,1.0632290152382408e+16,1.1978352015979194e+16,9562663611414426.0,7146975206849655.0,3577936725726002.0,8898244602347.82,4449122301173.91,0.0,0.0,0.0,0.0,0.0,0.0,0.0,0.0,0.0,0.0,0.0,0.0,0.0,0.0,0.0,0.0,0.0,0.0,0.0,0.0,0.0,0.0,0.0,0.0,0.0,0.0,0.0,0.0,0.0,0.0,0.0,0.0,0.0,0.0,0.0,0.0,0.0,0.0,0.0,0.0,0.0,0.0,0.0,0.0,0.0,0.0,0.0,0.0,0.0,0.0,0.0,0.0,0.0,0.0,0.0,0.0,0.0,0.0,0.0,0.0
32.8470063716125,105.267872444516,23.46997760236,228.0,15.0,145.03649191227208,5.0,5.0,0.13813658456452663,1.0749153582522466e+17,0.0,0.0,0.0,0.0,0.0,0.0,0.0,0.0,0.0,0.0,0.0,0.0,0.0,0.0,0.0,0.0,0.0,0.0,0.0,0.0,0.0,0.0,0.0,0.0,0.0,0.0,0.0,0.0,0.0,0.0,0.0,0.0,0.0,0.0,0.0,0.0,0.0,0.0,0.0,0.0,0.0,0.0,0.0,0.0,0.0,0.0,0.0,0.0,0.0,0.0,0.0,0.0,0.0,0.0,0.0,0.0,0.0,0.0,0.0,0.0,0.0,0.0,0.0,0.0,0.0,0.0,0.0,0.0,0.0,0.0,0.0,0.0,0.0,0.0,0.0,0.0,0.0,0.0,0.0,0.0,0.0,0.0,0.0,0.0,0.0,0.0,0.0,0.0,0.0,0.0,0.0,0.0,0.0,0.0,0.0,0.0,0.0,0.0,0.0,0.0,0.0,0.0,0.0,0.0,0.0,0.0,0.0,0.0,0.0,0.0,0.0,0.0,0.0,0.0,0.0,0.0,0.0,0.0,0.0,0.0,0.0,0.0,0.0,3791815216733.904,7583630433467.808,237668642693291.6,467753654953115.44,435821015834089.9,403888376715064.44,203452883125339.16,3017389535613.8193,1508694767806.9097,0.0,0.0,0.0,0.0,0.0,0.0,0.0,0.0,0.0,0.0,0.0,0.0,0.0,0.0,0.0,0.0,0.0,0.0,0.0,103544008747834.14,207088017495668.28,7015363183086879.0,1.3823638348678086e+16,2.1731458738077932e+16,2.963927912747778e+16,3.190487639739415e+16,3.417047366731052e+16,2.8617319160173516e+16,2.306416465303652e+16,1.4376523023848118e+16,5688881394659716.0,2844440697329858.0,0.0,0.0,0.0,0.0,0.0,4357433272077.5303,8714866544155.061,7883782464554.853,7052698384954.643,3526349192477.3213,0.0,0.0,0.0,0.0,0.0,0.0,0.0,0.0,0.0,0.0,0.0,0.0,0.0,0.0,0.0,0.0,0.0,0.0,0.0,0.0,0.0,0.0,0.0,0.0,0.0,0.0,0.0,0.0,0.0,0.0,0.0,0.0,0.0,0.0,0.0,0.0,0.0,0.0,0.0,0.0,0.0,0.0,0.0,0.0,0.0,0.0,0.0,0.0,0.0,0.0,0.0,0.0,0.0,0.0,0.0,0.0,0.0,0.0,0.0,0.0,0.0,0.0,0.0,0.0,0.0,0.0
32.8795995305158,105.232769703325,24.5511456592836,228.0,10.0,90.0,5.0,5.0,0.0,0.0,0.0,0.0,0.0,0.0,0.0,0.0,0.0,0.0,0.0,0.0,0.0,0.0,0.0,0.0,0.0,0.0,0.0,0.0,0.0,0.0,0.0,0.0,0.0,0.0,0.0,0.0,0.0,0.0,0.0,0.0,0.0,0.0,0.0,0.0,0.0,0.0,0.0,0.0,0.0,0.0,0.0,0.0,0.0,0.0,0.0,0.0,0.0,0.0,0.0,0.0,0.0,0.0,0.0,0.0,0.0,0.0,0.0,0.0,0.0,0.0,0.0,0.0,0.0,0.0,0.0,0.0,0.0,0.0,0.0,0.0,0.0,0.0,0.0,0.0,0.0,0.0,0.0,0.0,0.0,0.0,0.0,0.0,0.0,0.0,0.0,0.0,0.0,0.0,0.0,0.0,0.0,0.0,0.0,0.0,0.0,0.0,0.0,0.0,0.0,0.0,0.0,0.0,0.0,0.0,0.0,0.0,0.0,0.0,0.0,0.0,0.0,0.0,0.0,0.0,0.0,0.0,0.0,0.0,0.0,0.0,0.0,0.0,0.0,0.0,0.0,0.0,0.0,0.0,0.0,0.0,0.0,0.0,0.0,0.0,0.0,0.0,0.0,0.0,0.0,0.0,0.0,0.0,0.0,0.0,0.0,0.0,0.0,0.0,0.0,0.0,0.0,0.0,0.0,0.0,0.0,0.0,0.0,0.0,0.0,0.0,0.0,0.0,0.0,0.0,0.0,0.0,0.0,0.0,0.0,0.0,0.0,0.0,0.0,0.0,0.0,0.0,0.0,0.0,0.0,0.0,0.0,0.0,0.0,0.0,0.0,0.0,0.0,0.0,0.0,0.0,0.0,0.0,0.0,0.0,0.0,0.0,0.0,0.0,0.0,0.0,0.0,0.0,0.0,0.0,0.0,0.0,0.0,0.0,0.0,0.0,0.0,0.0,0.0,0.0,0.0,0.0,0.0,0.0,0.0,0.0,0.0,0.0,0.0,0.0,0.0,0.0,0.0,0.0,0.0,0.0,0.0,0.0,0.0,0.0,0.0,0.0,0.0,0.0,0.0,0.0
32.6460518057797,105.411992992177,2.46201938253052,228.0,80.0,138.52462894710692,5.0,5.0,1.1322505390192787,8.810652859400078e+17,0.0,0.0,0.0,0.0,0.0,0.0,0.0,0.0,0.0,0.0,0.0,0.0,0.0,0.0,0.0,0.0,0.0,0.0,0.0,0.0,0.0,0.0,0.0,0.0,0.0,0.0,0.0,0.0,0.0,0.0,0.0,0.0,0.0,0.0,0.0,0.0,0.0,0.0,0.0,0.0,0.0,0.0,0.0,0.0,0.0,0.0,0.0,0.0,0.0,0.0,0.0,0.0,0.0,0.0,0.0,0.0,0.0,0.0,0.0,0.0,0.0,0.0,0.0,0.0,0.0,0.0,0.0,0.0,0.0,0.0,0.0,0.0,0.0,0.0,0.0,0.0,0.0,0.0,0.0,0.0,0.0,0.0,0.0,0.0,0.0,0.0,0.0,0.0,0.0,0.0,0.0,0.0,0.0,0.0,0.0,0.0,0.0,0.0,0.0,0.0,0.0,0.0,0.0,0.0,0.0,0.0,0.0,0.0,0.0,0.0,0.0,0.0,0.0,0.0,0.0,0.0,0.0,0.0,0.0,1429047627684783.0,2858095255369566.0,5395138143254443.0,7932181031139320.0,1.2030836685446686e+16,1.6129492339754052e+16,2.092385217820334e+16,2.571821201665263e+16,2.9893109851013664e+16,3.4068007685374692e+16,3.515180443439671e+16,3.623560118341873e+16,3.366109836117646e+16,3.108659553893419e+16,2.5888859707164264e+16,2.0691123875394332e+16,1.5276924719185136e+16,9862725562975938.0,6464951524389870.0,3067177485803803.5,2466685630310932.0,1866193774818060.2,2877079662372074.0,3887965549926088.0,6161744624947806.0,8435523699969525.0,1.1741859352512836e+16,1.5048195005056144e+16,1.948555245939044e+16,2.3922909913724736e+16,2.9234004173821424e+16,3.454509843391811e+16,3.787869454957674e+16,4.121229066523538e+16,4.083550875084183e+16,4.045872683644829e+16,3.643650810220937e+16,3.2414289367970456e+16,2.7293266653370164e+16,2.2172243938769864e+16,1.8976644410820708e+16,1.5781044882871556e+16,1.4921413860668978e+16,1.40617828384664e+16,1.418396427925718e+16,1.4306145720047958e+16,1.3606216662239002e+16,1.2906287604430046e+16,1.2023340778795522e+16,1.1140393953160996e+16,2.8646098866064588e+16,4.615180377896818e+16,7.151661670121663e+16,9.688142962346509e+16,1.0895165848369915e+17,1.2102188734393318e+17,1.0890005546849992e+17,9.677822359306666e+16,6.860093051700518e+16,4.042363744094371e+16,2.0211818720471856e+16,0.0,0.0,0.0,0.0,0.0,0.0,0.0,0.0,0.0,0.0,0.0,0.0,0.0,0.0,0.0,0.0,0.0,0.0,0.0,0.0,0.0,0.0,0.0,0.0,0.0,0.0,0.0,0.0,0.0,0.0,0.0,0.0,0.0,0.0,0.0,0.0,0.0,0.0,0.0,0.0,0.0,0.0,0.0,0.0,0.0,0.0,0.0,0.0,0.0,0.0,0.0,0.0,0.0,0.0,0.0,0.0,0.0,0.0,0.0,0.0
32.656014317839,105.401284304912,7.18980823265266,228.0,65.0,116.02930834393825,5.0,5.0,1.1432531703167115,8.896270274946303e+17,0.0,0.0,0.0,0.0,0.0,0.0,0.0,0.0,0.0,0.0,0.0,0.0,0.0,0.0,0.0,0.0,0.0,0.0,0.0,0.0,0.0,0.0,0.0,0.0,0.0,0.0,0.0,0.0,0.0,0.0,0.0,0.0,0.0,0.0,0.0,0.0,0.0,0.0,0.0,0.0,0.0,0.0,0.0,0.0,0.0,0.0,0.0,0.0,0.0,0.0,0.0,0.0,0.0,0.0,0.0,0.0,0.0,0.0,0.0,0.0,0.0,0.0,0.0,0.0,0.0,0.0,0.0,0.0,0.0,0.0,0.0,0.0,0.0,0.0,0.0,0.0,0.0,0.0,0.0,0.0,0.0,0.0,0.0,0.0,0.0,0.0,0.0,0.0,0.0,0.0,0.0,0.0,0.0,0.0,0.0,0.0,0.0,0.0,0.0,0.0,0.0,0.0,0.0,0.0,0.0,0.0,0.0,0.0,0.0,0.0,0.0,0.0,0.0,0.0,0.0,0.0,0.0,0.0,0.0,8606238114327.096,17212476228654.191,1191990243880647.2,2366768011532640.0,4114130473165454.0,5861492934798267.0,9080464659612466.0,1.2299436384426666e+16,1.7796472004216004e+16,2.3293507624005344e+16,2.7407882996097508e+16,3.152225836818967e+16,3.1332734201247236e+16,3.114321003430479e+16,2.635112348211894e+16,2.155903692993309e+16,1.511935684974429e+16,8679676769555492.0,4365306227657906.5,50935685760320.836,25973186697156.145,1010687633991.4575,839694024796082.0,1678377361958172.5,3722196638475433.0,5766015914992693.0,7330238714357684.0,8894461513722675.0,1.063111548071187e+16,1.2367769447701064e+16,1.6094739426591598e+16,1.9821709405482132e+16,2.360548269747447e+16,2.7389255989466804e+16,2.8317025420373108e+16,2.9244794851279416e+16,2.653457352332099e+16,2.3824352195362576e+16,2.0143209197292852e+16,1.646206619922313e+16,1.4002783444603924e+16,1.154350068998472e+16,1.0624013201112928e+16,9704525712241136.0,9415728933622402.0,9126932155003670.0,8028480875182613.0,6930029595361554.0,1.003879644059737e+16,1.3147563285833184e+16,4.037806109331113e+16,6.760855890078907e+16,1.0112640826578534e+17,1.3464425763078166e+17,1.496989433709329e+17,1.6475362911108416e+17,1.4859834449378925e+17,1.3244305987649435e+17,9.496234081399683e+16,5.7481621751499336e+16,2.8740810875749668e+16,0.0,0.0,0.0,0.0,0.0,0.0,0.0,0.0,0.0,0.0,0.0,0.0,0.0,0.0,0.0,0.0,0.0,0.0,0.0,0.0,0.0,0.0,0.0,0.0,0.0,0.0,0.0,0.0,0.0,0.0,0.0,0.0,0.0,0.0,0.0,0.0,0.0,0.0,0.0,0.0,0.0,0.0,0.0,0.0,0.0,0.0,0.0,0.0,0.0,0.0,0.0,0.0,0.0,0.0,0.0,0.0,0.0,0.0,0.0,0.0
32.6738152842202,105.382138718066,11.3706888080417,228.0,50.0,111.13426339700983,5.0,5.0,1.2183214078411924,9.480416767972552e+17,0.0,0.0,0.0,0.0,0.0,0.0,0.0,0.0,0.0,0.0,0.0,0.0,0.0,0.0,0.0,0.0,0.0,0.0,0.0,0.0,0.0,0.0,0.0,0.0,0.0,0.0,0.0,0.0,0.0,0.0,0.0,0.0,0.0,0.0,0.0,0.0,0.0,0.0,0.0,0.0,0.0,0.0,0.0,0.0,0.0,0.0,0.0,0.0,0.0,0.0,0.0,0.0,0.0,0.0,0.0,0.0,0.0,0.0,0.0,0.0,0.0,0.0,0.0,0.0,0.0,0.0,0.0,0.0,0.0,0.0,0.0,0.0,0.0,0.0,0.0,0.0,0.0,0.0,0.0,0.0,0.0,0.0,0.0,0.0,0.0,0.0,0.0,0.0,0.0,0.0,0.0,0.0,0.0,0.0,0.0,0.0,0.0,0.0,0.0,0.0,0.0,0.0,0.0,0.0,0.0,0.0,0.0,0.0,0.0,0.0,0.0,0.0,0.0,0.0,0.0,0.0,0.0,0.0,0.0,345257759663406.0,690515519326812.0,2144555630278172.2,3598595741229532.0,5104235166288905.0,6609874591348278.0,6602965876322841.0,6596057161297404.0,1.1517676327070264e+16,1.6439295492843124e+16,2.483660777925979e+16,3.323392006567646e+16,3.614502699467633e+16,3.905613392367621e+16,3.407239848535467e+16,2.908866304703314e+16,2.0182304062878404e+16,1.1275945078723668e+16,5787552682713088.0,299160286702507.06,487123349912488.25,675086413122469.4,709450532150143.1,743814651177816.9,1027283044489562.4,1310751437801308.2,1318969526676232.5,1327187615551156.8,1131183365073124.0,935179114595090.9,2612405776235143.5,4289632437875196.0,7350325134079498.0,1.04110178302838e+16,1.3258487368085616e+16,1.6105956905887432e+16,1.8065448924736852e+16,2.0024940943586276e+16,2.1470208964489924e+16,2.2915476985393572e+16,2.310781995127864e+16,2.3300162917163704e+16,2.1722033168140876e+16,2.0143903419118052e+16,1.683450110723548e+16,1.3525098795352906e+16,9477390839462032.0,5429682883571156.0,1.2774502355517486e+16,2.0119321827463816e+16,5.311802913618162e+16,8.611673644489942e+16,1.2307752561296414e+17,1.6003831478102886e+17,1.7417859260353968e+17,1.8831887042605053e+17,1.6688225613479978e+17,1.4544564184354902e+17,1.0271119002973776e+17,5.997673821592655e+16,2.9988369107963276e+16,0.0,0.0,0.0,0.0,0.0,0.0,0.0,0.0,0.0,0.0,0.0,0.0,0.0,0.0,0.0,0.0,0.0,0.0,0.0,0.0,0.0,0.0,0.0,0.0,0.0,0.0,0.0,0.0,0.0,0.0,0.0,0.0,0.0,0.0,0.0,0.0,0.0,0.0,0.0,0.0,0.0,0.0,0.0,0.0,0.0,0.0,0.0,0.0,0.0,0.0,0.0,0.0,0.0,0.0,0.0,0.0,0.0,0.0,0.0,0.0
32.6973542684527,105.356807844667,14.8927689400555,228.0,40.0,118.19984597029864,5.0,5.0,1.14555612968264,8.914190845370651e+17,0.0,0.0,0.0,0.0,0.0,0.0,0.0,0.0,0.0,0.0,0.0,0.0,0.0,0.0,0.0,0.0,0.0,0.0,0.0,0.0,0.0,0.0,0.0,0.0,0.0,0.0,0.0,0.0,0.0,0.0,0.0,0.0,0.0,0.0,0.0,0.0,0.0,0.0,0.0,0.0,0.0,0.0,0.0,0.0,0.0,0.0,0.0,0.0,0.0,0.0,0.0,0.0,0.0,0.0,0.0,0.0,0.0,0.0,0.0,0.0,0.0,0.0,0.0,0.0,0.0,0.0,0.0,0.0,0.0,0.0,0.0,0.0,0.0,0.0,0.0,0.0,0.0,0.0,0.0,0.0,0.0,0.0,0.0,0.0,0.0,0.0,0.0,0.0,0.0,0.0,0.0,0.0,0.0,0.0,0.0,0.0,0.0,0.0,0.0,0.0,0.0,0.0,0.0,0.0,0.0,0.0,0.0,0.0,0.0,0.0,0.0,0.0,0.0,0.0,0.0,0.0,0.0,0.0,0.0,0.0,0.0,7389872389002.864,14779744778005.729,2091814106923972.2,4168848469069939.0,6154225452545407.0,8139602436020873.0,1.2297855206212256e+16,1.6456107976403638e+16,2.5538704879986828e+16,3.4621301783570012e+16,3.843208760811149e+16,4.224287343265295e+16,3.6700061602394584e+16,3.115724977213621e+16,2.1261430522307176e+16,1.1365611272478148e+16,5682805636239074.0,0.0,0.0,0.0,0.0,0.0,0.0,0.0,0.0,0.0,0.0,0.0,0.0,0.0,504524153594314.56,1009048307188629.1,5843032834760444.0,1.0677017362332258e+16,1.9092684805686668e+16,2.750835224904107e+16,3.5592013522154988e+16,4.367567479526891e+16,4.632268057001039e+16,4.896968634475187e+16,4.427853773670394e+16,3.958738912865599e+16,2.9804074427050324e+16,2.002075972544465e+16,1.1847547877467578e+16,3674336029490509.5,1.0800391003317974e+16,1.7926445977145438e+16,4.570392337239124e+16,7.348140076763704e+16,1.0423318533309069e+17,1.3498496989854434e+17,1.457715325493946e+17,1.5655809520024493e+17,1.3729697585811291e+17,1.1803585651598093e+17,8.258976693210482e+16,4.714367734822869e+16,2.3571838674114344e+16,0.0,0.0,0.0,0.0,0.0,0.0,0.0,0.0,0.0,0.0,0.0,0.0,0.0,0.0,0.0,0.0,0.0,0.0,0.0,0.0,0.0,0.0,0.0,0.0,0.0,0.0,0.0,0.0,0.0,0.0,0.0,0.0,0.0,0.0,0.0,0.0,0.0,0.0,0.0,0.0,0.0,0.0,0.0,0.0,0.0,0.0,0.0,0.0,0.0,0.0,0.0,0.0,0.0,0.0,0.0,0.0,0.0,0.0,0.0,0.0
32.7246231443391,105.327449719275,17.7497379642719,228.0,30.0,128.48346496768377,5.0,5.0,0.9496956062149988,7.390094347586262e+17,0.0,0.0,0.0,0.0,0.0,0.0,0.0,0.0,0.0,0.0,0.0,0.0,0.0,0.0,0.0,0.0,0.0,0.0,0.0,0.0,0.0,0.0,0.0,0.0,0.0,0.0,0.0,0.0,0.0,0.0,0.0,0.0,0.0,0.0,0.0,0.0,0.0,0.0,0.0,0.0,0.0,0.0,0.0,0.0,0.0,0.0,0.0,0.0,0.0,0.0,0.0,0.0,0.0,0.0,0.0,0.0,0.0,0.0,0.0,0.0,0.0,0.0,0.0,0.0,0.0,0.0,0.0,0.0,0.0,0.0,0.0,0.0,0.0,0.0,0.0,0.0,0.0,0.0,0.0,0.0,0.0,0.0,0.0,0.0,0.0,0.0,0.0,0.0,0.0,0.0,0.0,0.0,0.0,0.0,0.0,0.0,0.0,0.0,0.0,0.0,0.0,0.0,0.0,0.0,0.0,0.0,0.0,0.0,0.0,0.0,0.0,0.0,0.0,0.0,0.0,0.0,0.0,0.0,0.0,0.0,0.0,0.0,0.0,1647578102550448.8,3295156205100897.5,5958056390459711.0,8620956575818524.0,1.2080806282304942e+16,1.5540655988791362e+16,2.2170344132065092e+16,2.8800032275338824e+16,3.1443165063754252e+16,3.4086297852169692e+16,2.8697952570789736e+16,2.3309607289409784e+16,1.5275052422143636e+16,7240497554877489.0,3620248777438744.5,0.0,0.0,0.0,0.0,0.0,0.0,0.0,0.0,0.0,0.0,0.0,0.0,0.0,894835596894703.8,1789671193789407.5,9321306826057584.0,1.6852942458325764e+16,3.1546093565854868e+16,4.623924467338397e+16,5.818279620536907e+16,7.012634773735417e+16,7.100183938770433e+16,7.187733103805447e+16,6.113843974484336e+16,5.039954845163226e+16,3.4742243723226124e+16,1.9084938994819984e+16,9542469497409992.0,0.0,3790669312592354.5,7581338625184709.0,2.5611446554884228e+16,4.3641554484583736e+16,6.523225972197761e+16,8.682296495937147e+16,9.42363577456085e+16,1.0164975053184549e+17,8.806944475389963e+16,7.448913897595378e+16,5.102529893438711e+16,2.756145889282044e+16,1.378072944641022e+16,0.0,0.0,0.0,0.0,0.0,0.0,0.0,0.0,0.0,0.0,0.0,0.0,0.0,0.0,0.0,0.0,0.0,0.0,0.0,0.0,0.0,0.0,0.0,0.0,0.0,0.0,0.0,0.0,0.0,0.0,0.0,0.0,0.0,0.0,0.0,0.0,0.0,0.0,0.0,0.0,0.0,0.0,0.0,0.0,0.0,0.0,0.0,0.0,0.0,0.0,0.0,0.0,0.0,0.0,0.0,0.0,0.0,0.0,0.0,0.0
32.754235561909,105.295555440434,20.0562836186236,228.0,25.0,135.97705957839577,5.0,5.0,0.6664097486579897,5.1856941155720934e+17,0.0,0.0,0.0,0.0,0.0,0.0,0.0,0.0,0.0,0.0,0.0,0.0,0.0,0.0,0.0,0.0,0.0,0.0,0.0,0.0,0.0,0.0,0.0,0.0,0.0,0.0,0.0,0.0,0.0,0.0,0.0,0.0,0.0,0.0,0.0,0.0,0.0,0.0,0.0,0.0,0.0,0.0,0.0,0.0,0.0,0.0,0.0,0.0,0.0,0.0,0.0,0.0,0.0,0.0,0.0,0.0,0.0,0.0,0.0,0.0,0.0,0.0,0.0,0.0,0.0,0.0,0.0,0.0,0.0,0.0,0.0,0.0,0.0,0.0,0.0,0.0,0.0,0.0,0.0,0.0,0.0,0.0,0.0,0.0,0.0,0.0,0.0,0.0,0.0,0.0,0.0,0.0,0.0,0.0,0.0,0.0,0.0,0.0,0.0,0.0,0.0,0.0,0.0,0.0,0.0,0.0,0.0,0.0,0.0,0.0,0.0,0.0,0.0,0.0,0.0,0.0,0.0,0.0,0.0,0.0,0.0,0.0,0.0,850526431500990.2,1701052863001980.5,3752117865638897.0,5803182868275815.0,7815921382293363.0,9828659896310910.0,1.3209062652644184e+16,1.6589465408977458e+16,1.7499563313582724e+16,1.840966121818799e+16,1.474488175264667e+16,1.1080102287105346e+16,6307470523669683.0,1534838760234019.8,767419380117009.9,0.0,0.0,0.0,0.0,0.0,0.0,0.0,0.0,0.0,0.0,0.0,0.0,0.0,1401485634486231.8,2802971268972463.5,1.365437374622726e+16,2.4505776223482052e+16,4.1873557223130536e+16,5.9241338222779016e+16,7.024349735619767e+16,8.124565648961635e+16,7.735449722269411e+16,7.346333795577187e+16,5.76368600975702e+16,4.181038223936851e+16,2.578965501996241e+16,9768927800556308.0,4884463900278154.0,0.0,699547129490871.6,1399094258981743.2,1.0985342668297102e+16,2.057159107761246e+16,3.2211600142074596e+16,4.385160920653674e+16,4.730498926579436e+16,5.0758369325052e+16,4.244329772557965e+16,3.412822612610729e+16,2.2101697093193136e+16,1.0075168060278988e+16,5037584030139494.0,0.0,0.0,0.0,0.0,0.0,0.0,0.0,0.0,0.0,0.0,0.0,0.0,0.0,0.0,0.0,0.0,0.0,0.0,0.0,0.0,0.0,0.0,0.0,0.0,0.0,0.0,0.0,0.0,0.0,0.0,0.0,0.0,0.0,0.0,0.0,0.0,0.0,0.0,0.0,0.0,0.0,0.0,0.0,0.0,0.0,0.0,0.0,0.0,0.0,0.0,0.0,0.0,0.0,0.0,0.0,0.0,0.0,0.0,0.0,0.0
32.785078822755,105.262321895315,21.9678796312896,228.0,20.0,141.86832580915146,5.0,5.0,0.3442890584624356,2.6790990799877814e+17,0.0,0.0,0.0,0.0,0.0,0.0,0.0,0.0,0.0,0.0,0.0,0.0,0.0,0.0,0.0,0.0,0.0,0.0,0.0,0.0,0.0,0.0,0.0,0.0,0.0,0.0,0.0,0.0,0.0,0.0,0.0,0.0,0.0,0.0,0.0,0.0,0.0,0.0,0.0,0.0,0.0,0.0,0.0,0.0,0.0,0.0,0.0,0.0,0.0,0.0,0.0,0.0,0.0,0.0,0.0,0.0,0.0,0.0,0.0,0.0,0.0,0.0,0.0,0.0,0.0,0.0,0.0,0.0,0.0,0.0,0.0,0.0,0.0,0.0,0.0,0.0,0.0,0.0,0.0,0.0,0.0,0.0,0.0,0.0,0.0,0.0,0.0,0.0,0.0,0.0,0.0,0.0,0.0,0.0,0.0,0.0,0.0,0.0,0.0,0.0,0.0,0.0,0.0,0.0,0.0,0.0,0.0,0.0,0.0,0.0,0.0,0.0,0.0,0.0,0.0,0.0,0.0,0.0,0.0,0.0,0.0,0.0,0.0,5330654218396.172,10661308436792.344,691051180407959.2,1371441052379126.0,2042672232364830.2,2713903412350534.0,3382600635346151.5,4051297858341768.5,4218766156130947.0,4386234453920125.5,3109165688469961.0,1832096923019796.5,916048461509898.2,0.0,0.0,0.0,0.0,0.0,0.0,0.0,0.0,0.0,0.0,0.0,0.0,0.0,0.0,0.0,1354479805140559.5,2708959610281119.0,1.369689395788992e+16,2.468482830549872e+16,3.904211830302056e+16,5.339940830054242e+16,5.904407540518568e+16,6.4688742509828936e+16,5.6848252493417416e+16,4.900776247700591e+16,3.4068272117127708e+16,1.912878175724952e+16,9564390878624760.0,0.0,0.0,0.0,0.0,0.0,2954208540296983.5,5908417080593967.0,9654754167272250.0,1.3401091253950532e+16,1.3633157037697138e+16,1.3865222821443742e+16,1.0308140847689448e+16,6751058873935152.0,3375529436967576.0,0.0,0.0,0.0,0.0,0.0,0.0,0.0,0.0,0.0,0.0,0.0,0.0,0.0,0.0,0.0,0.0,0.0,0.0,0.0,0.0,0.0,0.0,0.0,0.0,0.0,0.0,0.0,0.0,0.0,0.0,0.0,0.0,0.0,0.0,0.0,0.0,0.0,0.0,0.0,0.0,0.0,0.0,0.0,0.0,0.0,0.0,0.0,0.0,0.0,0.0,0.0,0.0,0.0,0.0,0.0,0.0,0.0,0.0,0.0,0.0,0.0,0.0
32.8169181910385,105.228002393591,23.46997760236,228.0,15.0,146.26716018373642,5.0,5.0,0.12019213593745506,9.35279913482744e+16,0.0,0.0,0.0,0.0,0.0,0.0,0.0,0.0,0.0,0.0,0.0,0.0,0.0,0.0,0.0,0.0,0.0,0.0,0.0,0.0,0.0,0.0,0.0,0.0,0.0,0.0,0.0,0.0,0.0,0.0,0.0,0.0,0.0,0.0,0.0,0.0,0.0,0.0,0.0,0.0,0.0,0.0,0.0,0.0,0.0,0.0,0.0,0.0,0.0,0.0,0.0,0.0,0.0,0.0,0.0,0.0,0.0,0.0,0.0,0.0,0.0,0.0,0.0,0.0,0.0,0.0,0.0,0.0,0.0,0.0,0.0,0.0,0.0,0.0,0.0,0.0,0.0,0.0,0.0,0.0,0.0,0.0,0.0,0.0,0.0,0.0,0.0,0.0,0.0,0.0,0.0,0.0,0.0,0.0,0.0,0.0,0.0,0.0,0.0,0.0,0.0,0.0,0.0,0.0,0.0,0.0,0.0,0.0,0.0,0.0,0.0,0.0,0.0,0.0,0.0,0.0,0.0,0.0,0.0,0.0,0.0,0.0,0.0,0.0,0.0,0.0,0.0,0.0,0.0,0.0,0.0,0.0,0.0,0.0,0.0,0.0,0.0,0.0,0.0,0.0,0.0,0.0,0.0,0.0,0.0,0.0,0.0,0.0,0.0,0.0,0.0,289386829701410.44,578773659402820.9,7305556220325770.0,1.4032338781248718e+16,2.1137961488178084e+16,2.8243584195107452e+16,2.9015850054064204e+16,2.9788115913020956e+16,2.353088999879105e+16,1.7273664084561144e+16,9465872442808164.0,1658080801055182.5,829040400527591.2,0.0,0.0,0.0,2445715191889.809,4891430383779.618,506524622092775.6,1008157813801771.6,974151674906479.8,940145536011187.8,470192334846281.7,239133681375.775,119566840687.8875,0.0,0.0,0.0,0.0,0.0,0.0,0.0,0.0,0.0,0.0,0.0,0.0,0.0,0.0,0.0,0.0,0.0,0.0,0.0,0.0,0.0,0.0,0.0,0.0,0.0,0.0,0.0,0.0,0.0,0.0,0.0,0.0,0.0,0.0,0.0,0.0,0.0,0.0,0.0,0.0,0.0,0.0,0.0,0.0,0.0,0.0,0.0,0.0,0.0,0.0,0.0,0.0,0.0,0.0,0.0,0.0,0.0,0.0,0.0,0.0,0.0,0.0,0.0,0.0
32.8495113499417,105.19288878526,24.5511456592836,228.0,10.0,90.0,5.0,5.0,0.0,0.0,0.0,0.0,0.0,0.0,0.0,0.0,0.0,0.0,0.0,0.0,0.0,0.0,0.0,0.0,0.0,0.0,0.0,0.0,0.0,0.0,0.0,0.0,0.0,0.0,0.0,0.0,0.0,0.0,0.0,0.0,0.0,0.0,0.0,0.0,0.0,0.0,0.0,0.0,0.0,0.0,0.0,0.0,0.0,0.0,0.0,0.0,0.0,0.0,0.0,0.0,0.0,0.0,0.0,0.0,0.0,0.0,0.0,0.0,0.0,0.0,0.0,0.0,0.0,0.0,0.0,0.0,0.0,0.0,0.0,0.0,0.0,0.0,0.0,0.0,0.0,0.0,0.0,0.0,0.0,0.0,0.0,0.0,0.0,0.0,0.0,0.0,0.0,0.0,0.0,0.0,0.0,0.0,0.0,0.0,0.0,0.0,0.0,0.0,0.0,0.0,0.0,0.0,0.0,0.0,0.0,0.0,0.0,0.0,0.0,0.0,0.0,0.0,0.0,0.0,0.0,0.0,0.0,0.0,0.0,0.0,0.0,0.0,0.0,0.0,0.0,0.0,0.0,0.0,0.0,0.0,0.0,0.0,0.0,0.0,0.0,0.0,0.0,0.0,0.0,0.0,0.0,0.0,0.0,0.0,0.0,0.0,0.0,0.0,0.0,0.0,0.0,0.0,0.0,0.0,0.0,0.0,0.0,0.0,0.0,0.0,0.0,0.0,0.0,0.0,0.0,0.0,0.0,0.0,0.0,0.0,0.0,0.0,0.0,0.0,0.0,0.0,0.0,0.0,0.0,0.0,0.0,0.0,0.0,0.0,0.0,0.0,0.0,0.0,0.0,0.0,0.0,0.0,0.0,0.0,0.0,0.0,0.0,0.0,0.0,0.0,0.0,0.0,0.0,0.0,0.0,0.0,0.0,0.0,0.0,0.0,0.0,0.0,0.0,0.0,0.0,0.0,0.0,0.0,0.0,0.0,0.0,0.0,0.0,0.0,0.0,0.0,0.0,0.0,0.0,0.0,0.0,0.0,0.0,0.0,0.0,0.0,0.0,0.0,0.0,0.0
32.6159636252057,105.372193502342,2.46201938253052,228.0,80.0,140.99268502639723,5.0,5.0,1.125665938129639,8.759414524193311e+17,0.0,0.0,0.0,0.0,0.0,0.0,0.0,0.0,0.0,0.0,0.0,0.0,0.0,0.0,0.0,0.0,0.0,0.0,0.0,0.0,0.0,0.0,0.0,0.0,0.0,0.0,0.0,0.0,0.0,0.0,0.0,0.0,0.0,0.0,0.0,0.0,0.0,0.0,0.0,0.0,0.0,0.0,0.0,0.0,0.0,0.0,0.0,0.0,0.0,0.0,0.0,0.0,0.0,0.0,0.0,0.0,0.0,0.0,0.0,0.0,0.0,0.0,0.0,0.0,0.0,0.0,0.0,0.0,0.0,0.0,0.0,0.0,0.0,0.0,0.0,0.0,0.0,0.0,0.0,0.0,0.0,0.0,0.0,0.0,0.0,0.0,0.0,0.0,0.0,0.0,0.0,0.0,0.0,0.0,0.0,0.0,0.0,0.0,0.0,0.0,0.0,0.0,0.0,0.0,0.0,0.0,0.0,0.0,0.0,0.0,0.0,0.0,0.0,0.0,0.0,0.0,0.0,507699582051937.94,1015399164103875.9,2644122136741430.5,4272845109378984.5,6694094701217347.0,9115344293055708.0,1.266727869390766e+16,1.6219213094759616e+16,1.974116372681858e+16,2.3263114358877544e+16,2.564329490820079e+16,2.8023475457524036e+16,2.7776634007688256e+16,2.7529792557852476e+16,2.462852444688053e+16,2.172725633590858e+16,1.7275274686884304e+16,1.2823293037860024e+16,9056173577018552.0,5289054116177079.0,3434421258324684.0,1579788400472288.8,2850495974378289.5,4121203548284290.5,7507996875355828.0,1.0894790202427366e+16,1.4784665316475508e+16,1.867454043052365e+16,2.1652169193362004e+16,2.462979795620036e+16,2.767311298471959e+16,3.0716428013238828e+16,3.4810239310585576e+16,3.890405060793233e+16,4.271243988127536e+16,4.652082915461838e+16,4.726792924828564e+16,4.80150293419529e+16,4.5353297518958056e+16,4.269156569596322e+16,3.901396720516316e+16,3.533636871436311e+16,3.2675199753058612e+16,3.0014030791754104e+16,2.8458763905683076e+16,2.690349701961205e+16,2.4904581174272984e+16,2.290566532893392e+16,1.946596821313693e+16,1.6026271097339936e+16,1.7358381454835464e+16,1.8690491812330996e+16,3.8580356555373016e+16,5.847022129841504e+16,7.805241446270571e+16,9.76346076269964e+16,9.855858051573786e+16,9.94825534044793e+16,7.696674392623693e+16,5.445093444799456e+16,2.722546722399728e+16,0.0,0.0,0.0,0.0,0.0,0.0,0.0,0.0,0.0,0.0,0.0,0.0,0.0,0.0,0.0,0.0,0.0,0.0,0.0,0.0,0.0,0.0,0.0,0.0,0.0,0.0,0.0,0.0,0.0,0.0,0.0,0.0,0.0,0.0,0.0,0.0,0.0,0.0,0.0,0.0,0.0,0.0,0.0,0.0,0.0,0.0,0.0,0.0,0.0,0.0,0.0,0.0,0.0,0.0,0.0,0.0,0.0,0.0,0.0,0.0,0.0,0.0
32.625926137265,105.361481923683,7.18980823265266,228.0,65.0,128.43330131239927,5.0,5.0,1.046032576329255,8.139744334009152e+17,0.0,0.0,0.0,0.0,0.0,0.0,0.0,0.0,0.0,0.0,0.0,0.0,0.0,0.0,0.0,0.0,0.0,0.0,0.0,0.0,0.0,0.0,0.0,0.0,0.0,0.0,0.0,0.0,0.0,0.0,0.0,0.0,0.0,0.0,0.0,0.0,0.0,0.0,0.0,0.0,0.0,0.0,0.0,0.0,0.0,0.0,0.0,0.0,0.0,0.0,0.0,0.0,0.0,0.0,0.0,0.0,0.0,0.0,0.0,0.0,0.0,0.0,0.0,0.0,0.0,0.0,0.0,0.0,0.0,0.0,0.0,0.0,0.0,0.0,0.0,0.0,0.0,0.0,0.0,0.0,0.0,0.0,0.0,0.0,0.0,0.0,0.0,0.0,0.0,0.0,0.0,0.0,0.0,0.0,0.0,0.0,0.0,0.0,0.0,0.0,0.0,0.0,0.0,0.0,0.0,0.0,0.0,0.0,0.0,0.0,0.0,0.0,0.0,0.0,0.0,0.0,0.0,0.0,0.0,319279728640018.3,638559457280036.6,1828613326588617.0,3018667195897196.5,4438095608407357.5,5857524020917518.0,8693781342195845.0,1.1530038663474172e+16,1.5162155803283578e+16,1.8794272943092984e+16,2.1385165457958684e+16,2.397605797282438e+16,2.3385243643217724e+16,2.2794429313611064e+16,1.9212478462584028e+16,1.5630527611556988e+16,1.1096398207287334e+16,6562268803017679.0,3606748902503702.0,651229001989726.1,1139903403314669.8,1628577804639613.2,4050101525640379.5,6471625246641146.0,9369751120342428.0,1.2267876994043712e+16,1.3767989055098678e+16,1.5268101116153646e+16,1.6091753022246204e+16,1.6915404928338762e+16,2.036693865517465e+16,2.3818472382010532e+16,2.8592299242186296e+16,3.336612610236206e+16,3.572230067425553e+16,3.807847524614899e+16,3.728002791378165e+16,3.648158058141431e+16,3.4142888323425604e+16,3.1804196065436892e+16,2.971283276156608e+16,2.7621469457695276e+16,2.5990739647706548e+16,2.436000983771782e+16,2.1908662953331004e+16,1.945731606894419e+16,1.5864317273508942e+16,1.2271318478073688e+16,1.5655912545756946e+16,1.9040506613440196e+16,4.508527202643063e+16,7.113003743942108e+16,9.610845443455034e+16,1.210868714296796e+17,1.2263531997428651e+17,1.241837685188934e+17,9.672644631254598e+16,6.926912410619858e+16,3.463456205309929e+16,0.0,0.0,0.0,0.0,0.0,0.0,0.0,0.0,0.0,0.0,0.0,0.0,0.0,0.0,0.0,0.0,0.0,0.0,0.0,0.0,0.0,0.0,0.0,0.0,0.0,0.0,0.0,0.0,0.0,0.0,0.0,0.0,0.0,0.0,0.0,0.0,0.0,0.0,0.0,0.0,0.0,0.0,0.0,0.0,0.0,0.0,0.0,0.0,0.0,0.0,0.0,0.0,0.0,0.0,0.0,0.0,0.0,0.0,0.0,0.0,0.0,0.0
32.6437271036462,105.342330093271,11.3706888080417,228.0,50.0,125.70564746454002,5.0,5.0,1.0032674702399584,7.806965950371046e+17,0.0,0.0,0.0,0.0,0.0,0.0,0.0,0.0,0.0,0.0,0.0,0.0,0.0,0.0,0.0,0.0,0.0,0.0,0.0,0.0,0.0,0.0,0.0,0.0,0.0,0.0,0.0,0.0,0.0,0.0,0.0,0.0,0.0,0.0,0.0,0.0,0.0,0.0,0.0,0.0,0.0,0.0,0.0,0.0,0.0,0.0,0.0,0.0,0.0,0.0,0.0,0.0,0.0,0.0,0.0,0.0,0.0,0.0,0.0,0.0,0.0,0.0,0.0,0.0,0.0,0.0,0.0,0.0,0.0,0.0,0.0,0.0,0.0,0.0,0.0,0.0,0.0,0.0,0.0,0.0,0.0,0.0,0.0,0.0,0.0,0.0,0.0,0.0,0.0,0.0,0.0,0.0,0.0,0.0,0.0,0.0,0.0,0.0,0.0,0.0,0.0,0.0,0.0,0.0,0.0,0.0,0.0,0.0,0.0,0.0,0.0,0.0,0.0,0.0,0.0,0.0,0.0,0.0,0.0,306693011059258.44,613386022118516.9,1597534832701255.2,2581683643283994.0,2796602790682150.5,3011521938080307.5,2506508223293767.5,2001494508507227.0,7309564150604750.0,1.2617633792702274e+16,1.9068426625584416e+16,2.5519219458466556e+16,2.7847018552663084e+16,3.0174817646859616e+16,2.675033726012964e+16,2.3325856873399676e+16,1.6869399750961962e+16,1.0412942628524246e+16,5670645609433291.0,928348590342337.0,836527953832315.6,744707317322294.5,1133137779210551.5,1521568241098808.8,2203248291032385.8,2884928340965963.5,2650912281579745.0,2416896222193526.0,2119767974621973.5,1822639727050421.2,4513925512307159.0,7205211297563896.0,1.2042656586471762e+16,1.6880101875379628e+16,2.1529872397894724e+16,2.617964292040982e+16,2.9928055190423604e+16,3.3676467460437372e+16,3.5731489591935776e+16,3.778651172343417e+16,3.7470187358640776e+16,3.7153862993847384e+16,3.4221689311746076e+16,3.128951562964478e+16,2.605783920772083e+16,2.082616278579688e+16,1.5201270905949416e+16,9576379026101952.0,1.5855465787747674e+16,2.213455254939339e+16,5.098596889245972e+16,7.983738523552603e+16,1.0622320706267979e+17,1.3260902888983357e+17,1.3275145325835778e+17,1.3289387762688197e+17,1.0248206384941e+17,7.207025007193803e+16,3.6035125035969016e+16,0.0,0.0,0.0,0.0,0.0,0.0,0.0,0.0,0.0,0.0,0.0,0.0,0.0,0.0,0.0,0.0,0.0,0.0,0.0,0.0,0.0,0.0,0.0,0.0,0.0,0.0,0.0,0.0,0.0,0.0,0.0,0.0,0.0,0.0,0.0,0.0,0.0,0.0,0.0,0.0,0.0,0.0,0.0,0.0,0.0,0.0,0.0,0.0,0.0,0.0,0.0,0.0,0.0,0.0,0.0,0.0,0.0,0.0,0.0,0.0,0.0,0.0
32.6672660878787,105.316989915702,14.8927689400555,228.0,40.0,131.87634536410997,5.0,5.0,0.9130764807721554,7.105141158187758e+17,0.0,0.0,0.0,0.0,0.0,0.0,0.0,0.0,0.0,0.0,0.0,0.0,0.0,0.0,0.0,0.0,0.0,0.0,0.0,0.0,0.0,0.0,0.0,0.0,0.0,0.0,0.0,0.0,0.0,0.0,0.0,0.0,0.0,0.0,0.0,0.0,0.0,0.0,0.0,0.0,0.0,0.0,0.0,0.0,0.0,0.0,0.0,0.0,0.0,0.0,0.0,0.0,0.0,0.0,0.0,0.0,0.0,0.0,0.0,0.0,0.0,0.0,0.0,0.0,0.0,0.0,0.0,0.0,0.0,0.0,0.0,0.0,0.0,0.0,0.0,0.0,0.0,0.0,0.0,0.0,0.0,0.0,0.0,0.0,0.0,0.0,0.0,0.0,0.0,0.0,0.0,0.0,0.0,0.0,0.0,0.0,0.0,0.0,0.0,0.0,0.0,0.0,0.0,0.0,0.0,0.0,0.0,0.0,0.0,0.0,0.0,0.0,0.0,0.0,0.0,0.0,0.0,0.0,0.0,0.0,0.0,0.0,0.0,0.0,0.0,8538579335478.603,17077158670957.205,5420324863253711.0,1.0823572567836464e+16,1.844062844132764e+16,2.605768431481881e+16,2.953665995093954e+16,3.301563558706027e+16,2.912355435832687e+16,2.523147312959347e+16,1.7530713849023134e+16,9829954568452800.0,5080379625585241.0,330804682717682.06,165402341358841.03,0.0,0.0,0.0,0.0,0.0,0.0,0.0,0.0,0.0,0.0,0.0,2394738519475450.5,4789477038950901.0,1.1779001109662604e+16,1.8768525180374308e+16,2.865120244306729e+16,3.853387970576027e+16,4.609252500486506e+16,5.365117030396984e+16,5.448397203459667e+16,5.53167737652235e+16,4.863856497542672e+16,4.196035618562992e+16,3.1385733115123724e+16,2.081111004461752e+16,1.2437660858264696e+16,4064211671911868.0,1.1722792307651104e+16,1.9381372943390336e+16,4.366745771383186e+16,6.795354248427338e+16,8.983515562357045e+16,1.1171676876286754e+17,1.1104047916490514e+17,1.1036418956694274e+17,8.413036286132794e+16,5.789653615571314e+16,2.894826807785657e+16,0.0,0.0,0.0,0.0,0.0,0.0,0.0,0.0,0.0,0.0,0.0,0.0,0.0,0.0,0.0,0.0,0.0,0.0,0.0,0.0,0.0,0.0,0.0,0.0,0.0,0.0,0.0,0.0,0.0,0.0,0.0,0.0,0.0,0.0,0.0,0.0,0.0,0.0,0.0,0.0,0.0,0.0,0.0,0.0,0.0,0.0,0.0,0.0,0.0,0.0,0.0,0.0,0.0,0.0,0.0,0.0,0.0,0.0,0.0,0.0,0.0,0.0
32.6945349637651,105.287620342727,17.7497379642719,228.0,30.0,140.62906511462057,5.0,5.0,0.7636830089627035,5.942629881563635e+17,0.0,0.0,0.0,0.0,0.0,0.0,0.0,0.0,0.0,0.0,0.0,0.0,0.0,0.0,0.0,0.0,0.0,0.0,0.0,0.0,0.0,0.0,0.0,0.0,0.0,0.0,0.0,0.0,0.0,0.0,0.0,0.0,0.0,0.0,0.0,0.0,0.0,0.0,0.0,0.0,0.0,0.0,0.0,0.0,0.0,0.0,0.0,0.0,0.0,0.0,0.0,0.0,0.0,0.0,0.0,0.0,0.0,0.0,0.0,0.0,0.0,0.0,0.0,0.0,0.0,0.0,0.0,0.0,0.0,0.0,0.0,0.0,0.0,0.0,0.0,0.0,0.0,0.0,0.0,0.0,0.0,0.0,0.0,0.0,0.0,0.0,0.0,0.0,0.0,0.0,0.0,0.0,0.0,0.0,0.0,0.0,0.0,0.0,0.0,0.0,0.0,0.0,0.0,0.0,0.0,0.0,0.0,0.0,0.0,0.0,0.0,0.0,0.0,0.0,0.0,0.0,0.0,0.0,0.0,0.0,0.0,10611630674932.852,21223261349865.703,307735041703416.25,594246822056966.8,974082478779822.8,1353918135502678.5,4310074329686381.0,7266230523870084.0,1.3726809890827798e+16,2.0187389257785516e+16,2.3309438244841916e+16,2.643148723189832e+16,2.2788601579708576e+16,1.914571592751884e+16,1.264876914839703e+16,6151822369275222.0,3075911184637611.0,0.0,0.0,0.0,0.0,0.0,0.0,0.0,0.0,0.0,0.0,0.0,0.0,0.0,153929351642216.3,307858703284432.6,9873095109510996.0,1.943833151573756e+16,3.5149511075788016e+16,5.086069063583846e+16,6.2104843665488456e+16,7.334899669513845e+16,7.235152251824318e+16,7.135404834134793e+16,5.918766137288845e+16,4.702127440442896e+16,3.1787790571709756e+16,1.6554306738990564e+16,8277153369495282.0,0.0,3940213587098339.0,7880427174196678.0,2.4616444376299704e+16,4.135246157840273e+16,5.737789669622096e+16,7.340333181403918e+16,7.358901939710086e+16,7.377470698016254e+16,5.57946135128506e+16,3.781452004553865e+16,1.8907260022769324e+16,0.0,0.0,0.0,0.0,0.0,0.0,0.0,0.0,0.0,0.0,0.0,0.0,0.0,0.0,0.0,0.0,0.0,0.0,0.0,0.0,0.0,0.0,0.0,0.0,0.0,0.0,0.0,0.0,0.0,0.0,0.0,0.0,0.0,0.0,0.0,0.0,0.0,0.0,0.0,0.0,0.0,0.0,0.0,0.0,0.0,0.0,0.0,0.0,0.0,0.0,0.0,0.0,0.0,0.0,0.0,0.0,0.0,0.0,0.0,0.0,0.0,0.0
32.724147381335,105.255713231223,20.0562836186236,228.0,25.0,144.65582358448432,5.0,5.0,0.5476254449458087,4.261369304863608e+17,0.0,0.0,0.0,0.0,0.0,0.0,0.0,0.0,0.0,0.0,0.0,0.0,0.0,0.0,0.0,0.0,0.0,0.0,0.0,0.0,0.0,0.0,0.0,0.0,0.0,0.0,0.0,0.0,0.0,0.0,0.0,0.0,0.0,0.0,0.0,0.0,0.0,0.0,0.0,0.0,0.0,0.0,0.0,0.0,0.0,0.0,0.0,0.0,0.0,0.0,0.0,0.0,0.0,0.0,0.0,0.0,0.0,0.0,0.0,0.0,0.0,0.0,0.0,0.0,0.0,0.0,0.0,0.0,0.0,0.0,0.0,0.0,0.0,0.0,0.0,0.0,0.0,0.0,0.0,0.0,0.0,0.0,0.0,0.0,0.0,0.0,0.0,0.0,0.0,0.0,0.0,0.0,0.0,0.0,0.0,0.0,0.0,0.0,0.0,0.0,0.0,0.0,0.0,0.0,0.0,0.0,0.0,0.0,0.0,0.0,0.0,0.0,0.0,0.0,0.0,0.0,0.0,0.0,0.0,0.0,0.0,0.0,0.0,8243625518359.583,16487251036719.166,389552235457231.5,762617219877743.9,1549950902518491.8,2337284585159239.5,5950103199990689.0,9562921814822142.0,1.141807199996259e+16,1.327322218510304e+16,1.1009287054780804e+16,8745351924458569.0,5060720649171255.0,1376089373883941.8,688044686941970.9,0.0,0.0,0.0,0.0,0.0,0.0,0.0,0.0,0.0,0.0,0.0,0.0,0.0,799153243493292.1,1598306486986584.2,1.3261805362302368e+16,2.4925304237618156e+16,4.230286302192254e+16,5.9680421806226936e+16,6.908821822383151e+16,7.849601464143611e+16,7.278285286139347e+16,6.706969108135085e+16,5.102941155550523e+16,3.498913202965961e+16,2.066417360177431e+16,6339215173889015.0,3169607586944507.5,0.0,710545007697786.4,1421090015395572.8,1.0834616223820874e+16,2.0248142432246176e+16,2.9615331538303e+16,3.8982520644359816e+16,3.865309424578027e+16,3.832366784720072e+16,2.8156558791425324e+16,1.7989449735649928e+16,8994724867824964.0,0.0,0.0,0.0,0.0,0.0,0.0,0.0,0.0,0.0,0.0,0.0,0.0,0.0,0.0,0.0,0.0,0.0,0.0,0.0,0.0,0.0,0.0,0.0,0.0,0.0,0.0,0.0,0.0,0.0,0.0,0.0,0.0,0.0,0.0,0.0,0.0,0.0,0.0,0.0,0.0,0.0,0.0,0.0,0.0,0.0,0.0,0.0,0.0,0.0,0.0,0.0,0.0,0.0,0.0,0.0,0.0,0.0,0.0,0.0,0.0,0.0,0.0
32.754990642181,105.222466027576,21.9678796312896,228.0,20.0,146.4614160689858,5.0,5.0,0.2986599864374445,2.324034630862432e+17,0.0,0.0,0.0,0.0,0.0,0.0,0.0,0.0,0.0,0.0,0.0,0.0,0.0,0.0,0.0,0.0,0.0,0.0,0.0,0.0,0.0,0.0,0.0,0.0,0.0,0.0,0.0,0.0,0.0,0.0,0.0,0.0,0.0,0.0,0.0,0.0,0.0,0.0,0.0,0.0,0.0,0.0,0.0,0.0,0.0,0.0,0.0,0.0,0.0,0.0,0.0,0.0,0.0,0.0,0.0,0.0,0.0,0.0,0.0,0.0,0.0,0.0,0.0,0.0,0.0,0.0,0.0,0.0,0.0,0.0,0.0,0.0,0.0,0.0,0.0,0.0,0.0,0.0,0.0,0.0,0.0,0.0,0.0,0.0,0.0,0.0,0.0,0.0,0.0,0.0,0.0,0.0,0.0,0.0,0.0,0.0,0.0,0.0,0.0,0.0,0.0,0.0,0.0,0.0,0.0,0.0,0.0,0.0,0.0,0.0,0.0,0.0,0.0,0.0,0.0,0.0,0.0,0.0,0.0,4097203636089.855,8194407272179.71,9345115425658.357,10495823579137.008,5247911789568.504,0.0,0.0,0.0,0.0,0.0,866712082358596.5,1733424164717193.0,2331156173458759.0,2928888182200325.0,2233784549271123.2,1538680916341921.2,769340458170960.6,0.0,0.0,0.0,0.0,0.0,0.0,0.0,0.0,0.0,0.0,0.0,0.0,0.0,0.0,0.0,1319649071962192.2,2639298143924384.5,1.3749692753292588e+16,2.486008736266079e+16,3.798691973922048e+16,5.111375211578018e+16,5.49815928522342e+16,5.8849433588688216e+16,4.990307397850079e+16,4.0956714368313384e+16,2.7245954289685216e+16,1.3535194211057048e+16,6767597105528524.0,0.0,0.0,0.0,8827979989101.156,17655959978202.312,3522717500793714.5,7027779041609227.0,1.0236639333372246e+16,1.3445499625135266e+16,1.2116335716518108e+16,1.0787171807900946e+16,6869182587492875.0,2951193367084804.0,1475596683542402.0,0.0,0.0,0.0,0.0,0.0,0.0,0.0,0.0,0.0,0.0,0.0,0.0,0.0,0.0,0.0,0.0,0.0,0.0,0.0,0.0,0.0,0.0,0.0,0.0,0.0,0.0,0.0,0.0,0.0,0.0,0.0,0.0,0.0,0.0,0.0,0.0,0.0,0.0,0.0,0.0,0.0,0.0,0.0,0.0,0.0,0.0,0.0,0.0,0.0,0.0,0.0,0.0,0.0,0.0,0.0,0.0,0.0,0.0,0.0,0.0,0.0,0.0
32.7868300104645,105.188132342666,23.46997760236,228.0,15.0,145.22278777747107,5.0,5.0,0.1089749230622331,8.479927228056893e+16,0.0,0.0,0.0,0.0,0.0,0.0,0.0,0.0,0.0,0.0,0.0,0.0,0.0,0.0,0.0,0.0,0.0,0.0,0.0,0.0,0.0,0.0,0.0,0.0,0.0,0.0,0.0,0.0,0.0,0.0,0.0,0.0,0.0,0.0,0.0,0.0,0.0,0.0,0.0,0.0,0.0,0.0,0.0,0.0,0.0,0.0,0.0,0.0,0.0,0.0,0.0,0.0,0.0,0.0,0.0,0.0,0.0,0.0,0.0,0.0,0.0,0.0,0.0,0.0,0.0,0.0,0.0,0.0,0.0,0.0,0.0,0.0,0.0,0.0,0.0,0.0,0.0,0.0,0.0,0.0,0.0,0.0,0.0,0.0,0.0,0.0,0.0,0.0,0.0,0.0,0.0,0.0,0.0,0.0,0.0,0.0,0.0,0.0,0.0,0.0,0.0,0.0,0.0,0.0,0.0,0.0,0.0,0.0,0.0,0.0,0.0,0.0,0.0,0.0,0.0,0.0,0.0,3735538952488.9614,7471077904977.923,145320951181875.97,283170824458774.0,294425998959060.7,305681173459347.44,162491889266816.47,19302605074285.484,9651302537142.742,0.0,0.0,0.0,0.0,0.0,0.0,0.0,0.0,0.0,0.0,0.0,0.0,0.0,0.0,0.0,0.0,0.0,0.0,0.0,0.0,0.0,0.0,0.0,0.0,0.0,800867547481654.1,1601735094963308.2,7802582495111591.0,1.4003429895259874e+16,1.968579049078058e+16,2.536815108630129e+16,2.5167251690746724e+16,2.4966352295192156e+16,1.8583256673541436e+16,1.2200161051890712e+16,6108868113479890.0,17575175069066.934,8787587534533.467,0.0,0.0,0.0,377285853410675.8,754571706821351.6,1739019803523569.2,2723467900225787.0,2512667006285639.0,2301866112345491.0,1274101196973996.8,246336281602502.47,123168140801251.23,0.0,0.0,0.0,0.0,0.0,0.0,0.0,0.0,0.0,0.0,0.0,0.0,0.0,0.0,0.0,0.0,0.0,0.0,0.0,0.0,0.0,0.0,0.0,0.0,0.0,0.0,0.0,0.0,0.0,0.0,0.0,0.0,0.0,0.0,0.0,0.0,0.0,0.0,0.0,0.0,0.0,0.0,0.0,0.0,0.0,0.0,0.0,0.0,0.0,0.0,0.0,0.0,0.0,0.0,0.0,0.0,0.0,0.0,0.0,0.0,0.0,0.0,0.0,0.0
32.8194231693677,105.153007867196,24.5511456592836,228.0,10.0,90.0,5.0,5.0,0.0,0.0,0.0,0.0,0.0,0.0,0.0,0.0,0.0,0.0,0.0,0.0,0.0,0.0,0.0,0.0,0.0,0.0,0.0,0.0,0.0,0.0,0.0,0.0,0.0,0.0,0.0,0.0,0.0,0.0,0.0,0.0,0.0,0.0,0.0,0.0,0.0,0.0,0.0,0.0,0.0,0.0,0.0,0.0,0.0,0.0,0.0,0.0,0.0,0.0,0.0,0.0,0.0,0.0,0.0,0.0,0.0,0.0,0.0,0.0,0.0,0.0,0.0,0.0,0.0,0.0,0.0,0.0,0.0,0.0,0.0,0.0,0.0,0.0,0.0,0.0,0.0,0.0,0.0,0.0,0.0,0.0,0.0,0.0,0.0,0.0,0.0,0.0,0.0,0.0,0.0,0.0,0.0,0.0,0.0,0.0,0.0,0.0,0.0,0.0,0.0,0.0,0.0,0.0,0.0,0.0,0.0,0.0,0.0,0.0,0.0,0.0,0.0,0.0,0.0,0.0,0.0,0.0,0.0,0.0,0.0,0.0,0.0,0.0,0.0,0.0,0.0,0.0,0.0,0.0,0.0,0.0,0.0,0.0,0.0,0.0,0.0,0.0,0.0,0.0,0.0,0.0,0.0,0.0,0.0,0.0,0.0,0.0,0.0,0.0,0.0,0.0,0.0,0.0,0.0,0.0,0.0,0.0,0.0,0.0,0.0,0.0,0.0,0.0,0.0,0.0,0.0,0.0,0.0,0.0,0.0,0.0,0.0,0.0,0.0,0.0,0.0,0.0,0.0,0.0,0.0,0.0,0.0,0.0,0.0,0.0,0.0,0.0,0.0,0.0,0.0,0.0,0.0,0.0,0.0,0.0,0.0,0.0,0.0,0.0,0.0,0.0,0.0,0.0,0.0,0.0,0.0,0.0,0.0,0.0,0.0,0.0,0.0,0.0,0.0,0.0,0.0,0.0,0.0,0.0,0.0,0.0,0.0,0.0,0.0,0.0,0.0,0.0,0.0,0.0,0.0,0.0,0.0,0.0,0.0,0.0,0.0,0.0,0.0,0.0,0.0,0.0
32.5858754446317,105.332394012507,2.46201938253052,228.0,80.0,148.68232902932058,5.0,5.0,1.0413378491992515,8.103212127057944e+17,0.0,0.0,0.0,0.0,0.0,0.0,0.0,0.0,0.0,0.0,0.0,0.0,0.0,0.0,0.0,0.0,0.0,0.0,0.0,0.0,0.0,0.0,0.0,0.0,0.0,0.0,0.0,0.0,0.0,0.0,0.0,0.0,0.0,0.0,0.0,0.0,0.0,0.0,0.0,0.0,0.0,0.0,0.0,0.0,0.0,0.0,0.0,0.0,0.0,0.0,0.0,0.0,0.0,0.0,0.0,0.0,0.0,0.0,0.0,0.0,0.0,0.0,0.0,0.0,0.0,0.0,0.0,0.0,0.0,0.0,0.0,0.0,0.0,0.0,0.0,0.0,0.0,0.0,0.0,0.0,0.0,0.0,0.0,0.0,0.0,0.0,0.0,0.0,0.0,0.0,0.0,0.0,0.0,0.0,0.0,0.0,0.0,0.0,0.0,0.0,0.0,0.0,0.0,0.0,0.0,0.0,0.0,0.0,0.0,0.0,0.0,0.0,0.0,0.0,0.0,796848149237715.0,1593696298475430.0,2604185497152082.0,3614674695828734.5,5234438287782813.0,6854201879736889.0,8873895209114482.0,1.0893588538492074e+16,1.3243009337767114e+16,1.5592430137042154e+16,1.7431640528500668e+16,1.927085091995918e+16,1.9312518274080268e+16,1.935418562820136e+16,1.75466746274315e+16,1.5739163626661634e+16,1.2566513561396436e+16,9393863496131240.0,6532703409393408.0,3671543322655576.5,1926843054171519.5,182142785687462.62,1411393958100190.5,2640645130512918.0,6315702233950084.0,9990759337387250.0,1.5300605912140604e+16,2.0610452486893956e+16,2.514551817612662e+16,2.9680583865359292e+16,3.212639122836862e+16,3.4572198591377944e+16,3.6187051466168376e+16,3.780190434095881e+16,4.078728576628268e+16,4.377266719160656e+16,4.7565447407681304e+16,5.1358227623756056e+16,5.315846528083688e+16,5.49587029379177e+16,5.437243338047676e+16,5.378616382303583e+16,5.2040121105974664e+16,5.0294078388913496e+16,4.826239018292941e+16,4.623070197694531e+16,4.342905416581906e+16,4.06274063546928e+16,3.5940184388793264e+16,3.1252962422893724e+16,2.4487688611551604e+16,1.7722414800209486e+16,1.6676129399472614e+16,1.5629843998735746e+16,3.1501121084843692e+16,4.7372398170951624e+16,5.760452744215857e+16,6.78366567133655e+16,5.792937996738712e+16,4.802210322140873e+16,2.4011051610704364e+16,0.0,0.0,0.0,0.0,0.0,0.0,0.0,0.0,0.0,0.0,0.0,0.0,0.0,0.0,0.0,0.0,0.0,0.0,0.0,0.0,0.0,0.0,0.0,0.0,0.0,0.0,0.0,0.0,0.0,0.0,0.0,0.0,0.0,0.0,0.0,0.0,0.0,0.0,0.0,0.0,0.0,0.0,0.0,0.0,0.0,0.0,0.0,0.0,0.0,0.0,0.0,0.0,0.0,0.0,0.0,0.0,0.0,0.0,0.0,0.0,0.0,0.0,0.0,0.0
32.595837956691,105.321679542453,7.18980823265266,228.0,65.0,149.47251663528579,5.0,5.0,0.9265346534685565,7.209866467351711e+17,0.0,0.0,0.0,0.0,0.0,0.0,0.0,0.0,0.0,0.0,0.0,0.0,0.0,0.0,0.0,0.0,0.0,0.0,0.0,0.0,0.0,0.0,0.0,0.0,0.0,0.0,0.0,0.0,0.0,0.0,0.0,0.0,0.0,0.0,0.0,0.0,0.0,0.0,0.0,0.0,0.0,0.0,0.0,0.0,0.0,0.0,0.0,0.0,0.0,0.0,0.0,0.0,0.0,0.0,0.0,0.0,0.0,0.0,0.0,0.0,0.0,0.0,0.0,0.0,0.0,0.0,0.0,0.0,0.0,0.0,0.0,0.0,0.0,0.0,0.0,0.0,0.0,0.0,0.0,0.0,0.0,0.0,0.0,0.0,0.0,0.0,0.0,0.0,0.0,0.0,0.0,0.0,0.0,0.0,0.0,0.0,0.0,0.0,0.0,0.0,0.0,0.0,0.0,0.0,0.0,0.0,0.0,0.0,0.0,0.0,0.0,0.0,0.0,0.0,0.0,0.0,0.0,0.0,0.0,535729435523864.3,1071458871047728.6,1845461302889062.2,2619463734730395.5,4526302319563207.0,6433140904396018.0,8460858102794506.0,1.0488575301192994e+16,1.210099187166519e+16,1.3713408442137386e+16,1.4666122082358942e+16,1.5618835722580498e+16,1.4874912185020054e+16,1.413098864745961e+16,1.1912607679638144e+16,9694226711816674.0,7171730547508561.0,4649234383200446.0,2903275650492540.5,1157316917784635.2,2581144382986681.5,4004971848188727.5,7270627027936288.0,1.053628220768385e+16,1.3334672443728078e+16,1.6133062679772308e+16,1.7183080026119204e+16,1.82330973724661e+16,1.9457353047510284e+16,2.068160872255447e+16,2.5211746690982484e+16,2.97418846594105e+16,3.5552808483872596e+16,4.136373230833469e+16,4.530631576669405e+16,4.92488992250534e+16,5.054928557278177e+16,5.184967192051014e+16,5.140047720586211e+16,5.095128249121407e+16,4.922666063704283e+16,4.750203878287158e+16,4.434581562210595e+16,4.118959246134034e+16,3.6002167293364052e+16,3.0814742125387772e+16,2.415641714338585e+16,1.749809216138393e+16,1.6125742391075836e+16,1.4753392620767744e+16,3.4694192572429736e+16,5.4634992524091736e+16,6.855244019570707e+16,8.24698878673224e+16,7.113632649389665e+16,5.98027651204709e+16,2.990138256023545e+16,0.0,0.0,0.0,0.0,0.0,0.0,0.0,0.0,0.0,0.0,0.0,0.0,0.0,0.0,0.0,0.0,0.0,0.0,0.0,0.0,0.0,0.0,0.0,0.0,0.0,0.0,0.0,0.0,0.0,0.0,0.0,0.0,0.0,0.0,0.0,0.0,0.0,0.0,0.0,0.0,0.0,0.0,0.0,0.0,0.0,0.0,0.0,0.0,0.0,0.0,0.0,0.0,0.0,0.0,0.0,0.0,0.0,0.0,0.0,0.0,0.0,0.0,0.0,0.0
32.6136389230722,105.302521468475,11.3706888080417,228.0,50.0,151.83704320297844,5.0,5.0,0.8297385269642791,6.456643537113617e+17,0.0,0.0,0.0,0.0,0.0,0.0,0.0,0.0,0.0,0.0,0.0,0.0,0.0,0.0,0.0,0.0,0.0,0.0,0.0,0.0,0.0,0.0,0.0,0.0,0.0,0.0,0.0,0.0,0.0,0.0,0.0,0.0,0.0,0.0,0.0,0.0,0.0,0.0,0.0,0.0,0.0,0.0,0.0,0.0,0.0,0.0,0.0,0.0,0.0,0.0,0.0,0.0,0.0,0.0,0.0,0.0,0.0,0.0,0.0,0.0,0.0,0.0,0.0,0.0,0.0,0.0,0.0,0.0,0.0,0.0,0.0,0.0,0.0,0.0,0.0,0.0,0.0,0.0,0.0,0.0,0.0,0.0,0.0,0.0,0.0,0.0,0.0,0.0,0.0,0.0,0.0,0.0,0.0,0.0,0.0,0.0,0.0,0.0,0.0,0.0,0.0,0.0,0.0,0.0,0.0,0.0,0.0,0.0,0.0,0.0,0.0,0.0,0.0,0.0,0.0,0.0,0.0,0.0,0.0,0.0,0.0,0.0,0.0,4043453992760.3574,8086907985520.715,1030277160041383.0,2052467412097245.5,5933464787389068.0,9814462162680890.0,1.4443905511647814e+16,1.9073348860614736e+16,2.1094812155558744e+16,2.3116275450502748e+16,2.1060453385936376e+16,1.900463132137e+16,1.4347665944645982e+16,9690700567921962.0,5778199053117426.0,1865697538312891.0,932848769156445.5,0.0,17613924798407.05,35227849596814.1,432710807319538.06,830193765042262.1,428268325219243.56,26342885396224.992,1737211236220566.0,3448079587044906.5,7667979588367950.0,1.1887879589690994e+16,1.8283655929053e+16,2.4679432268415012e+16,3.2054704242513188e+16,3.942997621661137e+16,4.550241349236175e+16,5.157485076811214e+16,5.462977730324717e+16,5.768470383838221e+16,5.659767105648625e+16,5.551063827459029e+16,5.049150239901776e+16,4.547236652344523e+16,3.777590739983443e+16,3.0079448276223636e+16,2.229009536683407e+16,1.4500742457444514e+16,1.452566023449308e+16,1.4550578011541644e+16,3.669075021408955e+16,5.883092241663746e+16,7.389736938818016e+16,8.896381635972285e+16,7.62486503808505e+16,6.353348440197812e+16,3.176674220098906e+16,0.0,0.0,0.0,0.0,0.0,0.0,0.0,0.0,0.0,0.0,0.0,0.0,0.0,0.0,0.0,0.0,0.0,0.0,0.0,0.0,0.0,0.0,0.0,0.0,0.0,0.0,0.0,0.0,0.0,0.0,0.0,0.0,0.0,0.0,0.0,0.0,0.0,0.0,0.0,0.0,0.0,0.0,0.0,0.0,0.0,0.0,0.0,0.0,0.0,0.0,0.0,0.0,0.0,0.0,0.0,0.0,0.0,0.0,0.0,0.0,0.0,0.0,0.0,0.0
32.6371779073047,105.277171986738,14.8927689400555,228.0,40.0,154.23524570906488,5.0,5.0,0.7510487089901053,5.844315570954865e+17,0.0,0.0,0.0,0.0,0.0,0.0,0.0,0.0,0.0,0.0,0.0,0.0,0.0,0.0,0.0,0.0,0.0,0.0,0.0,0.0,0.0,0.0,0.0,0.0,0.0,0.0,0.0,0.0,0.0,0.0,0.0,0.0,0.0,0.0,0.0,0.0,0.0,0.0,0.0,0.0,0.0,0.0,0.0,0.0,0.0,0.0,0.0,0.0,0.0,0.0,0.0,0.0,0.0,0.0,0.0,0.0,0.0,0.0,0.0,0.0,0.0,0.0,0.0,0.0,0.0,0.0,0.0,0.0,0.0,0.0,0.0,0.0,0.0,0.0,0.0,0.0,0.0,0.0,0.0,0.0,0.0,0.0,0.0,0.0,0.0,0.0,0.0,0.0,0.0,0.0,0.0,0.0,0.0,0.0,0.0,0.0,0.0,0.0,0.0,0.0,0.0,0.0,0.0,0.0,0.0,0.0,0.0,0.0,0.0,0.0,0.0,0.0,0.0,0.0,0.0,0.0,0.0,0.0,0.0,0.0,0.0,0.0,0.0,0.0,0.0,0.0,0.0,3631994074181602.5,7263988148363205.0,1.3350372386474962e+16,1.943675662458672e+16,2.269260765339242e+16,2.594845868219812e+16,2.3321205546547924e+16,2.069395241089773e+16,1.4672029181948386e+16,8650105952999047.0,4344861462763315.5,39616972527585.18,19808486263792.59,0.0,0.0,0.0,0.0,0.0,0.0,0.0,0.0,0.0,329451360654236.75,658902721308473.5,5650138779625785.0,1.0641374837943094e+16,2.1008715297374548e+16,3.1376055756806e+16,4.33964172354848e+16,5.541677871416359e+16,6.2967046248726776e+16,7.051731378328995e+16,6.908757126558847e+16,6.7657828747887e+16,5.800908752867241e+16,4.836034630945781e+16,3.5719674565557276e+16,2.307900282165674e+16,1.3838473626700568e+16,4597944431744397.0,8678242753482340.0,1.2758541075220284e+16,3.1609451466482044e+16,5.04603618577438e+16,6.267055534725671e+16,7.488074883676962e+16,6.343711362334648e+16,5.1993478409923336e+16,2.5996739204961668e+16,0.0,0.0,0.0,0.0,0.0,0.0,0.0,0.0,0.0,0.0,0.0,0.0,0.0,0.0,0.0,0.0,0.0,0.0,0.0,0.0,0.0,0.0,0.0,0.0,0.0,0.0,0.0,0.0,0.0,0.0,0.0,0.0,0.0,0.0,0.0,0.0,0.0,0.0,0.0,0.0,0.0,0.0,0.0,0.0,0.0,0.0,0.0,0.0,0.0,0.0,0.0,0.0,0.0,0.0,0.0,0.0,0.0,0.0,0.0,0.0,0.0,0.0,0.0,0.0
32.6644467831911,105.247790966179,17.7497379642719,228.0,30.0,158.06366790287169,5.0,5.0,0.6251295517295625,4.86447061196566e+17,0.0,0.0,0.0,0.0,0.0,0.0,0.0,0.0,0.0,0.0,0.0,0.0,0.0,0.0,0.0,0.0,0.0,0.0,0.0,0.0,0.0,0.0,0.0,0.0,0.0,0.0,0.0,0.0,0.0,0.0,0.0,0.0,0.0,0.0,0.0,0.0,0.0,0.0,0.0,0.0,0.0,0.0,0.0,0.0,0.0,0.0,0.0,0.0,0.0,0.0,0.0,0.0,0.0,0.0,0.0,0.0,0.0,0.0,0.0,0.0,0.0,0.0,0.0,0.0,0.0,0.0,0.0,0.0,0.0,0.0,0.0,0.0,0.0,0.0,0.0,0.0,0.0,0.0,0.0,0.0,0.0,0.0,0.0,0.0,0.0,0.0,0.0,0.0,0.0,0.0,0.0,0.0,0.0,0.0,0.0,0.0,0.0,0.0,0.0,0.0,0.0,0.0,0.0,0.0,0.0,0.0,0.0,0.0,0.0,0.0,0.0,0.0,0.0,0.0,0.0,0.0,0.0,0.0,0.0,0.0,0.0,0.0,0.0,0.0,0.0,0.0,0.0,1703343579859938.0,3406687159719876.0,8278980616028803.0,1.3151274072337726e+16,1.6196914842206376e+16,1.9242555612075024e+16,1.6748503441068514e+16,1.4254451270062004e+16,9237319741202722.0,4220188212343442.5,2110094106171721.2,0.0,0.0,0.0,0.0,0.0,0.0,0.0,0.0,0.0,0.0,0.0,0.0,0.0,1556059583209598.8,3112119166419197.5,1.5724530200867104e+16,2.8336941235315012e+16,4.54308278731706e+16,6.2524714511026184e+16,7.251909194904416e+16,8.251346938706216e+16,7.86419093717139e+16,7.477034935636565e+16,5.982726614379588e+16,4.488418293122612e+16,2.9171956984206744e+16,1.3459731037187374e+16,6729865518593687.0,0.0,3085817939635899.0,6171635879271798.0,1.908795857783782e+16,3.200428127640384e+16,4.087507979983324e+16,4.974587832326264e+16,4.2197240044875304e+16,3.464860176648797e+16,1.7324300883243984e+16,0.0,0.0,0.0,0.0,0.0,0.0,0.0,0.0,0.0,0.0,0.0,0.0,0.0,0.0,0.0,0.0,0.0,0.0,0.0,0.0,0.0,0.0,0.0,0.0,0.0,0.0,0.0,0.0,0.0,0.0,0.0,0.0,0.0,0.0,0.0,0.0,0.0,0.0,0.0,0.0,0.0,0.0,0.0,0.0,0.0,0.0,0.0,0.0,0.0,0.0,0.0,0.0,0.0,0.0,0.0,0.0,0.0,0.0,0.0,0.0,0.0,0.0,0.0,0.0
32.694059200761,105.215871022012,20.0562836186236,228.0,25.0,157.71712094031716,5.0,5.0,0.4534369749385385,3.528437957963235e+17,0.0,0.0,0.0,0.0,0.0,0.0,0.0,0.0,0.0,0.0,0.0,0.0,0.0,0.0,0.0,0.0,0.0,0.0,0.0,0.0,0.0,0.0,0.0,0.0,0.0,0.0,0.0,0.0,0.0,0.0,0.0,0.0,0.0,0.0,0.0,0.0,0.0,0.0,0.0,0.0,0.0,0.0,0.0,0.0,0.0,0.0,0.0,0.0,0.0,0.0,0.0,0.0,0.0,0.0,0.0,0.0,0.0,0.0,0.0,0.0,0.0,0.0,0.0,0.0,0.0,0.0,0.0,0.0,0.0,0.0,0.0,0.0,0.0,0.0,0.0,0.0,0.0,0.0,0.0,0.0,0.0,0.0,0.0,0.0,0.0,0.0,0.0,0.0,0.0,0.0,0.0,0.0,0.0,0.0,0.0,0.0,0.0,0.0,0.0,0.0,0.0,0.0,0.0,0.0,0.0,0.0,0.0,0.0,0.0,0.0,0.0,0.0,0.0,0.0,0.0,0.0,0.0,0.0,0.0,0.0,0.0,0.0,0.0,0.0,0.0,0.0,0.0,130298964008911.31,260597928017822.62,2656276365509379.5,5051954803000936.0,6886676894777755.0,8721398986554573.0,7325606682942833.0,5929814379331092.0,3415542510796316.0,901270642261539.4,450635321130769.7,0.0,0.0,0.0,0.0,0.0,0.0,0.0,0.0,0.0,0.0,0.0,0.0,0.0,1565389296643614.2,3130778593287228.5,1.6481555658330684e+16,2.9832332723374136e+16,4.6932873845663416e+16,6.4033414967952696e+16,7.121743155552932e+16,7.840144814310597e+16,7.0000916646156184e+16,6.16003851492064e+16,4.473633148179014e+16,2.7872277814373884e+16,1.5289408977242658e+16,2706540140111430.5,1353270070055715.2,0.0,748443587724660.1,1496887175449320.2,9370572526605286.0,1.7244257877761252e+16,2.2348444877485656e+16,2.745263187721006e+16,2.2830218236267624e+16,1.8207804595325184e+16,9103902297662592.0,0.0,0.0,0.0,0.0,0.0,0.0,0.0,0.0,0.0,0.0,0.0,0.0,0.0,0.0,0.0,0.0,0.0,0.0,0.0,0.0,0.0,0.0,0.0,0.0,0.0,0.0,0.0,0.0,0.0,0.0,0.0,0.0,0.0,0.0,0.0,0.0,0.0,0.0,0.0,0.0,0.0,0.0,0.0,0.0,0.0,0.0,0.0,0.0,0.0,0.0,0.0,0.0,0.0,0.0,0.0,0.0,0.0,0.0,0.0,0.0,0.0,0.0,0.0,0.0
32.724902461607,105.182610159837,21.9678796312896,228.0,20.0,152.80398053460112,5.0,5.0,0.2568675875541332,1.9988254072559894e+17,0.0,0.0,0.0,0.0,0.0,0.0,0.0,0.0,0.0,0.0,0.0,0.0,0.0,0.0,0.0,0.0,0.0,0.0,0.0,0.0,0.0,0.0,0.0,0.0,0.0,0.0,0.0,0.0,0.0,0.0,0.0,0.0,0.0,0.0,0.0,0.0,0.0,0.0,0.0,0.0,0.0,0.0,0.0,0.0,0.0,0.0,0.0,0.0,0.0,0.0,0.0,0.0,0.0,0.0,0.0,0.0,0.0,0.0,0.0,0.0,0.0,0.0,0.0,0.0,0.0,0.0,0.0,0.0,0.0,0.0,0.0,0.0,0.0,0.0,0.0,0.0,0.0,0.0,0.0,0.0,0.0,0.0,0.0,0.0,0.0,0.0,0.0,0.0,0.0,0.0,0.0,0.0,0.0,0.0,0.0,0.0,0.0,0.0,0.0,0.0,0.0,0.0,0.0,0.0,0.0,0.0,0.0,0.0,0.0,0.0,0.0,0.0,0.0,0.0,0.0,0.0,0.0,7777088551397.245,15554177102794.49,18263758247881.746,20973339392969.004,17409812192383.775,13846284991798.549,6923142495899.274,0.0,0.0,0.0,0.0,0.0,70797937621506.02,141595875243012.03,660040337247993.2,1178484799252974.5,862757975543935.5,547031151834896.5,273515575917448.25,0.0,0.0,0.0,0.0,0.0,0.0,0.0,0.0,0.0,0.0,0.0,0.0,0.0,0.0,0.0,2467987482906901.0,4935974965813802.0,1.592250786080346e+16,2.690904075579312e+16,3.7779021905908184e+16,4.864900305602324e+16,4.9929880043698696e+16,5.121075703137414e+16,4.112288598857516e+16,3.1035014945776184e+16,1.933598092490622e+16,7636946904036256.0,3818473452018128.0,0.0,0.0,0.0,1120706688157521.2,2241413376315042.5,5834228454863321.0,9427043533411598.0,1.0252065170712148e+16,1.1077086808012698e+16,7959930264618541.0,4842773721224385.0,2421386860612192.5,0.0,0.0,0.0,0.0,0.0,0.0,0.0,0.0,0.0,0.0,0.0,0.0,0.0,0.0,0.0,0.0,0.0,0.0,0.0,0.0,0.0,0.0,0.0,0.0,0.0,0.0,0.0,0.0,0.0,0.0,0.0,0.0,0.0,0.0,0.0,0.0,0.0,0.0,0.0,0.0,0.0,0.0,0.0,0.0,0.0,0.0,0.0,0.0,0.0,0.0,0.0,0.0,0.0,0.0,0.0,0.0,0.0,0.0,0.0,0.0,0.0,0.0,0.0,0.0
32.7567418298905,105.148262291741,23.46997760236,228.0,15.0,142.96511622167475,5.0,5.0,0.1028233794960845,8.001242404839614e+16,0.0,0.0,0.0,0.0,0.0,0.0,0.0,0.0,0.0,0.0,0.0,0.0,0.0,0.0,0.0,0.0,0.0,0.0,0.0,0.0,0.0,0.0,0.0,0.0,0.0,0.0,0.0,0.0,0.0,0.0,0.0,0.0,0.0,0.0,0.0,0.0,0.0,0.0,0.0,0.0,0.0,0.0,0.0,0.0,0.0,0.0,0.0,0.0,0.0,0.0,0.0,0.0,0.0,0.0,0.0,0.0,0.0,0.0,0.0,0.0,0.0,0.0,0.0,0.0,0.0,0.0,0.0,0.0,0.0,0.0,0.0,0.0,0.0,0.0,0.0,0.0,0.0,0.0,0.0,0.0,0.0,0.0,0.0,0.0,0.0,0.0,0.0,0.0,0.0,0.0,0.0,0.0,0.0,0.0,0.0,0.0,0.0,0.0,0.0,0.0,0.0,0.0,0.0,0.0,0.0,0.0,0.0,0.0,0.0,0.0,0.0,0.0,0.0,0.0,0.0,0.0,0.0,393050641532609.4,786101283065218.8,901645938540513.0,1017190594015807.1,899973136516679.2,782755679017551.6,498195917992714.6,213636156967877.75,113820444169718.75,14004731371559.78,7812301555927.569,1619871740295.3608,809935870147.6804,0.0,0.0,0.0,0.0,0.0,0.0,0.0,0.0,0.0,0.0,0.0,0.0,0.0,0.0,0.0,0.0,0.0,0.0,0.0,0.0,0.0,1781442064647990.8,3562884129295981.5,8828656439225826.0,1.409442874915567e+16,1.7816776765200206e+16,2.153912478124474e+16,1.9777961887406884e+16,1.801679899356903e+16,1.2252956509720838e+16,6489114025872649.0,3244557012936324.5,0.0,0.0,0.0,190724350046850.47,381448700093700.94,1874925650083877.8,3368402600074054.5,4389789188683119.0,5411175777292185.0,4786202802829200.0,4161229828366214.5,2166868987809908.5,172508147253602.56,86254073626801.28,0.0,0.0,0.0,0.0,0.0,0.0,0.0,0.0,0.0,0.0,0.0,0.0,0.0,0.0,0.0,0.0,0.0,0.0,0.0,0.0,0.0,0.0,0.0,0.0,0.0,0.0,0.0,0.0,0.0,0.0,0.0,0.0,0.0,0.0,0.0,0.0,0.0,0.0,0.0,0.0,0.0,0.0,0.0,0.0,0.0,0.0,0.0,0.0,0.0,0.0,0.0,0.0,0.0,0.0,0.0,0.0,0.0,0.0,0.0,0.0,0.0,0.0,0.0,0.0
32.7893349887937,105.113126949131,24.5511456592836,228.0,10.0,90.0,5.0,5.0,0.0,0.0,0.0,0.0,0.0,0.0,0.0,0.0,0.0,0.0,0.0,0.0,0.0,0.0,0.0,0.0,0.0,0.0,0.0,0.0,0.0,0.0,0.0,0.0,0.0,0.0,0.0,0.0,0.0,0.0,0.0,0.0,0.0,0.0,0.0,0.0,0.0,0.0,0.0,0.0,0.0,0.0,0.0,0.0,0.0,0.0,0.0,0.0,0.0,0.0,0.0,0.0,0.0,0.0,0.0,0.0,0.0,0.0,0.0,0.0,0.0,0.0,0.0,0.0,0.0,0.0,0.0,0.0,0.0,0.0,0.0,0.0,0.0,0.0,0.0,0.0,0.0,0.0,0.0,0.0,0.0,0.0,0.0,0.0,0.0,0.0,0.0,0.0,0.0,0.0,0.0,0.0,0.0,0.0,0.0,0.0,0.0,0.0,0.0,0.0,0.0,0.0,0.0,0.0,0.0,0.0,0.0,0.0,0.0,0.0,0.0,0.0,0.0,0.0,0.0,0.0,0.0,0.0,0.0,0.0,0.0,0.0,0.0,0.0,0.0,0.0,0.0,0.0,0.0,0.0,0.0,0.0,0.0,0.0,0.0,0.0,0.0,0.0,0.0,0.0,0.0,0.0,0.0,0.0,0.0,0.0,0.0,0.0,0.0,0.0,0.0,0.0,0.0,0.0,0.0,0.0,0.0,0.0,0.0,0.0,0.0,0.0,0.0,0.0,0.0,0.0,0.0,0.0,0.0,0.0,0.0,0.0,0.0,0.0,0.0,0.0,0.0,0.0,0.0,0.0,0.0,0.0,0.0,0.0,0.0,0.0,0.0,0.0,0.0,0.0,0.0,0.0,0.0,0.0,0.0,0.0,0.0,0.0,0.0,0.0,0.0,0.0,0.0,0.0,0.0,0.0,0.0,0.0,0.0,0.0,0.0,0.0,0.0,0.0,0.0,0.0,0.0,0.0,0.0,0.0,0.0,0.0,0.0,0.0,0.0,0.0,0.0,0.0,0.0,0.0,0.0,0.0,0.0,0.0,0.0,0.0,0.0,0.0,0.0,0.0,0.0,0.0
32.5557872640577,105.292594522672,2.46201938253052,228.0,80.0,151.53981249700752,5.0,5.0,1.2397433265496345,9.647112285279043e+17,0.0,0.0,0.0,0.0,0.0,0.0,0.0,0.0,0.0,0.0,0.0,0.0,0.0,0.0,0.0,0.0,0.0,0.0,0.0,0.0,0.0,0.0,0.0,0.0,0.0,0.0,0.0,0.0,0.0,0.0,0.0,0.0,0.0,0.0,0.0,0.0,0.0,0.0,0.0,0.0,0.0,0.0,0.0,0.0,0.0,0.0,0.0,0.0,0.0,0.0,0.0,0.0,0.0,0.0,0.0,0.0,0.0,0.0,0.0,0.0,0.0,0.0,0.0,0.0,0.0,0.0,0.0,0.0,0.0,0.0,0.0,0.0,0.0,0.0,0.0,0.0,0.0,0.0,0.0,0.0,0.0,0.0,0.0,0.0,0.0,0.0,0.0,0.0,0.0,0.0,0.0,0.0,0.0,0.0,0.0,0.0,0.0,0.0,0.0,0.0,0.0,0.0,0.0,0.0,0.0,0.0,0.0,0.0,0.0,0.0,0.0,0.0,0.0,2139546435093685.5,4279092870187371.0,6946040949973113.0,9612989029758856.0,1.2792215715531938e+16,1.5971442401305022e+16,1.824394669001355e+16,2.051645097872208e+16,2.1036719483234924e+16,2.1556987987747772e+16,2.155761313755494e+16,2.1558238287362108e+16,2.0929071918491988e+16,2.0299905549621868e+16,1.7818615449125916e+16,1.5337325348629964e+16,1.1786469747788036e+16,8235614146946107.0,4957502947641368.0,1679391748336629.0,1359912567297849.0,1040433386259069.0,2789349192289646.0,4538264998320223.0,8701324330074545.0,1.2864383661828868e+16,1.9698600793532188e+16,2.653281792523551e+16,3.377928572495638e+16,4.102575352467724e+16,4.601696947630097e+16,5.100818542792469e+16,5.335606751940373e+16,5.570394961088276e+16,5.599043441878076e+16,5.627691922667875e+16,5.740215356800779e+16,5.8527387909336824e+16,6.117508523710184e+16,6.382278256486686e+16,6.6249364887781304e+16,6.867594721069575e+16,6.972881922376412e+16,7.07816912368325e+16,7.06342280718916e+16,7.048676490695072e+16,6.887913472867657e+16,6.727150455040242e+16,6.2578912365858744e+16,5.788632018131508e+16,4.959024786925221e+16,4.1294175557189336e+16,3.059826372997695e+16,1.990235190276457e+16,1.3660907092583396e+16,7419462282402221.0,1.5873680977769146e+16,2.432789967313608e+16,2.530234705736148e+16,2.627679444158688e+16,1.313839722079344e+16,0.0,0.0,0.0,0.0,0.0,0.0,0.0,0.0,0.0,0.0,0.0,0.0,0.0,0.0,0.0,0.0,0.0,0.0,0.0,0.0,0.0,0.0,0.0,0.0,0.0,0.0,0.0,0.0,0.0,0.0,0.0,0.0,0.0,0.0,0.0,0.0,0.0,0.0,0.0,0.0,0.0,0.0,0.0,0.0,0.0,0.0,0.0,0.0,0.0,0.0,0.0,0.0,0.0,0.0,0.0,0.0,0.0,0.0,0.0,0.0,0.0,0.0,0.0,0.0,0.0,0.0
32.565749776117,105.281877161224,7.18980823265266,228.0,65.0,161.67530430273342,5.0,5.0,0.9921187588641671,7.720211806851871e+17,0.0,0.0,0.0,0.0,0.0,0.0,0.0,0.0,0.0,0.0,0.0,0.0,0.0,0.0,0.0,0.0,0.0,0.0,0.0,0.0,0.0,0.0,0.0,0.0,0.0,0.0,0.0,0.0,0.0,0.0,0.0,0.0,0.0,0.0,0.0,0.0,0.0,0.0,0.0,0.0,0.0,0.0,0.0,0.0,0.0,0.0,0.0,0.0,0.0,0.0,0.0,0.0,0.0,0.0,0.0,0.0,0.0,0.0,0.0,0.0,0.0,0.0,0.0,0.0,0.0,0.0,0.0,0.0,0.0,0.0,0.0,0.0,0.0,0.0,0.0,0.0,0.0,0.0,0.0,0.0,0.0,0.0,0.0,0.0,0.0,0.0,0.0,0.0,0.0,0.0,0.0,0.0,0.0,0.0,0.0,0.0,0.0,0.0,0.0,0.0,0.0,0.0,0.0,0.0,0.0,0.0,0.0,0.0,0.0,0.0,0.0,0.0,0.0,0.0,0.0,781695670625343.6,1563391341250687.2,3373221090430465.0,5183050839610243.0,6670672666114914.0,8158294492619586.0,8426826870280855.0,8695359247942123.0,9546795048453488.0,1.0398230848964852e+16,1.0753908334657914e+16,1.1109585820350976e+16,1.0482016206007078e+16,9854446591663182.0,8776574517069013.0,7698702442474845.0,6514531205825003.0,5330359969175164.0,4674234173460837.0,4018108377746510.5,3278973404386199.5,2539838431025889.0,3616738651293725.5,4693638871561564.0,9288422055340944.0,1.3883205239120324e+16,1.8766008559753196e+16,2.3648811880386064e+16,2.6582898075892604e+16,2.9516984271399144e+16,3.0048872851953164e+16,3.0580761432507176e+16,3.152347718789553e+16,3.246619294328388e+16,3.660892835429981e+16,4.075166376531573e+16,4.727737817111282e+16,5.3803092576909896e+16,5.9457758130715464e+16,6.511242368452104e+16,6.856405854121219e+16,7.201569339790335e+16,7.319991029922011e+16,7.438412720053686e+16,7.252917456082946e+16,7.0674221921122056e+16,6.5148303804303464e+16,5.962238568748487e+16,5.0749428819571096e+16,4.187647195165732e+16,3.1471413825228924e+16,2.106635569880052e+16,1.305755533575796e+16,5048754972715401.0,1.5205278552485452e+16,2.53618021322555e+16,2.9163513393568932e+16,3.2965224654882364e+16,1.6482612327441182e+16,0.0,0.0,0.0,0.0,0.0,0.0,0.0,0.0,0.0,0.0,0.0,0.0,0.0,0.0,0.0,0.0,0.0,0.0,0.0,0.0,0.0,0.0,0.0,0.0,0.0,0.0,0.0,0.0,0.0,0.0,0.0,0.0,0.0,0.0,0.0,0.0,0.0,0.0,0.0,0.0,0.0,0.0,0.0,0.0,0.0,0.0,0.0,0.0,0.0,0.0,0.0,0.0,0.0,0.0,0.0,0.0,0.0,0.0,0.0,0.0,0.0,0.0,0.0,0.0,0.0,0.0
32.5835507424982,105.26271284368,11.3706888080417,228.0,50.0,171.62929409733692,5.0,5.0,0.7613585618313258,5.924542103232934e+17,0.0,0.0,0.0,0.0,0.0,0.0,0.0,0.0,0.0,0.0,0.0,0.0,0.0,0.0,0.0,0.0,0.0,0.0,0.0,0.0,0.0,0.0,0.0,0.0,0.0,0.0,0.0,0.0,0.0,0.0,0.0,0.0,0.0,0.0,0.0,0.0,0.0,0.0,0.0,0.0,0.0,0.0,0.0,0.0,0.0,0.0,0.0,0.0,0.0,0.0,0.0,0.0,0.0,0.0,0.0,0.0,0.0,0.0,0.0,0.0,0.0,0.0,0.0,0.0,0.0,0.0,0.0,0.0,0.0,0.0,0.0,0.0,0.0,0.0,0.0,0.0,0.0,0.0,0.0,0.0,0.0,0.0,0.0,0.0,0.0,0.0,0.0,0.0,0.0,0.0,0.0,0.0,0.0,0.0,0.0,0.0,0.0,0.0,0.0,0.0,0.0,0.0,0.0,0.0,0.0,0.0,0.0,0.0,0.0,0.0,0.0,0.0,0.0,0.0,0.0,0.0,0.0,0.0,0.0,0.0,0.0,0.0,0.0,0.0,0.0,510444580095500.56,1020889160191001.1,2887615851714171.5,4754342543237341.0,7407570757596685.0,1.0060798971956028e+16,1.1705877218567166e+16,1.3350955465178302e+16,1.2428099342166804e+16,1.1505243219155312e+16,8628968892923630.0,5752694566691948.0,3419711585932127.0,1086728605172304.8,1001449944814343.2,916171284456382.0,1487615375970823.5,2059059467485265.2,2026712560026638.2,1994365652568010.8,1127859938996288.8,261354225424566.97,3247507077573432.5,6233659929722298.0,1.1533984619583672e+16,1.6834309309445042e+16,2.582295959498095e+16,3.481160988051686e+16,4.543786645113574e+16,5.606412302175463e+16,6.53197374382972e+16,7.457535185483979e+16,7.917080588999627e+16,8.376625992515277e+16,8.137522528606109e+16,7.898419064696942e+16,7.035629456583692e+16,6.17283984847044e+16,4.987613673573832e+16,3.802387498677224e+16,2.7050263402724664e+16,1.6076651818677088e+16,9793437137464882.0,3510222456252676.0,1.6679547141338182e+16,2.984887182642369e+16,3.4541477423484884e+16,3.923408302054609e+16,1.9617041510273044e+16,0.0,0.0,0.0,0.0,0.0,0.0,0.0,0.0,0.0,0.0,0.0,0.0,0.0,0.0,0.0,0.0,0.0,0.0,0.0,0.0,0.0,0.0,0.0,0.0,0.0,0.0,0.0,0.0,0.0,0.0,0.0,0.0,0.0,0.0,0.0,0.0,0.0,0.0,0.0,0.0,0.0,0.0,0.0,0.0,0.0,0.0,0.0,0.0,0.0,0.0,0.0,0.0,0.0,0.0,0.0,0.0,0.0,0.0,0.0,0.0,0.0,0.0,0.0,0.0,0.0,0.0
32.6070897267307,105.237354057773,14.8927689400555,228.0,40.0,172.4087662606872,5.0,5.0,0.6619433117028743,5.1509383577483846e+17,0.0,0.0,0.0,0.0,0.0,0.0,0.0,0.0,0.0,0.0,0.0,0.0,0.0,0.0,0.0,0.0,0.0,0.0,0.0,0.0,0.0,0.0,0.0,0.0,0.0,0.0,0.0,0.0,0.0,0.0,0.0,0.0,0.0,0.0,0.0,0.0,0.0,0.0,0.0,0.0,0.0,0.0,0.0,0.0,0.0,0.0,0.0,0.0,0.0,0.0,0.0,0.0,0.0,0.0,0.0,0.0,0.0,0.0,0.0,0.0,0.0,0.0,0.0,0.0,0.0,0.0,0.0,0.0,0.0,0.0,0.0,0.0,0.0,0.0,0.0,0.0,0.0,0.0,0.0,0.0,0.0,0.0,0.0,0.0,0.0,0.0,0.0,0.0,0.0,0.0,0.0,0.0,0.0,0.0,0.0,0.0,0.0,0.0,0.0,0.0,0.0,0.0,0.0,0.0,0.0,0.0,0.0,0.0,0.0,0.0,0.0,0.0,0.0,0.0,0.0,0.0,0.0,0.0,0.0,0.0,0.0,0.0,0.0,0.0,0.0,0.0,0.0,1488593479822117.5,2977186959644235.0,6772490581455420.0,1.0567794203266606e+16,1.3120259333409164e+16,1.5672724463551722e+16,1.4087800835659268e+16,1.2502877207766812e+16,8615843720153364.0,4728810232539916.0,2364405116269958.0,0.0,0.0,0.0,0.0,0.0,0.0,0.0,0.0,0.0,0.0,0.0,275520557106755.62,551041114213511.25,8369484312187490.0,1.6187927510161468e+16,3.1453256029262476e+16,4.671858454836348e+16,6.239049796126831e+16,7.806241137417314e+16,8.591121979122434e+16,9.376002820827555e+16,8.961487817458243e+16,8.546972814088931e+16,7.152681151756375e+16,5.7583894894238184e+16,4.131469026895732e+16,2.5045485643676444e+16,1.4867921081921834e+16,4690356520167224.0,3559517729222706.0,2428678938278188.0,1.3886129510827338e+16,2.534358008337648e+16,2.907315290781635e+16,3.2802725732256228e+16,1.6401362866128114e+16,0.0,0.0,0.0,0.0,0.0,0.0,0.0,0.0,0.0,0.0,0.0,0.0,0.0,0.0,0.0,0.0,0.0,0.0,0.0,0.0,0.0,0.0,0.0,0.0,0.0,0.0,0.0,0.0,0.0,0.0,0.0,0.0,0.0,0.0,0.0,0.0,0.0,0.0,0.0,0.0,0.0,0.0,0.0,0.0,0.0,0.0,0.0,0.0,0.0,0.0,0.0,0.0,0.0,0.0,0.0,0.0,0.0,0.0,0.0,0.0,0.0,0.0,0.0,0.0,0.0,0.0
32.6343586026171,105.20796158963,17.7497379642719,228.0,30.0,172.89180904498147,5.0,5.0,0.5501792462250454,4.28124181167004e+17,0.0,0.0,0.0,0.0,0.0,0.0,0.0,0.0,0.0,0.0,0.0,0.0,0.0,0.0,0.0,0.0,0.0,0.0,0.0,0.0,0.0,0.0,0.0,0.0,0.0,0.0,0.0,0.0,0.0,0.0,0.0,0.0,0.0,0.0,0.0,0.0,0.0,0.0,0.0,0.0,0.0,0.0,0.0,0.0,0.0,0.0,0.0,0.0,0.0,0.0,0.0,0.0,0.0,0.0,0.0,0.0,0.0,0.0,0.0,0.0,0.0,0.0,0.0,0.0,0.0,0.0,0.0,0.0,0.0,0.0,0.0,0.0,0.0,0.0,0.0,0.0,0.0,0.0,0.0,0.0,0.0,0.0,0.0,0.0,0.0,0.0,0.0,0.0,0.0,0.0,0.0,0.0,0.0,0.0,0.0,0.0,0.0,0.0,0.0,0.0,0.0,0.0,0.0,0.0,0.0,0.0,0.0,0.0,0.0,0.0,0.0,0.0,0.0,0.0,0.0,0.0,0.0,0.0,0.0,0.0,0.0,0.0,0.0,0.0,0.0,0.0,0.0,0.0,0.0,2648893335109019.0,5297786670218038.0,7524030727831824.0,9750274785445610.0,8056720490303604.0,6363166195161596.0,3601244719803984.5,839323244446373.1,419661622223186.56,0.0,0.0,0.0,0.0,0.0,0.0,0.0,0.0,0.0,0.0,0.0,0.0,0.0,4979710681538363.0,9959421363076726.0,2.695565924672544e+16,4.395189713037415e+16,6.2767113448518984e+16,8.158232976666382e+16,8.954090667937306e+16,9.749948359208229e+16,8.928602826017408e+16,8.107257292826589e+16,6.217887946547481e+16,4.328518600268373e+16,2.6592863415395676e+16,9900540828107624.0,4950270414053812.0,0.0,526082273889842.8,1052164547779685.6,8899197378039566.0,1.6746230208299444e+16,1.8785017056349244e+16,2.082380390439904e+16,1.041190195219952e+16,0.0,0.0,0.0,0.0,0.0,0.0,0.0,0.0,0.0,0.0,0.0,0.0,0.0,0.0,0.0,0.0,0.0,0.0,0.0,0.0,0.0,0.0,0.0,0.0,0.0,0.0,0.0,0.0,0.0,0.0,0.0,0.0,0.0,0.0,0.0,0.0,0.0,0.0,0.0,0.0,0.0,0.0,0.0,0.0,0.0,0.0,0.0,0.0,0.0,0.0,0.0,0.0,0.0,0.0,0.0,0.0,0.0,0.0,0.0,0.0,0.0,0.0,0.0,0.0,0.0,0.0
32.663971020187,105.176028812801,20.0562836186236,228.0,25.0,168.68986303741644,5.0,5.0,0.4012838568587751,3.1226063835008326e+17,0.0,0.0,0.0,0.0,0.0,0.0,0.0,0.0,0.0,0.0,0.0,0.0,0.0,0.0,0.0,0.0,0.0,0.0,0.0,0.0,0.0,0.0,0.0,0.0,0.0,0.0,0.0,0.0,0.0,0.0,0.0,0.0,0.0,0.0,0.0,0.0,0.0,0.0,0.0,0.0,0.0,0.0,0.0,0.0,0.0,0.0,0.0,0.0,0.0,0.0,0.0,0.0,0.0,0.0,0.0,0.0,0.0,0.0,0.0,0.0,0.0,0.0,0.0,0.0,0.0,0.0,0.0,0.0,0.0,0.0,0.0,0.0,0.0,0.0,0.0,0.0,0.0,0.0,0.0,0.0,0.0,0.0,0.0,0.0,0.0,0.0,0.0,0.0,0.0,0.0,0.0,0.0,0.0,0.0,0.0,0.0,0.0,0.0,0.0,0.0,0.0,0.0,0.0,0.0,0.0,0.0,0.0,0.0,0.0,0.0,0.0,0.0,0.0,0.0,0.0,0.0,0.0,0.0,0.0,0.0,0.0,0.0,0.0,0.0,0.0,0.0,0.0,0.0,0.0,400974719376356.9,801949438752713.8,1654697879997518.5,2507446321242324.0,1952520716547806.0,1397595111853288.5,698797555926644.2,0.0,0.0,0.0,0.0,0.0,0.0,0.0,0.0,0.0,0.0,0.0,0.0,0.0,0.0,0.0,5204590714749717.0,1.0409181429499434e+16,2.6317058480501468e+16,4.22249355315035e+16,5.770563820201927e+16,7.318634087253506e+16,7.627330396460821e+16,7.936026705668134e+16,6.747010799369437e+16,5.5579948930707384e+16,3.790223457294108e+16,2.0224520215174764e+16,1.0112260107587382e+16,0.0,0.0,0.0,1066081272127046.8,2132162544254093.5,6927778181701539.0,1.1723393819148986e+16,1.221814544893968e+16,1.2712897078730372e+16,6356448539365186.0,0.0,0.0,0.0,0.0,0.0,0.0,0.0,0.0,0.0,0.0,0.0,0.0,0.0,0.0,0.0,0.0,0.0,0.0,0.0,0.0,0.0,0.0,0.0,0.0,0.0,0.0,0.0,0.0,0.0,0.0,0.0,0.0,0.0,0.0,0.0,0.0,0.0,0.0,0.0,0.0,0.0,0.0,0.0,0.0,0.0,0.0,0.0,0.0,0.0,0.0,0.0,0.0,0.0,0.0,0.0,0.0,0.0,0.0,0.0,0.0,0.0,0.0,0.0,0.0,0.0,0.0
32.694814281033,105.142754292099,21.9678796312896,228.0,20.0,158.54095784130442,5.0,5.0,0.23501354927438256,1.828767334220579e+17,0.0,0.0,0.0,0.0,0.0,0.0,0.0,0.0,0.0,0.0,0.0,0.0,0.0,0.0,0.0,0.0,0.0,0.0,0.0,0.0,0.0,0.0,0.0,0.0,0.0,0.0,0.0,0.0,0.0,0.0,0.0,0.0,0.0,0.0,0.0,0.0,0.0,0.0,0.0,0.0,0.0,0.0,0.0,0.0,0.0,0.0,0.0,0.0,0.0,0.0,0.0,0.0,0.0,0.0,0.0,0.0,0.0,0.0,0.0,0.0,0.0,0.0,0.0,0.0,0.0,0.0,0.0,0.0,0.0,0.0,0.0,0.0,0.0,0.0,0.0,0.0,0.0,0.0,0.0,0.0,0.0,0.0,0.0,0.0,0.0,0.0,0.0,0.0,0.0,0.0,0.0,0.0,0.0,0.0,0.0,0.0,0.0,0.0,0.0,0.0,0.0,0.0,0.0,0.0,0.0,0.0,0.0,0.0,0.0,0.0,0.0,0.0,0.0,0.0,0.0,17917238364069.15,35834476728138.3,424044895983419.44,812255315238700.6,482666125021179.5,153076934803658.38,76538467401829.19,0.0,0.0,0.0,0.0,0.0,0.0,0.0,0.0,0.0,0.0,0.0,0.0,0.0,0.0,0.0,0.0,0.0,0.0,0.0,0.0,0.0,0.0,0.0,0.0,0.0,0.0,0.0,0.0,0.0,5851385124452496.0,1.1702770248904992e+16,2.2599416028235308e+16,3.349606180756562e+16,4.094741579893738e+16,4.839876979030914e+16,4.57594130080347e+16,4.312005622576026e+16,3.204350281731211e+16,2.0966949408863972e+16,1.1290655625613456e+16,1614361842362939.8,807180921181469.9,0.0,453943707077535.5,907887414155071.0,3315001918303988.5,5722116422452906.0,7629478907789944.0,9536841393126980.0,7973296767456246.0,6409752141785513.0,3204876070892756.5,0.0,0.0,0.0,0.0,0.0,0.0,0.0,0.0,0.0,0.0,0.0,0.0,0.0,0.0,0.0,0.0,0.0,0.0,0.0,0.0,0.0,0.0,0.0,0.0,0.0,0.0,0.0,0.0,0.0,0.0,0.0,0.0,0.0,0.0,0.0,0.0,0.0,0.0,0.0,0.0,0.0,0.0,0.0,0.0,0.0,0.0,0.0,0.0,0.0,0.0,0.0,0.0,0.0,0.0,0.0,0.0,0.0,0.0,0.0,0.0,0.0,0.0,0.0,0.0,0.0,0.0
32.7266536493165,105.108392240816,23.46997760236,228.0,15.0,141.12308938534875,5.0,5.0,0.10130759099368247,7.883290716209798e+16,0.0,0.0,0.0,0.0,0.0,0.0,0.0,0.0,0.0,0.0,0.0,0.0,0.0,0.0,0.0,0.0,0.0,0.0,0.0,0.0,0.0,0.0,0.0,0.0,0.0,0.0,0.0,0.0,0.0,0.0,0.0,0.0,0.0,0.0,0.0,0.0,0.0,0.0,0.0,0.0,0.0,0.0,0.0,0.0,0.0,0.0,0.0,0.0,0.0,0.0,0.0,0.0,0.0,0.0,0.0,0.0,0.0,0.0,0.0,0.0,0.0,0.0,0.0,0.0,0.0,0.0,0.0,0.0,0.0,0.0,0.0,0.0,0.0,0.0,0.0,0.0,0.0,0.0,0.0,0.0,0.0,0.0,0.0,0.0,0.0,0.0,0.0,0.0,0.0,0.0,0.0,0.0,0.0,0.0,0.0,0.0,0.0,0.0,0.0,0.0,0.0,0.0,0.0,0.0,0.0,0.0,0.0,0.0,0.0,0.0,0.0,0.0,0.0,0.0,0.0,216743905333829.47,433487810667658.94,918404441158289.2,1403321071648919.5,1274089055174125.8,1144857038699332.0,712352929952021.5,279848821204711.25,140414159591413.88,979497978116.5266,489748989058.2633,0.0,0.0,0.0,0.0,0.0,0.0,0.0,0.0,0.0,0.0,0.0,0.0,0.0,0.0,0.0,0.0,0.0,0.0,0.0,0.0,0.0,0.0,0.0,295110442357660.94,590220884715321.9,4009342125909515.0,7428463367103707.0,1.1804995272132396e+16,1.6181527177161084e+16,1.7443796926700964e+16,1.8706066676240844e+16,1.5115905048945722e+16,1.1525743421650602e+16,6358411432603952.0,1191079443557300.2,595539721778650.1,0.0,0.0,0.0,1123025127471979.9,2246050254943959.8,4271174017158880.0,6296297779373799.0,7131139012839835.0,7965980246305872.0,5702481958576310.0,3438983670846748.0,1719491835423374.0,0.0,0.0,0.0,0.0,0.0,0.0,0.0,0.0,0.0,0.0,0.0,0.0,0.0,0.0,0.0,0.0,0.0,0.0,0.0,0.0,0.0,0.0,0.0,0.0,0.0,0.0,0.0,0.0,0.0,0.0,0.0,0.0,0.0,0.0,0.0,0.0,0.0,0.0,0.0,0.0,0.0,0.0,0.0,0.0,0.0,0.0,0.0,0.0,0.0,0.0,0.0,0.0,0.0,0.0,0.0,0.0,0.0,0.0,0.0,0.0,0.0,0.0,0.0,0.0,0.0,0.0
32.7592468082197,105.073246031067,24.5511456592836,228.0,10.0,90.0,5.0,5.0,0.0,0.0,0.0,0.0,0.0,0.0,0.0,0.0,0.0,0.0,0.0,0.0,0.0,0.0,0.0,0.0,0.0,0.0,0.0,0.0,0.0,0.0,0.0,0.0,0.0,0.0,0.0,0.0,0.0,0.0,0.0,0.0,0.0,0.0,0.0,0.0,0.0,0.0,0.0,0.0,0.0,0.0,0.0,0.0,0.0,0.0,0.0,0.0,0.0,0.0,0.0,0.0,0.0,0.0,0.0,0.0,0.0,0.0,0.0,0.0,0.0,0.0,0.0,0.0,0.0,0.0,0.0,0.0,0.0,0.0,0.0,0.0,0.0,0.0,0.0,0.0,0.0,0.0,0.0,0.0,0.0,0.0,0.0,0.0,0.0,0.0,0.0,0.0,0.0,0.0,0.0,0.0,0.0,0.0,0.0,0.0,0.0,0.0,0.0,0.0,0.0,0.0,0.0,0.0,0.0,0.0,0.0,0.0,0.0,0.0,0.0,0.0,0.0,0.0,0.0,0.0,0.0,0.0,0.0,0.0,0.0,0.0,0.0,0.0,0.0,0.0,0.0,0.0,0.0,0.0,0.0,0.0,0.0,0.0,0.0,0.0,0.0,0.0,0.0,0.0,0.0,0.0,0.0,0.0,0.0,0.0,0.0,0.0,0.0,0.0,0.0,0.0,0.0,0.0,0.0,0.0,0.0,0.0,0.0,0.0,0.0,0.0,0.0,0.0,0.0,0.0,0.0,0.0,0.0,0.0,0.0,0.0,0.0,0.0,0.0,0.0,0.0,0.0,0.0,0.0,0.0,0.0,0.0,0.0,0.0,0.0,0.0,0.0,0.0,0.0,0.0,0.0,0.0,0.0,0.0,0.0,0.0,0.0,0.0,0.0,0.0,0.0,0.0,0.0,0.0,0.0,0.0,0.0,0.0,0.0,0.0,0.0,0.0,0.0,0.0,0.0,0.0,0.0,0.0,0.0,0.0,0.0,0.0,0.0,0.0,0.0,0.0,0.0,0.0,0.0,0.0,0.0,0.0,0.0,0.0,0.0,0.0,0.0,0.0,0.0,0.0,0.0
32.5256990834837,105.252795032837,2.46201938253052,228.0,80.0,148.69635616436162,5.0,5.0,2.069904420573079,1.610704404486624e+18,0.0,0.0,0.0,0.0,0.0,0.0,0.0,0.0,0.0,0.0,0.0,0.0,0.0,0.0,0.0,0.0,0.0,0.0,0.0,0.0,0.0,0.0,0.0,0.0,0.0,0.0,0.0,0.0,0.0,0.0,0.0,0.0,0.0,0.0,0.0,0.0,0.0,0.0,0.0,0.0,0.0,0.0,0.0,0.0,0.0,0.0,0.0,0.0,0.0,0.0,0.0,0.0,0.0,0.0,0.0,0.0,0.0,0.0,0.0,0.0,0.0,0.0,0.0,0.0,0.0,0.0,0.0,0.0,0.0,0.0,0.0,0.0,0.0,0.0,0.0,0.0,0.0,0.0,0.0,0.0,0.0,0.0,0.0,0.0,0.0,0.0,0.0,0.0,0.0,0.0,0.0,0.0,0.0,0.0,0.0,0.0,0.0,0.0,0.0,0.0,0.0,0.0,0.0,0.0,0.0,0.0,0.0,0.0,0.0,0.0,0.0,5405231536638998.0,1.0810463073277996e+16,1.6933467649836338e+16,2.3056472226394676e+16,3.0183514662999896e+16,3.731055709960511e+16,4.367947847020356e+16,5.004839984080201e+16,5.2560426328149336e+16,5.507245281549668e+16,5.301413363769361e+16,5.0955814459890536e+16,4.6983336909397304e+16,4.301085935890409e+16,3.886921725931979e+16,3.4727575159735508e+16,2.962180790622855e+16,2.4516040652721596e+16,1.91918876120366e+16,1.386773457135161e+16,1.0668440664842454e+16,7469146758333299.0,8731301185753470.0,9993455613173640.0,1.6185357800915954e+16,2.237725998865827e+16,3.159020740212497e+16,4.080315481559167e+16,5.166056903289575e+16,6.251798325019983e+16,7.24077351613276e+16,8.229748707245538e+16,8.819176324335624e+16,9.408603941425712e+16,9.611639623506363e+16,9.814675305587016e+16,9.735580524741117e+16,9.656485743895214e+16,9.504031689222646e+16,9.351577634550074e+16,9.369469756245211e+16,9.387361877940347e+16,9.51186080037198e+16,9.636359722803616e+16,9.768396236478333e+16,9.90043275015305e+16,9.935561621449054e+16,9.970690492745061e+16,9.715666347685256e+16,9.460642202625451e+16,8.740911157147069e+16,8.021180111668685e+16,6.8138207914821944e+16,5.606461471295704e+16,4.16906761920964e+16,2.7316737671235764e+16,1.681279064252808e+16,6308843613820402.0,6204048755948364.0,6099253898076324.0,3049626949038162.0,0.0,0.0,0.0,0.0,0.0,0.0,0.0,0.0,0.0,0.0,0.0,0.0,0.0,0.0,0.0,0.0,0.0,0.0,0.0,0.0,0.0,0.0,0.0,0.0,0.0,0.0,0.0,0.0,0.0,0.0,0.0,0.0,0.0,0.0,0.0,0.0,0.0,0.0,0.0,0.0,0.0,0.0,0.0,0.0,0.0,0.0,0.0,0.0,0.0,0.0,0.0,0.0,0.0,0.0,0.0,0.0,0.0,0.0,0.0,0.0,0.0,0.0,0.0,0.0,0.0,0.0,0.0,0.0
32.535661595543,105.242074779995,7.18980823265266,228.0,65.0,150.9504011879378,5.0,5.0,1.4157751090343325,1.101691064195502e+18,0.0,0.0,0.0,0.0,0.0,0.0,0.0,0.0,0.0,0.0,0.0,0.0,0.0,0.0,0.0,0.0,0.0,0.0,0.0,0.0,0.0,0.0,0.0,0.0,0.0,0.0,0.0,0.0,0.0,0.0,0.0,0.0,0.0,0.0,0.0,0.0,0.0,0.0,0.0,0.0,0.0,0.0,0.0,0.0,0.0,0.0,0.0,0.0,0.0,0.0,0.0,0.0,0.0,0.0,0.0,0.0,0.0,0.0,0.0,0.0,0.0,0.0,0.0,0.0,0.0,0.0,0.0,0.0,0.0,0.0,0.0,0.0,0.0,0.0,0.0,0.0,0.0,0.0,0.0,0.0,0.0,0.0,0.0,0.0,0.0,0.0,0.0,0.0,0.0,0.0,0.0,0.0,0.0,0.0,0.0,0.0,0.0,0.0,0.0,0.0,0.0,0.0,0.0,0.0,0.0,0.0,0.0,0.0,0.0,10807309872532.178,21614619745064.355,1482352413464208.5,2943090207183353.0,6028796543996375.0,9114502880809396.0,1.4301097064392582e+16,1.9487691247975764e+16,2.5038632338316948e+16,3.058957342865813e+16,3.225778696025481e+16,3.392600049185149e+16,3.056666956552909e+16,2.7207338639206696e+16,2.309797540142288e+16,1.8988612163639068e+16,1.706535154574566e+16,1.5142090927852254e+16,1.234416712902888e+16,9546243330205510.0,6881230054157363.0,4216216778109216.5,2589591472600565.0,962966167091913.8,2288334160005660.5,3613702152919407.5,8391196100247646.0,1.3168690047575886e+16,2.046212297307413e+16,2.7755555898572372e+16,3.5345073754125396e+16,4.2934591609678424e+16,4.895914971754463e+16,5.498370782541083e+16,5.7673437073291464e+16,6.036316632117209e+16,6.0210985774923656e+16,6.0058805228675224e+16,5.8745082753731176e+16,5.743136027878714e+16,5.844295851185384e+16,5.9454556744920536e+16,6.417924988246728e+16,6.890394302001403e+16,7.441829833123645e+16,7.993265364245886e+16,8.398016935135568e+16,8.802768506025248e+16,8.95482385916224e+16,9.106879212299232e+16,8.817594836006856e+16,8.528310459714483e+16,7.73037574754041e+16,6.932441035366336e+16,5.721991202408893e+16,4.51154136945145e+16,3.2455605459024668e+16,1.9795797223534844e+16,1.1062492357210876e+16,2329187490886904.5,1164593745443452.2,0.0,0.0,0.0,0.0,0.0,0.0,0.0,0.0,0.0,0.0,0.0,0.0,0.0,0.0,0.0,0.0,0.0,0.0,0.0,0.0,0.0,0.0,0.0,0.0,0.0,0.0,0.0,0.0,0.0,0.0,0.0,0.0,0.0,0.0,0.0,0.0,0.0,0.0,0.0,0.0,0.0,0.0,0.0,0.0,0.0,0.0,0.0,0.0,0.0,0.0,0.0,0.0,0.0,0.0,0.0,0.0,0.0,0.0,0.0,0.0,0.0,0.0,0.0,0.0,0.0,0.0,0.0,0.0,0.0,0.0
32.5534625619242,105.222904218884,11.3706888080417,228.0,50.0,163.3931419543333,5.0,5.0,0.7826303652481343,6.090069492392968e+17,0.0,0.0,0.0,0.0,0.0,0.0,0.0,0.0,0.0,0.0,0.0,0.0,0.0,0.0,0.0,0.0,0.0,0.0,0.0,0.0,0.0,0.0,0.0,0.0,0.0,0.0,0.0,0.0,0.0,0.0,0.0,0.0,0.0,0.0,0.0,0.0,0.0,0.0,0.0,0.0,0.0,0.0,0.0,0.0,0.0,0.0,0.0,0.0,0.0,0.0,0.0,0.0,0.0,0.0,0.0,0.0,0.0,0.0,0.0,0.0,0.0,0.0,0.0,0.0,0.0,0.0,0.0,0.0,0.0,0.0,0.0,0.0,0.0,0.0,0.0,0.0,0.0,0.0,0.0,0.0,0.0,0.0,0.0,0.0,0.0,0.0,0.0,0.0,0.0,0.0,0.0,0.0,0.0,0.0,0.0,0.0,0.0,0.0,0.0,0.0,0.0,0.0,0.0,0.0,0.0,0.0,0.0,0.0,0.0,0.0,0.0,0.0,0.0,0.0,0.0,2652107930507961.5,5304215861015923.0,9117300182212714.0,1.2930384503409502e+16,1.4056324110526908e+16,1.5182263717644312e+16,1.2250357113948994e+16,9318450510253674.0,5286014569956231.0,1253578629658789.0,626789314829394.5,0.0,0.0,0.0,311877081413669.1,623754162827338.2,987840788632411.1,1351927414437484.0,1287973045363013.0,1224018676288542.0,2851418721909501.0,4478818767530459.5,8019524553996509.0,1.156023034046256e+16,1.452037718841734e+16,1.7480524036372122e+16,1.8253741880652252e+16,1.902695972493238e+16,1.789997426152907e+16,1.6772988798125758e+16,1.4817275780330684e+16,1.2861562762535614e+16,1.24769859744423e+16,1.2092409186348982e+16,1.6223936849968532e+16,2.035546451358808e+16,2.984324585326615e+16,3.933102719294423e+16,5.055561661072188e+16,6.1780206028499544e+16,7.114917492977137e+16,8.051814383104318e+16,8.412680402118722e+16,8.773546421133123e+16,8.3609353990017e+16,7.948324376870278e+16,6.8666724337467496e+16,5.785020490623222e+16,4.444317069945012e+16,3.1036136492668016e+16,2.024555384755602e+16,9454971202444024.0,4727485601222012.0,0.0,0.0,0.0,0.0,0.0,0.0,0.0,0.0,0.0,0.0,0.0,0.0,0.0,0.0,0.0,0.0,0.0,0.0,0.0,0.0,0.0,0.0,0.0,0.0,0.0,0.0,0.0,0.0,0.0,0.0,0.0,0.0,0.0,0.0,0.0,0.0,0.0,0.0,0.0,0.0,0.0,0.0,0.0,0.0,0.0,0.0,0.0,0.0,0.0,0.0,0.0,0.0,0.0,0.0,0.0,0.0,0.0,0.0,0.0,0.0,0.0,0.0,0.0,0.0,0.0,0.0,0.0,0.0,0.0,0.0,0.0,0.0
32.5770015461567,105.197536128809,14.8927689400555,228.0,40.0,176.87856410321984,5.0,5.0,0.633894293743626,4.932673802537776e+17,0.0,0.0,0.0,0.0,0.0,0.0,0.0,0.0,0.0,0.0,0.0,0.0,0.0,0.0,0.0,0.0,0.0,0.0,0.0,0.0,0.0,0.0,0.0,0.0,0.0,0.0,0.0,0.0,0.0,0.0,0.0,0.0,0.0,0.0,0.0,0.0,0.0,0.0,0.0,0.0,0.0,0.0,0.0,0.0,0.0,0.0,0.0,0.0,0.0,0.0,0.0,0.0,0.0,0.0,0.0,0.0,0.0,0.0,0.0,0.0,0.0,0.0,0.0,0.0,0.0,0.0,0.0,0.0,0.0,0.0,0.0,0.0,0.0,0.0,0.0,0.0,0.0,0.0,0.0,0.0,0.0,0.0,0.0,0.0,0.0,0.0,0.0,0.0,0.0,0.0,0.0,0.0,0.0,0.0,0.0,0.0,0.0,0.0,0.0,0.0,0.0,0.0,0.0,0.0,0.0,0.0,0.0,0.0,0.0,0.0,0.0,0.0,0.0,0.0,0.0,1662848311419.049,3325696622838.098,1671593466252561.8,3339861235882286.0,4151679676993297.5,4963498118104310.0,3101620590101352.0,1239743062098395.2,619871531049197.6,0.0,0.0,0.0,0.0,0.0,598179207720457.9,1196358415440915.8,2175084041415847.0,3153809667390778.5,2717930490690544.0,2282051313990309.5,1676019775000846.0,1069988236011382.4,2474895154515336.5,3879802073019290.5,4321376973017739.0,4762951873016187.0,3417372605181424.0,2071793337346661.0,1035896668673330.5,0.0,0.0,0.0,0.0,0.0,864963947280889.5,1729927894561779.0,1.3596819192478196e+16,2.5463710490394612e+16,4.424031802002071e+16,6.301692554964682e+16,7.98848889004296e+16,9.675285225121237e+16,1.0246559804151541e+17,1.0817834383181843e+17,1.0009141359459579e+17,9.200448335737315e+16,7.430444489039662e+16,5.6604406423420104e+16,3.852798596149309e+16,2.0451565499566076e+16,1.0776773713213492e+16,1101981926860908.8,550990963430454.4,0.0,0.0,0.0,0.0,0.0,0.0,0.0,0.0,0.0,0.0,0.0,0.0,0.0,0.0,0.0,0.0,0.0,0.0,0.0,0.0,0.0,0.0,0.0,0.0,0.0,0.0,0.0,0.0,0.0,0.0,0.0,0.0,0.0,0.0,0.0,0.0,0.0,0.0,0.0,0.0,0.0,0.0,0.0,0.0,0.0,0.0,0.0,0.0,0.0,0.0,0.0,0.0,0.0,0.0,0.0,0.0,0.0,0.0,0.0,0.0,0.0,0.0,0.0,0.0,0.0,0.0,0.0,0.0,0.0,0.0,0.0,0.0
32.6042704220431,105.168132213082,17.7497379642719,228.0,30.0,177.02458219672238,5.0,5.0,0.5595110464143606,4.353857588115203e+17,0.0,0.0,0.0,0.0,0.0,0.0,0.0,0.0,0.0,0.0,0.0,0.0,0.0,0.0,0.0,0.0,0.0,0.0,0.0,0.0,0.0,0.0,0.0,0.0,0.0,0.0,0.0,0.0,0.0,0.0,0.0,0.0,0.0,0.0,0.0,0.0,0.0,0.0,0.0,0.0,0.0,0.0,0.0,0.0,0.0,0.0,0.0,0.0,0.0,0.0,0.0,0.0,0.0,0.0,0.0,0.0,0.0,0.0,0.0,0.0,0.0,0.0,0.0,0.0,0.0,0.0,0.0,0.0,0.0,0.0,0.0,0.0,0.0,0.0,0.0,0.0,0.0,0.0,0.0,0.0,0.0,0.0,0.0,0.0,0.0,0.0,0.0,0.0,0.0,0.0,0.0,0.0,0.0,0.0,0.0,0.0,0.0,0.0,0.0,0.0,0.0,0.0,0.0,0.0,0.0,0.0,0.0,0.0,0.0,0.0,0.0,0.0,0.0,0.0,0.0,0.0,0.0,0.0,0.0,370033361720131.25,740066723440262.5,380847482887561.56,21628242334860.594,10814121167430.297,0.0,0.0,0.0,0.0,0.0,0.0,0.0,664557507621072.0,1329115015242144.0,837515556869542.9,345916098496941.94,172958049248470.97,0.0,0.0,0.0,0.0,0.0,0.0,0.0,0.0,0.0,0.0,0.0,0.0,0.0,0.0,0.0,1.1491939886051126e+16,2.2983879772102252e+16,4.474518644237311e+16,6.6506493112644e+16,8.519138478199488e+16,1.0387627645134576e+17,1.0722278776088709e+17,1.105692990704284e+17,9.722725274312485e+16,8.38852064158213e+16,6.158023247751419e+16,3.927525853920709e+16,2.2563938954832176e+16,5852619370457267.0,2926309685228633.5,0.0,0.0,0.0,0.0,0.0,0.0,0.0,0.0,0.0,0.0,0.0,0.0,0.0,0.0,0.0,0.0,0.0,0.0,0.0,0.0,0.0,0.0,0.0,0.0,0.0,0.0,0.0,0.0,0.0,0.0,0.0,0.0,0.0,0.0,0.0,0.0,0.0,0.0,0.0,0.0,0.0,0.0,0.0,0.0,0.0,0.0,0.0,0.0,0.0,0.0,0.0,0.0,0.0,0.0,0.0,0.0,0.0,0.0,0.0,0.0,0.0,0.0,0.0,0.0,0.0,0.0,0.0,0.0,0.0,0.0,0.0,0.0,0.0,0.0
32.633882839613,105.13618660359,20.0562836186236,228.0,25.0,171.59750437352787,5.0,5.0,0.44101297833429365,3.4317601314274394e+17,0.0,0.0,0.0,0.0,0.0,0.0,0.0,0.0,0.0,0.0,0.0,0.0,0.0,0.0,0.0,0.0,0.0,0.0,0.0,0.0,0.0,0.0,0.0,0.0,0.0,0.0,0.0,0.0,0.0,0.0,0.0,0.0,0.0,0.0,0.0,0.0,0.0,0.0,0.0,0.0,0.0,0.0,0.0,0.0,0.0,0.0,0.0,0.0,0.0,0.0,0.0,0.0,0.0,0.0,0.0,0.0,0.0,0.0,0.0,0.0,0.0,0.0,0.0,0.0,0.0,0.0,0.0,0.0,0.0,0.0,0.0,0.0,0.0,0.0,0.0,0.0,0.0,0.0,0.0,0.0,0.0,0.0,0.0,0.0,0.0,0.0,0.0,0.0,0.0,0.0,0.0,0.0,0.0,0.0,0.0,0.0,0.0,0.0,0.0,0.0,0.0,0.0,0.0,0.0,0.0,0.0,0.0,0.0,0.0,0.0,0.0,0.0,0.0,0.0,0.0,0.0,0.0,0.0,0.0,17982213739940.605,35964427479881.21,17982213739940.605,0.0,0.0,0.0,0.0,0.0,0.0,0.0,4098960225477.7056,8197920450955.411,13101386253983.867,18004852057012.32,9002426028506.16,0.0,0.0,0.0,0.0,0.0,0.0,0.0,0.0,0.0,0.0,0.0,0.0,0.0,0.0,0.0,942646344153018.6,1885292688306037.2,1.3801837755112472e+16,2.5718382821918908e+16,4.529488213780598e+16,6.487138145369307e+16,7.855504994425406e+16,9.223871843481504e+16,8.973273248643594e+16,8.722674653805685e+16,7.07010127975167e+16,5.417527905697655e+16,3.519068872772209e+16,1.620609839846762e+16,8103049199233810.0,0.0,0.0,0.0,395973275261010.6,791946550522021.2,395973275261010.6,0.0,0.0,0.0,0.0,0.0,0.0,0.0,0.0,0.0,0.0,0.0,0.0,0.0,0.0,0.0,0.0,0.0,0.0,0.0,0.0,0.0,0.0,0.0,0.0,0.0,0.0,0.0,0.0,0.0,0.0,0.0,0.0,0.0,0.0,0.0,0.0,0.0,0.0,0.0,0.0,0.0,0.0,0.0,0.0,0.0,0.0,0.0,0.0,0.0,0.0,0.0,0.0,0.0,0.0,0.0,0.0,0.0,0.0,0.0,0.0,0.0,0.0,0.0,0.0,0.0,0.0,0.0,0.0,0.0,0.0
32.664726100459,105.10289842436,21.9678796312896,228.0,20.0,161.02370349348357,5.0,5.0,0.27569193769497913,2.1453078408509878e+17,0.0,0.0,0.0,0.0,0.0,0.0,0.0,0.0,0.0,0.0,0.0,0.0,0.0,0.0,0.0,0.0,0.0,0.0,0.0,0.0,0.0,0.0,0.0,0.0,0.0,0.0,0.0,0.0,0.0,0.0,0.0,0.0,0.0,0.0,0.0,0.0,0.0,0.0,0.0,0.0,0.0,0.0,0.0,0.0,0.0,0.0,0.0,0.0,0.0,0.0,0.0,0.0,0.0,0.0,0.0,0.0,0.0,0.0,0.0,0.0,0.0,0.0,0.0,0.0,0.0,0.0,0.0,0.0,0.0,0.0,0.0,0.0,0.0,0.0,0.0,0.0,0.0,0.0,0.0,0.0,0.0,0.0,0.0,0.0,0.0,0.0,0.0,0.0,0.0,0.0,0.0,0.0,0.0,0.0,0.0,0.0,0.0,0.0,0.0,0.0,0.0,0.0,0.0,0.0,0.0,0.0,0.0,0.0,0.0,0.0,0.0,0.0,0.0,0.0,0.0,203856059675447.34,407712119350894.7,1028177585203309.0,1648643051055723.5,1754389769967036.8,1860136488878349.8,1262851364807126.2,665566240735902.9,342862430822682.25,20158620909461.566,10079310454730.783,0.0,0.0,0.0,0.0,0.0,0.0,0.0,0.0,0.0,0.0,0.0,0.0,0.0,0.0,0.0,0.0,0.0,0.0,0.0,0.0,0.0,0.0,0.0,2478606028763317.5,4957212057526635.0,1.478127067042302e+16,2.46053292833194e+16,3.675890684664821e+16,4.8912484409977016e+16,5.361236271086485e+16,5.831224101175268e+16,5.1377930134769144e+16,4.4443619257785624e+16,3.136945067999865e+16,1.8295282102211668e+16,9147641051105834.0,0.0,0.0,0.0,737442984695782.0,1474885969391564.0,2854314217237788.5,4233742465084013.5,4463756736101911.0,4693771007119808.0,2346885503559904.0,0.0,0.0,0.0,0.0,0.0,0.0,0.0,0.0,0.0,0.0,0.0,0.0,0.0,0.0,0.0,0.0,0.0,0.0,0.0,0.0,0.0,0.0,0.0,0.0,0.0,0.0,0.0,0.0,0.0,0.0,0.0,0.0,0.0,0.0,0.0,0.0,0.0,0.0,0.0,0.0,0.0,0.0,0.0,0.0,0.0,0.0,0.0,0.0,0.0,0.0,0.0,0.0,0.0,0.0,0.0,0.0,0.0,0.0,0.0,0.0,0.0,0.0,0.0,0.0,0.0,0.0,0.0,0.0
32.6965654687425,105.068522189891,23.46997760236,228.0,15.0,144.96793836267256,5.0,5.0,0.12083113205950025,9.402522873662835e+16,0.0,0.0,0.0,0.0,0.0,0.0,0.0,0.0,0.0,0.0,0.0,0.0,0.0,0.0,0.0,0.0,0.0,0.0,0.0,0.0,0.0,0.0,0.0,0.0,0.0,0.0,0.0,0.0,0.0,0.0,0.0,0.0,0.0,0.0,0.0,0.0,0.0,0.0,0.0,0.0,0.0,0.0,0.0,0.0,0.0,0.0,0.0,0.0,0.0,0.0,0.0,0.0,0.0,0.0,0.0,0.0,0.0,0.0,0.0,0.0,0.0,0.0,0.0,0.0,0.0,0.0,0.0,0.0,0.0,0.0,0.0,0.0,0.0,0.0,0.0,0.0,0.0,0.0,0.0,0.0,0.0,0.0,0.0,0.0,0.0,0.0,0.0,0.0,0.0,0.0,0.0,0.0,0.0,0.0,0.0,0.0,0.0,0.0,0.0,0.0,0.0,0.0,0.0,0.0,0.0,0.0,0.0,0.0,0.0,0.0,0.0,0.0,0.0,0.0,0.0,429538778373820.06,859077556747640.1,1471915838167179.5,2084754119586719.2,1883044115739282.0,1681334111891844.8,1202795908818820.0,724257705745794.9,376711114316742.1,29164522887689.375,23979329745866.4,18794136604043.42,19479043102992.633,20163949601941.84,18856181371944.844,17548413141947.844,11783998290055.549,6019583438163.255,3009791719081.6274,0.0,0.0,0.0,0.0,0.0,0.0,0.0,0.0,0.0,0.0,0.0,0.0,0.0,0.0,0.0,2087376070295286.0,4174752140590572.0,9133662450849236.0,1.40925727611079e+16,1.8406501360309504e+16,2.2720429959511108e+16,2.2298693727761696e+16,2.1876957496012284e+16,1.6448582172467202e+16,1.1020206848922118e+16,5510103424461059.0,0.0,0.0,0.0,2880284214564.5903,5760568429129.181,1342821276380577.0,2679881984332025.0,4622795810805726.0,6565709637279429.0,6006776439038711.0,5447843240797991.0,2723921620398995.5,0.0,0.0,0.0,0.0,0.0,0.0,0.0,0.0,0.0,0.0,0.0,0.0,0.0,0.0,0.0,0.0,0.0,0.0,0.0,0.0,0.0,0.0,0.0,0.0,0.0,0.0,0.0,0.0,0.0,0.0,0.0,0.0,0.0,0.0,0.0,0.0,0.0,0.0,0.0,0.0,0.0,0.0,0.0,0.0,0.0,0.0,0.0,0.0,0.0,0.0,0.0,0.0,0.0,0.0,0.0,0.0,0.0,0.0,0.0,0.0,0.0,0.0,0.0,0.0,0.0,0.0,0.0,0.0
32.7291586276457,105.033365113002,24.5511456592836,228.0,10.0,90.0,5.0,5.0,0.0,0.0,0.0,0.0,0.0,0.0,0.0,0.0,0.0,0.0,0.0,0.0,0.0,0.0,0.0,0.0,0.0,0.0,0.0,0.0,0.0,0.0,0.0,0.0,0.0,0.0,0.0,0.0,0.0,0.0,0.0,0.0,0.0,0.0,0.0,0.0,0.0,0.0,0.0,0.0,0.0,0.0,0.0,0.0,0.0,0.0,0.0,0.0,0.0,0.0,0.0,0.0,0.0,0.0,0.0,0.0,0.0,0.0,0.0,0.0,0.0,0.0,0.0,0.0,0.0,0.0,0.0,0.0,0.0,0.0,0.0,0.0,0.0,0.0,0.0,0.0,0.0,0.0,0.0,0.0,0.0,0.0,0.0,0.0,0.0,0.0,0.0,0.0,0.0,0.0,0.0,0.0,0.0,0.0,0.0,0.0,0.0,0.0,0.0,0.0,0.0,0.0,0.0,0.0,0.0,0.0,0.0,0.0,0.0,0.0,0.0,0.0,0.0,0.0,0.0,0.0,0.0,0.0,0.0,0.0,0.0,0.0,0.0,0.0,0.0,0.0,0.0,0.0,0.0,0.0,0.0,0.0,0.0,0.0,0.0,0.0,0.0,0.0,0.0,0.0,0.0,0.0,0.0,0.0,0.0,0.0,0.0,0.0,0.0,0.0,0.0,0.0,0.0,0.0,0.0,0.0,0.0,0.0,0.0,0.0,0.0,0.0,0.0,0.0,0.0,0.0,0.0,0.0,0.0,0.0,0.0,0.0,0.0,0.0,0.0,0.0,0.0,0.0,0.0,0.0,0.0,0.0,0.0,0.0,0.0,0.0,0.0,0.0,0.0,0.0,0.0,0.0,0.0,0.0,0.0,0.0,0.0,0.0,0.0,0.0,0.0,0.0,0.0,0.0,0.0,0.0,0.0,0.0,0.0,0.0,0.0,0.0,0.0,0.0,0.0,0.0,0.0,0.0,0.0,0.0,0.0,0.0,0.0,0.0,0.0,0.0,0.0,0.0,0.0,0.0,0.0,0.0,0.0,0.0,0.0,0.0,0.0,0.0,0.0,0.0,0.0,0.0
32.4956109029097,105.212995543002,2.46201938253052,228.0,80.0,142.9607791139034,5.0,5.0,2.6944401674666296,2.0966893940748278e+18,0.0,0.0,0.0,0.0,0.0,0.0,0.0,0.0,0.0,0.0,0.0,0.0,0.0,0.0,0.0,0.0,0.0,0.0,0.0,0.0,0.0,0.0,0.0,0.0,0.0,0.0,0.0,0.0,0.0,0.0,0.0,0.0,0.0,0.0,0.0,0.0,0.0,0.0,0.0,0.0,0.0,0.0,0.0,0.0,0.0,0.0,0.0,0.0,0.0,0.0,0.0,0.0,0.0,0.0,0.0,0.0,0.0,0.0,0.0,0.0,0.0,0.0,0.0,0.0,0.0,0.0,0.0,0.0,0.0,0.0,0.0,0.0,0.0,0.0,0.0,0.0,0.0,0.0,0.0,0.0,0.0,0.0,0.0,0.0,0.0,0.0,0.0,0.0,0.0,0.0,0.0,0.0,0.0,0.0,0.0,0.0,0.0,0.0,0.0,0.0,0.0,0.0,0.0,0.0,0.0,0.0,0.0,2027545169128152.0,4055090338256304.0,5682862341573176.0,7310634344890049.0,1.415365752662525e+16,2.0996680708360444e+16,3.139398224883268e+16,4.179128378930491e+16,5.393155666944941e+16,6.60718295495939e+16,7.476466905118294e+16,8.345750855277197e+16,8.430183852984789e+16,8.51461685069238e+16,7.86714620498481e+16,7.219675559277237e+16,6.3763619145616104e+16,5.533048269845983e+16,4.8077873068889e+16,4.082526343931817e+16,3.378773288090734e+16,2.675020232249651e+16,2.0654879323547164e+16,1.4559556324597816e+16,1.243038235418589e+16,1.0301208383773966e+16,1.5582021362253044e+16,2.086283434073212e+16,3.1335670478042828e+16,4.180850661535354e+16,5.504165651231492e+16,6.827480640927631e+16,8.134145262212288e+16,9.440809883496947e+16,1.0536059466212901e+17,1.1631309048928856e+17,1.2330238914445453e+17,1.302916877996205e+17,1.3257031122209499e+17,1.3484893464456946e+17,1.333536619744982e+17,1.3185838930442694e+17,1.2818418448277618e+17,1.2450997966112539e+17,1.21129479687733e+17,1.1774897971434059e+17,1.1578802859306045e+17,1.1382707747178029e+17,1.1304769264561931e+17,1.1226830781945834e+17,1.1098698675694574e+17,1.0970566569443314e+17,1.0531862335729885e+17,1.0093158102016454e+17,9.081379177532202e+16,8.069600253047949e+16,6.562319922512891e+16,5.055039591977835e+16,3.477139358664463e+16,1.899239125351092e+16,9496195626755460.0,0.0,0.0,0.0,0.0,0.0,0.0,0.0,0.0,0.0,0.0,0.0,0.0,0.0,0.0,0.0,0.0,0.0,0.0,0.0,0.0,0.0,0.0,0.0,0.0,0.0,0.0,0.0,0.0,0.0,0.0,0.0,0.0,0.0,0.0,0.0,0.0,0.0,0.0,0.0,0.0,0.0,0.0,0.0,0.0,0.0,0.0,0.0,0.0,0.0,0.0,0.0,0.0,0.0,0.0,0.0,0.0,0.0,0.0,0.0,0.0,0.0,0.0,0.0,0.0,0.0,0.0,0.0,0.0,0.0,0.0,0.0,0.0
32.505573414969,105.202272398765,7.18980823265266,228.0,65.0,137.33632909665084,5.0,5.0,2.0880996928156472,1.624863128363267e+18,0.0,0.0,0.0,0.0,0.0,0.0,0.0,0.0,0.0,0.0,0.0,0.0,0.0,0.0,0.0,0.0,0.0,0.0,0.0,0.0,0.0,0.0,0.0,0.0,0.0,0.0,0.0,0.0,0.0,0.0,0.0,0.0,0.0,0.0,0.0,0.0,0.0,0.0,0.0,0.0,0.0,0.0,0.0,0.0,0.0,0.0,0.0,0.0,0.0,0.0,0.0,0.0,0.0,0.0,0.0,0.0,0.0,0.0,0.0,0.0,0.0,0.0,0.0,0.0,0.0,0.0,0.0,0.0,0.0,0.0,0.0,0.0,0.0,0.0,0.0,0.0,0.0,0.0,0.0,0.0,0.0,0.0,0.0,0.0,0.0,0.0,0.0,0.0,0.0,0.0,0.0,0.0,0.0,0.0,0.0,0.0,0.0,0.0,0.0,0.0,0.0,0.0,0.0,0.0,0.0,0.0,0.0,2058956728897873.8,4117913457795747.5,4642025698127905.0,5166137938460061.0,8736443326120953.0,1.2306748713781846e+16,2.0763261034057892e+16,2.921977335433394e+16,4.038501015540218e+16,5.15502469564704e+16,5.966654788607695e+16,6.7782848815683496e+16,6.740438724993956e+16,6.702592568419563e+16,5.854021072508963e+16,5.005449576598364e+16,4.01152580281165e+16,3.017602029024936e+16,2.4282905187580004e+16,1.838979008491064e+16,1.4509586931794804e+16,1.062938377867897e+16,7650584922168368.0,4671786065657766.0,5222280721816712.0,5772775377975658.0,1.2175492941931524e+16,1.857821050588739e+16,2.8655758580419744e+16,3.87333066549521e+16,4.960525137376523e+16,6.047719609257835e+16,6.965482633620471e+16,7.883245657983109e+16,8.500539890656982e+16,9.117834123330854e+16,9.35017823238685e+16,9.582522341442846e+16,9.54131795450349e+16,9.50011356756413e+16,9.315526466887389e+16,9.130939366210648e+16,9.058251970411232e+16,8.985564574611814e+16,9.154072319441757e+16,9.322580064271701e+16,9.598943065413715e+16,9.875306066555731e+16,1.0062309300907144e+17,1.0249312535258555e+17,1.0204668540523902e+17,1.0160024545789248e+17,9.631881609075746e+16,9.103738672362246e+16,7.995719191927955e+16,6.887699711493665e+16,5.419325753104519e+16,3.950951794715376e+16,2.611087827846331e+16,1.2712238609772864e+16,6356119304886432.0,0.0,0.0,0.0,0.0,0.0,0.0,0.0,0.0,0.0,0.0,0.0,0.0,0.0,0.0,0.0,0.0,0.0,0.0,0.0,0.0,0.0,0.0,0.0,0.0,0.0,0.0,0.0,0.0,0.0,0.0,0.0,0.0,0.0,0.0,0.0,0.0,0.0,0.0,0.0,0.0,0.0,0.0,0.0,0.0,0.0,0.0,0.0,0.0,0.0,0.0,0.0,0.0,0.0,0.0,0.0,0.0,0.0,0.0,0.0,0.0,0.0,0.0,0.0,0.0,0.0,0.0,0.0,0.0,0.0,0.0,0.0,0.0
32.5233743813502,105.183095594089,11.3706888080417,228.0,50.0,136.28970321560155,5.0,5.0,1.2324661046156837,9.590484291711127e+17,0.0,0.0,0.0,0.0,0.0,0.0,0.0,0.0,0.0,0.0,0.0,0.0,0.0,0.0,0.0,0.0,0.0,0.0,0.0,0.0,0.0,0.0,0.0,0.0,0.0,0.0,0.0,0.0,0.0,0.0,0.0,0.0,0.0,0.0,0.0,0.0,0.0,0.0,0.0,0.0,0.0,0.0,0.0,0.0,0.0,0.0,0.0,0.0,0.0,0.0,0.0,0.0,0.0,0.0,0.0,0.0,0.0,0.0,0.0,0.0,0.0,0.0,0.0,0.0,0.0,0.0,0.0,0.0,0.0,0.0,0.0,0.0,0.0,0.0,0.0,0.0,0.0,0.0,0.0,0.0,0.0,0.0,0.0,0.0,0.0,0.0,0.0,0.0,0.0,0.0,0.0,0.0,0.0,0.0,0.0,0.0,0.0,0.0,0.0,0.0,0.0,0.0,0.0,0.0,0.0,0.0,0.0,0.0,0.0,0.0,0.0,1209134390408424.8,2418268780816849.5,8155864640255945.0,1.389346049969504e+16,2.2859547697083068e+16,3.1825634894471096e+16,3.872243964692088e+16,4.5619244399370664e+16,4.5223585086646024e+16,4.48279257739214e+16,3.660618048782444e+16,2.838443520172747e+16,1.8423245620496836e+16,8462056039266203.0,4488527452233350.0,514998865200496.8,257499432600248.4,0.0,0.0,0.0,838365514382247.9,1676731028764495.8,7035206288499174.0,1.239368154823385e+16,1.996662407883657e+16,2.753956660943929e+16,3.3978536495448556e+16,4.0417506381457816e+16,4.319985735659735e+16,4.598220833173688e+16,4.525052842532035e+16,4.451884851890384e+16,4.134732906694413e+16,3.817580961498441e+16,3.470040381596002e+16,3.122499801693564e+16,3.028475877876872e+16,2.93445195406018e+16,3.3492134436073044e+16,3.763974933154429e+16,4.6803513187992104e+16,5.596727704443992e+16,6.650727654755805e+16,7.70472760506762e+16,8.411421890263902e+16,9.118116175460189e+16,9.175827333434664e+16,9.233538491409138e+16,8.524896667542598e+16,7.816254843676059e+16,6.506917179342456e+16,5.197579515008851e+16,3.764141551414433e+16,2.3307035878200132e+16,1.375967122169136e+16,4212306565182589.0,2106153282591294.5,0.0,0.0,0.0,0.0,0.0,0.0,0.0,0.0,0.0,0.0,0.0,0.0,0.0,0.0,0.0,0.0,0.0,0.0,0.0,0.0,0.0,0.0,0.0,0.0,0.0,0.0,0.0,0.0,0.0,0.0,0.0,0.0,0.0,0.0,0.0,0.0,0.0,0.0,0.0,0.0,0.0,0.0,0.0,0.0,0.0,0.0,0.0,0.0,0.0,0.0,0.0,0.0,0.0,0.0,0.0,0.0,0.0,0.0,0.0,0.0,0.0,0.0,0.0,0.0,0.0,0.0,0.0,0.0,0.0,0.0,0.0,0.0
32.5469133655827,105.157718199844,14.8927689400555,228.0,40.0,152.42990745585172,5.0,5.0,0.8093714658218162,6.298156436151095e+17,0.0,0.0,0.0,0.0,0.0,0.0,0.0,0.0,0.0,0.0,0.0,0.0,0.0,0.0,0.0,0.0,0.0,0.0,0.0,0.0,0.0,0.0,0.0,0.0,0.0,0.0,0.0,0.0,0.0,0.0,0.0,0.0,0.0,0.0,0.0,0.0,0.0,0.0,0.0,0.0,0.0,0.0,0.0,0.0,0.0,0.0,0.0,0.0,0.0,0.0,0.0,0.0,0.0,0.0,0.0,0.0,0.0,0.0,0.0,0.0,0.0,0.0,0.0,0.0,0.0,0.0,0.0,0.0,0.0,0.0,0.0,0.0,0.0,0.0,0.0,0.0,0.0,0.0,0.0,0.0,0.0,0.0,0.0,0.0,0.0,0.0,0.0,0.0,0.0,0.0,0.0,0.0,0.0,0.0,0.0,0.0,0.0,0.0,0.0,0.0,0.0,0.0,0.0,0.0,0.0,0.0,0.0,0.0,0.0,0.0,0.0,0.0,0.0,2414265539323697.0,4828531078647394.0,1.0572785500102812e+16,1.6317039921558228e+16,2.1390970640305704e+16,2.6464901359053184e+16,2.6500753024538244e+16,2.6536604690023308e+16,2.0811075696528268e+16,1.5085546703033224e+16,8697129306922077.0,2308711910810930.5,1154355955405465.2,0.0,0.0,0.0,0.0,0.0,13997233752053.893,27994467504107.785,3001420102814190.5,5974845738124273.0,1.009082116922657e+16,1.420679660032887e+16,1.6908421297825452e+16,1.9610045995322036e+16,1.93034414144328e+16,1.8996836833543564e+16,1.623365447379678e+16,1.3470472114049996e+16,9818591473324102.0,6166710832598205.0,3590170757048219.5,1013630681498234.1,606092496479067.5,198554311459901.12,5828279746152003.0,1.1458005180844106e+16,2.5653078610807944e+16,3.984815204077177e+16,5.735204348891165e+16,7.485593493705152e+16,8.691331905382544e+16,9.897070317059936e+16,9.941515033109427e+16,9.98595974915892e+16,8.903248498611848e+16,7.82053724806478e+16,6.067127170933332e+16,4.313717093801883e+16,2.770532753802518e+16,1.2273484138031526e+16,6136742069015763.0,0.0,0.0,0.0,0.0,0.0,0.0,0.0,0.0,0.0,0.0,0.0,0.0,0.0,0.0,0.0,0.0,0.0,0.0,0.0,0.0,0.0,0.0,0.0,0.0,0.0,0.0,0.0,0.0,0.0,0.0,0.0,0.0,0.0,0.0,0.0,0.0,0.0,0.0,0.0,0.0,0.0,0.0,0.0,0.0,0.0,0.0,0.0,0.0,0.0,0.0,0.0,0.0,0.0,0.0,0.0,0.0,0.0,0.0,0.0,0.0,0.0,0.0,0.0,0.0,0.0,0.0,0.0,0.0,0.0,0.0,0.0,0.0,0.0,0.0
32.5741822414691,105.128302836534,17.7497379642719,228.0,30.0,163.09861330449664,5.0,5.0,0.6963641065710632,5.418785149846991e+17,0.0,0.0,0.0,0.0,0.0,0.0,0.0,0.0,0.0,0.0,0.0,0.0,0.0,0.0,0.0,0.0,0.0,0.0,0.0,0.0,0.0,0.0,0.0,0.0,0.0,0.0,0.0,0.0,0.0,0.0,0.0,0.0,0.0,0.0,0.0,0.0,0.0,0.0,0.0,0.0,0.0,0.0,0.0,0.0,0.0,0.0,0.0,0.0,0.0,0.0,0.0,0.0,0.0,0.0,0.0,0.0,0.0,0.0,0.0,0.0,0.0,0.0,0.0,0.0,0.0,0.0,0.0,0.0,0.0,0.0,0.0,0.0,0.0,0.0,0.0,0.0,0.0,0.0,0.0,0.0,0.0,0.0,0.0,0.0,0.0,0.0,0.0,0.0,0.0,0.0,0.0,0.0,0.0,0.0,0.0,0.0,0.0,0.0,0.0,0.0,0.0,0.0,0.0,0.0,0.0,0.0,0.0,0.0,0.0,0.0,0.0,0.0,0.0,8000239971476.589,16000479942953.178,3820650333268559.5,7625300186594166.0,1.1462308923238616e+16,1.5299317659883068e+16,1.6086901156390634e+16,1.68744846528982e+16,1.3526529173491392e+16,1.0178573694084586e+16,6026667099475062.0,1874760504865538.8,937380252432769.4,0.0,0.0,0.0,0.0,0.0,0.0,0.0,544012344871361.44,1088024689742722.9,2024517642910568.2,2961010596078414.0,2836055228533850.0,2711099860989286.5,1381161609546093.5,51223358102900.58,25611679051450.29,0.0,0.0,0.0,0.0,0.0,0.0,0.0,4847782595037156.0,9695565190074312.0,2.7083822759057164e+16,4.447208032804002e+16,6.741500810941149e+16,9.035793589078298e+16,1.0408409538917346e+17,1.1781025488756392e+17,1.1435885408292139e+17,1.1090745327827888e+17,9.346360845114706e+16,7.601976362401523e+16,5.384913705471836e+16,3.1678510485421492e+16,1.6967833051380974e+16,2257155617340456.5,1128577808670228.2,0.0,0.0,0.0,0.0,0.0,0.0,0.0,0.0,0.0,0.0,0.0,0.0,0.0,0.0,0.0,0.0,0.0,0.0,0.0,0.0,0.0,0.0,0.0,0.0,0.0,0.0,0.0,0.0,0.0,0.0,0.0,0.0,0.0,0.0,0.0,0.0,0.0,0.0,0.0,0.0,0.0,0.0,0.0,0.0,0.0,0.0,0.0,0.0,0.0,0.0,0.0,0.0,0.0,0.0,0.0,0.0,0.0,0.0,0.0,0.0,0.0,0.0,0.0,0.0,0.0,0.0,0.0,0.0,0.0,0.0,0.0,0.0,0.0,0.0
32.603794659039,105.096344394379,20.0562836186236,228.0,25.0,161.81610638692666,5.0,5.0,0.572421913696915,4.454324018309092e+17,0.0,0.0,0.0,0.0,0.0,0.0,0.0,0.0,0.0,0.0,0.0,0.0,0.0,0.0,0.0,0.0,0.0,0.0,0.0,0.0,0.0,0.0,0.0,0.0,0.0,0.0,0.0,0.0,0.0,0.0,0.0,0.0,0.0,0.0,0.0,0.0,0.0,0.0,0.0,0.0,0.0,0.0,0.0,0.0,0.0,0.0,0.0,0.0,0.0,0.0,0.0,0.0,0.0,0.0,0.0,0.0,0.0,0.0,0.0,0.0,0.0,0.0,0.0,0.0,0.0,0.0,0.0,0.0,0.0,0.0,0.0,0.0,0.0,0.0,0.0,0.0,0.0,0.0,0.0,0.0,0.0,0.0,0.0,0.0,0.0,0.0,0.0,0.0,0.0,0.0,0.0,0.0,0.0,0.0,0.0,0.0,0.0,0.0,0.0,0.0,0.0,0.0,0.0,0.0,0.0,0.0,0.0,0.0,0.0,0.0,0.0,0.0,0.0,0.0,0.0,1449802714914917.5,2899605429829835.0,5979525623437918.0,9059445817046000.0,1.0393127961354282e+16,1.1726810105662566e+16,1.0109421341058892e+16,8492032576455216.0,5448477703993600.0,2404922831531984.5,1211264451028185.2,17606070524386.305,8803035262193.152,0.0,5732936763554.9375,11465873527109.875,5732936763554.9375,0.0,0.0,0.0,0.0,0.0,0.0,0.0,0.0,0.0,0.0,0.0,0.0,0.0,0.0,0.0,0.0,0.0,6591607931138755.0,1.318321586227751e+16,3.057123761419141e+16,4.7959259366105304e+16,6.828996750748768e+16,8.862067564887005e+16,9.766535182068152e+16,1.06710027992493e+17,9.83446395209351e+16,8.997925104937722e+16,7.038816518088095e+16,5.079707931238467e+16,3.2184041603604524e+16,1.3571003894824382e+16,6785501947412191.0,0.0,0.0,0.0,0.0,0.0,0.0,0.0,0.0,0.0,0.0,0.0,0.0,0.0,0.0,0.0,0.0,0.0,0.0,0.0,0.0,0.0,0.0,0.0,0.0,0.0,0.0,0.0,0.0,0.0,0.0,0.0,0.0,0.0,0.0,0.0,0.0,0.0,0.0,0.0,0.0,0.0,0.0,0.0,0.0,0.0,0.0,0.0,0.0,0.0,0.0,0.0,0.0,0.0,0.0,0.0,0.0,0.0,0.0,0.0,0.0,0.0,0.0,0.0,0.0,0.0,0.0,0.0,0.0,0.0,0.0,0.0,0.0,0.0,0.0,0.0,0.0
32.634637919885,105.063042556622,21.9678796312896,228.0,20.0,156.39855798155656,5.0,5.0,0.37550893347421843,2.9220377861869696e+17,0.0,0.0,0.0,0.0,0.0,0.0,0.0,0.0,0.0,0.0,0.0,0.0,0.0,0.0,0.0,0.0,0.0,0.0,0.0,0.0,0.0,0.0,0.0,0.0,0.0,0.0,0.0,0.0,0.0,0.0,0.0,0.0,0.0,0.0,0.0,0.0,0.0,0.0,0.0,0.0,0.0,0.0,0.0,0.0,0.0,0.0,0.0,0.0,0.0,0.0,0.0,0.0,0.0,0.0,0.0,0.0,0.0,0.0,0.0,0.0,0.0,0.0,0.0,0.0,0.0,0.0,0.0,0.0,0.0,0.0,0.0,0.0,0.0,0.0,0.0,0.0,0.0,0.0,0.0,0.0,0.0,0.0,0.0,0.0,0.0,0.0,0.0,0.0,0.0,0.0,0.0,0.0,0.0,0.0,0.0,0.0,0.0,0.0,0.0,0.0,0.0,0.0,0.0,0.0,0.0,0.0,0.0,0.0,0.0,0.0,0.0,0.0,0.0,0.0,0.0,1219917495469838.5,2439834990939677.0,4792638166437658.0,7145441341935640.0,8001163890078383.0,8856886438221125.0,7695350716214833.0,6533814994208539.0,4557157727680079.0,2580500461151619.5,1324333236789111.0,68166012426602.67,35454506398626.836,2743000370650.989,1371500185325.4944,0.0,0.0,0.0,0.0,0.0,0.0,0.0,0.0,0.0,0.0,0.0,0.0,0.0,0.0,0.0,0.0,0.0,1046098711018515.8,2092197422037031.5,9134224858378026.0,1.617625229471902e+16,2.917385013989342e+16,4.217144798506782e+16,5.443338144638894e+16,6.669531490771006e+16,6.847353017624205e+16,7.025174544477404e+16,5.9387048829315896e+16,4.852235221385775e+16,3.344879130039641e+16,1.8375230386935068e+16,9187615193467534.0,0.0,0.0,0.0,145925362171145.5,291850724342291.0,145925362171145.5,0.0,0.0,0.0,0.0,0.0,0.0,0.0,0.0,0.0,0.0,0.0,0.0,0.0,0.0,0.0,0.0,0.0,0.0,0.0,0.0,0.0,0.0,0.0,0.0,0.0,0.0,0.0,0.0,0.0,0.0,0.0,0.0,0.0,0.0,0.0,0.0,0.0,0.0,0.0,0.0,0.0,0.0,0.0,0.0,0.0,0.0,0.0,0.0,0.0,0.0,0.0,0.0,0.0,0.0,0.0,0.0,0.0,0.0,0.0,0.0,0.0,0.0,0.0,0.0,0.0,0.0,0.0,0.0,0.0,0.0,0.0,0.0
32.6664772881685,105.028652138966,23.46997760236,228.0,15.0,145.32695587641547,5.0,5.0,0.16296253792035015,1.2680995073287214e+17,0.0,0.0,0.0,0.0,0.0,0.0,0.0,0.0,0.0,0.0,0.0,0.0,0.0,0.0,0.0,0.0,0.0,0.0,0.0,0.0,0.0,0.0,0.0,0.0,0.0,0.0,0.0,0.0,0.0,0.0,0.0,0.0,0.0,0.0,0.0,0.0,0.0,0.0,0.0,0.0,0.0,0.0,0.0,0.0,0.0,0.0,0.0,0.0,0.0,0.0,0.0,0.0,0.0,0.0,0.0,0.0,0.0,0.0,0.0,0.0,0.0,0.0,0.0,0.0,0.0,0.0,0.0,0.0,0.0,0.0,0.0,0.0,0.0,0.0,0.0,0.0,0.0,0.0,0.0,0.0,0.0,0.0,0.0,0.0,0.0,0.0,0.0,0.0,0.0,0.0,0.0,0.0,0.0,0.0,0.0,0.0,0.0,0.0,0.0,0.0,0.0,0.0,0.0,0.0,0.0,0.0,0.0,0.0,0.0,0.0,0.0,0.0,0.0,6319998952492.499,12639997904984.998,962157254259003.0,1911674510613020.8,3026495322801417.5,4141316134989814.5,4640755745674781.0,5140195356359747.0,4392597099907911.0,3644998843456076.0,2698980558196039.5,1752962272936003.2,1145622536164049.8,538282799392096.1,327045384063701.94,115807968735307.73,68582086400259.99,21356204065212.25,10678102032606.125,0.0,0.0,0.0,0.0,0.0,0.0,0.0,0.0,0.0,0.0,0.0,0.0,0.0,0.0,0.0,926451101505637.4,1852902203011274.8,5835052449632774.0,9817202696254274.0,1.6011881650011338e+16,2.2206560603768404e+16,2.6318254352505084e+16,3.0429948101241776e+16,2.8605598437732784e+16,2.67812487742238e+16,1.9810214255840144e+16,1.2839179737456488e+16,6628676759836486.0,418173782216483.56,209086891108241.78,0.0,0.0,0.0,984128097705181.4,1968256195410362.8,2592750373123696.5,3217244550837030.0,1608622275418515.0,0.0,0.0,0.0,0.0,0.0,0.0,0.0,0.0,0.0,0.0,0.0,0.0,0.0,0.0,0.0,0.0,0.0,0.0,0.0,0.0,0.0,0.0,0.0,0.0,0.0,0.0,0.0,0.0,0.0,0.0,0.0,0.0,0.0,0.0,0.0,0.0,0.0,0.0,0.0,0.0,0.0,0.0,0.0,0.0,0.0,0.0,0.0,0.0,0.0,0.0,0.0,0.0,0.0,0.0,0.0,0.0,0.0,0.0,0.0,0.0,0.0,0.0,0.0,0.0,0.0,0.0,0.0,0.0,0.0,0.0
32.6990704470717,104.993484194938,24.5511456592836,228.0,10.0,90.0,5.0,5.0,0.0,0.0,0.0,0.0,0.0,0.0,0.0,0.0,0.0,0.0,0.0,0.0,0.0,0.0,0.0,0.0,0.0,0.0,0.0,0.0,0.0,0.0,0.0,0.0,0.0,0.0,0.0,0.0,0.0,0.0,0.0,0.0,0.0,0.0,0.0,0.0,0.0,0.0,0.0,0.0,0.0,0.0,0.0,0.0,0.0,0.0,0.0,0.0,0.0,0.0,0.0,0.0,0.0,0.0,0.0,0.0,0.0,0.0,0.0,0.0,0.0,0.0,0.0,0.0,0.0,0.0,0.0,0.0,0.0,0.0,0.0,0.0,0.0,0.0,0.0,0.0,0.0,0.0,0.0,0.0,0.0,0.0,0.0,0.0,0.0,0.0,0.0,0.0,0.0,0.0,0.0,0.0,0.0,0.0,0.0,0.0,0.0,0.0,0.0,0.0,0.0,0.0,0.0,0.0,0.0,0.0,0.0,0.0,0.0,0.0,0.0,0.0,0.0,0.0,0.0,0.0,0.0,0.0,0.0,0.0,0.0,0.0,0.0,0.0,0.0,0.0,0.0,0.0,0.0,0.0,0.0,0.0,0.0,0.0,0.0,0.0,0.0,0.0,0.0,0.0,0.0,0.0,0.0,0.0,0.0,0.0,0.0,0.0,0.0,0.0,0.0,0.0,0.0,0.0,0.0,0.0,0.0,0.0,0.0,0.0,0.0,0.0,0.0,0.0,0.0,0.0,0.0,0.0,0.0,0.0,0.0,0.0,0.0,0.0,0.0,0.0,0.0,0.0,0.0,0.0,0.0,0.0,0.0,0.0,0.0,0.0,0.0,0.0,0.0,0.0,0.0,0.0,0.0,0.0,0.0,0.0,0.0,0.0,0.0,0.0,0.0,0.0,0.0,0.0,0.0,0.0,0.0,0.0,0.0,0.0,0.0,0.0,0.0,0.0,0.0,0.0,0.0,0.0,0.0,0.0,0.0,0.0,0.0,0.0,0.0,0.0,0.0,0.0,0.0,0.0,0.0,0.0,0.0,0.0,0.0,0.0,0.0,0.0,0.0,0.0,0.0,0.0
32.4655227223357,105.173196053167,2.46201938253052,228.0,80.0,140.3263648172278,5.0,5.0,2.744049711006644,2.1352932588186642e+18,0.0,0.0,0.0,0.0,0.0,0.0,0.0,0.0,0.0,0.0,0.0,0.0,0.0,0.0,0.0,0.0,0.0,0.0,0.0,0.0,0.0,0.0,0.0,0.0,0.0,0.0,0.0,0.0,0.0,0.0,0.0,0.0,0.0,0.0,0.0,0.0,0.0,0.0,0.0,0.0,0.0,0.0,0.0,0.0,0.0,0.0,0.0,0.0,0.0,0.0,0.0,0.0,0.0,0.0,0.0,0.0,0.0,0.0,0.0,0.0,0.0,0.0,0.0,0.0,0.0,0.0,0.0,0.0,0.0,0.0,0.0,0.0,0.0,0.0,0.0,0.0,0.0,0.0,0.0,0.0,0.0,0.0,0.0,0.0,0.0,0.0,0.0,0.0,0.0,0.0,0.0,0.0,0.0,0.0,0.0,0.0,0.0,0.0,0.0,0.0,0.0,0.0,0.0,0.0,0.0,11851484079156.045,23702968158312.09,327479622320540.2,631256276482768.2,2508299127795778.0,4385341979108787.5,1.2442921325676284e+16,2.0500500672243776e+16,3.5044327715859496e+16,4.958815475947521e+16,6.4875938515354936e+16,8.016372227123467e+16,8.991797422796502e+16,9.967222618469536e+16,9.849624305681205e+16,9.732025992892874e+16,8.765324452766328e+16,7.798622912639784e+16,6.644600651297704e+16,5.490578389955625e+16,4.513310900243658e+16,3.5360434105316904e+16,2.6913136017890196e+16,1.8465837930463492e+16,1.2995615267093482e+16,7525392603723471.0,6842185473465624.0,6158978343207778.0,1.4353871223295488e+16,2.25487641033832e+16,3.5316905191193044e+16,4.808504627900289e+16,6.259015484208733e+16,7.709526340517178e+16,9.08963337501591e+16,1.0469740409514645e+17,1.1679389385239963e+17,1.2889038360965285e+17,1.3734012615425154e+17,1.457898686988502e+17,1.49289913553418e+17,1.527899584079858e+17,1.517605451950844e+17,1.5073113198218304e+17,1.4636619166988858e+17,1.4200125135759411e+17,1.3512803591439832e+17,1.282548204712025e+17,1.2146825627729594e+17,1.1468169208338938e+17,1.0957148668860456e+17,1.0446128129381971e+17,1.003852676961895e+17,9.630925409855926e+16,8.935334122164774e+16,8.239742834473624e+16,7.0077426282585304e+16,5.775742422043435e+16,4.1935944769496744e+16,2.6114465318559144e+16,1.3057232659279572e+16,0.0,0.0,0.0,0.0,0.0,0.0,0.0,0.0,0.0,0.0,0.0,0.0,0.0,0.0,0.0,0.0,0.0,0.0,0.0,0.0,0.0,0.0,0.0,0.0,0.0,0.0,0.0,0.0,0.0,0.0,0.0,0.0,0.0,0.0,0.0,0.0,0.0,0.0,0.0,0.0,0.0,0.0,0.0,0.0,0.0,0.0,0.0,0.0,0.0,0.0,0.0,0.0,0.0,0.0,0.0,0.0,0.0,0.0,0.0,0.0,0.0,0.0,0.0,0.0,0.0,0.0,0.0,0.0,0.0,0.0,0.0,0.0,0.0,0.0
32.475485234395,105.162470017536,7.18980823265266,228.0,65.0,130.28648713136621,5.0,5.0,2.5106900668859953,1.9537035183076047e+18,0.0,0.0,0.0,0.0,0.0,0.0,0.0,0.0,0.0,0.0,0.0,0.0,0.0,0.0,0.0,0.0,0.0,0.0,0.0,0.0,0.0,0.0,0.0,0.0,0.0,0.0,0.0,0.0,0.0,0.0,0.0,0.0,0.0,0.0,0.0,0.0,0.0,0.0,0.0,0.0,0.0,0.0,0.0,0.0,0.0,0.0,0.0,0.0,0.0,0.0,0.0,0.0,0.0,0.0,0.0,0.0,0.0,0.0,0.0,0.0,0.0,0.0,0.0,0.0,0.0,0.0,0.0,0.0,0.0,0.0,0.0,0.0,0.0,0.0,0.0,0.0,0.0,0.0,0.0,0.0,0.0,0.0,0.0,0.0,0.0,0.0,0.0,0.0,0.0,0.0,0.0,0.0,0.0,0.0,0.0,0.0,0.0,0.0,0.0,0.0,0.0,0.0,0.0,0.0,0.0,2185476389133076.0,4370952778266152.0,4892159939342700.0,5413367100419248.0,6677778614343626.0,7942190128268003.0,1.494627439456294e+16,2.1950358660857876e+16,3.568847104741118e+16,4.942658343396449e+16,6.474694973400382e+16,8.006731603404317e+16,8.908760037343952e+16,9.810788471283586e+16,9.45565291321331e+16,9.100517355143037e+16,7.758146493987085e+16,6.415775632831132e+16,4.942143747367182e+16,3.4685118619032308e+16,2.586829896847164e+16,1.7051479317910972e+16,1.1999395811845402e+16,6947312305779834.0,4353718067036964.5,1760123828294095.0,6931324236225072.0,1.2102524644156048e+16,2.25085626383565e+16,3.2914600632556948e+16,4.587583780213541e+16,5.883707497171385e+16,7.07487507349974e+16,8.266042649828096e+16,9.170890993964869e+16,1.007573933810164e+17,1.070445465669157e+17,1.1333169975281499e+17,1.1711257547191291e+17,1.2089345119101083e+17,1.2176908432257022e+17,1.2264471745412958e+17,1.2214867922476528e+17,1.21652640995401e+17,1.210232457238771e+17,1.2039385045235318e+17,1.1939864278461194e+17,1.184034351168707e+17,1.1619111819516998e+17,1.1397880127346928e+17,1.101141941962021e+17,1.0624958711893493e+17,1.009826109350071e+17,9.57156347510793e+16,8.698240362223166e+16,7.824917249338403e+16,6.466061184474153e+16,5.1072051196099016e+16,3.6016445390509604e+16,2.0960839584920196e+16,1.0480419792460098e+16,0.0,0.0,0.0,0.0,0.0,0.0,0.0,0.0,0.0,0.0,0.0,0.0,0.0,0.0,0.0,0.0,0.0,0.0,0.0,0.0,0.0,0.0,0.0,0.0,0.0,0.0,0.0,0.0,0.0,0.0,0.0,0.0,0.0,0.0,0.0,0.0,0.0,0.0,0.0,0.0,0.0,0.0,0.0,0.0,0.0,0.0,0.0,0.0,0.0,0.0,0.0,0.0,0.0,0.0,0.0,0.0,0.0,0.0,0.0,0.0,0.0,0.0,0.0,0.0,0.0,0.0,0.0,0.0,0.0,0.0,0.0,0.0,0.0,0.0
32.4932862007762,105.143286969293,11.3706888080417,228.0,50.0,125.38229187379461,5.0,5.0,1.8687255641081508,1.454156272613014e+18,0.0,0.0,0.0,0.0,0.0,0.0,0.0,0.0,0.0,0.0,0.0,0.0,0.0,0.0,0.0,0.0,0.0,0.0,0.0,0.0,0.0,0.0,0.0,0.0,0.0,0.0,0.0,0.0,0.0,0.0,0.0,0.0,0.0,0.0,0.0,0.0,0.0,0.0,0.0,0.0,0.0,0.0,0.0,0.0,0.0,0.0,0.0,0.0,0.0,0.0,0.0,0.0,0.0,0.0,0.0,0.0,0.0,0.0,0.0,0.0,0.0,0.0,0.0,0.0,0.0,0.0,0.0,0.0,0.0,0.0,0.0,0.0,0.0,0.0,0.0,0.0,0.0,0.0,0.0,0.0,0.0,0.0,0.0,0.0,0.0,0.0,0.0,0.0,0.0,0.0,0.0,0.0,0.0,0.0,0.0,0.0,0.0,0.0,0.0,0.0,0.0,0.0,0.0,0.0,0.0,659923355102460.0,1319846710204920.0,1025620177122343.9,731393644039767.8,1701033816458745.8,2670673988877724.0,8509511936568111.0,1.4348349884258496e+16,2.641002806776761e+16,3.847170625127671e+16,5.291514036111391e+16,6.735857447095112e+16,7.57635297998231e+16,8.41684851286951e+16,8.047965579519578e+16,7.679082646169645e+16,6.280553841488658e+16,4.88202503680767e+16,3.2876909658847452e+16,1.693356894961819e+16,8971723455449282.0,1009877961280372.6,504938980640186.3,0.0,34057813702697.418,68115627405394.836,5459570644129675.0,1.0851025660853956e+16,2.1265017794528304e+16,3.1679009928202656e+16,4.288900025532141e+16,5.409899058244017e+16,6.1937408572657e+16,6.977582656287382e+16,7.22402711664926e+16,7.470471577011141e+16,7.296582465578005e+16,7.122693354144868e+16,6.7399350673264456e+16,6.3571767805080216e+16,6.036103768623853e+16,5.715030756739682e+16,5.773671051432973e+16,5.8323113461262616e+16,6.4873162147924984e+16,7.142321083458736e+16,8.13443452485534e+16,9.126547966251946e+16,9.945149033217434e+16,1.0763750100182922e+17,1.091146134703047e+17,1.1059172593878021e+17,1.0466158938294454e+17,9.873145282710888e+16,8.662762185892078e+16,7.452379089073272e+16,5.8452150347853096e+16,4.2380509804973496e+16,2.795487556570242e+16,1.3529241326431344e+16,6764620663215672.0,0.0,0.0,0.0,0.0,0.0,0.0,0.0,0.0,0.0,0.0,0.0,0.0,0.0,0.0,0.0,0.0,0.0,0.0,0.0,0.0,0.0,0.0,0.0,0.0,0.0,0.0,0.0,0.0,0.0,0.0,0.0,0.0,0.0,0.0,0.0,0.0,0.0,0.0,0.0,0.0,0.0,0.0,0.0,0.0,0.0,0.0,0.0,0.0,0.0,0.0,0.0,0.0,0.0,0.0,0.0,0.0,0.0,0.0,0.0,0.0,0.0,0.0,0.0,0.0,0.0,0.0,0.0,0.0,0.0,0.0,0.0,0.0,0.0,0.0
32.5168251850087,105.117900270879,14.8927689400555,228.0,40.0,134.0194606740399,5.0,5.0,1.274862974503031,9.920397230614317e+17,0.0,0.0,0.0,0.0,0.0,0.0,0.0,0.0,0.0,0.0,0.0,0.0,0.0,0.0,0.0,0.0,0.0,0.0,0.0,0.0,0.0,0.0,0.0,0.0,0.0,0.0,0.0,0.0,0.0,0.0,0.0,0.0,0.0,0.0,0.0,0.0,0.0,0.0,0.0,0.0,0.0,0.0,0.0,0.0,0.0,0.0,0.0,0.0,0.0,0.0,0.0,0.0,0.0,0.0,0.0,0.0,0.0,0.0,0.0,0.0,0.0,0.0,0.0,0.0,0.0,0.0,0.0,0.0,0.0,0.0,0.0,0.0,0.0,0.0,0.0,0.0,0.0,0.0,0.0,0.0,0.0,0.0,0.0,0.0,0.0,0.0,0.0,0.0,0.0,0.0,0.0,0.0,0.0,0.0,0.0,0.0,0.0,0.0,0.0,0.0,0.0,0.0,0.0,0.0,0.0,0.0,0.0,0.0,0.0,0.0,0.0,2343148534760965.5,4686297069521931.0,1.2596983310252506e+16,2.050766955098308e+16,3.1950994232461424e+16,4.339431891393977e+16,5.146760725492473e+16,5.954089559590967e+16,5.8022554358748664e+16,5.650421312158766e+16,4.644516712905486e+16,3.638612113652208e+16,2.4397244045526364e+16,1.2408366954530658e+16,6225895970838372.0,43424987146086.555,21712493573043.277,0.0,0.0,0.0,2509931258247608.0,5019862516495216.0,1.1375695613815652e+16,1.773152871113609e+16,2.4424013158753816e+16,3.111649760637154e+16,3.446116742574576e+16,3.780583724511997e+16,3.682186000697925e+16,3.5837882768838524e+16,3.19768149924635e+16,2.8115747216088468e+16,2.3110936125398916e+16,1.8106125034709364e+16,1.4964733706718418e+16,1.182334237872747e+16,1.3958232597516306e+16,1.6093122816305142e+16,2.695604992107186e+16,3.781897702583858e+16,5.570891471870962e+16,7.359885241158066e+16,9.055058446577566e+16,1.075023165199707e+17,1.1367607850440291e+17,1.1984984048883515e+17,1.1263838417285893e+17,1.054269278568827e+17,8.89340119236981e+16,7.24410959905135e+16,5.316732374104837e+16,3.3893551491583224e+16,2.014022957193885e+16,6386907652294476.0,3193453826147238.0,0.0,0.0,0.0,0.0,0.0,0.0,0.0,0.0,0.0,0.0,0.0,0.0,0.0,0.0,0.0,0.0,0.0,0.0,0.0,0.0,0.0,0.0,0.0,0.0,0.0,0.0,0.0,0.0,0.0,0.0,0.0,0.0,0.0,0.0,0.0,0.0,0.0,0.0,0.0,0.0,0.0,0.0,0.0,0.0,0.0,0.0,0.0,0.0,0.0,0.0,0.0,0.0,0.0,0.0,0.0,0.0,0.0,0.0,0.0,0.0,0.0,0.0,0.0,0.0,0.0,0.0,0.0,0.0,0.0,0.0,0.0,0.0,0.0,0.0
32.5440940608951,105.088473459986,17.7497379642719,228.0,30.0,146.9639942433338,5.0,5.0,0.9625798631111973,7.490353707994305e+17,0.0,0.0,0.0,0.0,0.0,0.0,0.0,0.0,0.0,0.0,0.0,0.0,0.0,0.0,0.0,0.0,0.0,0.0,0.0,0.0,0.0,0.0,0.0,0.0,0.0,0.0,0.0,0.0,0.0,0.0,0.0,0.0,0.0,0.0,0.0,0.0,0.0,0.0,0.0,0.0,0.0,0.0,0.0,0.0,0.0,0.0,0.0,0.0,0.0,0.0,0.0,0.0,0.0,0.0,0.0,0.0,0.0,0.0,0.0,0.0,0.0,0.0,0.0,0.0,0.0,0.0,0.0,0.0,0.0,0.0,0.0,0.0,0.0,0.0,0.0,0.0,0.0,0.0,0.0,0.0,0.0,0.0,0.0,0.0,0.0,0.0,0.0,0.0,0.0,0.0,0.0,0.0,0.0,0.0,0.0,0.0,0.0,0.0,0.0,0.0,0.0,0.0,0.0,0.0,0.0,0.0,0.0,0.0,0.0,0.0,0.0,0.0,0.0,3797548996426334.0,7595097992852668.0,1.6164037834191692e+16,2.473297767553072e+16,3.2153846107231508e+16,3.957471453893229e+16,4.025202764489617e+16,4.092934075086004e+16,3.4531701677190668e+16,2.813406260352129e+16,1.941719294941378e+16,1.0700323295306262e+16,5789415870236598.0,878508445166933.1,439254222583466.56,0.0,17246666966231.602,34493333932463.203,1201284505472887.0,2368075677013311.0,4509992840115289.0,6651910003217269.0,8204282055344109.0,9756654107470948.0,9866294780696564.0,9975935453922178.0,8209965674464911.0,6443995895007646.0,4750274823129671.0,3056553751251694.5,1796509215959723.2,536464680667751.25,268232340333875.62,0.0,2477841810441282.5,4955683620882565.0,1.7511489424624702e+16,3.006729522836684e+16,5.282929055172447e+16,7.559128587508213e+16,9.6732971873795e+16,1.1787465787250789e+17,1.2469176950098966e+17,1.3150888112947146e+17,1.202383684308014e+17,1.089678557321314e+17,8.726093129568422e+16,6.5554006859237064e+16,4.423833258499756e+16,2.2922658310758064e+16,1.1573298138548876e+16,223937966339688.8,111968983169844.4,0.0,0.0,0.0,0.0,0.0,0.0,0.0,0.0,0.0,0.0,0.0,0.0,0.0,0.0,0.0,0.0,0.0,0.0,0.0,0.0,0.0,0.0,0.0,0.0,0.0,0.0,0.0,0.0,0.0,0.0,0.0,0.0,0.0,0.0,0.0,0.0,0.0,0.0,0.0,0.0,0.0,0.0,0.0,0.0,0.0,0.0,0.0,0.0,0.0,0.0,0.0,0.0,0.0,0.0,0.0,0.0,0.0,0.0,0.0,0.0,0.0,0.0,0.0,0.0,0.0,0.0,0.0,0.0,0.0,0.0,0.0,0.0,0.0,0.0
32.573706478465,105.056502185167,20.0562836186236,228.0,25.0,151.3205374422673,5.0,5.0,0.7633683667590285,5.94018148067005e+17,0.0,0.0,0.0,0.0,0.0,0.0,0.0,0.0,0.0,0.0,0.0,0.0,0.0,0.0,0.0,0.0,0.0,0.0,0.0,0.0,0.0,0.0,0.0,0.0,0.0,0.0,0.0,0.0,0.0,0.0,0.0,0.0,0.0,0.0,0.0,0.0,0.0,0.0,0.0,0.0,0.0,0.0,0.0,0.0,0.0,0.0,0.0,0.0,0.0,0.0,0.0,0.0,0.0,0.0,0.0,0.0,0.0,0.0,0.0,0.0,0.0,0.0,0.0,0.0,0.0,0.0,0.0,0.0,0.0,0.0,0.0,0.0,0.0,0.0,0.0,0.0,0.0,0.0,0.0,0.0,0.0,0.0,0.0,0.0,0.0,0.0,0.0,0.0,0.0,0.0,0.0,0.0,0.0,0.0,0.0,0.0,0.0,0.0,0.0,0.0,0.0,0.0,0.0,0.0,0.0,0.0,0.0,0.0,0.0,0.0,0.0,0.0,0.0,599960639409204.6,1199921278818409.2,6764916666069782.0,1.2329912053321154e+16,1.8751029989653876e+16,2.51721479259866e+16,2.7398152423073148e+16,2.9624156920159696e+16,2.628988745542655e+16,2.2955617990693404e+16,1.7317914400865814e+16,1.1680210811038222e+16,7268847978893236.0,2857485146748251.5,1434468493725322.0,11451840702392.871,5725920351196.436,0.0,0.0,0.0,0.0,0.0,367927738697471.75,735855477394943.5,1337022348851529.0,1938189220308114.2,1890891110660771.8,1843593001013429.0,1204778489129846.2,565963977246263.8,282981988623131.9,0.0,0.0,0.0,2580014209878110.0,5160028419756220.0,1.85827668906769e+16,3.2005505361597588e+16,5.358261459592795e+16,7.515972383025832e+16,9.340451848473128e+16,1.1164931313920424e+17,1.1466576109029317e+17,1.1768220904138206e+17,1.0299064431421584e+17,8.829907958704965e+16,6.603241709834372e+16,4.376575460963779e+16,2.657389152216306e+16,9382028434688332.0,4691014217344166.0,0.0,0.0,0.0,0.0,0.0,0.0,0.0,0.0,0.0,0.0,0.0,0.0,0.0,0.0,0.0,0.0,0.0,0.0,0.0,0.0,0.0,0.0,0.0,0.0,0.0,0.0,0.0,0.0,0.0,0.0,0.0,0.0,0.0,0.0,0.0,0.0,0.0,0.0,0.0,0.0,0.0,0.0,0.0,0.0,0.0,0.0,0.0,0.0,0.0,0.0,0.0,0.0,0.0,0.0,0.0,0.0,0.0,0.0,0.0,0.0,0.0,0.0,0.0,0.0,0.0,0.0,0.0,0.0,0.0,0.0,0.0,0.0,0.0,0.0,0.0,0.0
32.604549739311,105.023186688883,21.9678796312896,228.0,20.0,150.8046569198927,5.0,5.0,0.4912501361205954,3.822682584227858e+17,0.0,0.0,0.0,0.0,0.0,0.0,0.0,0.0,0.0,0.0,0.0,0.0,0.0,0.0,0.0,0.0,0.0,0.0,0.0,0.0,0.0,0.0,0.0,0.0,0.0,0.0,0.0,0.0,0.0,0.0,0.0,0.0,0.0,0.0,0.0,0.0,0.0,0.0,0.0,0.0,0.0,0.0,0.0,0.0,0.0,0.0,0.0,0.0,0.0,0.0,0.0,0.0,0.0,0.0,0.0,0.0,0.0,0.0,0.0,0.0,0.0,0.0,0.0,0.0,0.0,0.0,0.0,0.0,0.0,0.0,0.0,0.0,0.0,0.0,0.0,0.0,0.0,0.0,0.0,0.0,0.0,0.0,0.0,0.0,0.0,0.0,0.0,0.0,0.0,0.0,0.0,0.0,0.0,0.0,0.0,0.0,0.0,0.0,0.0,0.0,0.0,0.0,0.0,0.0,0.0,0.0,0.0,0.0,0.0,0.0,0.0,0.0,0.0,0.0,0.0,2882751529551926.0,5765503059103852.0,1.039197444879885e+16,1.5018445838493848e+16,1.6787911248498034e+16,1.8557376658502216e+16,1.664027982513253e+16,1.4723182991762846e+16,1.1557979432724776e+16,8392775873686707.0,5608778912836214.0,2824781951985722.0,1430708796280392.2,36635640575062.77,23088049839040.39,9540459103018.008,4770229551509.004,0.0,0.0,0.0,0.0,0.0,0.0,0.0,0.0,0.0,0.0,0.0,0.0,0.0,0.0,0.0,3658651775958719.0,7317303551917438.0,1.826554854849176e+16,2.921379354506608e+16,4.451430314787993e+16,5.981481275069378e+16,7.002332088681809e+16,8.023182902294237e+16,7.798471550459302e+16,7.573760198624368e+16,6.19900789842649e+16,4.824255598228611e+16,3.2312337546354584e+16,1.638211911042306e+16,8191059555211530.0,0.0,0.0,0.0,0.0,0.0,0.0,0.0,0.0,0.0,0.0,0.0,0.0,0.0,0.0,0.0,0.0,0.0,0.0,0.0,0.0,0.0,0.0,0.0,0.0,0.0,0.0,0.0,0.0,0.0,0.0,0.0,0.0,0.0,0.0,0.0,0.0,0.0,0.0,0.0,0.0,0.0,0.0,0.0,0.0,0.0,0.0,0.0,0.0,0.0,0.0,0.0,0.0,0.0,0.0,0.0,0.0,0.0,0.0,0.0,0.0,0.0,0.0,0.0,0.0,0.0,0.0,0.0,0.0,0.0,0.0,0.0,0.0,0.0,0.0,0.0,0.0,0.0,0.0
32.6363891075945,104.988782088041,23.46997760236,228.0,15.0,145.2710270249892,5.0,5.0,0.20870283437341705,1.6240294537901197e+17,0.0,0.0,0.0,0.0,0.0,0.0,0.0,0.0,0.0,0.0,0.0,0.0,0.0,0.0,0.0,0.0,0.0,0.0,0.0,0.0,0.0,0.0,0.0,0.0,0.0,0.0,0.0,0.0,0.0,0.0,0.0,0.0,0.0,0.0,0.0,0.0,0.0,0.0,0.0,0.0,0.0,0.0,0.0,0.0,0.0,0.0,0.0,0.0,0.0,0.0,0.0,0.0,0.0,0.0,0.0,0.0,0.0,0.0,0.0,0.0,0.0,0.0,0.0,0.0,0.0,0.0,0.0,0.0,0.0,0.0,0.0,0.0,0.0,0.0,0.0,0.0,0.0,0.0,0.0,0.0,0.0,0.0,0.0,0.0,0.0,0.0,0.0,0.0,0.0,0.0,0.0,0.0,0.0,0.0,0.0,0.0,0.0,0.0,0.0,0.0,0.0,0.0,0.0,0.0,0.0,0.0,0.0,0.0,0.0,0.0,0.0,0.0,0.0,5459746698239.37,10919493396478.74,1508195237691889.5,3005470981987300.0,5021741331802692.0,7038011681618083.0,7794225965025079.0,8550440248432075.0,7769152010023178.0,6987863771614282.0,5636934858676162.0,4286005945738041.0,3128034077199531.5,1970062208661021.5,1205680105777712.0,441298002894402.4,223916584871532.97,6535166848663.522,3267583424331.761,0.0,0.0,0.0,0.0,0.0,0.0,0.0,0.0,0.0,0.0,0.0,0.0,0.0,0.0,0.0,2273502969903295.5,4547005939806591.0,1.0330077714249894e+16,1.6113149488693198e+16,2.284709974529695e+16,2.958105000190071e+16,3.2822139672306276e+16,3.606322934271184e+16,3.2790573146385256e+16,2.951791695005867e+16,2.1508481813468788e+16,1.34990466768789e+16,7141993077325303.0,784939477771705.6,392469738885852.8,0.0,0.0,0.0,0.0,0.0,0.0,0.0,0.0,0.0,0.0,0.0,0.0,0.0,0.0,0.0,0.0,0.0,0.0,0.0,0.0,0.0,0.0,0.0,0.0,0.0,0.0,0.0,0.0,0.0,0.0,0.0,0.0,0.0,0.0,0.0,0.0,0.0,0.0,0.0,0.0,0.0,0.0,0.0,0.0,0.0,0.0,0.0,0.0,0.0,0.0,0.0,0.0,0.0,0.0,0.0,0.0,0.0,0.0,0.0,0.0,0.0,0.0,0.0,0.0,0.0,0.0,0.0,0.0,0.0,0.0,0.0,0.0,0.0,0.0,0.0,0.0,0.0,0.0
32.6689822664977,104.953603276873,24.5511456592836,228.0,10.0,90.0,5.0,5.0,0.0,0.0,0.0,0.0,0.0,0.0,0.0,0.0,0.0,0.0,0.0,0.0,0.0,0.0,0.0,0.0,0.0,0.0,0.0,0.0,0.0,0.0,0.0,0.0,0.0,0.0,0.0,0.0,0.0,0.0,0.0,0.0,0.0,0.0,0.0,0.0,0.0,0.0,0.0,0.0,0.0,0.0,0.0,0.0,0.0,0.0,0.0,0.0,0.0,0.0,0.0,0.0,0.0,0.0,0.0,0.0,0.0,0.0,0.0,0.0,0.0,0.0,0.0,0.0,0.0,0.0,0.0,0.0,0.0,0.0,0.0,0.0,0.0,0.0,0.0,0.0,0.0,0.0,0.0,0.0,0.0,0.0,0.0,0.0,0.0,0.0,0.0,0.0,0.0,0.0,0.0,0.0,0.0,0.0,0.0,0.0,0.0,0.0,0.0,0.0,0.0,0.0,0.0,0.0,0.0,0.0,0.0,0.0,0.0,0.0,0.0,0.0,0.0,0.0,0.0,0.0,0.0,0.0,0.0,0.0,0.0,0.0,0.0,0.0,0.0,0.0,0.0,0.0,0.0,0.0,0.0,0.0,0.0,0.0,0.0,0.0,0.0,0.0,0.0,0.0,0.0,0.0,0.0,0.0,0.0,0.0,0.0,0.0,0.0,0.0,0.0,0.0,0.0,0.0,0.0,0.0,0.0,0.0,0.0,0.0,0.0,0.0,0.0,0.0,0.0,0.0,0.0,0.0,0.0,0.0,0.0,0.0,0.0,0.0,0.0,0.0,0.0,0.0,0.0,0.0,0.0,0.0,0.0,0.0,0.0,0.0,0.0,0.0,0.0,0.0,0.0,0.0,0.0,0.0,0.0,0.0,0.0,0.0,0.0,0.0,0.0,0.0,0.0,0.0,0.0,0.0,0.0,0.0,0.0,0.0,0.0,0.0,0.0,0.0,0.0,0.0,0.0,0.0,0.0,0.0,0.0,0.0,0.0,0.0,0.0,0.0,0.0,0.0,0.0,0.0,0.0,0.0,0.0,0.0,0.0,0.0,0.0,0.0,0.0,0.0,0.0,0.0
32.4354345417617,105.133396563332,2.46201938253052,228.0,80.0,139.29914343602496,5.0,5.0,2.7683328265288574,2.1541892622947364e+18,0.0,0.0,0.0,0.0,0.0,0.0,0.0,0.0,0.0,0.0,0.0,0.0,0.0,0.0,0.0,0.0,0.0,0.0,0.0,0.0,0.0,0.0,0.0,0.0,0.0,0.0,0.0,0.0,0.0,0.0,0.0,0.0,0.0,0.0,0.0,0.0,0.0,0.0,0.0,0.0,0.0,0.0,0.0,0.0,0.0,0.0,0.0,0.0,0.0,0.0,0.0,0.0,0.0,0.0,0.0,0.0,0.0,0.0,0.0,0.0,0.0,0.0,0.0,0.0,0.0,0.0,0.0,0.0,0.0,0.0,0.0,0.0,0.0,0.0,0.0,0.0,0.0,0.0,0.0,0.0,0.0,0.0,0.0,0.0,0.0,0.0,0.0,0.0,0.0,0.0,0.0,0.0,0.0,0.0,0.0,0.0,0.0,0.0,0.0,0.0,0.0,0.0,0.0,33978965086754.277,67957930173508.555,72045834473894.98,76133738774281.42,62097229712340.875,48060720650400.34,2059856076859547.5,4071651433068694.5,1.3962903204385018e+16,2.385415497570134e+16,4.128671030208328e+16,5.871926562846521e+16,7.671806091751835e+16,9.471685620657149e+16,1.051213042220397e+17,1.1552575223750787e+17,1.1376556045704506e+17,1.1200536867658222e+17,1.0095288150175912e+17,8.9900394326936e+16,7.556191090934635e+16,6.122342749175669e+16,4.7406618004735096e+16,3.3589808517713496e+16,2.2743812802513024e+16,1.189781708731255e+16,6478057945288008.0,1058298803263465.8,4651031937745654.0,8243765072227844.0,1.7937975667741154e+16,2.7632186263254468e+16,3.985525996009896e+16,5.207833365694345e+16,6.599918078750467e+16,7.99200279180659e+16,9.509726789443352e+16,1.1027450787080118e+17,1.2436131536374712e+17,1.3844812285669309e+17,1.4926922374376778e+17,1.6009032463084246e+17,1.651389282818839e+17,1.701875319329253e+17,1.6956180079726326e+17,1.6893606966160125e+17,1.632421769700416e+17,1.57548284278482e+17,1.4699752199634826e+17,1.3644675971421446e+17,1.2307832388547989e+17,1.0970988805674528e+17,9.785418680477861e+16,8.599848555281195e+16,7.720972042597066e+16,6.842095529912937e+16,5.891298222977061e+16,4.940500916041185e+16,3.674953587776066e+16,2.409406259510947e+16,1.2047031297554736e+16,0.0,0.0,0.0,0.0,0.0,0.0,0.0,0.0,0.0,0.0,0.0,0.0,0.0,0.0,0.0,0.0,0.0,0.0,0.0,0.0,0.0,0.0,0.0,0.0,0.0,0.0,0.0,0.0,0.0,0.0,0.0,0.0,0.0,0.0,0.0,0.0,0.0,0.0,0.0,0.0,0.0,0.0,0.0,0.0,0.0,0.0,0.0,0.0,0.0,0.0,0.0,0.0,0.0,0.0,0.0,0.0,0.0,0.0,0.0,0.0,0.0,0.0,0.0,0.0,0.0,0.0,0.0,0.0,0.0,0.0,0.0,0.0,0.0,0.0,0.0,0.0
32.445397053821,105.122667636307,7.18980823265266,228.0,65.0,127.3312102805017,5.0,5.0,2.8053599207156963,2.1830020437446019e+18,0.0,0.0,0.0,0.0,0.0,0.0,0.0,0.0,0.0,0.0,0.0,0.0,0.0,0.0,0.0,0.0,0.0,0.0,0.0,0.0,0.0,0.0,0.0,0.0,0.0,0.0,0.0,0.0,0.0,0.0,0.0,0.0,0.0,0.0,0.0,0.0,0.0,0.0,0.0,0.0,0.0,0.0,0.0,0.0,0.0,0.0,0.0,0.0,0.0,0.0,0.0,0.0,0.0,0.0,0.0,0.0,0.0,0.0,0.0,0.0,0.0,0.0,0.0,0.0,0.0,0.0,0.0,0.0,0.0,0.0,0.0,0.0,0.0,0.0,0.0,0.0,0.0,0.0,0.0,0.0,0.0,0.0,0.0,0.0,0.0,0.0,0.0,0.0,0.0,0.0,0.0,0.0,0.0,0.0,0.0,0.0,0.0,0.0,0.0,0.0,0.0,0.0,0.0,3089293773596797.5,6178587547193595.0,7539794282164522.0,8901001017135447.0,9028590058212828.0,9156179099290208.0,1.1673162932730762e+16,1.4190146766171314e+16,2.432970373548583e+16,3.4469260704800348e+16,5.148127427089587e+16,6.8493287836991384e+16,8.58794873775443e+16,1.0326568691809723e+17,1.1160480466148746e+17,1.199439224048777e+17,1.1453782928876944e+17,1.0913173617266118e+17,9.300070854459022e+16,7.686968091651925e+16,5.912190997615177e+16,4.137413903578429e+16,2.8703939671320148e+16,1.6033740306856008e+16,9219228095172566.0,2404715883489127.5,4466990764259527.0,6529265645029926.0,1.4784333808676178e+16,2.3039401972322428e+16,3.496129346182366e+16,4.68831849513249e+16,5.898225830442342e+16,7.1081331657521944e+16,8.180574060877269e+16,9.253014956002344e+16,1.0171964368913798e+17,1.1090913781825253e+17,1.1909859010748974e+17,1.2728804239672698e+17,1.3383032229252926e+17,1.4037260218833155e+17,1.4396072516237846e+17,1.4754884813642538e+17,1.4880907929666358e+17,1.5006931045690176e+17,1.496391694090366e+17,1.492090283611715e+17,1.4521771468757152e+17,1.4122640101397158e+17,1.32457286455174e+17,1.2368817189637642e+17,1.1111817353813878e+17,9.854817517990115e+16,8.606016894690875e+16,7.357216271391632e+16,6.129023493720266e+16,4.9008307160488984e+16,3.504737259326851e+16,2.1086438026048024e+16,1.0543219013024012e+16,0.0,0.0,0.0,0.0,0.0,0.0,0.0,0.0,0.0,0.0,0.0,0.0,0.0,0.0,0.0,0.0,0.0,0.0,0.0,0.0,0.0,0.0,0.0,0.0,0.0,0.0,0.0,0.0,0.0,0.0,0.0,0.0,0.0,0.0,0.0,0.0,0.0,0.0,0.0,0.0,0.0,0.0,0.0,0.0,0.0,0.0,0.0,0.0,0.0,0.0,0.0,0.0,0.0,0.0,0.0,0.0,0.0,0.0,0.0,0.0,0.0,0.0,0.0,0.0,0.0,0.0,0.0,0.0,0.0,0.0,0.0,0.0,0.0,0.0,0.0,0.0
32.4631980202022,105.103478344497,11.3706888080417,228.0,50.0,123.47236007642988,5.0,5.0,2.4073409516862108,1.8732819909184317e+18,0.0,0.0,0.0,0.0,0.0,0.0,0.0,0.0,0.0,0.0,0.0,0.0,0.0,0.0,0.0,0.0,0.0,0.0,0.0,0.0,0.0,0.0,0.0,0.0,0.0,0.0,0.0,0.0,0.0,0.0,0.0,0.0,0.0,0.0,0.0,0.0,0.0,0.0,0.0,0.0,0.0,0.0,0.0,0.0,0.0,0.0,0.0,0.0,0.0,0.0,0.0,0.0,0.0,0.0,0.0,0.0,0.0,0.0,0.0,0.0,0.0,0.0,0.0,0.0,0.0,0.0,0.0,0.0,0.0,0.0,0.0,0.0,0.0,0.0,0.0,0.0,0.0,0.0,0.0,0.0,0.0,0.0,0.0,0.0,0.0,0.0,0.0,0.0,0.0,0.0,0.0,0.0,0.0,0.0,0.0,0.0,0.0,0.0,0.0,0.0,0.0,0.0,0.0,1350916942052496.2,2701833884104992.5,3427931839961873.5,4154029795818755.0,3651381109127704.5,3148732422436653.5,6131265396071387.0,9113798369706120.0,1.9540857112469496e+16,2.9967915855232876e+16,4.709293185176714e+16,6.421794784830139e+16,8.154563511210955e+16,9.887332237591771e+16,1.0705359811187382e+17,1.1523387384782995e+17,1.0861859700775458e+17,1.0200332016767922e+17,8.388091469429285e+16,6.575850922090649e+16,4.596242085769221e+16,2.6166332494477936e+16,1.4760883120388628e+16,3355433746299324.5,1677716873149662.2,0.0,2833237692689426.5,5666475385378853.0,1.5072028015670586e+16,2.4477580645962316e+16,3.730680398872387e+16,5.013602733148543e+16,6.149144286022952e+16,7.284685838897363e+16,7.99275503768727e+16,8.700824236477178e+16,8.972027111767072e+16,9.243229987056962e+16,9.212627763824928e+16,9.182025540592894e+16,9.014243109002262e+16,8.846460677411632e+16,8.79005532677061e+16,8.733649976129587e+16,9.056765468061726e+16,9.379880959993867e+16,1.0189817218462531e+17,1.0999753476931194e+17,1.1911715619888114e+17,1.2823677762845035e+17,1.31055368021644e+17,1.3387395841483768e+17,1.2643823562449958e+17,1.1900251283416147e+17,1.0408392111403723e+17,8.916532939391302e+16,7.162284887944543e+16,5.408036836497785e+16,3.7161586160312344e+16,2.024280395564684e+16,1.012140197782342e+16,0.0,0.0,0.0,0.0,0.0,0.0,0.0,0.0,0.0,0.0,0.0,0.0,0.0,0.0,0.0,0.0,0.0,0.0,0.0,0.0,0.0,0.0,0.0,0.0,0.0,0.0,0.0,0.0,0.0,0.0,0.0,0.0,0.0,0.0,0.0,0.0,0.0,0.0,0.0,0.0,0.0,0.0,0.0,0.0,0.0,0.0,0.0,0.0,0.0,0.0,0.0,0.0,0.0,0.0,0.0,0.0,0.0,0.0,0.0,0.0,0.0,0.0,0.0,0.0,0.0,0.0,0.0,0.0,0.0,0.0,0.0,0.0,0.0,0.0,0.0,0.0
32.4867370044347,105.078082341915,14.8927689400555,228.0,40.0,128.9629512329094,5.0,5.0,1.7319808433209782,1.3477478211535926e+18,0.0,0.0,0.0,0.0,0.0,0.0,0.0,0.0,0.0,0.0,0.0,0.0,0.0,0.0,0.0,0.0,0.0,0.0,0.0,0.0,0.0,0.0,0.0,0.0,0.0,0.0,0.0,0.0,0.0,0.0,0.0,0.0,0.0,0.0,0.0,0.0,0.0,0.0,0.0,0.0,0.0,0.0,0.0,0.0,0.0,0.0,0.0,0.0,0.0,0.0,0.0,0.0,0.0,0.0,0.0,0.0,0.0,0.0,0.0,0.0,0.0,0.0,0.0,0.0,0.0,0.0,0.0,0.0,0.0,0.0,0.0,0.0,0.0,0.0,0.0,0.0,0.0,0.0,0.0,0.0,0.0,0.0,0.0,0.0,0.0,0.0,0.0,0.0,0.0,0.0,0.0,0.0,0.0,0.0,0.0,0.0,0.0,0.0,0.0,0.0,0.0,0.0,0.0,4843678425932.635,9687356851865.27,4843678425932.635,0.0,0.0,0.0,399498901594289.06,798997803188578.1,7153517948866969.0,1.3508038094545362e+16,2.6691174276060404e+16,3.987431045757546e+16,5.532882384896615e+16,7.078333724035685e+16,7.98663757876355e+16,8.894941433491416e+16,8.56478357395493e+16,8.234625714418445e+16,6.832306752638881e+16,5.429987790859319e+16,3.780370992326935e+16,2.130754193794551e+16,1.109720697619989e+16,886872014454264.4,443436007227132.2,0.0,1066814810559748.1,2133629621119496.2,8227099430744773.0,1.432056924037005e+16,2.290201437380132e+16,3.1483459507232596e+16,3.854131426499807e+16,4.559916902276355e+16,4.864929329126693e+16,5.16994175597703e+16,5.108274245972813e+16,5.046606735968595e+16,4.66645205615194e+16,4.2862973763352856e+16,3.82187852009392e+16,3.3574596638525556e+16,3.2116725920178304e+16,3.0658855201831056e+16,3.6170184717729096e+16,4.168151423362713e+16,5.680750540876601e+16,7.193349658390489e+16,9.189634944976251e+16,1.1185920231562016e+17,1.249285650284721e+17,1.3799792774132406e+17,1.3582880059727971e+17,1.336596734532354e+17,1.1719438768012024e+17,1.007291019070051e+17,7.859177355247003e+16,5.645444519793497e+16,3.716191635580739e+16,1.7869387513679818e+16,8934693756839909.0,0.0,0.0,0.0,0.0,0.0,0.0,0.0,0.0,0.0,0.0,0.0,0.0,0.0,0.0,0.0,0.0,0.0,0.0,0.0,0.0,0.0,0.0,0.0,0.0,0.0,0.0,0.0,0.0,0.0,0.0,0.0,0.0,0.0,0.0,0.0,0.0,0.0,0.0,0.0,0.0,0.0,0.0,0.0,0.0,0.0,0.0,0.0,0.0,0.0,0.0,0.0,0.0,0.0,0.0,0.0,0.0,0.0,0.0,0.0,0.0,0.0,0.0,0.0,0.0,0.0,0.0,0.0,0.0,0.0,0.0,0.0,0.0,0.0,0.0,0.0,0.0
32.5140058803211,105.048644083437,17.7497379642719,228.0,30.0,139.3033846543821,5.0,5.0,1.2446388033051357,9.685206633471045e+17,0.0,0.0,0.0,0.0,0.0,0.0,0.0,0.0,0.0,0.0,0.0,0.0,0.0,0.0,0.0,0.0,0.0,0.0,0.0,0.0,0.0,0.0,0.0,0.0,0.0,0.0,0.0,0.0,0.0,0.0,0.0,0.0,0.0,0.0,0.0,0.0,0.0,0.0,0.0,0.0,0.0,0.0,0.0,0.0,0.0,0.0,0.0,0.0,0.0,0.0,0.0,0.0,0.0,0.0,0.0,0.0,0.0,0.0,0.0,0.0,0.0,0.0,0.0,0.0,0.0,0.0,0.0,0.0,0.0,0.0,0.0,0.0,0.0,0.0,0.0,0.0,0.0,0.0,0.0,0.0,0.0,0.0,0.0,0.0,0.0,0.0,0.0,0.0,0.0,0.0,0.0,0.0,0.0,0.0,0.0,0.0,0.0,0.0,0.0,0.0,0.0,0.0,0.0,0.0,0.0,0.0,0.0,0.0,0.0,0.0,0.0,686282298361941.1,1372564596723882.2,9285417681151262.0,1.719827076557864e+16,2.944029667298896e+16,4.168232258039928e+16,5.1325889457250856e+16,6.096945633410244e+16,6.1522086487126136e+16,6.207471664014982e+16,5.3865730138834024e+16,4.565674363751822e+16,3.3968522918929144e+16,2.2280302200340064e+16,1.381711760493657e+16,5353933009533076.0,2682772765926954.5,11612522320831.43,41031269991779.6,70450017662727.77,2487796461520710.5,4905142905378694.0,7865495718462886.0,1.082584853154708e+16,1.2950617744049638e+16,1.5075386956552196e+16,1.6686921606311488e+16,1.829845625607078e+16,1.8618794557138916e+16,1.8939132858207056e+16,1.7483863051876886e+16,1.6028593245546714e+16,1.2937109184405038e+16,9845625123263362.0,8825260607339550.0,7804896091415738.0,1.3697271613761346e+16,1.958964713610695e+16,3.7030297122338376e+16,5.4470947108569816e+16,7.887612190488722e+16,1.0328129670120462e+17,1.2053359173513896e+17,1.377858867690733e+17,1.3684483421962987e+17,1.3590378167018646e+17,1.1712229160388174e+17,9.834080153757702e+16,7.365337552633725e+16,4.896594951509748e+16,3.037742407603784e+16,1.1788898636978206e+16,5894449318489103.0,0.0,0.0,0.0,0.0,0.0,0.0,0.0,0.0,0.0,0.0,0.0,0.0,0.0,0.0,0.0,0.0,0.0,0.0,0.0,0.0,0.0,0.0,0.0,0.0,0.0,0.0,0.0,0.0,0.0,0.0,0.0,0.0,0.0,0.0,0.0,0.0,0.0,0.0,0.0,0.0,0.0,0.0,0.0,0.0,0.0,0.0,0.0,0.0,0.0,0.0,0.0,0.0,0.0,0.0,0.0,0.0,0.0,0.0,0.0,0.0,0.0,0.0,0.0,0.0,0.0,0.0,0.0,0.0,0.0,0.0,0.0,0.0,0.0,0.0,0.0,0.0
32.543618297891,105.016659975956,20.0562836186236,228.0,25.0,145.3117663596069,5.0,5.0,0.8993757890422581,6.998528677463894e+17,0.0,0.0,0.0,0.0,0.0,0.0,0.0,0.0,0.0,0.0,0.0,0.0,0.0,0.0,0.0,0.0,0.0,0.0,0.0,0.0,0.0,0.0,0.0,0.0,0.0,0.0,0.0,0.0,0.0,0.0,0.0,0.0,0.0,0.0,0.0,0.0,0.0,0.0,0.0,0.0,0.0,0.0,0.0,0.0,0.0,0.0,0.0,0.0,0.0,0.0,0.0,0.0,0.0,0.0,0.0,0.0,0.0,0.0,0.0,0.0,0.0,0.0,0.0,0.0,0.0,0.0,0.0,0.0,0.0,0.0,0.0,0.0,0.0,0.0,0.0,0.0,0.0,0.0,0.0,0.0,0.0,0.0,0.0,0.0,0.0,0.0,0.0,0.0,0.0,0.0,0.0,0.0,0.0,0.0,0.0,0.0,0.0,0.0,0.0,0.0,0.0,0.0,0.0,0.0,0.0,0.0,0.0,0.0,0.0,0.0,0.0,0.0,0.0,2091850183342385.0,4183700366684770.0,1.2269855571813466e+16,2.035601077694216e+16,2.8970106777532656e+16,3.758420277812316e+16,4.025315667409124e+16,4.292211057005932e+16,3.902941589344419e+16,3.5136721216829076e+16,2.801345523155934e+16,2.08901892462896e+16,1.4113808088343198e+16,7337426930396797.0,3905286008018857.5,473145085640917.5,236572542820458.75,0.0,13217151127698.59,26434302255397.18,32958406924346.36,39482511593295.53,1152342784273047.0,2265203056952798.5,4080397970863988.0,5895592884775178.0,6591613052107318.0,7287633219439456.0,6105371069923106.0,4923108920406757.0,2767090211190093.5,611071501973429.6,374162196947600.94,137252891921772.25,7190080245878691.0,1.4242907599835608e+16,3.198454828619136e+16,4.972618897254711e+16,7.219081830955952e+16,9.465544764657194e+16,1.0894158595501277e+17,1.232277242634536e+17,1.1955055829463454e+17,1.1587339232581552e+17,9.62516463717084e+16,7.66299004176013e+16,5.3937350440135976e+16,3.124480046267065e+16,1.7714010130140226e+16,4183219797609802.0,2091609898804901.0,0.0,0.0,0.0,0.0,0.0,0.0,0.0,0.0,0.0,0.0,0.0,0.0,0.0,0.0,0.0,0.0,0.0,0.0,0.0,0.0,0.0,0.0,0.0,0.0,0.0,0.0,0.0,0.0,0.0,0.0,0.0,0.0,0.0,0.0,0.0,0.0,0.0,0.0,0.0,0.0,0.0,0.0,0.0,0.0,0.0,0.0,0.0,0.0,0.0,0.0,0.0,0.0,0.0,0.0,0.0,0.0,0.0,0.0,0.0,0.0,0.0,0.0,0.0,0.0,0.0,0.0,0.0,0.0,0.0,0.0,0.0,0.0,0.0,0.0,0.0,0.0
32.574461558737,104.983330821144,21.9678796312896,228.0,20.0,146.46314166662208,5.0,5.0,0.5558980490509903,4.3257429046122426e+17,0.0,0.0,0.0,0.0,0.0,0.0,0.0,0.0,0.0,0.0,0.0,0.0,0.0,0.0,0.0,0.0,0.0,0.0,0.0,0.0,0.0,0.0,0.0,0.0,0.0,0.0,0.0,0.0,0.0,0.0,0.0,0.0,0.0,0.0,0.0,0.0,0.0,0.0,0.0,0.0,0.0,0.0,0.0,0.0,0.0,0.0,0.0,0.0,0.0,0.0,0.0,0.0,0.0,0.0,0.0,0.0,0.0,0.0,0.0,0.0,0.0,0.0,0.0,0.0,0.0,0.0,0.0,0.0,0.0,0.0,0.0,0.0,0.0,0.0,0.0,0.0,0.0,0.0,0.0,0.0,0.0,0.0,0.0,0.0,0.0,0.0,0.0,0.0,0.0,0.0,0.0,0.0,0.0,0.0,0.0,0.0,0.0,0.0,0.0,0.0,0.0,0.0,0.0,0.0,0.0,0.0,0.0,0.0,0.0,0.0,0.0,0.0,0.0,439164071899868.75,878328143799737.5,5161207399740083.0,9444086655680428.0,1.4840289591302564e+16,2.0236492526924704e+16,2.254834365920481e+16,2.4860194791484908e+16,2.3124583441653668e+16,2.138897209182243e+16,1.773284938751921e+16,1.407672668321599e+16,1.0082688424595412e+16,6088650165974831.0,3414681639488659.5,740713113002488.5,370356556501244.25,0.0,0.0,0.0,0.0,0.0,0.0,0.0,338736831848258.56,677473663696517.1,796278027765050.2,915082391833583.2,457541195916791.6,0.0,0.0,0.0,0.0,0.0,6547351043778807.0,1.3094702087557614e+16,2.707548463264469e+16,4.105626717773178e+16,5.64224722749564e+16,7.178867737218102e+16,7.866486937055266e+16,8.554106136892429e+16,7.882025300757336e+16,7.209944464622242e+16,5.5716954758696664e+16,3.93344648711709e+16,2.4843708790585764e+16,1.0352952710000628e+16,5176476355000314.0,0.0,0.0,0.0,0.0,0.0,0.0,0.0,0.0,0.0,0.0,0.0,0.0,0.0,0.0,0.0,0.0,0.0,0.0,0.0,0.0,0.0,0.0,0.0,0.0,0.0,0.0,0.0,0.0,0.0,0.0,0.0,0.0,0.0,0.0,0.0,0.0,0.0,0.0,0.0,0.0,0.0,0.0,0.0,0.0,0.0,0.0,0.0,0.0,0.0,0.0,0.0,0.0,0.0,0.0,0.0,0.0,0.0,0.0,0.0,0.0,0.0,0.0,0.0,0.0,0.0,0.0,0.0,0.0,0.0,0.0,0.0,0.0,0.0,0.0,0.0,0.0,0.0,0.0
32.6063009270205,104.948912037116,23.46997760236,228.0,15.0,143.90817861798664,5.0,5.0,0.22670930774408032,1.7641475465828707e+17,0.0,0.0,0.0,0.0,0.0,0.0,0.0,0.0,0.0,0.0,0.0,0.0,0.0,0.0,0.0,0.0,0.0,0.0,0.0,0.0,0.0,0.0,0.0,0.0,0.0,0.0,0.0,0.0,0.0,0.0,0.0,0.0,0.0,0.0,0.0,0.0,0.0,0.0,0.0,0.0,0.0,0.0,0.0,0.0,0.0,0.0,0.0,0.0,0.0,0.0,0.0,0.0,0.0,0.0,0.0,0.0,0.0,0.0,0.0,0.0,0.0,0.0,0.0,0.0,0.0,0.0,0.0,0.0,0.0,0.0,0.0,0.0,0.0,0.0,0.0,0.0,0.0,0.0,0.0,0.0,0.0,0.0,0.0,0.0,0.0,0.0,0.0,0.0,0.0,0.0,0.0,0.0,0.0,0.0,0.0,0.0,0.0,0.0,0.0,0.0,0.0,0.0,0.0,0.0,0.0,0.0,0.0,0.0,0.0,0.0,0.0,0.0,0.0,0.0,0.0,1480235218800478.8,2960470437600957.5,5362201777768013.0,7763933117935069.0,8893282827070373.0,1.0022632536205676e+16,9550653402007830.0,9078674267809984.0,7845337964129871.0,6612001660449758.0,5033277405421145.0,3454553150392533.0,2125561829175205.2,796570507957877.9,398285253978938.94,0.0,0.0,0.0,0.0,0.0,0.0,0.0,0.0,0.0,0.0,0.0,0.0,0.0,0.0,0.0,0.0,0.0,3425341124204192.5,6850682248408385.0,1.3924020853875478e+16,2.0997359459342576e+16,2.779906781250605e+16,3.460077616566951e+16,3.6064543518607624e+16,3.752831087154573e+16,3.197416330621169e+16,2.6420015740877644e+16,1.7874395117484498e+16,9328774494091354.0,4664387247045677.0,0.0,0.0,0.0,0.0,0.0,0.0,0.0,0.0,0.0,0.0,0.0,0.0,0.0,0.0,0.0,0.0,0.0,0.0,0.0,0.0,0.0,0.0,0.0,0.0,0.0,0.0,0.0,0.0,0.0,0.0,0.0,0.0,0.0,0.0,0.0,0.0,0.0,0.0,0.0,0.0,0.0,0.0,0.0,0.0,0.0,0.0,0.0,0.0,0.0,0.0,0.0,0.0,0.0,0.0,0.0,0.0,0.0,0.0,0.0,0.0,0.0,0.0,0.0,0.0,0.0,0.0,0.0,0.0,0.0,0.0,0.0,0.0,0.0,0.0,0.0,0.0,0.0,0.0,0.0,0.0
32.6388940859237,104.913722358808,24.5511456592836,228.0,10.0,90.0,5.0,5.0,0.0,0.0,0.0,0.0,0.0,0.0,0.0,0.0,0.0,0.0,0.0,0.0,0.0,0.0,0.0,0.0,0.0,0.0,0.0,0.0,0.0,0.0,0.0,0.0,0.0,0.0,0.0,0.0,0.0,0.0,0.0,0.0,0.0,0.0,0.0,0.0,0.0,0.0,0.0,0.0,0.0,0.0,0.0,0.0,0.0,0.0,0.0,0.0,0.0,0.0,0.0,0.0,0.0,0.0,0.0,0.0,0.0,0.0,0.0,0.0,0.0,0.0,0.0,0.0,0.0,0.0,0.0,0.0,0.0,0.0,0.0,0.0,0.0,0.0,0.0,0.0,0.0,0.0,0.0,0.0,0.0,0.0,0.0,0.0,0.0,0.0,0.0,0.0,0.0,0.0,0.0,0.0,0.0,0.0,0.0,0.0,0.0,0.0,0.0,0.0,0.0,0.0,0.0,0.0,0.0,0.0,0.0,0.0,0.0,0.0,0.0,0.0,0.0,0.0,0.0,0.0,0.0,0.0,0.0,0.0,0.0,0.0,0.0,0.0,0.0,0.0,0.0,0.0,0.0,0.0,0.0,0.0,0.0,0.0,0.0,0.0,0.0,0.0,0.0,0.0,0.0,0.0,0.0,0.0,0.0,0.0,0.0,0.0,0.0,0.0,0.0,0.0,0.0,0.0,0.0,0.0,0.0,0.0,0.0,0.0,0.0,0.0,0.0,0.0,0.0,0.0,0.0,0.0,0.0,0.0,0.0,0.0,0.0,0.0,0.0,0.0,0.0,0.0,0.0,0.0,0.0,0.0,0.0,0.0,0.0,0.0,0.0,0.0,0.0,0.0,0.0,0.0,0.0,0.0,0.0,0.0,0.0,0.0,0.0,0.0,0.0,0.0,0.0,0.0,0.0,0.0,0.0,0.0,0.0,0.0,0.0,0.0,0.0,0.0,0.0,0.0,0.0,0.0,0.0,0.0,0.0,0.0,0.0,0.0,0.0,0.0,0.0,0.0,0.0,0.0,0.0,0.0,0.0,0.0,0.0,0.0,0.0,0.0,0.0,0.0,0.0,0.0
32.4053463611877,105.093597073497,2.46201938253052,228.0,80.0,142.28969953210552,5.0,5.0,3.1084628218930286,2.418862778707348e+18,0.0,0.0,0.0,0.0,0.0,0.0,0.0,0.0,0.0,0.0,0.0,0.0,0.0,0.0,0.0,0.0,0.0,0.0,0.0,0.0,0.0,0.0,0.0,0.0,0.0,0.0,0.0,0.0,0.0,0.0,0.0,0.0,0.0,0.0,0.0,0.0,0.0,0.0,0.0,0.0,0.0,0.0,0.0,0.0,0.0,0.0,0.0,0.0,0.0,0.0,0.0,0.0,0.0,0.0,0.0,0.0,0.0,0.0,0.0,0.0,0.0,0.0,0.0,0.0,0.0,0.0,0.0,0.0,0.0,0.0,0.0,0.0,0.0,0.0,0.0,0.0,0.0,0.0,0.0,0.0,0.0,0.0,0.0,0.0,0.0,0.0,0.0,0.0,0.0,0.0,0.0,0.0,0.0,0.0,0.0,0.0,0.0,0.0,0.0,0.0,0.0,1970622561868100.8,3941245123736201.5,5456758751140620.0,6972272378545039.0,6904624629083212.0,6836976879621387.0,6784583492120590.0,6732190104619791.0,1.0185221647108522e+16,1.3638253189597256e+16,2.4751173511077616e+16,3.5864093832557976e+16,5.576185883180285e+16,7.565962383104771e+16,9.600003128717872e+16,1.1634043874330974e+17,1.2924081952823922e+17,1.4214120031316869e+17,1.4270797026829842e+17,1.4327474022342814e+17,1.3267522795672416e+17,1.2207571569002018e+17,1.0421915216156384e+17,8.636258863310752e+16,6.630040337082957e+16,4.623821810855161e+16,3.02920346165374e+16,1.4345851124523178e+16,9354729694589162.0,4363608264655147.0,1.030462370712887e+16,1.6245639149602592e+16,2.5732391133907384e+16,3.521914311821218e+16,4.605738246385042e+16,5.6895621809488664e+16,7.134694339354294e+16,8.579826497759725e+16,1.0389068753143541e+17,1.2198311008527352e+17,1.3962266253188368e+17,1.5726221497849386e+17,1.7024487822724912e+17,1.8322754147600438e+17,1.890928044663158e+17,1.9495806745662726e+17,1.9339996298890477e+17,1.918418585211823e+17,1.8310341932087923e+17,1.743649801205762e+17,1.5922545871299283e+17,1.4408593730540949e+17,1.2528712354687363e+17,1.0648830978833776e+17,8.746208849803854e+16,6.843586720773929e+16,5.388775337986648e+16,3.933963955199367e+16,2.8634603136156948e+16,1.7929566720320226e+16,8964783360160113.0,0.0,0.0,0.0,0.0,0.0,0.0,0.0,0.0,0.0,0.0,0.0,0.0,0.0,0.0,0.0,0.0,0.0,0.0,0.0,0.0,0.0,0.0,0.0,0.0,0.0,0.0,0.0,0.0,0.0,0.0,0.0,0.0,0.0,0.0,0.0,0.0,0.0,0.0,0.0,0.0,0.0,0.0,0.0,0.0,0.0,0.0,0.0,0.0,0.0,0.0,0.0,0.0,0.0,0.0,0.0,0.0,0.0,0.0,0.0,0.0,0.0,0.0,0.0,0.0,0.0,0.0,0.0,0.0,0.0,0.0,0.0,0.0,0.0,0.0,0.0,0.0,0.0,0.0
32.415308873247,105.082865255077,7.18980823265266,228.0,65.0,133.80111887143988,5.0,5.0,3.1619253431077454,2.4604648534406646e+18,0.0,0.0,0.0,0.0,0.0,0.0,0.0,0.0,0.0,0.0,0.0,0.0,0.0,0.0,0.0,0.0,0.0,0.0,0.0,0.0,0.0,0.0,0.0,0.0,0.0,0.0,0.0,0.0,0.0,0.0,0.0,0.0,0.0,0.0,0.0,0.0,0.0,0.0,0.0,0.0,0.0,0.0,0.0,0.0,0.0,0.0,0.0,0.0,0.0,0.0,0.0,0.0,0.0,0.0,0.0,0.0,0.0,0.0,0.0,0.0,0.0,0.0,0.0,0.0,0.0,0.0,0.0,0.0,0.0,0.0,0.0,0.0,0.0,0.0,0.0,0.0,0.0,0.0,0.0,0.0,0.0,0.0,0.0,0.0,0.0,0.0,0.0,0.0,0.0,0.0,0.0,0.0,0.0,0.0,0.0,0.0,0.0,0.0,0.0,0.0,0.0,3413220654165431.0,6826441308330862.0,9563866693688536.0,1.2301292079046208e+16,1.2961948965400404e+16,1.3622605851754598e+16,1.3660226963343304e+16,1.369784807493201e+16,1.7836525673540362e+16,2.1975203272148716e+16,3.3401627994252388e+16,4.482805271635608e+16,6.34984578595896e+16,8.216886300282314e+16,1.0099865320209994e+17,1.1982844340137674e+17,1.3017088400081845e+17,1.4051332460026016e+17,1.3751641016314107e+17,1.3451949572602202e+17,1.2034422659473731e+17,1.0616895746345258e+17,8.721476761785976e+16,6.826057777226694e+16,5.029930724583405e+16,3.233803671940115e+16,2.033915902362501e+16,8340281327848860.0,9537512254011568.0,1.0734743180174276e+16,2.0001694047531012e+16,2.9268644914887744e+16,4.049456157723445e+16,5.1720478239581144e+16,6.234710351675576e+16,7.297372879393038e+16,8.42742210294664e+16,9.55747132650024e+16,1.0872466271436346e+17,1.218746121637245e+17,1.3462824814936771e+17,1.4738188413501094e+17,1.5708731441455478e+17,1.6679274469409866e+17,1.718640433964428e+17,1.7693534209878694e+17,1.7734587565976374e+17,1.7775640922074054e+17,1.747047609381949e+17,1.7165311265564925e+17,1.6323592423837187e+17,1.5481873582109453e+17,1.3973915358531765e+17,1.2465957134954074e+17,1.0505019712541675e+17,8.544082290129274e+16,6.674990839220551e+16,4.805899388311827e+16,3.3744943345565068e+16,1.9430892808011868e+16,9715446404005934.0,0.0,0.0,0.0,0.0,0.0,0.0,0.0,0.0,0.0,0.0,0.0,0.0,0.0,0.0,0.0,0.0,0.0,0.0,0.0,0.0,0.0,0.0,0.0,0.0,0.0,0.0,0.0,0.0,0.0,0.0,0.0,0.0,0.0,0.0,0.0,0.0,0.0,0.0,0.0,0.0,0.0,0.0,0.0,0.0,0.0,0.0,0.0,0.0,0.0,0.0,0.0,0.0,0.0,0.0,0.0,0.0,0.0,0.0,0.0,0.0,0.0,0.0,0.0,0.0,0.0,0.0,0.0,0.0,0.0,0.0,0.0,0.0,0.0,0.0,0.0,0.0,0.0,0.0
32.4331098396282,105.063669719702,11.3706888080417,228.0,50.0,130.71528962218298,5.0,5.0,2.7061624527379022,2.1058111372478095e+18,0.0,0.0,0.0,0.0,0.0,0.0,0.0,0.0,0.0,0.0,0.0,0.0,0.0,0.0,0.0,0.0,0.0,0.0,0.0,0.0,0.0,0.0,0.0,0.0,0.0,0.0,0.0,0.0,0.0,0.0,0.0,0.0,0.0,0.0,0.0,0.0,0.0,0.0,0.0,0.0,0.0,0.0,0.0,0.0,0.0,0.0,0.0,0.0,0.0,0.0,0.0,0.0,0.0,0.0,0.0,0.0,0.0,0.0,0.0,0.0,0.0,0.0,0.0,0.0,0.0,0.0,0.0,0.0,0.0,0.0,0.0,0.0,0.0,0.0,0.0,0.0,0.0,0.0,0.0,0.0,0.0,0.0,0.0,0.0,0.0,0.0,0.0,0.0,0.0,0.0,0.0,0.0,0.0,0.0,0.0,0.0,0.0,0.0,0.0,0.0,0.0,1703109413494828.8,3406218826989657.5,4463199945489487.0,5520181063989316.0,5472380746539659.0,5424580429090002.0,6008531872590597.0,6592483316091193.0,1.0610713859190974e+16,1.4628944402290754e+16,2.613819566622142e+16,3.764744693015209e+16,5.5963763082734056e+16,7.428007923531602e+16,9.237629398689768e+16,1.1047250873847934e+17,1.1918904834601502e+17,1.2790558795355069e+17,1.2235156809522107e+17,1.1679754823689147e+17,9.991468206782448e+16,8.30318158987575e+16,6.327339014208878e+16,4.351496438542007e+16,2.949833507752817e+16,1.5481705769636254e+16,8888191142466617.0,2294676515296978.5,5750617039557587.0,9206557563818198.0,1.919615983030175e+16,2.9185762096785308e+16,4.09627144371249e+16,5.27396667774645e+16,6.264049231628019e+16,7.254131785509587e+16,8.072706244351787e+16,8.891280703193986e+16,9.576626868427616e+16,1.0261973033661245e+17,1.069140418308482e+17,1.1120835332508395e+17,1.1370295607568275e+17,1.1619755882628157e+17,1.1789183854453296e+17,1.1958611826278437e+17,1.2303426183284118e+17,1.2648240540289802e+17,1.3295039619232606e+17,1.3941838698175414e+17,1.4431906230027443e+17,1.4921973761879475e+17,1.449202117627292e+17,1.4062068590666371e+17,1.2499783290397467e+17,1.0937497990128565e+17,8.759022440640797e+16,6.580546891153027e+16,4.574916382929802e+16,2.5692858747065772e+16,1.2846429373532886e+16,0.0,0.0,0.0,0.0,0.0,0.0,0.0,0.0,0.0,0.0,0.0,0.0,0.0,0.0,0.0,0.0,0.0,0.0,0.0,0.0,0.0,0.0,0.0,0.0,0.0,0.0,0.0,0.0,0.0,0.0,0.0,0.0,0.0,0.0,0.0,0.0,0.0,0.0,0.0,0.0,0.0,0.0,0.0,0.0,0.0,0.0,0.0,0.0,0.0,0.0,0.0,0.0,0.0,0.0,0.0,0.0,0.0,0.0,0.0,0.0,0.0,0.0,0.0,0.0,0.0,0.0,0.0,0.0,0.0,0.0,0.0,0.0,0.0,0.0,0.0,0.0,0.0,0.0
32.4566488238607,105.03826441295,14.8927689400555,228.0,40.0,134.29587300851057,5.0,5.0,1.9737134017617761,1.535852978434533e+18,0.0,0.0,0.0,0.0,0.0,0.0,0.0,0.0,0.0,0.0,0.0,0.0,0.0,0.0,0.0,0.0,0.0,0.0,0.0,0.0,0.0,0.0,0.0,0.0,0.0,0.0,0.0,0.0,0.0,0.0,0.0,0.0,0.0,0.0,0.0,0.0,0.0,0.0,0.0,0.0,0.0,0.0,0.0,0.0,0.0,0.0,0.0,0.0,0.0,0.0,0.0,0.0,0.0,0.0,0.0,0.0,0.0,0.0,0.0,0.0,0.0,0.0,0.0,0.0,0.0,0.0,0.0,0.0,0.0,0.0,0.0,0.0,0.0,0.0,0.0,0.0,0.0,0.0,0.0,0.0,0.0,0.0,0.0,0.0,0.0,0.0,0.0,0.0,0.0,0.0,0.0,0.0,0.0,0.0,0.0,0.0,0.0,0.0,0.0,0.0,0.0,186830144929978.28,373660289859956.56,209004116357248.2,44347942854539.84,22173971427269.92,0.0,0.0,0.0,1219552778435929.5,2439105556871859.0,1.0067495666103886e+16,1.7695885775335914e+16,3.289069275666767e+16,4.808549973799943e+16,6.468469524383273e+16,8.128389074966603e+16,9.082269920214528e+16,1.0036150765462458e+17,9.710904717868707e+16,9.385658670274955e+16,7.971496553539237e+16,6.5573344368035176e+16,4.8144157553678776e+16,3.0714970739322372e+16,1.8389195194950028e+16,6063419650577682.0,3031709825288841.0,0.0,1665860327667520.8,3331720655335041.5,9663532321821880.0,1.599534398830872e+16,2.3949614191225228e+16,3.1903884394141732e+16,3.860133965800422e+16,4.529879492186674e+16,5.114495351368889e+16,5.6991112105511064e+16,6.112793747536055e+16,6.5264762845210056e+16,6.561327394876476e+16,6.5961785052319464e+16,6.318130529560849e+16,6.040082553889753e+16,5.958958595820458e+16,5.877834637751163e+16,6.482230254911023e+16,7.086625872070884e+16,8.580197960728886e+16,1.0073770049386888e+17,1.1769878818275046e+17,1.3465987587163203e+17,1.4095100879195632e+17,1.472421417122806e+17,1.3608095950610122e+17,1.2491977729992186e+17,1.012889750617712e+17,7.765817282362059e+16,5.350421464456087e+16,2.9350256465501164e+16,1.4675128232750582e+16,0.0,0.0,0.0,0.0,0.0,0.0,0.0,0.0,0.0,0.0,0.0,0.0,0.0,0.0,0.0,0.0,0.0,0.0,0.0,0.0,0.0,0.0,0.0,0.0,0.0,0.0,0.0,0.0,0.0,0.0,0.0,0.0,0.0,0.0,0.0,0.0,0.0,0.0,0.0,0.0,0.0,0.0,0.0,0.0,0.0,0.0,0.0,0.0,0.0,0.0,0.0,0.0,0.0,0.0,0.0,0.0,0.0,0.0,0.0,0.0,0.0,0.0,0.0,0.0,0.0,0.0,0.0,0.0,0.0,0.0,0.0,0.0,0.0,0.0,0.0,0.0,0.0,0.0
32.4839176997471,105.008814706889,17.7497379642719,228.0,30.0,140.1279382296455,5.0,5.0,1.3530934571704052,1.0529150860709795e+18,0.0,0.0,0.0,0.0,0.0,0.0,0.0,0.0,0.0,0.0,0.0,0.0,0.0,0.0,0.0,0.0,0.0,0.0,0.0,0.0,0.0,0.0,0.0,0.0,0.0,0.0,0.0,0.0,0.0,0.0,0.0,0.0,0.0,0.0,0.0,0.0,0.0,0.0,0.0,0.0,0.0,0.0,0.0,0.0,0.0,0.0,0.0,0.0,0.0,0.0,0.0,0.0,0.0,0.0,0.0,0.0,0.0,0.0,0.0,0.0,0.0,0.0,0.0,0.0,0.0,0.0,0.0,0.0,0.0,0.0,0.0,0.0,0.0,0.0,0.0,0.0,0.0,0.0,0.0,0.0,0.0,0.0,0.0,0.0,0.0,0.0,0.0,0.0,0.0,0.0,0.0,0.0,0.0,0.0,0.0,0.0,0.0,0.0,0.0,0.0,0.0,0.0,0.0,0.0,0.0,0.0,0.0,0.0,0.0,0.0,0.0,1140276979553482.5,2280553959106965.0,1.1597488564776724e+16,2.0914423170446484e+16,3.4251058001898616e+16,4.7587692833350744e+16,5.7745367655009864e+16,6.7903042476668984e+16,6.885558115182879e+16,6.98081198269886e+16,6.1851279423500344e+16,5.38944390200121e+16,4.190501590208616e+16,2.9915592784160236e+16,1.987667402147187e+16,9837755258783510.0,5240098176881068.0,642441094978625.1,321220547489312.56,0.0,1854485562304868.0,3708971124609736.0,6245481740999608.0,8781992357389481.0,1.1410181230215042e+16,1.4038370103040602e+16,1.8938671114852856e+16,2.383897212666511e+16,2.77485621853803e+16,3.165815224409549e+16,3.1381967962167616e+16,3.110578368023974e+16,2.7911489720536692e+16,2.4717195760833652e+16,2.383954975263731e+16,2.2961903744440972e+16,3.0800933441547336e+16,3.8639963138653704e+16,5.67475625670949e+16,7.485516199553608e+16,9.632871178245445e+16,1.1780226156937282e+17,1.2870479167367014e+17,1.3960732177796746e+17,1.3042204658792808e+17,1.212367713978887e+17,9.706961708740643e+16,7.290246277692416e+16,4.85891023128748e+16,2.427574184882545e+16,1.2137870924412724e+16,0.0,0.0,0.0,0.0,0.0,0.0,0.0,0.0,0.0,0.0,0.0,0.0,0.0,0.0,0.0,0.0,0.0,0.0,0.0,0.0,0.0,0.0,0.0,0.0,0.0,0.0,0.0,0.0,0.0,0.0,0.0,0.0,0.0,0.0,0.0,0.0,0.0,0.0,0.0,0.0,0.0,0.0,0.0,0.0,0.0,0.0,0.0,0.0,0.0,0.0,0.0,0.0,0.0,0.0,0.0,0.0,0.0,0.0,0.0,0.0,0.0,0.0,0.0,0.0,0.0,0.0,0.0,0.0,0.0,0.0,0.0,0.0,0.0,0.0,0.0,0.0,0.0,0.0
32.513530117317,104.976817766745,20.0562836186236,228.0,25.0,143.22624704036238,5.0,5.0,0.9226533410174379,7.179663879260833e+17,0.0,0.0,0.0,0.0,0.0,0.0,0.0,0.0,0.0,0.0,0.0,0.0,0.0,0.0,0.0,0.0,0.0,0.0,0.0,0.0,0.0,0.0,0.0,0.0,0.0,0.0,0.0,0.0,0.0,0.0,0.0,0.0,0.0,0.0,0.0,0.0,0.0,0.0,0.0,0.0,0.0,0.0,0.0,0.0,0.0,0.0,0.0,0.0,0.0,0.0,0.0,0.0,0.0,0.0,0.0,0.0,0.0,0.0,0.0,0.0,0.0,0.0,0.0,0.0,0.0,0.0,0.0,0.0,0.0,0.0,0.0,0.0,0.0,0.0,0.0,0.0,0.0,0.0,0.0,0.0,0.0,0.0,0.0,0.0,0.0,0.0,0.0,0.0,0.0,0.0,0.0,0.0,0.0,0.0,0.0,0.0,0.0,0.0,0.0,0.0,0.0,0.0,0.0,0.0,0.0,0.0,0.0,0.0,0.0,0.0,0.0,0.0,0.0,3011581310751648.5,6023162621503297.0,1.4820152317999536e+16,2.3617142014495776e+16,3.2442882524992236e+16,4.1268623035488696e+16,4.450672212998035e+16,4.774482122447201e+16,4.432083328166351e+16,4.0896845338855016e+16,3.3787483937455124e+16,2.667812253605523e+16,1.932802858793163e+16,1.1977934639808026e+16,7171285550394632.0,2364636460981239.0,1185519617149304.2,6402773317369.324,4539224781017.85,2675676244666.3755,2635407240222.1416,2595138235777.9077,1181090142020737.8,2359585145805697.5,5878449530524370.0,9397313915243042.0,1.1536949500668326e+16,1.3676585086093608e+16,1.2486092050026478e+16,1.1295599013959348e+16,8485559208139150.0,5675519402318951.0,5739636575421048.0,5803753748523145.0,1.5308486307403244e+16,2.481321886628334e+16,4.3060281905571e+16,6.1307344944858664e+16,8.081763832672538e+16,1.003279317085921e+17,1.0875152380745738e+17,1.1717511590632262e+17,1.0741326334831702e+17,9.765141079031141e+16,7.548849862816843e+16,5.3325586466025464e+16,3.395002396915713e+16,1.4574461472288802e+16,7287230736144401.0,0.0,0.0,0.0,0.0,0.0,0.0,0.0,0.0,0.0,0.0,0.0,0.0,0.0,0.0,0.0,0.0,0.0,0.0,0.0,0.0,0.0,0.0,0.0,0.0,0.0,0.0,0.0,0.0,0.0,0.0,0.0,0.0,0.0,0.0,0.0,0.0,0.0,0.0,0.0,0.0,0.0,0.0,0.0,0.0,0.0,0.0,0.0,0.0,0.0,0.0,0.0,0.0,0.0,0.0,0.0,0.0,0.0,0.0,0.0,0.0,0.0,0.0,0.0,0.0,0.0,0.0,0.0,0.0,0.0,0.0,0.0,0.0,0.0,0.0,0.0,0.0,0.0,0.0
32.544373378163,104.943474953406,21.9678796312896,228.0,20.0,142.36088606735635,5.0,5.0,0.5397102950320831,4.199777249203956e+17,0.0,0.0,0.0,0.0,0.0,0.0,0.0,0.0,0.0,0.0,0.0,0.0,0.0,0.0,0.0,0.0,0.0,0.0,0.0,0.0,0.0,0.0,0.0,0.0,0.0,0.0,0.0,0.0,0.0,0.0,0.0,0.0,0.0,0.0,0.0,0.0,0.0,0.0,0.0,0.0,0.0,0.0,0.0,0.0,0.0,0.0,0.0,0.0,0.0,0.0,0.0,0.0,0.0,0.0,0.0,0.0,0.0,0.0,0.0,0.0,0.0,0.0,0.0,0.0,0.0,0.0,0.0,0.0,0.0,0.0,0.0,0.0,0.0,0.0,0.0,0.0,0.0,0.0,0.0,0.0,0.0,0.0,0.0,0.0,0.0,0.0,0.0,0.0,0.0,0.0,0.0,0.0,0.0,0.0,0.0,0.0,0.0,0.0,0.0,0.0,0.0,0.0,0.0,0.0,0.0,0.0,0.0,0.0,0.0,0.0,0.0,0.0,0.0,537725430351289.44,1075450860702578.9,5716465207003295.0,1.035747955330401e+16,1.641740264083414e+16,2.2477325728364268e+16,2.5562534182036148e+16,2.8647742635708024e+16,2.7421570834963036e+16,2.619539903421805e+16,2.234267765031312e+16,1.848995626640819e+16,1.3721258104773038e+16,8952559943137884.0,5434428582967635.0,1916297222797385.0,958148611398692.5,0.0,0.0,0.0,0.0,0.0,0.0,0.0,239447268733447.56,478894537466895.1,435860700831371.44,392826864195847.8,197290164409868.06,1753464623888.3577,876732311944.1788,0.0,324761034260344.7,649522068520689.4,9209450815988568.0,1.7769379563456446e+16,3.2243646118729236e+16,4.671791267400203e+16,5.956371998496113e+16,7.240952729592022e+16,7.5199311451288e+16,7.798909560665576e+16,6.7748886756140056e+16,5.750867790562435e+16,4.105390494976069e+16,2.4599131993897024e+16,1.3973961847644556e+16,3348791701392091.5,1674395850696045.8,0.0,0.0,0.0,0.0,0.0,0.0,0.0,0.0,0.0,0.0,0.0,0.0,0.0,0.0,0.0,0.0,0.0,0.0,0.0,0.0,0.0,0.0,0.0,0.0,0.0,0.0,0.0,0.0,0.0,0.0,0.0,0.0,0.0,0.0,0.0,0.0,0.0,0.0,0.0,0.0,0.0,0.0,0.0,0.0,0.0,0.0,0.0,0.0,0.0,0.0,0.0,0.0,0.0,0.0,0.0,0.0,0.0,0.0,0.0,0.0,0.0,0.0,0.0,0.0,0.0,0.0,0.0,0.0,0.0,0.0,0.0,0.0,0.0,0.0,0.0,0.0,0.0,0.0
32.5762127464465,104.90904198619,23.46997760236,228.0,15.0,140.28643665160644,5.0,5.0,0.2162778082281125,1.6829744158393866e+17,0.0,0.0,0.0,0.0,0.0,0.0,0.0,0.0,0.0,0.0,0.0,0.0,0.0,0.0,0.0,0.0,0.0,0.0,0.0,0.0,0.0,0.0,0.0,0.0,0.0,0.0,0.0,0.0,0.0,0.0,0.0,0.0,0.0,0.0,0.0,0.0,0.0,0.0,0.0,0.0,0.0,0.0,0.0,0.0,0.0,0.0,0.0,0.0,0.0,0.0,0.0,0.0,0.0,0.0,0.0,0.0,0.0,0.0,0.0,0.0,0.0,0.0,0.0,0.0,0.0,0.0,0.0,0.0,0.0,0.0,0.0,0.0,0.0,0.0,0.0,0.0,0.0,0.0,0.0,0.0,0.0,0.0,0.0,0.0,0.0,0.0,0.0,0.0,0.0,0.0,0.0,0.0,0.0,0.0,0.0,0.0,0.0,0.0,0.0,0.0,0.0,24362204864274.53,48724409728549.06,24362204864274.53,0.0,0.0,0.0,0.0,0.0,0.0,0.0,0.0,0.0,0.0,0.0,1583104721565795.0,3166209443131590.0,5681691284478876.0,8197173125826160.0,9699457011883566.0,1.120174089794097e+16,1.1078263979414246e+16,1.095478706088752e+16,9693817396610834.0,8432847732334147.0,6549365506620890.0,4665883280907631.0,3014758633041848.5,1363633985176065.8,681816992588032.9,0.0,0.0,0.0,0.0,0.0,0.0,0.0,0.0,0.0,0.0,0.0,0.0,0.0,0.0,0.0,0.0,0.0,4470189496691651.0,8940378993383302.0,1.5823262563645898e+16,2.2706146133908496e+16,2.8199669588354164e+16,3.369319304279983e+16,3.3185163065014212e+16,3.2677133087228588e+16,2.573804942454122e+16,1.8798965761853856e+16,1.112479519534289e+16,3450624628831928.0,1725312314415964.0,0.0,0.0,0.0,0.0,0.0,0.0,0.0,0.0,0.0,0.0,0.0,0.0,0.0,0.0,0.0,0.0,0.0,0.0,0.0,0.0,0.0,0.0,0.0,0.0,0.0,0.0,0.0,0.0,0.0,0.0,0.0,0.0,0.0,0.0,0.0,0.0,0.0,0.0,0.0,0.0,0.0,0.0,0.0,0.0,0.0,0.0,0.0,0.0,0.0,0.0,0.0,0.0,0.0,0.0,0.0,0.0,0.0,0.0,0.0,0.0,0.0,0.0,0.0,0.0,0.0,0.0,0.0,0.0,0.0,0.0,0.0,0.0,0.0,0.0,0.0,0.0,0.0,0.0,0.0,0.0
32.6088059053497,104.873841440744,24.5511456592836,228.0,10.0,90.0,5.0,5.0,0.0,0.0,0.0,0.0,0.0,0.0,0.0,0.0,0.0,0.0,0.0,0.0,0.0,0.0,0.0,0.0,0.0,0.0,0.0,0.0,0.0,0.0,0.0,0.0,0.0,0.0,0.0,0.0,0.0,0.0,0.0,0.0,0.0,0.0,0.0,0.0,0.0,0.0,0.0,0.0,0.0,0.0,0.0,0.0,0.0,0.0,0.0,0.0,0.0,0.0,0.0,0.0,0.0,0.0,0.0,0.0,0.0,0.0,0.0,0.0,0.0,0.0,0.0,0.0,0.0,0.0,0.0,0.0,0.0,0.0,0.0,0.0,0.0,0.0,0.0,0.0,0.0,0.0,0.0,0.0,0.0,0.0,0.0,0.0,0.0,0.0,0.0,0.0,0.0,0.0,0.0,0.0,0.0,0.0,0.0,0.0,0.0,0.0,0.0,0.0,0.0,0.0,0.0,0.0,0.0,0.0,0.0,0.0,0.0,0.0,0.0,0.0,0.0,0.0,0.0,0.0,0.0,0.0,0.0,0.0,0.0,0.0,0.0,0.0,0.0,0.0,0.0,0.0,0.0,0.0,0.0,0.0,0.0,0.0,0.0,0.0,0.0,0.0,0.0,0.0,0.0,0.0,0.0,0.0,0.0,0.0,0.0,0.0,0.0,0.0,0.0,0.0,0.0,0.0,0.0,0.0,0.0,0.0,0.0,0.0,0.0,0.0,0.0,0.0,0.0,0.0,0.0,0.0,0.0,0.0,0.0,0.0,0.0,0.0,0.0,0.0,0.0,0.0,0.0,0.0,0.0,0.0,0.0,0.0,0.0,0.0,0.0,0.0,0.0,0.0,0.0,0.0,0.0,0.0,0.0,0.0,0.0,0.0,0.0,0.0,0.0,0.0,0.0,0.0,0.0,0.0,0.0,0.0,0.0,0.0,0.0,0.0,0.0,0.0,0.0,0.0,0.0,0.0,0.0,0.0,0.0,0.0,0.0,0.0,0.0,0.0,0.0,0.0,0.0,0.0,0.0,0.0,0.0,0.0,0.0,0.0,0.0,0.0,0.0,0.0,0.0,0.0
32.3752581806137,105.053797583662,2.46201938253052,228.0,80.0,156.22745805188092,5.0,5.0,3.4835301345459877,2.7107229083174984e+18,0.0,0.0,0.0,0.0,0.0,0.0,0.0,0.0,0.0,0.0,0.0,0.0,0.0,0.0,0.0,0.0,0.0,0.0,0.0,0.0,0.0,0.0,0.0,0.0,0.0,0.0,0.0,0.0,0.0,0.0,0.0,0.0,0.0,0.0,0.0,0.0,0.0,0.0,0.0,0.0,0.0,0.0,0.0,0.0,0.0,0.0,0.0,0.0,0.0,0.0,0.0,0.0,0.0,0.0,0.0,0.0,0.0,0.0,0.0,0.0,0.0,0.0,0.0,0.0,0.0,0.0,0.0,0.0,0.0,0.0,0.0,0.0,0.0,0.0,0.0,0.0,0.0,0.0,0.0,0.0,0.0,0.0,0.0,0.0,0.0,0.0,0.0,0.0,0.0,0.0,0.0,0.0,0.0,0.0,0.0,0.0,0.0,0.0,0.0,0.0,0.0,1008661716499488.6,2017323432998977.2,3251719166954774.5,4486114900910571.5,4203390170221381.0,3920665439532190.5,3715121023152259.0,3509576606772327.5,8020009243221536.0,1.2530441879670746e+16,2.870767093812551e+16,4.488489999658028e+16,6.935519573775484e+16,9.382549147892939e+16,1.192915187133913e+17,1.4475754594785322e+17,1.629188788614401e+17,1.81080211775027e+17,1.8659664740501837e+17,1.9211308303500973e+17,1.82647857778904e+17,1.731826325227983e+17,1.517894928640179e+17,1.3039635320523747e+17,1.0360274436986421e+17,7.680913553449093e+16,5.341108788622913e+16,3.001304023796733e+16,1.6934175116064338e+16,3855309994161344.5,7659807759392986.0,1.1464305524624626e+16,1.939817225158399e+16,2.7332038978543356e+16,3.945896984213997e+16,5.158590070573658e+16,7.180909205795823e+16,9.203228341017989e+16,1.1618727777282934e+17,1.4034227213547882e+17,1.6168283660180243e+17,1.830234010681261e+17,1.9680599101716106e+17,2.1058858096619597e+17,2.1450805598600438e+17,2.1842753100581283e+17,2.1257059021418493e+17,2.0671364942255696e+17,1.9288737617498138e+17,1.7906110292740573e+17,1.586245217615422e+17,1.3818794059567866e+17,1.1483307460751451e+17,9.14782086193504e+16,6.933293265629306e+16,4.718765669323571e+16,3.1551933484934416e+16,1.5916210276633128e+16,7958105138316564.0,0.0,0.0,0.0,0.0,0.0,0.0,0.0,0.0,0.0,0.0,0.0,0.0,0.0,0.0,0.0,0.0,0.0,0.0,0.0,0.0,0.0,0.0,0.0,0.0,0.0,0.0,0.0,0.0,0.0,0.0,0.0,0.0,0.0,0.0,0.0,0.0,0.0,0.0,0.0,0.0,0.0,0.0,0.0,0.0,0.0,0.0,0.0,0.0,0.0,0.0,0.0,0.0,0.0,0.0,0.0,0.0,0.0,0.0,0.0,0.0,0.0,0.0,0.0,0.0,0.0,0.0,0.0,0.0,0.0,0.0,0.0,0.0,0.0,0.0,0.0,0.0,0.0,0.0,0.0,0.0
32.385220692673,105.043062873848,7.18980823265266,228.0,65.0,151.63638659412743,5.0,5.0,3.3475295878697207,2.6048935389191747e+18,0.0,0.0,0.0,0.0,0.0,0.0,0.0,0.0,0.0,0.0,0.0,0.0,0.0,0.0,0.0,0.0,0.0,0.0,0.0,0.0,0.0,0.0,0.0,0.0,0.0,0.0,0.0,0.0,0.0,0.0,0.0,0.0,0.0,0.0,0.0,0.0,0.0,0.0,0.0,0.0,0.0,0.0,0.0,0.0,0.0,0.0,0.0,0.0,0.0,0.0,0.0,0.0,0.0,0.0,0.0,0.0,0.0,0.0,0.0,0.0,0.0,0.0,0.0,0.0,0.0,0.0,0.0,0.0,0.0,0.0,0.0,0.0,0.0,0.0,0.0,0.0,0.0,0.0,0.0,0.0,0.0,0.0,0.0,0.0,0.0,0.0,0.0,0.0,0.0,0.0,0.0,0.0,0.0,0.0,0.0,0.0,0.0,0.0,0.0,74034832584424.7,148069665168849.4,1719618691046765.5,3291167716924682.0,4505436339272381.0,5719704961620081.0,6059474713456977.0,6399244465293873.0,6562174505884251.0,6725104546474628.0,1.1593692548162952e+16,1.6462280549851274e+16,2.994688173963969e+16,4.343148292942811e+16,6.52261148539023e+16,8.70207467783765e+16,1.0979825001438992e+17,1.3257575325040334e+17,1.4854051111383235e+17,1.6450526897726134e+17,1.6787010450581706e+17,1.712349400343728e+17,1.6079156402633104e+17,1.503481880182893e+17,1.3050530110978136e+17,1.106624142012734e+17,8.69439462775043e+16,6.322547835373521e+16,4.344615833757604e+16,2.3666838321416868e+16,1.5284502719193402e+16,6902167116969932.0,1.3616668329647702e+16,2.033116954232547e+16,2.8585859352611776e+16,3.684054916289809e+16,4.771575434918441e+16,5.859095953547074e+16,7.560190293888208e+16,9.261284634229342e+16,1.1318641054449046e+17,1.3375997474668752e+17,1.5186443728702848e+17,1.6996889982736947e+17,1.8163178231349587e+17,1.9329466479962227e+17,1.971078121058131e+17,2.009209594120039e+17,1.9777642446878963e+17,1.946318895255754e+17,1.857819855894041e+17,1.7693208165323286e+17,1.6225132264317146e+17,1.4757056363311e+17,1.2701040795033206e+17,1.0645025226755408e+17,8.305854052035368e+16,5.9666828773153304e+16,4.033493929208579e+16,2.1003049811018284e+16,1.0501524905509142e+16,0.0,0.0,0.0,0.0,0.0,0.0,0.0,0.0,0.0,0.0,0.0,0.0,0.0,0.0,0.0,0.0,0.0,0.0,0.0,0.0,0.0,0.0,0.0,0.0,0.0,0.0,0.0,0.0,0.0,0.0,0.0,0.0,0.0,0.0,0.0,0.0,0.0,0.0,0.0,0.0,0.0,0.0,0.0,0.0,0.0,0.0,0.0,0.0,0.0,0.0,0.0,0.0,0.0,0.0,0.0,0.0,0.0,0.0,0.0,0.0,0.0,0.0,0.0,0.0,0.0,0.0,0.0,0.0,0.0,0.0,0.0,0.0,0.0,0.0,0.0,0.0,0.0,0.0,0.0,0.0
32.4030216590542,105.023861094906,11.3706888080417,228.0,50.0,148.23802647126342,5.0,5.0,2.784525041799569,2.1667892993765018e+18,0.0,0.0,0.0,0.0,0.0,0.0,0.0,0.0,0.0,0.0,0.0,0.0,0.0,0.0,0.0,0.0,0.0,0.0,0.0,0.0,0.0,0.0,0.0,0.0,0.0,0.0,0.0,0.0,0.0,0.0,0.0,0.0,0.0,0.0,0.0,0.0,0.0,0.0,0.0,0.0,0.0,0.0,0.0,0.0,0.0,0.0,0.0,0.0,0.0,0.0,0.0,0.0,0.0,0.0,0.0,0.0,0.0,0.0,0.0,0.0,0.0,0.0,0.0,0.0,0.0,0.0,0.0,0.0,0.0,0.0,0.0,0.0,0.0,0.0,0.0,0.0,0.0,0.0,0.0,0.0,0.0,0.0,0.0,0.0,0.0,0.0,0.0,0.0,0.0,0.0,0.0,0.0,0.0,0.0,0.0,0.0,0.0,0.0,0.0,0.0,0.0,211175851014194.56,422351702028389.1,1012688784097333.2,1603025866166277.2,1882555243299071.0,2162084620431865.5,3074278633476696.5,3986472646521526.5,8116091496028056.0,1.2245710345534584e+16,2.3030286025201304e+16,3.3814861704868028e+16,5.1694366711495304e+16,6.9573871718122584e+16,8.864528536261046e+16,1.0771669900709835e+17,1.202029141341058e+17,1.3268912926111322e+17,1.3292959226121923e+17,1.3317005526132525e+17,1.2201776816215414e+17,1.10865481062983e+17,9.360471487178067e+16,7.634394868057835e+16,5.80976127654903e+16,3.9851276850402264e+16,2.59656187139834e+16,1.2079960577564536e+16,9431729461137864.0,6783498344711194.0,1.457233093347413e+16,2.2361163522237064e+16,3.035745097065069e+16,3.835373841906431e+16,4.767411990819227e+16,5.699450139732023e+16,7.0532584993827544e+16,8.407066859033486e+16,9.894804487183709e+16,1.1382542115333931e+17,1.2498982762994629e+17,1.361542341065533e+17,1.4146018678907877e+17,1.4676613947160426e+17,1.476227363427927e+17,1.4847933321398115e+17,1.4855306007027133e+17,1.486267869265615e+17,1.496270816114368e+17,1.506273762963121e+17,1.4815735495271984e+17,1.456873336091276e+17,1.336043928231125e+17,1.2152145203709738e+17,9.990850862462386e+16,7.829556521215034e+16,5.500636149175963e+16,3.1717157771368932e+16,1.5858578885684466e+16,0.0,0.0,0.0,0.0,0.0,0.0,0.0,0.0,0.0,0.0,0.0,0.0,0.0,0.0,0.0,0.0,0.0,0.0,0.0,0.0,0.0,0.0,0.0,0.0,0.0,0.0,0.0,0.0,0.0,0.0,0.0,0.0,0.0,0.0,0.0,0.0,0.0,0.0,0.0,0.0,0.0,0.0,0.0,0.0,0.0,0.0,0.0,0.0,0.0,0.0,0.0,0.0,0.0,0.0,0.0,0.0,0.0,0.0,0.0,0.0,0.0,0.0,0.0,0.0,0.0,0.0,0.0,0.0,0.0,0.0,0.0,0.0,0.0,0.0,0.0,0.0,0.0,0.0,0.0,0.0
32.4265606432867,104.998446483986,14.8927689400555,228.0,40.0,148.5971832556134,5.0,5.0,1.9942235052422632,1.551812997498288e+18,0.0,0.0,0.0,0.0,0.0,0.0,0.0,0.0,0.0,0.0,0.0,0.0,0.0,0.0,0.0,0.0,0.0,0.0,0.0,0.0,0.0,0.0,0.0,0.0,0.0,0.0,0.0,0.0,0.0,0.0,0.0,0.0,0.0,0.0,0.0,0.0,0.0,0.0,0.0,0.0,0.0,0.0,0.0,0.0,0.0,0.0,0.0,0.0,0.0,0.0,0.0,0.0,0.0,0.0,0.0,0.0,0.0,0.0,0.0,0.0,0.0,0.0,0.0,0.0,0.0,0.0,0.0,0.0,0.0,0.0,0.0,0.0,0.0,0.0,0.0,0.0,0.0,0.0,0.0,0.0,0.0,0.0,0.0,0.0,0.0,0.0,0.0,0.0,0.0,0.0,0.0,0.0,0.0,0.0,0.0,0.0,0.0,0.0,0.0,325582310370377.3,651164620740754.6,325582310370377.3,0.0,0.0,0.0,0.0,0.0,0.0,0.0,952219206440539.0,1904438412881078.0,7979560506151131.0,1.4054682599421186e+16,2.7914592847376204e+16,4.177450309533122e+16,5.795907244209092e+16,7.414364178885062e+16,8.471607050899936e+16,9.52884992291481e+16,9.49432579564994e+16,9.459801668385066e+16,8.377139660158166e+16,7.294477651931266e+16,5.773619194495953e+16,4.252760737060638e+16,2.9340118964239684e+16,1.6152630557872992e+16,9189241701021058.0,2225852844169123.5,2183881457909688.5,2141910071650253.0,6673884669168769.0,1.1205859266687284e+16,1.646601589744383e+16,2.1726172528200376e+16,2.9046132383644704e+16,3.636609223908903e+16,4.849503099136381e+16,6.062396974363858e+16,7.174933207974687e+16,8.287469441585518e+16,8.783341014451218e+16,9.279212587316918e+16,9.186760677632114e+16,9.09430876794731e+16,8.96972773125848e+16,8.845146694569648e+16,9.236946597338427e+16,9.628746500107206e+16,1.063659877898878e+17,1.1644451057870354e+17,1.2595642351451346e+17,1.3546833645032338e+17,1.3273567207555754e+17,1.3000300770079168e+17,1.1085930122744104e+17,9.17155947540904e+16,6.510924264087668e+16,3.850289052766296e+16,1.925144526383148e+16,0.0,0.0,0.0,0.0,0.0,0.0,0.0,0.0,0.0,0.0,0.0,0.0,0.0,0.0,0.0,0.0,0.0,0.0,0.0,0.0,0.0,0.0,0.0,0.0,0.0,0.0,0.0,0.0,0.0,0.0,0.0,0.0,0.0,0.0,0.0,0.0,0.0,0.0,0.0,0.0,0.0,0.0,0.0,0.0,0.0,0.0,0.0,0.0,0.0,0.0,0.0,0.0,0.0,0.0,0.0,0.0,0.0,0.0,0.0,0.0,0.0,0.0,0.0,0.0,0.0,0.0,0.0,0.0,0.0,0.0,0.0,0.0,0.0,0.0,0.0,0.0,0.0,0.0,0.0,0.0
32.4538295191731,104.968985330341,17.7497379642719,228.0,30.0,148.78594461111032,5.0,5.0,1.3288017902870608,1.0340124283190376e+18,0.0,0.0,0.0,0.0,0.0,0.0,0.0,0.0,0.0,0.0,0.0,0.0,0.0,0.0,0.0,0.0,0.0,0.0,0.0,0.0,0.0,0.0,0.0,0.0,0.0,0.0,0.0,0.0,0.0,0.0,0.0,0.0,0.0,0.0,0.0,0.0,0.0,0.0,0.0,0.0,0.0,0.0,0.0,0.0,0.0,0.0,0.0,0.0,0.0,0.0,0.0,0.0,0.0,0.0,0.0,0.0,0.0,0.0,0.0,0.0,0.0,0.0,0.0,0.0,0.0,0.0,0.0,0.0,0.0,0.0,0.0,0.0,0.0,0.0,0.0,0.0,0.0,0.0,0.0,0.0,0.0,0.0,0.0,0.0,0.0,0.0,0.0,0.0,0.0,0.0,0.0,0.0,0.0,0.0,0.0,0.0,0.0,0.0,0.0,836488705682495.5,1672977411364991.0,836488705682495.5,0.0,0.0,0.0,0.0,0.0,0.0,0.0,0.0,0.0,833104765675106.4,1666209531350212.8,9964682307717264.0,1.8263155084084316e+16,3.007114784377675e+16,4.18791406034692e+16,5.119448483340682e+16,6.050982906334443e+16,6.219939333304278e+16,6.3888957602741144e+16,5.732109891889232e+16,5.075324023504351e+16,4.032941668380985e+16,2.9905593132576184e+16,2.0948622469761016e+16,1.199165180694585e+16,7133151775348225.0,2274651743750601.5,1144205412096649.0,13759080442696.62,982930114359962.6,1952101148277228.8,3397527110049460.5,4842953071821693.0,9160097337624788.0,1.3477241603427878e+16,2.3370261425378924e+16,3.3263281247329964e+16,4.0797524709214584e+16,4.83317681710992e+16,4.924756034389574e+16,5.016335251669227e+16,4.675815456736748e+16,4.335295661804269e+16,4.227963417533908e+16,4.1206311732635464e+16,4.9028927558371624e+16,5.685154338410778e+16,7.278931468501958e+16,8.87270859859314e+16,1.0413501506639933e+17,1.1954294414686728e+17,1.2160555566231107e+17,1.2366816717775486e+17,1.0656933545883536e+17,8.947050373991587e+16,6.2906778109968376e+16,3.63430524800209e+16,1.817152624001045e+16,0.0,0.0,0.0,0.0,0.0,0.0,0.0,0.0,0.0,0.0,0.0,0.0,0.0,0.0,0.0,0.0,0.0,0.0,0.0,0.0,0.0,0.0,0.0,0.0,0.0,0.0,0.0,0.0,0.0,0.0,0.0,0.0,0.0,0.0,0.0,0.0,0.0,0.0,0.0,0.0,0.0,0.0,0.0,0.0,0.0,0.0,0.0,0.0,0.0,0.0,0.0,0.0,0.0,0.0,0.0,0.0,0.0,0.0,0.0,0.0,0.0,0.0,0.0,0.0,0.0,0.0,0.0,0.0,0.0,0.0,0.0,0.0,0.0,0.0,0.0,0.0,0.0,0.0,0.0,0.0
32.483441936743,104.936975557534,20.0562836186236,228.0,25.0,146.02383950513695,5.0,5.0,0.8297143122060698,6.45645510900402e+17,0.0,0.0,0.0,0.0,0.0,0.0,0.0,0.0,0.0,0.0,0.0,0.0,0.0,0.0,0.0,0.0,0.0,0.0,0.0,0.0,0.0,0.0,0.0,0.0,0.0,0.0,0.0,0.0,0.0,0.0,0.0,0.0,0.0,0.0,0.0,0.0,0.0,0.0,0.0,0.0,0.0,0.0,0.0,0.0,0.0,0.0,0.0,0.0,0.0,0.0,0.0,0.0,0.0,0.0,0.0,0.0,0.0,0.0,0.0,0.0,0.0,0.0,0.0,0.0,0.0,0.0,0.0,0.0,0.0,0.0,0.0,0.0,0.0,0.0,0.0,0.0,0.0,0.0,0.0,0.0,0.0,0.0,0.0,0.0,0.0,0.0,0.0,0.0,0.0,0.0,0.0,0.0,0.0,0.0,0.0,0.0,0.0,0.0,0.0,813507579299526.8,1627015158599053.5,819036718752951.0,11058278906848.127,5529139453424.063,0.0,0.0,0.0,0.0,0.0,0.0,0.0,0.0,0.0,2360109876482471.0,4720219752964942.0,1.2053872499357698e+16,1.9387525245750456e+16,2.7076038420457144e+16,3.476455159516383e+16,3.825268469567358e+16,4.174081779618333e+16,3.9897141751050456e+16,3.805346570591758e+16,3.251935668382271e+16,2.698524766172783e+16,2.0537298513851996e+16,1.408934936597616e+16,9085972867294652.0,4082596368613142.5,2041298184306571.2,0.0,0.0,0.0,0.0,0.0,1274431543049344.5,2548863086098689.0,7246082747724439.0,1.1943302409350192e+16,1.5203015398784054e+16,1.8462728388217916e+16,1.7898635316527166e+16,1.7334542244836422e+16,1.4998510431939478e+16,1.2662478619042532e+16,1.3914062649084184e+16,1.5165646679125834e+16,2.5465797716473172e+16,3.5765948753820508e+16,5.157083669916651e+16,6.737572464451252e+16,8.070604741044699e+16,9.403637017638144e+16,9.496308052699843e+16,9.588979087761544e+16,8.070012929174022e+16,6.5510467705865016e+16,4.449913404579871e+16,2.3487800385732412e+16,1.1743900192866206e+16,0.0,0.0,0.0,0.0,0.0,0.0,0.0,0.0,0.0,0.0,0.0,0.0,0.0,0.0,0.0,0.0,0.0,0.0,0.0,0.0,0.0,0.0,0.0,0.0,0.0,0.0,0.0,0.0,0.0,0.0,0.0,0.0,0.0,0.0,0.0,0.0,0.0,0.0,0.0,0.0,0.0,0.0,0.0,0.0,0.0,0.0,0.0,0.0,0.0,0.0,0.0,0.0,0.0,0.0,0.0,0.0,0.0,0.0,0.0,0.0,0.0,0.0,0.0,0.0,0.0,0.0,0.0,0.0,0.0,0.0,0.0,0.0,0.0,0.0,0.0,0.0,0.0,0.0,0.0,0.0
32.514285197589,104.903619085667,21.9678796312896,228.0,20.0,142.14063031778522,5.0,5.0,0.45885906855624553,3.570630196333167e+17,0.0,0.0,0.0,0.0,0.0,0.0,0.0,0.0,0.0,0.0,0.0,0.0,0.0,0.0,0.0,0.0,0.0,0.0,0.0,0.0,0.0,0.0,0.0,0.0,0.0,0.0,0.0,0.0,0.0,0.0,0.0,0.0,0.0,0.0,0.0,0.0,0.0,0.0,0.0,0.0,0.0,0.0,0.0,0.0,0.0,0.0,0.0,0.0,0.0,0.0,0.0,0.0,0.0,0.0,0.0,0.0,0.0,0.0,0.0,0.0,0.0,0.0,0.0,0.0,0.0,0.0,0.0,0.0,0.0,0.0,0.0,0.0,0.0,0.0,0.0,0.0,0.0,0.0,0.0,0.0,0.0,0.0,0.0,0.0,0.0,0.0,0.0,0.0,0.0,0.0,0.0,0.0,0.0,0.0,0.0,0.0,0.0,0.0,0.0,189415796866791.28,378831593733582.56,189415796866791.28,0.0,0.0,0.0,0.0,0.0,0.0,0.0,0.0,0.0,0.0,0.0,443188735717095.25,886377471434190.5,4883759665578366.0,8881141859722542.0,1.4260554041106306e+16,1.9639966222490068e+16,2.282501602635314e+16,2.6010065830216216e+16,2.574728392969888e+16,2.5484502029181544e+16,2.2284092975091624e+16,1.9083683921001704e+16,1.4570736988584036e+16,1.0057790056166366e+16,6371667391600378.0,2685544727034390.0,1342772363517195.0,0.0,0.0,0.0,0.0,0.0,0.0,0.0,298994525481177.75,597989050962355.5,1120997343000479.8,1644005635038604.0,1190431806971955.0,736857978905306.0,368428989452653.0,0.0,2235652192005434.5,4471304384010869.0,1.3422111619537032e+16,2.237291885506319e+16,3.4535501017565988e+16,4.6698083180068776e+16,5.511090214852672e+16,6.352372111698468e+16,6.169659730397762e+16,5.986947349097056e+16,4.748431858671953e+16,3.50991636824685e+16,2.2020381115165864e+16,8941598547863226.0,4470799273931613.0,0.0,0.0,0.0,0.0,0.0,0.0,0.0,0.0,0.0,0.0,0.0,0.0,0.0,0.0,0.0,0.0,0.0,0.0,0.0,0.0,0.0,0.0,0.0,0.0,0.0,0.0,0.0,0.0,0.0,0.0,0.0,0.0,0.0,0.0,0.0,0.0,0.0,0.0,0.0,0.0,0.0,0.0,0.0,0.0,0.0,0.0,0.0,0.0,0.0,0.0,0.0,0.0,0.0,0.0,0.0,0.0,0.0,0.0,0.0,0.0,0.0,0.0,0.0,0.0,0.0,0.0,0.0,0.0,0.0,0.0,0.0,0.0,0.0,0.0,0.0,0.0,0.0,0.0,0.0,0.0
32.5461245658725,104.869171935265,23.46997760236,228.0,15.0,138.5952569857154,5.0,5.0,0.17986858393984226,1.3996545806712402e+17,0.0,0.0,0.0,0.0,0.0,0.0,0.0,0.0,0.0,0.0,0.0,0.0,0.0,0.0,0.0,0.0,0.0,0.0,0.0,0.0,0.0,0.0,0.0,0.0,0.0,0.0,0.0,0.0,0.0,0.0,0.0,0.0,0.0,0.0,0.0,0.0,0.0,0.0,0.0,0.0,0.0,0.0,0.0,0.0,0.0,0.0,0.0,0.0,0.0,0.0,0.0,0.0,0.0,0.0,0.0,0.0,0.0,0.0,0.0,0.0,0.0,0.0,0.0,0.0,0.0,0.0,0.0,0.0,0.0,0.0,0.0,0.0,0.0,0.0,0.0,0.0,0.0,0.0,0.0,0.0,0.0,0.0,0.0,0.0,0.0,0.0,0.0,0.0,0.0,0.0,0.0,0.0,0.0,0.0,0.0,0.0,0.0,0.0,0.0,127469960555552.23,254939921111104.47,127469960555552.23,0.0,0.0,0.0,0.0,0.0,0.0,0.0,0.0,0.0,0.0,0.0,0.0,0.0,1298058341905798.0,2596116683811596.0,4978680528598108.0,7361244373384620.0,8986067220414893.0,1.0610890067445166e+16,1.0835412454810554e+16,1.1059934842175938e+16,9894476505104956.0,8729018168033975.0,6698799161759447.0,4668580155484918.0,3056246687094287.5,1443913218703657.0,721956609351828.5,0.0,0.0,0.0,0.0,0.0,0.0,0.0,0.0,0.0,0.0,0.0,0.0,0.0,0.0,0.0,314323676977562.7,628647353955125.4,5237498391506476.0,9846349429057826.0,1.5853622372467242e+16,2.1860895315876664e+16,2.496936811457734e+16,2.8077840913278012e+16,2.5634070018655384e+16,2.319029912403276e+16,1.6413543812402702e+16,9636788500772646.0,4818394250386323.0,0.0,0.0,0.0,0.0,0.0,0.0,0.0,0.0,0.0,0.0,0.0,0.0,0.0,0.0,0.0,0.0,0.0,0.0,0.0,0.0,0.0,0.0,0.0,0.0,0.0,0.0,0.0,0.0,0.0,0.0,0.0,0.0,0.0,0.0,0.0,0.0,0.0,0.0,0.0,0.0,0.0,0.0,0.0,0.0,0.0,0.0,0.0,0.0,0.0,0.0,0.0,0.0,0.0,0.0,0.0,0.0,0.0,0.0,0.0,0.0,0.0,0.0,0.0,0.0,0.0,0.0,0.0,0.0,0.0,0.0,0.0,0.0,0.0,0.0,0.0,0.0,0.0,0.0,0.0,0.0,0.0,0.0
32.5787177247757,104.833960522679,24.5511456592836,228.0,10.0,90.0,5.0,5.0,0.0,0.0,0.0,0.0,0.0,0.0,0.0,0.0,0.0,0.0,0.0,0.0,0.0,0.0,0.0,0.0,0.0,0.0,0.0,0.0,0.0,0.0,0.0,0.0,0.0,0.0,0.0,0.0,0.0,0.0,0.0,0.0,0.0,0.0,0.0,0.0,0.0,0.0,0.0,0.0,0.0,0.0,0.0,0.0,0.0,0.0,0.0,0.0,0.0,0.0,0.0,0.0,0.0,0.0,0.0,0.0,0.0,0.0,0.0,0.0,0.0,0.0,0.0,0.0,0.0,0.0,0.0,0.0,0.0,0.0,0.0,0.0,0.0,0.0,0.0,0.0,0.0,0.0,0.0,0.0,0.0,0.0,0.0,0.0,0.0,0.0,0.0,0.0,0.0,0.0,0.0,0.0,0.0,0.0,0.0,0.0,0.0,0.0,0.0,0.0,0.0,0.0,0.0,0.0,0.0,0.0,0.0,0.0,0.0,0.0,0.0,0.0,0.0,0.0,0.0,0.0,0.0,0.0,0.0,0.0,0.0,0.0,0.0,0.0,0.0,0.0,0.0,0.0,0.0,0.0,0.0,0.0,0.0,0.0,0.0,0.0,0.0,0.0,0.0,0.0,0.0,0.0,0.0,0.0,0.0,0.0,0.0,0.0,0.0,0.0,0.0,0.0,0.0,0.0,0.0,0.0,0.0,0.0,0.0,0.0,0.0,0.0,0.0,0.0,0.0,0.0,0.0,0.0,0.0,0.0,0.0,0.0,0.0,0.0,0.0,0.0,0.0,0.0,0.0,0.0,0.0,0.0,0.0,0.0,0.0,0.0,0.0,0.0,0.0,0.0,0.0,0.0,0.0,0.0,0.0,0.0,0.0,0.0,0.0,0.0,0.0,0.0,0.0,0.0,0.0,0.0,0.0,0.0,0.0,0.0,0.0,0.0,0.0,0.0,0.0,0.0,0.0,0.0,0.0,0.0,0.0,0.0,0.0,0.0,0.0,0.0,0.0,0.0,0.0,0.0,0.0,0.0,0.0,0.0,0.0,0.0,0.0,0.0,0.0,0.0,0.0,0.0
32.3451700000397,105.013998093827,2.46201938253052,228.0,80.0,168.3548557397882,5.0,5.0,3.8995756819741145,3.034470415230885e+18,0.0,0.0,0.0,0.0,0.0,0.0,0.0,0.0,0.0,0.0,0.0,0.0,0.0,0.0,0.0,0.0,0.0,0.0,0.0,0.0,0.0,0.0,0.0,0.0,0.0,0.0,0.0,0.0,0.0,0.0,0.0,0.0,0.0,0.0,0.0,0.0,0.0,0.0,0.0,0.0,0.0,0.0,0.0,0.0,0.0,0.0,0.0,0.0,0.0,0.0,0.0,0.0,0.0,0.0,0.0,0.0,0.0,0.0,0.0,0.0,0.0,0.0,0.0,0.0,0.0,0.0,0.0,0.0,0.0,0.0,0.0,0.0,0.0,0.0,0.0,0.0,0.0,0.0,0.0,0.0,0.0,0.0,0.0,0.0,0.0,0.0,0.0,0.0,0.0,0.0,0.0,0.0,0.0,0.0,0.0,0.0,0.0,849425937312992.8,1698851874625985.5,953301179596257.4,207750484566529.12,836826018066726.8,1465901551566924.5,2080143941558989.0,2694386331551053.5,2438330314649613.0,2182274297748172.0,1339039446926394.8,495804596104617.94,9158596852084156.0,1.7821389108063694e+16,3.8068950749725816e+16,5.831651239138794e+16,8.841018567983946e+16,1.1850385896829096e+17,1.5010055243333296e+17,1.816972458983749e+17,2.0618769966942067e+17,2.306781534404664e+17,2.3919720875741738e+17,2.4771626407436835e+17,2.376224776757031e+17,2.2752869127703782e+17,2.0213489553474586e+17,1.7674109979245395e+17,1.4320422004758429e+17,1.0966734030271469e+17,7.93660549094725e+16,4.906476951623029e+16,2.9962279368942444e+16,1.0859789221654602e+16,8490578763349937.0,6121368305045272.0,1.2870270034505208e+16,1.9619171763965144e+16,3.667908552119262e+16,5.3738999278420104e+16,7.94204728285748e+16,1.0510194637872949e+17,1.3384790483916736e+17,1.6259386329960525e+17,1.8569273730416765e+17,2.0879161130873005e+17,2.209824927092232e+17,2.3317337410971638e+17,2.3257476598563405e+17,2.319761578615517e+17,2.1980212460637187e+17,2.0762809135119203e+17,1.8702283871170394e+17,1.664175860722159e+17,1.409893407379095e+17,1.155610954036031e+17,8.993578805242214e+16,6.431048070124119e+16,4.32035334854518e+16,2.2096586269662412e+16,1.1048293134831206e+16,0.0,0.0,0.0,0.0,0.0,0.0,0.0,0.0,0.0,0.0,0.0,0.0,0.0,0.0,0.0,0.0,0.0,0.0,0.0,0.0,0.0,0.0,0.0,0.0,0.0,0.0,0.0,0.0,0.0,0.0,0.0,0.0,0.0,0.0,0.0,0.0,0.0,0.0,0.0,0.0,0.0,0.0,0.0,0.0,0.0,0.0,0.0,0.0,0.0,0.0,0.0,0.0,0.0,0.0,0.0,0.0,0.0,0.0,0.0,0.0,0.0,0.0,0.0,0.0,0.0,0.0,0.0,0.0,0.0,0.0,0.0,0.0,0.0,0.0,0.0,0.0,0.0,0.0,0.0,0.0,0.0,0.0
32.355132512099,105.003260492619,7.18980823265266,228.0,65.0,167.41585304040225,5.0,5.0,3.6323544685218914,2.8265311590981837e+18,0.0,0.0,0.0,0.0,0.0,0.0,0.0,0.0,0.0,0.0,0.0,0.0,0.0,0.0,0.0,0.0,0.0,0.0,0.0,0.0,0.0,0.0,0.0,0.0,0.0,0.0,0.0,0.0,0.0,0.0,0.0,0.0,0.0,0.0,0.0,0.0,0.0,0.0,0.0,0.0,0.0,0.0,0.0,0.0,0.0,0.0,0.0,0.0,0.0,0.0,0.0,0.0,0.0,0.0,0.0,0.0,0.0,0.0,0.0,0.0,0.0,0.0,0.0,0.0,0.0,0.0,0.0,0.0,0.0,0.0,0.0,0.0,0.0,0.0,0.0,0.0,0.0,0.0,0.0,0.0,0.0,0.0,0.0,0.0,0.0,0.0,0.0,0.0,0.0,0.0,0.0,0.0,0.0,0.0,0.0,0.0,0.0,95914412762432.19,191828825524864.38,95914412762432.19,0.0,0.0,0.0,197588368709324.72,395176737418649.44,200926451976246.62,6676166533843.805,3338083266921.9023,0.0,6174432103325000.0,1.234886420665e+16,2.9895706070762704e+16,4.744254793487541e+16,7.451842947468765e+16,1.0159431101449992e+17,1.3147996984847096e+17,1.6136562868244202e+17,1.8474606611244115e+17,2.0812650354244022e+17,2.167744425534028e+17,2.2542238156436544e+17,2.161652662616785e+17,2.069081509589916e+17,1.831002712571077e+17,1.5929239155522378e+17,1.2835710484542438e+17,9.742181813562498e+16,6.917656259710929e+16,4.09313070585936e+16,2.4053150550655056e+16,7174994042716523.0,8687890474573348.0,1.0200786906430174e+16,1.5774109188786006e+16,2.134743147114184e+16,3.7223438847628e+16,5.309944622411415e+16,7.773526553295504e+16,1.0237108484179594e+17,1.2895809192834197e+17,1.5554509901488797e+17,1.7638845005052528e+17,1.9723180108616266e+17,2.0799736542426467e+17,2.187629297623668e+17,2.181740257612414e+17,2.1758512176011606e+17,2.0739150494755584e+17,1.971978881349956e+17,1.8080052589034528e+17,1.6440316364569498e+17,1.4302381501418907e+17,1.2164446638268317e+17,9.703972425773325e+16,7.243498213278333e+16,4.92596797209469e+16,2.608437730911048e+16,1.304218865455524e+16,0.0,0.0,0.0,0.0,0.0,0.0,0.0,0.0,0.0,0.0,0.0,0.0,0.0,0.0,0.0,0.0,0.0,0.0,0.0,0.0,0.0,0.0,0.0,0.0,0.0,0.0,0.0,0.0,0.0,0.0,0.0,0.0,0.0,0.0,0.0,0.0,0.0,0.0,0.0,0.0,0.0,0.0,0.0,0.0,0.0,0.0,0.0,0.0,0.0,0.0,0.0,0.0,0.0,0.0,0.0,0.0,0.0,0.0,0.0,0.0,0.0,0.0,0.0,0.0,0.0,0.0,0.0,0.0,0.0,0.0,0.0,0.0,0.0,0.0,0.0,0.0,0.0,0.0,0.0,0.0,0.0,0.0
32.3729334784802,104.984052470111,11.3706888080417,228.0,50.0,165.52390089377732,5.0,5.0,2.931773127825795,2.2813709865101537e+18,0.0,0.0,0.0,0.0,0.0,0.0,0.0,0.0,0.0,0.0,0.0,0.0,0.0,0.0,0.0,0.0,0.0,0.0,0.0,0.0,0.0,0.0,0.0,0.0,0.0,0.0,0.0,0.0,0.0,0.0,0.0,0.0,0.0,0.0,0.0,0.0,0.0,0.0,0.0,0.0,0.0,0.0,0.0,0.0,0.0,0.0,0.0,0.0,0.0,0.0,0.0,0.0,0.0,0.0,0.0,0.0,0.0,0.0,0.0,0.0,0.0,0.0,0.0,0.0,0.0,0.0,0.0,0.0,0.0,0.0,0.0,0.0,0.0,0.0,0.0,0.0,0.0,0.0,0.0,0.0,0.0,0.0,0.0,0.0,0.0,0.0,0.0,0.0,0.0,0.0,0.0,0.0,0.0,0.0,0.0,0.0,0.0,1859482537768370.8,3718965075536741.5,2534480964526041.5,1349996853515342.5,674998426757671.2,0.0,0.0,0.0,0.0,0.0,8563687527364.042,17127375054728.084,3407528291479613.5,6797929207904498.0,1.7446303482120064e+16,2.809467775633563e+16,4.798535229014393e+16,6.787602682395222e+16,9.212823340813989e+16,1.1638043999232757e+17,1.3635612510109298e+17,1.563318102098584e+17,1.6393069603157888e+17,1.715295818532994e+17,1.6390845474775488e+17,1.562873276422104e+17,1.3696419886546704e+17,1.1764107008872368e+17,9.286984606297234e+16,6.8098622037220984e+16,4.644675002381543e+16,2.4794878010409868e+16,1.5709199722285698e+16,6623521434161531.0,1.056565307793054e+16,1.450778472169955e+16,1.866545753569664e+16,2.2823130349693732e+16,3.539451961954629e+16,4.796590888939885e+16,6.902835668746115e+16,9.009080448552347e+16,1.1161476980090774e+17,1.3313873511629203e+17,1.4824965309929514e+17,1.6336057108229824e+17,1.687018709008307e+17,1.7404317071936314e+17,1.7203263403195386e+17,1.700220973445446e+17,1.637868481546259e+17,1.5755159896470714e+17,1.5008441247933443e+17,1.426172259939617e+17,1.3172022861713546e+17,1.2082323124030925e+17,1.0210210506944264e+17,8.3380978898576e+16,5.944237662092548e+16,3.5503774343274964e+16,1.7751887171637482e+16,0.0,0.0,0.0,0.0,0.0,0.0,0.0,0.0,0.0,0.0,0.0,0.0,0.0,0.0,0.0,0.0,0.0,0.0,0.0,0.0,0.0,0.0,0.0,0.0,0.0,0.0,0.0,0.0,0.0,0.0,0.0,0.0,0.0,0.0,0.0,0.0,0.0,0.0,0.0,0.0,0.0,0.0,0.0,0.0,0.0,0.0,0.0,0.0,0.0,0.0,0.0,0.0,0.0,0.0,0.0,0.0,0.0,0.0,0.0,0.0,0.0,0.0,0.0,0.0,0.0,0.0,0.0,0.0,0.0,0.0,0.0,0.0,0.0,0.0,0.0,0.0,0.0,0.0,0.0,0.0,0.0,0.0
32.3964724627127,104.958628555021,14.8927689400555,228.0,40.0,164.9291869925707,5.0,5.0,2.0580639049277156,1.6014906598751217e+18,0.0,0.0,0.0,0.0,0.0,0.0,0.0,0.0,0.0,0.0,0.0,0.0,0.0,0.0,0.0,0.0,0.0,0.0,0.0,0.0,0.0,0.0,0.0,0.0,0.0,0.0,0.0,0.0,0.0,0.0,0.0,0.0,0.0,0.0,0.0,0.0,0.0,0.0,0.0,0.0,0.0,0.0,0.0,0.0,0.0,0.0,0.0,0.0,0.0,0.0,0.0,0.0,0.0,0.0,0.0,0.0,0.0,0.0,0.0,0.0,0.0,0.0,0.0,0.0,0.0,0.0,0.0,0.0,0.0,0.0,0.0,0.0,0.0,0.0,0.0,0.0,0.0,0.0,0.0,0.0,0.0,0.0,0.0,0.0,0.0,0.0,0.0,0.0,0.0,0.0,0.0,0.0,0.0,0.0,0.0,0.0,0.0,3760162144143015.0,7520324288286030.0,5893123602222970.0,4265922916159909.5,2132961458079954.8,0.0,0.0,0.0,0.0,0.0,0.0,0.0,0.0,0.0,3479690181326042.0,6959380362652084.0,2.0386211167267012e+16,3.3813041971881936e+16,5.223828556786165e+16,7.066352916384136e+16,8.621484689799642e+16,1.0176616463215149e+17,1.0709749105930046e+17,1.1242881748644947e+17,1.0610435559020451e+17,9.977989369395957e+16,8.497837260733746e+16,7.017685152071535e+16,5.2881327444599384e+16,3.5585803368483428e+16,2.2469515057634064e+16,9353226746784698.0,4917095576158906.0,480964405533113.2,2400331806733619.0,4319699207934124.0,6956316401493224.0,9592933595052324.0,2.12864002029979e+16,3.297986681094347e+16,5.184775945858607e+16,7.071565210622867e+16,8.742847688169117e+16,1.0414130165715366e+17,1.1208266437476472e+17,1.2002402709237574e+17,1.1955200346005251e+17,1.1907997982772923e+17,1.1570044069519206e+17,1.1232090156265488e+17,1.1158319658458827e+17,1.1084549160652163e+17,1.1327273543158182e+17,1.1569997925664203e+17,1.1520209253388355e+17,1.1470420581112514e+17,1.0286914641419478e+17,9.103408701726443e+16,6.713635039193113e+16,4.3238613766597816e+16,2.1619306883298908e+16,0.0,0.0,0.0,0.0,0.0,0.0,0.0,0.0,0.0,0.0,0.0,0.0,0.0,0.0,0.0,0.0,0.0,0.0,0.0,0.0,0.0,0.0,0.0,0.0,0.0,0.0,0.0,0.0,0.0,0.0,0.0,0.0,0.0,0.0,0.0,0.0,0.0,0.0,0.0,0.0,0.0,0.0,0.0,0.0,0.0,0.0,0.0,0.0,0.0,0.0,0.0,0.0,0.0,0.0,0.0,0.0,0.0,0.0,0.0,0.0,0.0,0.0,0.0,0.0,0.0,0.0,0.0,0.0,0.0,0.0,0.0,0.0,0.0,0.0,0.0,0.0,0.0,0.0,0.0,0.0,0.0,0.0
32.4237413385991,104.929155953793,17.7497379642719,228.0,30.0,161.1174436329798,5.0,5.0,1.2919496715553007,1.0053358047194435e+18,0.0,0.0,0.0,0.0,0.0,0.0,0.0,0.0,0.0,0.0,0.0,0.0,0.0,0.0,0.0,0.0,0.0,0.0,0.0,0.0,0.0,0.0,0.0,0.0,0.0,0.0,0.0,0.0,0.0,0.0,0.0,0.0,0.0,0.0,0.0,0.0,0.0,0.0,0.0,0.0,0.0,0.0,0.0,0.0,0.0,0.0,0.0,0.0,0.0,0.0,0.0,0.0,0.0,0.0,0.0,0.0,0.0,0.0,0.0,0.0,0.0,0.0,0.0,0.0,0.0,0.0,0.0,0.0,0.0,0.0,0.0,0.0,0.0,0.0,0.0,0.0,0.0,0.0,0.0,0.0,0.0,0.0,0.0,0.0,0.0,0.0,0.0,0.0,0.0,0.0,0.0,0.0,0.0,0.0,0.0,0.0,0.0,4303235213759492.5,8606470427518985.0,7155472397663738.0,5704474367808491.0,2852237183904245.5,0.0,0.0,0.0,0.0,0.0,0.0,0.0,0.0,0.0,0.0,0.0,5844430862431911.0,1.1688861724863822e+16,2.270387379128223e+16,3.371888585770063e+16,4.354055175715394e+16,5.336221765660723e+16,5.701598754109302e+16,6.066975742557882e+16,5.642990638207731e+16,5.219005533857581e+16,4.319532109836303e+16,3.4200586858150256e+16,2.5311420986865892e+16,1.6422255115581522e+16,1.0998250770651558e+16,5574246425721595.0,3238394596523228.0,902542767324860.2,454197682511739.56,5852597698618.823,108113092872343.17,210373588046067.5,8410857561732269.0,1.6611341535418472e+16,3.02226520215703e+16,4.3833962507722136e+16,5.455267740356619e+16,6.527139229941025e+16,6.746960936493355e+16,6.966782643045687e+16,6.571950524023354e+16,6.177118405001019e+16,6.0073008654386904e+16,5.837483325876361e+16,6.444896421341511e+16,7.052309516806661e+16,8.153188899192475e+16,9.254068281578293e+16,9.955661393087243e+16,1.0657254504596194e+17,9.914892740584744e+16,9.172530976573293e+16,6.8456180728336936e+16,4.518705169094097e+16,2.2593525845470484e+16,0.0,0.0,0.0,0.0,0.0,0.0,0.0,0.0,0.0,0.0,0.0,0.0,0.0,0.0,0.0,0.0,0.0,0.0,0.0,0.0,0.0,0.0,0.0,0.0,0.0,0.0,0.0,0.0,0.0,0.0,0.0,0.0,0.0,0.0,0.0,0.0,0.0,0.0,0.0,0.0,0.0,0.0,0.0,0.0,0.0,0.0,0.0,0.0,0.0,0.0,0.0,0.0,0.0,0.0,0.0,0.0,0.0,0.0,0.0,0.0,0.0,0.0,0.0,0.0,0.0,0.0,0.0,0.0,0.0,0.0,0.0,0.0,0.0,0.0,0.0,0.0,0.0,0.0,0.0,0.0,0.0,0.0
32.453353756169,104.897133348323,20.0562836186236,228.0,25.0,152.80391111940443,5.0,5.0,0.7207577939185031,5.608605603688589e+17,0.0,0.0,0.0,0.0,0.0,0.0,0.0,0.0,0.0,0.0,0.0,0.0,0.0,0.0,0.0,0.0,0.0,0.0,0.0,0.0,0.0,0.0,0.0,0.0,0.0,0.0,0.0,0.0,0.0,0.0,0.0,0.0,0.0,0.0,0.0,0.0,0.0,0.0,0.0,0.0,0.0,0.0,0.0,0.0,0.0,0.0,0.0,0.0,0.0,0.0,0.0,0.0,0.0,0.0,0.0,0.0,0.0,0.0,0.0,0.0,0.0,0.0,0.0,0.0,0.0,0.0,0.0,0.0,0.0,0.0,0.0,0.0,0.0,0.0,0.0,0.0,0.0,0.0,0.0,0.0,0.0,0.0,0.0,0.0,0.0,0.0,0.0,0.0,0.0,0.0,0.0,0.0,0.0,0.0,0.0,0.0,0.0,3549989033277367.0,7099978066554734.0,6303012939971093.0,5506047813387451.0,3167103483546771.0,828159153706090.2,414079576853045.1,0.0,0.0,0.0,0.0,0.0,0.0,0.0,0.0,0.0,598237145274108.4,1196474290548216.8,5883384700950940.0,1.0570295111353664e+16,1.6615327992496158e+16,2.2660360873638656e+16,2.6512865572449852e+16,3.036537027126105e+16,3.050181241145839e+16,3.0638254551655732e+16,2.8008537888147916e+16,2.53788212246401e+16,2.1015018651712484e+16,1.6651216078784878e+16,1.2008483715496842e+16,7365751352208808.0,4069615939531025.5,773480526853243.1,386740263426621.56,0.0,0.0,0.0,1734191148492305.2,3468382296984610.5,9899676691609122.0,1.6330971086233634e+16,2.1306654431847556e+16,2.628233777746148e+16,2.6043259840897696e+16,2.5804181904333916e+16,2.3161456691161416e+16,2.0518731477988924e+16,2.1748536570575544e+16,2.2978341663162164e+16,3.211225744996828e+16,4.12461732367744e+16,5.382992244291668e+16,6.641367164905897e+16,7.343173993498646e+16,8.044980822091394e+16,7.400935620514424e+16,6.756890418937456e+16,4.91668758706771e+16,3.0764847551979636e+16,1.5382423775989818e+16,0.0,0.0,0.0,0.0,0.0,0.0,0.0,0.0,0.0,0.0,0.0,0.0,0.0,0.0,0.0,0.0,0.0,0.0,0.0,0.0,0.0,0.0,0.0,0.0,0.0,0.0,0.0,0.0,0.0,0.0,0.0,0.0,0.0,0.0,0.0,0.0,0.0,0.0,0.0,0.0,0.0,0.0,0.0,0.0,0.0,0.0,0.0,0.0,0.0,0.0,0.0,0.0,0.0,0.0,0.0,0.0,0.0,0.0,0.0,0.0,0.0,0.0,0.0,0.0,0.0,0.0,0.0,0.0,0.0,0.0,0.0,0.0,0.0,0.0,0.0,0.0,0.0,0.0,0.0,0.0,0.0,0.0
32.484197017015,104.863763217929,21.9678796312896,228.0,20.0,142.88178233536308,5.0,5.0,0.3507857975197197,2.7296537148315997e+17,0.0,0.0,0.0,0.0,0.0,0.0,0.0,0.0,0.0,0.0,0.0,0.0,0.0,0.0,0.0,0.0,0.0,0.0,0.0,0.0,0.0,0.0,0.0,0.0,0.0,0.0,0.0,0.0,0.0,0.0,0.0,0.0,0.0,0.0,0.0,0.0,0.0,0.0,0.0,0.0,0.0,0.0,0.0,0.0,0.0,0.0,0.0,0.0,0.0,0.0,0.0,0.0,0.0,0.0,0.0,0.0,0.0,0.0,0.0,0.0,0.0,0.0,0.0,0.0,0.0,0.0,0.0,0.0,0.0,0.0,0.0,0.0,0.0,0.0,0.0,0.0,0.0,0.0,0.0,0.0,0.0,0.0,0.0,0.0,0.0,0.0,0.0,0.0,0.0,0.0,0.0,0.0,0.0,0.0,0.0,0.0,0.0,1761744308161195.5,3523488616322391.0,3163021630787130.5,2802554645251870.0,1502315123662513.0,202075602073155.94,101037801036577.97,0.0,0.0,0.0,0.0,0.0,0.0,0.0,0.0,0.0,0.0,0.0,2076717415838172.5,4153434831676345.0,8070319343729760.0,1.1987203855783174e+16,1.5194841133609896e+16,1.8402478411436616e+16,1.9403743506262624e+16,2.040500860108863e+16,1.8980961059250092e+16,1.7556913517411548e+16,1.4230938597805512e+16,1.0904963678199472e+16,7391793454112030.0,3878623230024588.0,1939311615012294.0,0.0,0.0,0.0,0.0,0.0,0.0,0.0,326835551425067.9,653671102850135.8,1728082701017236.8,2802494299184337.5,2494724024751685.0,2186953750319032.5,1814350215615066.0,1441746680911099.5,4215724388888424.5,6989702096865750.0,1.5025821566150982e+16,2.3061941035436216e+16,3.238366972022275e+16,4.170539840500929e+16,4.538522573897381e+16,4.906505307293833e+16,4.320558487967345e+16,3.734611668640856e+16,2.5620833025188988e+16,1.3895549363969418e+16,6947774681984709.0,0.0,0.0,0.0,0.0,0.0,0.0,0.0,0.0,0.0,0.0,0.0,0.0,0.0,0.0,0.0,0.0,0.0,0.0,0.0,0.0,0.0,0.0,0.0,0.0,0.0,0.0,0.0,0.0,0.0,0.0,0.0,0.0,0.0,0.0,0.0,0.0,0.0,0.0,0.0,0.0,0.0,0.0,0.0,0.0,0.0,0.0,0.0,0.0,0.0,0.0,0.0,0.0,0.0,0.0,0.0,0.0,0.0,0.0,0.0,0.0,0.0,0.0,0.0,0.0,0.0,0.0,0.0,0.0,0.0,0.0,0.0,0.0,0.0,0.0,0.0,0.0,0.0,0.0,0.0,0.0,0.0,0.0
32.5160363852985,104.82930188434,23.46997760236,228.0,15.0,135.2072667751862,5.0,5.0,0.13899409003797392,1.0815880713940955e+17,0.0,0.0,0.0,0.0,0.0,0.0,0.0,0.0,0.0,0.0,0.0,0.0,0.0,0.0,0.0,0.0,0.0,0.0,0.0,0.0,0.0,0.0,0.0,0.0,0.0,0.0,0.0,0.0,0.0,0.0,0.0,0.0,0.0,0.0,0.0,0.0,0.0,0.0,0.0,0.0,0.0,0.0,0.0,0.0,0.0,0.0,0.0,0.0,0.0,0.0,0.0,0.0,0.0,0.0,0.0,0.0,0.0,0.0,0.0,0.0,0.0,0.0,0.0,0.0,0.0,0.0,0.0,0.0,0.0,0.0,0.0,0.0,0.0,0.0,0.0,0.0,0.0,0.0,0.0,0.0,0.0,0.0,0.0,0.0,0.0,0.0,0.0,0.0,0.0,0.0,0.0,0.0,0.0,0.0,0.0,0.0,0.0,954252400152968.0,1908504800305936.0,1603910439004396.5,1299316077702856.8,650041990932744.1,767904162631.7389,383952081315.86945,0.0,0.0,0.0,0.0,0.0,0.0,0.0,0.0,0.0,0.0,0.0,729936371238195.4,1459872742476390.8,3160639716441685.0,4861406690406979.0,6330398465991120.0,7799390241575263.0,8647147211931057.0,9494904182286852.0,8980827793554525.0,8466751404822199.0,6896560247785082.0,5326369090747966.0,3456602531060786.5,1586835971373607.8,793417985686803.9,0.0,0.0,0.0,0.0,0.0,0.0,0.0,0.0,0.0,0.0,0.0,0.0,0.0,0.0,0.0,516089085347296.0,1032178170694592.0,5169020720115851.0,9305863269537112.0,1.3945496292122482e+16,1.8585129314707852e+16,1.9801353273025584e+16,2.101757723134332e+16,1.7281033511054172e+16,1.354448979076503e+16,8006970023632998.0,2469450256500968.0,1234725128250484.0,0.0,0.0,0.0,0.0,0.0,0.0,0.0,0.0,0.0,0.0,0.0,0.0,0.0,0.0,0.0,0.0,0.0,0.0,0.0,0.0,0.0,0.0,0.0,0.0,0.0,0.0,0.0,0.0,0.0,0.0,0.0,0.0,0.0,0.0,0.0,0.0,0.0,0.0,0.0,0.0,0.0,0.0,0.0,0.0,0.0,0.0,0.0,0.0,0.0,0.0,0.0,0.0,0.0,0.0,0.0,0.0,0.0,0.0,0.0,0.0,0.0,0.0,0.0,0.0,0.0,0.0,0.0,0.0,0.0,0.0,0.0,0.0,0.0,0.0,0.0,0.0,0.0,0.0,0.0,0.0,0.0,0.0
32.5486295442017,104.794079604615,24.5511456592836,228.0,10.0,90.0,5.0,5.0,0.0,0.0,0.0,0.0,0.0,0.0,0.0,0.0,0.0,0.0,0.0,0.0,0.0,0.0,0.0,0.0,0.0,0.0,0.0,0.0,0.0,0.0,0.0,0.0,0.0,0.0,0.0,0.0,0.0,0.0,0.0,0.0,0.0,0.0,0.0,0.0,0.0,0.0,0.0,0.0,0.0,0.0,0.0,0.0,0.0,0.0,0.0,0.0,0.0,0.0,0.0,0.0,0.0,0.0,0.0,0.0,0.0,0.0,0.0,0.0,0.0,0.0,0.0,0.0,0.0,0.0,0.0,0.0,0.0,0.0,0.0,0.0,0.0,0.0,0.0,0.0,0.0,0.0,0.0,0.0,0.0,0.0,0.0,0.0,0.0,0.0,0.0,0.0,0.0,0.0,0.0,0.0,0.0,0.0,0.0,0.0,0.0,0.0,0.0,0.0,0.0,0.0,0.0,0.0,0.0,0.0,0.0,0.0,0.0,0.0,0.0,0.0,0.0,0.0,0.0,0.0,0.0,0.0,0.0,0.0,0.0,0.0,0.0,0.0,0.0,0.0,0.0,0.0,0.0,0.0,0.0,0.0,0.0,0.0,0.0,0.0,0.0,0.0,0.0,0.0,0.0,0.0,0.0,0.0,0.0,0.0,0.0,0.0,0.0,0.0,0.0,0.0,0.0,0.0,0.0,0.0,0.0,0.0,0.0,0.0,0.0,0.0,0.0,0.0,0.0,0.0,0.0,0.0,0.0,0.0,0.0,0.0,0.0,0.0,0.0,0.0,0.0,0.0,0.0,0.0,0.0,0.0,0.0,0.0,0.0,0.0,0.0,0.0,0.0,0.0,0.0,0.0,0.0,0.0,0.0,0.0,0.0,0.0,0.0,0.0,0.0,0.0,0.0,0.0,0.0,0.0,0.0,0.0,0.0,0.0,0.0,0.0,0.0,0.0,0.0,0.0,0.0,0.0,0.0,0.0,0.0,0.0,0.0,0.0,0.0,0.0,0.0,0.0,0.0,0.0,0.0,0.0,0.0,0.0,0.0,0.0,0.0,0.0,0.0,0.0,0.0,0.0
32.3150818194657,104.974198603992,2.46201938253052,228.0,80.0,174.36499926619334,5.0,5.0,4.071111378658109,3.167951603748322e+18,0.0,0.0,0.0,0.0,0.0,0.0,0.0,0.0,0.0,0.0,0.0,0.0,0.0,0.0,0.0,0.0,0.0,0.0,0.0,0.0,0.0,0.0,0.0,0.0,0.0,0.0,0.0,0.0,0.0,0.0,0.0,0.0,0.0,0.0,0.0,0.0,0.0,0.0,0.0,0.0,0.0,0.0,0.0,0.0,0.0,0.0,0.0,0.0,0.0,0.0,0.0,0.0,0.0,0.0,0.0,0.0,0.0,0.0,0.0,0.0,0.0,0.0,0.0,0.0,0.0,0.0,0.0,0.0,0.0,0.0,0.0,0.0,0.0,0.0,0.0,0.0,0.0,0.0,0.0,0.0,0.0,0.0,0.0,0.0,0.0,0.0,0.0,0.0,0.0,0.0,0.0,0.0,0.0,0.0,0.0,5521526746577769.0,1.1043053493155538e+16,1.0365608534661108e+16,9688163576166678.0,6797612954744357.0,3907062333322038.5,5405291064035766.0,6903519794749494.0,8163905036767463.0,9424290278785432.0,8815473517854117.0,8206656756922803.0,7294176114070377.0,6381695471217952.0,1.3714380001149648e+16,2.1047064531081344e+16,4.405635919588064e+16,6.706565386067995e+16,1.0051762359728197e+17,1.3396959333388402e+17,1.7039915158717226e+17,2.068287098404605e+17,2.3648805329873002e+17,2.661473967569996e+17,2.7715659051656646e+17,2.8816578427613328e+17,2.773800405807053e+17,2.6659429688527738e+17,2.3817459209916378e+17,2.0975488731305018e+17,1.7186687540038694e+17,1.3397886348772366e+17,9.88454811699153e+16,6.371209885210695e+16,4.054888972347528e+16,1.73856805948436e+16,1.3154250470602874e+16,8922820346362145.0,1.283087106553604e+16,1.6738921784709936e+16,3.4747032860223596e+16,5.2755143935737256e+16,8.069541614182114e+16,1.0863568834790506e+17,1.3833033377632451e+17,1.68024979204744e+17,1.906585057306198e+17,2.1329203225649555e+17,2.2260025714362413e+17,2.3190848203075274e+17,2.2593211555065315e+17,2.1995574907055357e+17,2.0092242371955565e+17,1.818890983685577e+17,1.5620123954611754e+17,1.3051338072367736e+17,1.0339223781188253e+17,7.627109490008768e+16,5.255541812113307e+16,2.8839741342178468e+16,1.4419870671089234e+16,0.0,0.0,0.0,0.0,0.0,0.0,0.0,0.0,0.0,0.0,0.0,0.0,0.0,0.0,0.0,0.0,0.0,0.0,0.0,0.0,0.0,0.0,0.0,0.0,0.0,0.0,0.0,0.0,0.0,0.0,0.0,0.0,0.0,0.0,0.0,0.0,0.0,0.0,0.0,0.0,0.0,0.0,0.0,0.0,0.0,0.0,0.0,0.0,0.0,0.0,0.0,0.0,0.0,0.0,0.0,0.0,0.0,0.0,0.0,0.0,0.0,0.0,0.0,0.0,0.0,0.0,0.0,0.0,0.0,0.0,0.0,0.0,0.0,0.0,0.0,0.0,0.0,0.0,0.0,0.0,0.0,0.0,0.0,0.0
32.325044331525,104.963458111389,7.18980823265266,228.0,65.0,174.93139632779727,5.0,5.0,3.8260098259678728,2.977224850116204e+18,0.0,0.0,0.0,0.0,0.0,0.0,0.0,0.0,0.0,0.0,0.0,0.0,0.0,0.0,0.0,0.0,0.0,0.0,0.0,0.0,0.0,0.0,0.0,0.0,0.0,0.0,0.0,0.0,0.0,0.0,0.0,0.0,0.0,0.0,0.0,0.0,0.0,0.0,0.0,0.0,0.0,0.0,0.0,0.0,0.0,0.0,0.0,0.0,0.0,0.0,0.0,0.0,0.0,0.0,0.0,0.0,0.0,0.0,0.0,0.0,0.0,0.0,0.0,0.0,0.0,0.0,0.0,0.0,0.0,0.0,0.0,0.0,0.0,0.0,0.0,0.0,0.0,0.0,0.0,0.0,0.0,0.0,0.0,0.0,0.0,0.0,0.0,0.0,0.0,0.0,0.0,0.0,0.0,0.0,0.0,6668817665405749.0,1.3337635330811498e+16,1.3028790034559488e+16,1.2719944738307478e+16,8938867395092655.0,5157790051877832.0,3645761996604918.5,2133733941332005.2,2899744409757319.5,3665754878182634.0,3665119389919716.5,3664483901656800.0,3133779093934387.5,2603074286211974.0,9439005624357962.0,1.627493696250395e+16,3.5866130701678864e+16,5.545732444085378e+16,8.589084397397918e+16,1.1632436350710462e+17,1.516330016731443e+17,1.8694163983918403e+17,2.1580221476931914e+17,2.446627896994543e+17,2.5634013098080288e+17,2.680174722621515e+17,2.588373024460833e+17,2.4965713263001507e+17,2.2288801561302333e+17,1.9611889859603158e+17,1.5977938688014272e+17,1.2343987516425386e+17,8.999490107014496e+16,5.654992697603608e+16,3.559792711849066e+16,1.4645927260945248e+16,1.22121005623962e+16,9778273863847150.0,1.300559952372846e+16,1.6232925183609772e+16,3.4606892721300796e+16,5.298086025899182e+16,8.010485984384877e+16,1.0722885942870571e+17,1.355986841170619e+17,1.6396850880541808e+17,1.849778822221415e+17,2.059872556388649e+17,2.1454216122867466e+17,2.230970668184844e+17,2.1762447021384963e+17,2.1215187360921485e+17,1.9390165046873968e+17,1.7565142732826445e+17,1.519567226844242e+17,1.2826201804058395e+17,1.0356591259814554e+17,7.88698071557071e+16,5.525653833665222e+16,3.164326951759734e+16,1.582163475879867e+16,0.0,0.0,0.0,0.0,0.0,0.0,0.0,0.0,0.0,0.0,0.0,0.0,0.0,0.0,0.0,0.0,0.0,0.0,0.0,0.0,0.0,0.0,0.0,0.0,0.0,0.0,0.0,0.0,0.0,0.0,0.0,0.0,0.0,0.0,0.0,0.0,0.0,0.0,0.0,0.0,0.0,0.0,0.0,0.0,0.0,0.0,0.0,0.0,0.0,0.0,0.0,0.0,0.0,0.0,0.0,0.0,0.0,0.0,0.0,0.0,0.0,0.0,0.0,0.0,0.0,0.0,0.0,0.0,0.0,0.0,0.0,0.0,0.0,0.0,0.0,0.0,0.0,0.0,0.0,0.0,0.0,0.0,0.0,0.0
32.3428452979062,104.944243845315,11.3706888080417,228.0,50.0,174.6355695297021,5.0,5.0,3.1008061444725423,2.4129047045458867e+18,0.0,0.0,0.0,0.0,0.0,0.0,0.0,0.0,0.0,0.0,0.0,0.0,0.0,0.0,0.0,0.0,0.0,0.0,0.0,0.0,0.0,0.0,0.0,0.0,0.0,0.0,0.0,0.0,0.0,0.0,0.0,0.0,0.0,0.0,0.0,0.0,0.0,0.0,0.0,0.0,0.0,0.0,0.0,0.0,0.0,0.0,0.0,0.0,0.0,0.0,0.0,0.0,0.0,0.0,0.0,0.0,0.0,0.0,0.0,0.0,0.0,0.0,0.0,0.0,0.0,0.0,0.0,0.0,0.0,0.0,0.0,0.0,0.0,0.0,0.0,0.0,0.0,0.0,0.0,0.0,0.0,0.0,0.0,0.0,0.0,0.0,0.0,0.0,0.0,0.0,0.0,0.0,0.0,0.0,0.0,9602441861028608.0,1.9204883722057216e+16,2.041561163215536e+16,2.162633954225351e+16,1.5771790163877026e+16,9917240785500540.0,5170313873645325.0,423386961790110.7,211693480895055.34,0.0,0.0,0.0,339526536723294.44,679053073446588.9,3198658593989096.0,5718264114531604.0,1.6836438919587678e+16,2.7954613724643748e+16,5.148837053821171e+16,7.502212735177968e+16,1.04989631299297e+17,1.3495713524681434e+17,1.6149516055051475e+17,1.880331858542152e+17,2.0068890020970426e+17,2.1334461456519328e+17,2.0707662676680227e+17,2.0080863896841123e+17,1.7829633118734266e+17,1.5578402340627402e+17,1.2514497361523994e+17,9.450592382420581e+16,6.617738579263046e+16,3.784884776105512e+16,2.454682459411813e+16,1.1244801427181138e+16,1.1962383764204814e+16,1.2679966101228486e+16,1.3434661059423912e+16,1.4189356017619344e+16,2.973231124001817e+16,4.5275266462416984e+16,6.964333382435863e+16,9.401140118630029e+16,1.1827765453923867e+17,1.4254390789217707e+17,1.588796680438109e+17,1.752154281954448e+17,1.8047691703886307e+17,1.8573840588228134e+17,1.7965686161862976e+17,1.7357531735497818e+17,1.5973370900874026e+17,1.458921006625023e+17,1.2931532271435968e+17,1.1273854476621706e+17,9.524415374643883e+16,7.774976272666064e+16,5.698596484768381e+16,3.622216696870698e+16,1.811108348435349e+16,0.0,0.0,0.0,0.0,0.0,0.0,0.0,0.0,0.0,0.0,0.0,0.0,0.0,0.0,0.0,0.0,0.0,0.0,0.0,0.0,0.0,0.0,0.0,0.0,0.0,0.0,0.0,0.0,0.0,0.0,0.0,0.0,0.0,0.0,0.0,0.0,0.0,0.0,0.0,0.0,0.0,0.0,0.0,0.0,0.0,0.0,0.0,0.0,0.0,0.0,0.0,0.0,0.0,0.0,0.0,0.0,0.0,0.0,0.0,0.0,0.0,0.0,0.0,0.0,0.0,0.0,0.0,0.0,0.0,0.0,0.0,0.0,0.0,0.0,0.0,0.0,0.0,0.0,0.0,0.0,0.0,0.0,0.0,0.0
32.3663842821387,104.918810626056,14.8927689400555,228.0,40.0,174.05259769123117,5.0,5.0,2.1878957533919188,1.7025198320849352e+18,0.0,0.0,0.0,0.0,0.0,0.0,0.0,0.0,0.0,0.0,0.0,0.0,0.0,0.0,0.0,0.0,0.0,0.0,0.0,0.0,0.0,0.0,0.0,0.0,0.0,0.0,0.0,0.0,0.0,0.0,0.0,0.0,0.0,0.0,0.0,0.0,0.0,0.0,0.0,0.0,0.0,0.0,0.0,0.0,0.0,0.0,0.0,0.0,0.0,0.0,0.0,0.0,0.0,0.0,0.0,0.0,0.0,0.0,0.0,0.0,0.0,0.0,0.0,0.0,0.0,0.0,0.0,0.0,0.0,0.0,0.0,0.0,0.0,0.0,0.0,0.0,0.0,0.0,0.0,0.0,0.0,0.0,0.0,0.0,0.0,0.0,0.0,0.0,0.0,0.0,0.0,0.0,0.0,0.0,0.0,1.3006776833137176e+16,2.601355366627435e+16,2.839730888819934e+16,3.078106411012434e+16,2.3518884108820348e+16,1.6256704107516352e+16,9122915533184194.0,1989126958852035.5,994563479426017.8,0.0,0.0,0.0,0.0,0.0,0.0,0.0,3162313311634460.0,6324626623268920.0,2.0699574124396412e+16,3.50745216255239e+16,5.7255260966563896e+16,7.943600030760389e+16,9.980832815355573e+16,1.2018065599950758e+17,1.3071393844007714e+17,1.4124722088064669e+17,1.3730432283871109e+17,1.3336142479677547e+17,1.1716453324813406e+17,1.0096764169949267e+17,7.91552519219725e+16,5.734286214445232e+16,3.8570580045117576e+16,1.9798297945782816e+16,1.2223939277046706e+16,4649580608310598.0,3477150999020800.0,2304721389731003.5,4109643548867307.5,5914565708003611.0,1.9475446673571736e+16,3.3036327639139852e+16,5.385307997478996e+16,7.466983231044008e+16,9.36414506483736e+16,1.126130689863071e+17,1.2237116304038555e+17,1.3212925709446402e+17,1.320279336776101e+17,1.319266102607562e+17,1.2628642704704597e+17,1.2064624383333574e+17,1.1348530836692288e+17,1.0632437290051002e+17,9.991387487624227e+16,9.35033768519745e+16,8.444080206168741e+16,7.537822727140032e+16,5.801408681807055e+16,4.064994636474078e+16,2.032497318237039e+16,0.0,0.0,0.0,0.0,0.0,0.0,0.0,0.0,0.0,0.0,0.0,0.0,0.0,0.0,0.0,0.0,0.0,0.0,0.0,0.0,0.0,0.0,0.0,0.0,0.0,0.0,0.0,0.0,0.0,0.0,0.0,0.0,0.0,0.0,0.0,0.0,0.0,0.0,0.0,0.0,0.0,0.0,0.0,0.0,0.0,0.0,0.0,0.0,0.0,0.0,0.0,0.0,0.0,0.0,0.0,0.0,0.0,0.0,0.0,0.0,0.0,0.0,0.0,0.0,0.0,0.0,0.0,0.0,0.0,0.0,0.0,0.0,0.0,0.0,0.0,0.0,0.0,0.0,0.0,0.0,0.0,0.0,0.0,0.0
32.3936531580251,104.889326577245,17.7497379642719,228.0,30.0,170.02576271168272,5.0,5.0,1.328112169703815,1.0334757973037024e+18,0.0,0.0,0.0,0.0,0.0,0.0,0.0,0.0,0.0,0.0,0.0,0.0,0.0,0.0,0.0,0.0,0.0,0.0,0.0,0.0,0.0,0.0,0.0,0.0,0.0,0.0,0.0,0.0,0.0,0.0,0.0,0.0,0.0,0.0,0.0,0.0,0.0,0.0,0.0,0.0,0.0,0.0,0.0,0.0,0.0,0.0,0.0,0.0,0.0,0.0,0.0,0.0,0.0,0.0,0.0,0.0,0.0,0.0,0.0,0.0,0.0,0.0,0.0,0.0,0.0,0.0,0.0,0.0,0.0,0.0,0.0,0.0,0.0,0.0,0.0,0.0,0.0,0.0,0.0,0.0,0.0,0.0,0.0,0.0,0.0,0.0,0.0,0.0,0.0,0.0,0.0,0.0,0.0,0.0,0.0,1.2746528141186582e+16,2.5493056282373164e+16,2.858767677300524e+16,3.1682297263637304e+16,2.365633541114319e+16,1.5630373558649072e+16,7821113203752748.0,11852848856424.047,5926424428212.023,0.0,0.0,0.0,0.0,0.0,0.0,0.0,0.0,0.0,5921883709143766.0,1.1843767418287532e+16,2.394722091539032e+16,3.60506744124931e+16,4.805048667943177e+16,6.005029894637043e+16,6.625473031881368e+16,7.245916169125694e+16,7.006253192268161e+16,6.766590215410627e+16,5.8430518522414344e+16,4.91951348907224e+16,3.7498832121645016e+16,2.5802529352567628e+16,1.7884440881074564e+16,9966352409581498.0,6684899311426843.0,3403446213272186.5,1701723106636093.2,0.0,0.0,0.0,8901603155327374.0,1.7803206310654748e+16,3.3403966759613828e+16,4.900472720857292e+16,6.159090627113551e+16,7.417708533369811e+16,7.770083808806194e+16,8.122459084242576e+16,7.755247588492632e+16,7.388036092742686e+16,7.029045443262667e+16,6.670054793782648e+16,6.802918776766116e+16,6.935782759749582e+16,7.322740413499746e+16,7.709698067249909e+16,7.476464043188443e+16,7.24323001912698e+16,5.7487811515464376e+16,4.254332283965896e+16,2.127166141982948e+16,0.0,0.0,0.0,0.0,0.0,0.0,0.0,0.0,0.0,0.0,0.0,0.0,0.0,0.0,0.0,0.0,0.0,0.0,0.0,0.0,0.0,0.0,0.0,0.0,0.0,0.0,0.0,0.0,0.0,0.0,0.0,0.0,0.0,0.0,0.0,0.0,0.0,0.0,0.0,0.0,0.0,0.0,0.0,0.0,0.0,0.0,0.0,0.0,0.0,0.0,0.0,0.0,0.0,0.0,0.0,0.0,0.0,0.0,0.0,0.0,0.0,0.0,0.0,0.0,0.0,0.0,0.0,0.0,0.0,0.0,0.0,0.0,0.0,0.0,0.0,0.0,0.0,0.0,0.0,0.0,0.0,0.0,0.0,0.0
32.4232655755949,104.857291139112,20.0562836186236,228.0,25.0,160.43700095159767,5.0,5.0,0.6662307160534412,5.184300966198495e+17,0.0,0.0,0.0,0.0,0.0,0.0,0.0,0.0,0.0,0.0,0.0,0.0,0.0,0.0,0.0,0.0,0.0,0.0,0.0,0.0,0.0,0.0,0.0,0.0,0.0,0.0,0.0,0.0,0.0,0.0,0.0,0.0,0.0,0.0,0.0,0.0,0.0,0.0,0.0,0.0,0.0,0.0,0.0,0.0,0.0,0.0,0.0,0.0,0.0,0.0,0.0,0.0,0.0,0.0,0.0,0.0,0.0,0.0,0.0,0.0,0.0,0.0,0.0,0.0,0.0,0.0,0.0,0.0,0.0,0.0,0.0,0.0,0.0,0.0,0.0,0.0,0.0,0.0,0.0,0.0,0.0,0.0,0.0,0.0,0.0,0.0,0.0,0.0,0.0,0.0,0.0,0.0,0.0,0.0,0.0,8714869266826848.0,1.7429738533653696e+16,1.9317797182324256e+16,2.1205855830994812e+16,1.5658471110612964e+16,1.0111086390231116e+16,5396307888608044.0,681529386984971.1,340764693492485.56,0.0,0.0,0.0,0.0,0.0,0.0,0.0,0.0,0.0,864741647203792.8,1729483294407585.5,5233271521080583.0,8737059747753582.0,1.311103770478546e+16,1.7485015661817334e+16,2.0857605096767844e+16,2.4230194531718356e+16,2.513687121717914e+16,2.6043547902639924e+16,2.4777961498090508e+16,2.35123750935411e+16,2.090870356466145e+16,1.8305032035781804e+16,1.4161752981985222e+16,1.0018473928188644e+16,6238917550573759.0,2459361172958874.0,1229680586479437.0,0.0,0.0,0.0,2837519560269906.0,5675039120539812.0,1.3274001724260816e+16,2.087296432798182e+16,2.681513900401095e+16,3.275731368004009e+16,3.256301094852596e+16,3.2368708217011844e+16,2.9358075837072412e+16,2.634744345713298e+16,2.6596285015261464e+16,2.6845126573389956e+16,3.4027024029839052e+16,4.120892148628814e+16,4.963249051946726e+16,5.80560595526464e+16,5.844276602917548e+16,5.882947250570455e+16,4.617488334707335e+16,3.352029418844216e+16,1.676014709422108e+16,0.0,0.0,0.0,0.0,0.0,0.0,0.0,0.0,0.0,0.0,0.0,0.0,0.0,0.0,0.0,0.0,0.0,0.0,0.0,0.0,0.0,0.0,0.0,0.0,0.0,0.0,0.0,0.0,0.0,0.0,0.0,0.0,0.0,0.0,0.0,0.0,0.0,0.0,0.0,0.0,0.0,0.0,0.0,0.0,0.0,0.0,0.0,0.0,0.0,0.0,0.0,0.0,0.0,0.0,0.0,0.0,0.0,0.0,0.0,0.0,0.0,0.0,0.0,0.0,0.0,0.0,0.0,0.0,0.0,0.0,0.0,0.0,0.0,0.0,0.0,0.0,0.0,0.0,0.0,0.0,0.0,0.0,0.0,0.0
32.454108836441,104.82390735019,21.9678796312896,228.0,20.0,145.22598390481693,5.0,5.0,0.2733504492116656,2.1270874545585446e+17,0.0,0.0,0.0,0.0,0.0,0.0,0.0,0.0,0.0,0.0,0.0,0.0,0.0,0.0,0.0,0.0,0.0,0.0,0.0,0.0,0.0,0.0,0.0,0.0,0.0,0.0,0.0,0.0,0.0,0.0,0.0,0.0,0.0,0.0,0.0,0.0,0.0,0.0,0.0,0.0,0.0,0.0,0.0,0.0,0.0,0.0,0.0,0.0,0.0,0.0,0.0,0.0,0.0,0.0,0.0,0.0,0.0,0.0,0.0,0.0,0.0,0.0,0.0,0.0,0.0,0.0,0.0,0.0,0.0,0.0,0.0,0.0,0.0,0.0,0.0,0.0,0.0,0.0,0.0,0.0,0.0,0.0,0.0,0.0,0.0,0.0,0.0,0.0,0.0,0.0,0.0,0.0,0.0,0.0,0.0,3556917660456929.5,7113835320913859.0,7878023473408185.0,8642211625902512.0,6571592914324564.0,4500974202746617.5,2464819257398385.0,428664312050152.1,214332156025076.06,0.0,0.0,0.0,0.0,0.0,0.0,0.0,0.0,0.0,0.0,0.0,2558449359770.4263,5116898719540.853,2017195678773361.5,4029274458827182.0,6907148020344585.0,9785021581861988.0,1.1972484454363206e+16,1.4159947326864424e+16,1.4835269887867252e+16,1.5510592448870084e+16,1.3603751928431918e+16,1.169691140799375e+16,8474936706202282.0,5252962004410814.0,2849192077994410.5,445422151578006.8,222711075789003.4,0.0,0.0,0.0,0.0,0.0,1337177408235703.5,2674354816471407.0,4224780471227607.0,5775206125983806.0,5574922356630396.0,5374638587276986.0,4586683962483258.0,3798729337689530.5,6171503431280063.0,8544277524870598.0,1.507701127620111e+16,2.1609745027531628e+16,2.7865209171290916e+16,3.4120673315050196e+16,3.358109018404009e+16,3.3041507053029972e+16,2.462009349012069e+16,1.61986799272114e+16,8099339963605700.0,0.0,0.0,0.0,0.0,0.0,0.0,0.0,0.0,0.0,0.0,0.0,0.0,0.0,0.0,0.0,0.0,0.0,0.0,0.0,0.0,0.0,0.0,0.0,0.0,0.0,0.0,0.0,0.0,0.0,0.0,0.0,0.0,0.0,0.0,0.0,0.0,0.0,0.0,0.0,0.0,0.0,0.0,0.0,0.0,0.0,0.0,0.0,0.0,0.0,0.0,0.0,0.0,0.0,0.0,0.0,0.0,0.0,0.0,0.0,0.0,0.0,0.0,0.0,0.0,0.0,0.0,0.0,0.0,0.0,0.0,0.0,0.0,0.0,0.0,0.0,0.0,0.0,0.0,0.0,0.0,0.0,0.0,0.0,0.0
32.4859482047245,104.789431833415,23.46997760236,228.0,15.0,130.07785512358987,5.0,5.0,0.1050456658189447,8.174170503967509e+16,0.0,0.0,0.0,0.0,0.0,0.0,0.0,0.0,0.0,0.0,0.0,0.0,0.0,0.0,0.0,0.0,0.0,0.0,0.0,0.0,0.0,0.0,0.0,0.0,0.0,0.0,0.0,0.0,0.0,0.0,0.0,0.0,0.0,0.0,0.0,0.0,0.0,0.0,0.0,0.0,0.0,0.0,0.0,0.0,0.0,0.0,0.0,0.0,0.0,0.0,0.0,0.0,0.0,0.0,0.0,0.0,0.0,0.0,0.0,0.0,0.0,0.0,0.0,0.0,0.0,0.0,0.0,0.0,0.0,0.0,0.0,0.0,0.0,0.0,0.0,0.0,0.0,0.0,0.0,0.0,0.0,0.0,0.0,0.0,0.0,0.0,0.0,0.0,0.0,0.0,0.0,0.0,0.0,0.0,0.0,1005536118778078.6,2011072237556157.2,2550589498344237.5,3090106759132317.0,2569043411514873.5,2047980063897430.0,1023990031948715.0,0.0,0.0,0.0,0.0,0.0,0.0,0.0,0.0,0.0,0.0,0.0,0.0,0.0,0.0,0.0,747786618850152.0,1495573237700304.0,2939067555106293.5,4382561872512283.0,5842411981315387.0,7302262090118490.0,7713934000221119.0,8125605910323746.0,7093942334444462.0,6062278758565177.0,4109473843269141.0,2156668927973105.5,1078334463986552.8,0.0,0.0,0.0,0.0,0.0,0.0,0.0,0.0,0.0,0.0,0.0,0.0,0.0,0.0,0.0,648508162698715.9,1297016325397431.8,5035255656935785.0,8773494988474139.0,1.2090426612937682e+16,1.5407358237401224e+16,1.4773146696685206e+16,1.4138935155969188e+16,9794862815311638.0,5450790474654085.0,2725395237327042.5,0.0,0.0,0.0,0.0,0.0,0.0,0.0,0.0,0.0,0.0,0.0,0.0,0.0,0.0,0.0,0.0,0.0,0.0,0.0,0.0,0.0,0.0,0.0,0.0,0.0,0.0,0.0,0.0,0.0,0.0,0.0,0.0,0.0,0.0,0.0,0.0,0.0,0.0,0.0,0.0,0.0,0.0,0.0,0.0,0.0,0.0,0.0,0.0,0.0,0.0,0.0,0.0,0.0,0.0,0.0,0.0,0.0,0.0,0.0,0.0,0.0,0.0,0.0,0.0,0.0,0.0,0.0,0.0,0.0,0.0,0.0,0.0,0.0,0.0,0.0,0.0,0.0,0.0,0.0,0.0,0.0,0.0,0.0,0.0
32.5185413636277,104.75419868655,24.5511456592836,228.0,10.0,90.0,5.0,5.0,0.0,0.0,0.0,0.0,0.0,0.0,0.0,0.0,0.0,0.0,0.0,0.0,0.0,0.0,0.0,0.0,0.0,0.0,0.0,0.0,0.0,0.0,0.0,0.0,0.0,0.0,0.0,0.0,0.0,0.0,0.0,0.0,0.0,0.0,0.0,0.0,0.0,0.0,0.0,0.0,0.0,0.0,0.0,0.0,0.0,0.0,0.0,0.0,0.0,0.0,0.0,0.0,0.0,0.0,0.0,0.0,0.0,0.0,0.0,0.0,0.0,0.0,0.0,0.0,0.0,0.0,0.0,0.0,0.0,0.0,0.0,0.0,0.0,0.0,0.0,0.0,0.0,0.0,0.0,0.0,0.0,0.0,0.0,0.0,0.0,0.0,0.0,0.0,0.0,0.0,0.0,0.0,0.0,0.0,0.0,0.0,0.0,0.0,0.0,0.0,0.0,0.0,0.0,0.0,0.0,0.0,0.0,0.0,0.0,0.0,0.0,0.0,0.0,0.0,0.0,0.0,0.0,0.0,0.0,0.0,0.0,0.0,0.0,0.0,0.0,0.0,0.0,0.0,0.0,0.0,0.0,0.0,0.0,0.0,0.0,0.0,0.0,0.0,0.0,0.0,0.0,0.0,0.0,0.0,0.0,0.0,0.0,0.0,0.0,0.0,0.0,0.0,0.0,0.0,0.0,0.0,0.0,0.0,0.0,0.0,0.0,0.0,0.0,0.0,0.0,0.0,0.0,0.0,0.0,0.0,0.0,0.0,0.0,0.0,0.0,0.0,0.0,0.0,0.0,0.0,0.0,0.0,0.0,0.0,0.0,0.0,0.0,0.0,0.0,0.0,0.0,0.0,0.0,0.0,0.0,0.0,0.0,0.0,0.0,0.0,0.0,0.0,0.0,0.0,0.0,0.0,0.0,0.0,0.0,0.0,0.0,0.0,0.0,0.0,0.0,0.0,0.0,0.0,0.0,0.0,0.0,0.0,0.0,0.0,0.0,0.0,0.0,0.0,0.0,0.0,0.0,0.0,0.0,0.0,0.0,0.0,0.0,0.0,0.0,0.0,0.0,0.0
32.2849936388917,104.934399114157,2.46201938253052,228.0,80.0,173.47066357235772,5.0,5.0,3.8452558042721776,2.992201185117612e+18,0.0,0.0,0.0,0.0,0.0,0.0,0.0,0.0,0.0,0.0,0.0,0.0,0.0,0.0,0.0,0.0,0.0,0.0,0.0,0.0,0.0,0.0,0.0,0.0,0.0,0.0,0.0,0.0,0.0,0.0,0.0,0.0,0.0,0.0,0.0,0.0,0.0,0.0,0.0,0.0,0.0,0.0,0.0,0.0,0.0,0.0,0.0,0.0,0.0,0.0,0.0,0.0,0.0,0.0,0.0,0.0,0.0,0.0,0.0,0.0,0.0,0.0,0.0,0.0,0.0,0.0,0.0,0.0,0.0,0.0,0.0,0.0,0.0,0.0,0.0,0.0,0.0,0.0,0.0,0.0,0.0,0.0,0.0,0.0,0.0,0.0,0.0,0.0,0.0,0.0,0.0,0.0,0.0,1.226420414415192e+16,2.452840828830384e+16,2.7759224212232372e+16,3.0990040136160904e+16,2.5652445715815852e+16,2.0314851295470804e+16,1.8058139576748844e+16,1.5801427858026884e+16,2.036136869908024e+16,2.4921309540133596e+16,2.699931240891019e+16,2.9077315277686796e+16,2.895859254320811e+16,2.883986980872942e+16,2.7230813502456264e+16,2.5621757196183104e+16,2.60787482194314e+16,2.6535739242679696e+16,4.513271880023165e+16,6.37296983577836e+16,9.632819229091531e+16,1.2892668622404699e+17,1.6623878729697373e+17,2.0355088836990048e+17,2.3421521575877683e+17,2.6487954314765315e+17,2.7689112814295008e+17,2.8890271313824704e+17,2.791170071204054e+17,2.6933130110256374e+17,2.4163951292790285e+17,2.1394772475324208e+17,1.7581654360451837e+17,1.3768536245579466e+17,1.0262881775240509e+17,6.757227304901554e+16,4.891448360618917e+16,3.0256694163362804e+16,2.8229885622804796e+16,2.6203077082246784e+16,2.356314253994712e+16,2.0923207997647464e+16,3.15678240183317e+16,4.221244003901594e+16,6.636405359918948e+16,9.051566715936304e+16,1.1686376392833573e+17,1.4321186069730842e+17,1.6249977556881072e+17,1.8178769044031302e+17,1.8719721897556026e+17,1.9260674751080752e+17,1.8170206261610378e+17,1.707973777214e+17,1.4772795056797725e+17,1.2465852341455453e+17,9.909788697688094e+16,7.353725053920734e+16,5.1935494824985144e+16,3.0333739110762936e+16,1.5166869555381468e+16,0.0,0.0,0.0,0.0,0.0,0.0,0.0,0.0,0.0,0.0,0.0,0.0,0.0,0.0,0.0,0.0,0.0,0.0,0.0,0.0,0.0,0.0,0.0,0.0,0.0,0.0,0.0,0.0,0.0,0.0,0.0,0.0,0.0,0.0,0.0,0.0,0.0,0.0,0.0,0.0,0.0,0.0,0.0,0.0,0.0,0.0,0.0,0.0,0.0,0.0,0.0,0.0,0.0,0.0,0.0,0.0,0.0,0.0,0.0,0.0,0.0,0.0,0.0,0.0,0.0,0.0,0.0,0.0,0.0,0.0,0.0,0.0,0.0,0.0,0.0,0.0,0.0,0.0,0.0,0.0,0.0,0.0,0.0,0.0,0.0,0.0
32.294956150951,104.92365573016,7.18980823265266,228.0,65.0,174.6078394493258,5.0,5.0,3.6295040379332595,2.8243130851339177e+18,0.0,0.0,0.0,0.0,0.0,0.0,0.0,0.0,0.0,0.0,0.0,0.0,0.0,0.0,0.0,0.0,0.0,0.0,0.0,0.0,0.0,0.0,0.0,0.0,0.0,0.0,0.0,0.0,0.0,0.0,0.0,0.0,0.0,0.0,0.0,0.0,0.0,0.0,0.0,0.0,0.0,0.0,0.0,0.0,0.0,0.0,0.0,0.0,0.0,0.0,0.0,0.0,0.0,0.0,0.0,0.0,0.0,0.0,0.0,0.0,0.0,0.0,0.0,0.0,0.0,0.0,0.0,0.0,0.0,0.0,0.0,0.0,0.0,0.0,0.0,0.0,0.0,0.0,0.0,0.0,0.0,0.0,0.0,0.0,0.0,0.0,0.0,0.0,0.0,0.0,0.0,0.0,0.0,1.3657038703846588e+16,2.7314077407693176e+16,3.24422791376689e+16,3.757048086764462e+16,3.289948195270251e+16,2.82284830377604e+16,2.2659390605871668e+16,1.7090298173982936e+16,1.7620205645323342e+16,1.8150113116663748e+16,1.9126303171485216e+16,2.0102493226306684e+16,1.9789554889403364e+16,1.947661655250005e+16,1.8303983574188196e+16,1.713135059587634e+16,1.7506584556243636e+16,1.788181851661093e+16,3.409123907879309e+16,5.0300659640975256e+16,8.12450419283806e+16,1.1218942421578597e+17,1.4870475056876554e+17,1.8522007692174512e+17,2.1626840036262208e+17,2.47316723803499e+17,2.6092836732407075e+17,2.7454001084464246e+17,2.665691202799446e+17,2.585982297152467e+17,2.3239685656597408e+17,2.0619548341670144e+17,1.6900770747748387e+17,1.318199315382663e+17,9.778423731458152e+16,6.3748543090896776e+16,4.642190789811491e+16,2.9095272705333044e+16,2.5814300529146236e+16,2.2533328352959428e+16,1.897768273101186e+16,1.542203710906429e+16,2.8027375798103344e+16,4.06327144871424e+16,6.43447602950023e+16,8.805680610286219e+16,1.1395457797080902e+17,1.3985234983875582e+17,1.5855137536439098e+17,1.7725040089002618e+17,1.8322524253139904e+17,1.892000841727719e+17,1.7928428292002006e+17,1.6936848166726826e+17,1.4582247256615955e+17,1.2227646346505083e+17,9.490902100713987e+16,6.7541578549228936e+16,4.887516582994276e+16,3.0208753110656588e+16,1.5104376555328294e+16,0.0,0.0,0.0,0.0,0.0,0.0,0.0,0.0,0.0,0.0,0.0,0.0,0.0,0.0,0.0,0.0,0.0,0.0,0.0,0.0,0.0,0.0,0.0,0.0,0.0,0.0,0.0,0.0,0.0,0.0,0.0,0.0,0.0,0.0,0.0,0.0,0.0,0.0,0.0,0.0,0.0,0.0,0.0,0.0,0.0,0.0,0.0,0.0,0.0,0.0,0.0,0.0,0.0,0.0,0.0,0.0,0.0,0.0,0.0,0.0,0.0,0.0,0.0,0.0,0.0,0.0,0.0,0.0,0.0,0.0,0.0,0.0,0.0,0.0,0.0,0.0,0.0,0.0,0.0,0.0,0.0,0.0,0.0,0.0,0.0,0.0
32.3127571173322,104.90443522052,11.3706888080417,228.0,50.0,174.68032792542078,5.0,5.0,3.0324197752184845,2.3596895777653647e+18,0.0,0.0,0.0,0.0,0.0,0.0,0.0,0.0,0.0,0.0,0.0,0.0,0.0,0.0,0.0,0.0,0.0,0.0,0.0,0.0,0.0,0.0,0.0,0.0,0.0,0.0,0.0,0.0,0.0,0.0,0.0,0.0,0.0,0.0,0.0,0.0,0.0,0.0,0.0,0.0,0.0,0.0,0.0,0.0,0.0,0.0,0.0,0.0,0.0,0.0,0.0,0.0,0.0,0.0,0.0,0.0,0.0,0.0,0.0,0.0,0.0,0.0,0.0,0.0,0.0,0.0,0.0,0.0,0.0,0.0,0.0,0.0,0.0,0.0,0.0,0.0,0.0,0.0,0.0,0.0,0.0,0.0,0.0,0.0,0.0,0.0,0.0,0.0,0.0,0.0,0.0,0.0,0.0,1.7629903750826906e+16,3.5259807501653812e+16,4.398244371326663e+16,5.270507992487944e+16,4.90467486756391e+16,4.5388417426398776e+16,3.5519200629126876e+16,2.5649983831854984e+16,1.811522445588276e+16,1.0580465079910542e+16,8994502785458231.0,7408540491005918.0,7160736884367213.0,6912933277728507.0,7251725642275024.0,7590518006821539.0,8245859871832084.0,8901201736842629.0,1.7778642891497836e+16,2.6656084046153044e+16,4.989849971347338e+16,7.31409153807937e+16,1.04833619695847e+17,1.3652632401090034e+17,1.6536241365510227e+17,1.9419850329930416e+17,2.0929231576504954e+17,2.243861282307949e+17,2.203757793941395e+17,2.1636543055748403e+17,1.9411783873003418e+17,1.7187024690258432e+17,1.3937080423555851e+17,1.0687136156853277e+17,7.827721269426589e+16,4.9683063819999016e+16,3.837947226298359e+16,2.707588070596815e+16,2.390326055552116e+16,2.0730640405074172e+16,1.6242396330828432e+16,1.1754152256582696e+16,2.4193309096950596e+16,3.6632465937318504e+16,5.810855868226689e+16,7.958465142721528e+16,1.0229947348348184e+17,1.2501429553974838e+17,1.40712784442529e+17,1.564112733453096e+17,1.6009424127911315e+17,1.6377720921291664e+17,1.5436012444964227e+17,1.4494303968636787e+17,1.2457935093931405e+17,1.0421566219226022e+17,8.203383656010282e+16,5.985201092794541e+16,4.472765098148032e+16,2.9603291035015236e+16,1.4801645517507618e+16,0.0,0.0,0.0,0.0,0.0,0.0,0.0,0.0,0.0,0.0,0.0,0.0,0.0,0.0,0.0,0.0,0.0,0.0,0.0,0.0,0.0,0.0,0.0,0.0,0.0,0.0,0.0,0.0,0.0,0.0,0.0,0.0,0.0,0.0,0.0,0.0,0.0,0.0,0.0,0.0,0.0,0.0,0.0,0.0,0.0,0.0,0.0,0.0,0.0,0.0,0.0,0.0,0.0,0.0,0.0,0.0,0.0,0.0,0.0,0.0,0.0,0.0,0.0,0.0,0.0,0.0,0.0,0.0,0.0,0.0,0.0,0.0,0.0,0.0,0.0,0.0,0.0,0.0,0.0,0.0,0.0,0.0,0.0,0.0,0.0,0.0
32.3362961015647,104.878992697092,14.8927689400555,228.0,40.0,174.2626388351443,5.0,5.0,2.191579337211193,1.7053862275682388e+18,0.0,0.0,0.0,0.0,0.0,0.0,0.0,0.0,0.0,0.0,0.0,0.0,0.0,0.0,0.0,0.0,0.0,0.0,0.0,0.0,0.0,0.0,0.0,0.0,0.0,0.0,0.0,0.0,0.0,0.0,0.0,0.0,0.0,0.0,0.0,0.0,0.0,0.0,0.0,0.0,0.0,0.0,0.0,0.0,0.0,0.0,0.0,0.0,0.0,0.0,0.0,0.0,0.0,0.0,0.0,0.0,0.0,0.0,0.0,0.0,0.0,0.0,0.0,0.0,0.0,0.0,0.0,0.0,0.0,0.0,0.0,0.0,0.0,0.0,0.0,0.0,0.0,0.0,0.0,0.0,0.0,0.0,0.0,0.0,0.0,0.0,0.0,0.0,0.0,0.0,0.0,0.0,0.0,2.0699141286480388e+16,4.1398282572960776e+16,5.3570847058952376e+16,6.574341154494399e+16,6.261538804797435e+16,5.948736455100473e+16,4.582038662448886e+16,3.2153408697972996e+16,1.9697022388338296e+16,7240636078703596.0,3620318039351798.0,0.0,0.0,0.0,0.0,0.0,0.0,0.0,2527670449963406.5,5055340899926813.0,1.9782342996394636e+16,3.450934509286246e+16,5.774957736705996e+16,8.098980964125746e+16,1.0424080986677989e+17,1.274918100923023e+17,1.412240709799478e+17,1.549563318675933e+17,1.5333326774934326e+17,1.517102036310932e+17,1.353620340643629e+17,1.1901386449763258e+17,9.467936953739014e+16,7.034487457714771e+16,5.076016642697648e+16,3.1175458276805244e+16,2.4141490969586948e+16,1.7107523662368644e+16,1.2549447530238994e+16,7991371398109340.0,5728677699027277.0,3465983999945214.0,1.5025290247913952e+16,2.658459649588269e+16,4.5153451717103864e+16,6.372230693832506e+16,8.22497777485617e+16,1.0077724855879835e+17,1.114426888082482e+17,1.2210812905769803e+17,1.2188164451174773e+17,1.2165515996579744e+17,1.128737299624444e+17,1.0409229995909136e+17,9.066563695158845e+16,7.723897394408555e+16,6.373345507252256e+16,5.022793620095956e+16,3.968624578296508e+16,2.9144555364970596e+16,1.4572277682485298e+16,0.0,0.0,0.0,0.0,0.0,0.0,0.0,0.0,0.0,0.0,0.0,0.0,0.0,0.0,0.0,0.0,0.0,0.0,0.0,0.0,0.0,0.0,0.0,0.0,0.0,0.0,0.0,0.0,0.0,0.0,0.0,0.0,0.0,0.0,0.0,0.0,0.0,0.0,0.0,0.0,0.0,0.0,0.0,0.0,0.0,0.0,0.0,0.0,0.0,0.0,0.0,0.0,0.0,0.0,0.0,0.0,0.0,0.0,0.0,0.0,0.0,0.0,0.0,0.0,0.0,0.0,0.0,0.0,0.0,0.0,0.0,0.0,0.0,0.0,0.0,0.0,0.0,0.0,0.0,0.0,0.0,0.0,0.0,0.0,0.0,0.0
32.3635649774511,104.849497200696,17.7497379642719,228.0,30.0,171.11238443020494,5.0,5.0,1.368689956825819,1.0650515646638385e+18,0.0,0.0,0.0,0.0,0.0,0.0,0.0,0.0,0.0,0.0,0.0,0.0,0.0,0.0,0.0,0.0,0.0,0.0,0.0,0.0,0.0,0.0,0.0,0.0,0.0,0.0,0.0,0.0,0.0,0.0,0.0,0.0,0.0,0.0,0.0,0.0,0.0,0.0,0.0,0.0,0.0,0.0,0.0,0.0,0.0,0.0,0.0,0.0,0.0,0.0,0.0,0.0,0.0,0.0,0.0,0.0,0.0,0.0,0.0,0.0,0.0,0.0,0.0,0.0,0.0,0.0,0.0,0.0,0.0,0.0,0.0,0.0,0.0,0.0,0.0,0.0,0.0,0.0,0.0,0.0,0.0,0.0,0.0,0.0,0.0,0.0,0.0,0.0,0.0,0.0,0.0,0.0,0.0,2.0436363810265536e+16,4.087272762053107e+16,5.2673854380656376e+16,6.447498114078167e+16,6.1000243245731896e+16,5.752550535068212e+16,4.3341088903610696e+16,2.915667245653928e+16,1.6691220707239238e+16,4225768957939198.0,2112884478969599.0,0.0,0.0,0.0,0.0,0.0,0.0,0.0,0.0,0.0,6287261564633751.0,1.2574523129267502e+16,2.5004010371367536e+16,3.743349761346757e+16,5.120603570737217e+16,6.497857380127676e+16,7.38609915814329e+16,8.274340936158902e+16,8.220642592213629e+16,8.166944248268354e+16,7.2031883972409896e+16,6.239432546213626e+16,4.89329227658555e+16,3.5471520069574748e+16,2.6296430445877544e+16,1.712134082218034e+16,1.2929820728493644e+16,8738300634806949.0,5260070127891841.0,1781839620976733.2,890919810488366.6,0.0,7480688944499474.0,1.4961377888998948e+16,2.932596567289758e+16,4.369055345679622e+16,5.6600586908184104e+16,6.9510620359572e+16,7.453134816849062e+16,7.955207597740926e+16,7.633654485062296e+16,7.312101372383666e+16,6.707390903439342e+16,6.102680434495019e+16,5.585901023452116e+16,5.069121612409213e+16,4.637675150833634e+16,4.206228689258056e+16,3.5667737131875092e+16,2.9273187371169628e+16,1.4636593685584814e+16,0.0,0.0,0.0,0.0,0.0,0.0,0.0,0.0,0.0,0.0,0.0,0.0,0.0,0.0,0.0,0.0,0.0,0.0,0.0,0.0,0.0,0.0,0.0,0.0,0.0,0.0,0.0,0.0,0.0,0.0,0.0,0.0,0.0,0.0,0.0,0.0,0.0,0.0,0.0,0.0,0.0,0.0,0.0,0.0,0.0,0.0,0.0,0.0,0.0,0.0,0.0,0.0,0.0,0.0,0.0,0.0,0.0,0.0,0.0,0.0,0.0,0.0,0.0,0.0,0.0,0.0,0.0,0.0,0.0,0.0,0.0,0.0,0.0,0.0,0.0,0.0,0.0,0.0,0.0,0.0,0.0,0.0,0.0,0.0,0.0,0.0
32.393177395021,104.8174489299,20.0562836186236,228.0,25.0,164.65774059978358,5.0,5.0,0.6711914392904947,5.222903032496556e+17,0.0,0.0,0.0,0.0,0.0,0.0,0.0,0.0,0.0,0.0,0.0,0.0,0.0,0.0,0.0,0.0,0.0,0.0,0.0,0.0,0.0,0.0,0.0,0.0,0.0,0.0,0.0,0.0,0.0,0.0,0.0,0.0,0.0,0.0,0.0,0.0,0.0,0.0,0.0,0.0,0.0,0.0,0.0,0.0,0.0,0.0,0.0,0.0,0.0,0.0,0.0,0.0,0.0,0.0,0.0,0.0,0.0,0.0,0.0,0.0,0.0,0.0,0.0,0.0,0.0,0.0,0.0,0.0,0.0,0.0,0.0,0.0,0.0,0.0,0.0,0.0,0.0,0.0,0.0,0.0,0.0,0.0,0.0,0.0,0.0,0.0,0.0,0.0,0.0,0.0,0.0,0.0,0.0,1.4977287325321194e+16,2.9954574650642388e+16,3.846495383003839e+16,4.69753330094344e+16,4.353400656097794e+16,4.009268011252147e+16,2.869463232662979e+16,1.7296584540738124e+16,8648292270369062.0,0.0,0.0,0.0,0.0,0.0,0.0,0.0,0.0,0.0,0.0,0.0,1075443330483387.4,2150886660966774.8,6383064286283015.0,1.0615241911599256e+16,1.5391575081342604e+16,2.0167908251085956e+16,2.388752581155098e+16,2.7607143372016012e+16,2.783519220200175e+16,2.80632410319875e+16,2.560883335709796e+16,2.315442568220842e+16,2.03661025003997e+16,1.757777931859098e+16,1.3959566098074008e+16,1.034135287755704e+16,6829961353340416.0,3318569829123792.0,1659284914561896.0,0.0,0.0,0.0,2375918113093660.0,4751836226187320.0,1.2770368015356372e+16,2.0788899804525428e+16,2.7314811416526724e+16,3.3840723028528028e+16,3.4887756974118652e+16,3.593479091970928e+16,3.3041078957606616e+16,3.014736699550396e+16,2.8663609415413656e+16,2.7179851835323344e+16,2.9344316106668444e+16,3.1508780378013544e+16,3.28578153662449e+16,3.420685035447626e+16,3.0411166406696304e+16,2.6615482458916348e+16,1.3307741229458174e+16,0.0,0.0,0.0,0.0,0.0,0.0,0.0,0.0,0.0,0.0,0.0,0.0,0.0,0.0,0.0,0.0,0.0,0.0,0.0,0.0,0.0,0.0,0.0,0.0,0.0,0.0,0.0,0.0,0.0,0.0,0.0,0.0,0.0,0.0,0.0,0.0,0.0,0.0,0.0,0.0,0.0,0.0,0.0,0.0,0.0,0.0,0.0,0.0,0.0,0.0,0.0,0.0,0.0,0.0,0.0,0.0,0.0,0.0,0.0,0.0,0.0,0.0,0.0,0.0,0.0,0.0,0.0,0.0,0.0,0.0,0.0,0.0,0.0,0.0,0.0,0.0,0.0,0.0,0.0,0.0,0.0,0.0,0.0,0.0,0.0,0.0
32.424020655867,104.784051482451,21.9678796312896,228.0,20.0,151.1083705142944,5.0,5.0,0.24458945758026568,1.9032826477391405e+17,0.0,0.0,0.0,0.0,0.0,0.0,0.0,0.0,0.0,0.0,0.0,0.0,0.0,0.0,0.0,0.0,0.0,0.0,0.0,0.0,0.0,0.0,0.0,0.0,0.0,0.0,0.0,0.0,0.0,0.0,0.0,0.0,0.0,0.0,0.0,0.0,0.0,0.0,0.0,0.0,0.0,0.0,0.0,0.0,0.0,0.0,0.0,0.0,0.0,0.0,0.0,0.0,0.0,0.0,0.0,0.0,0.0,0.0,0.0,0.0,0.0,0.0,0.0,0.0,0.0,0.0,0.0,0.0,0.0,0.0,0.0,0.0,0.0,0.0,0.0,0.0,0.0,0.0,0.0,0.0,0.0,0.0,0.0,0.0,0.0,0.0,0.0,0.0,0.0,0.0,0.0,0.0,0.0,7118029249322044.0,1.4236058498644088e+16,1.7749347769536612e+16,2.1262637040429136e+16,1.8774818139561116e+16,1.6286999238693096e+16,1.0880596286263894e+16,5474193333834691.0,2737096666917345.5,0.0,0.0,0.0,0.0,0.0,0.0,0.0,0.0,0.0,0.0,0.0,0.0,0.0,0.0,0.0,142707682776537.03,285415365553074.06,2279321956443375.5,4273228547333677.0,6768254800171583.0,9263281053009490.0,1.069239354136832e+16,1.2121506029727148e+16,1.1377179065416638e+16,1.0632852101106128e+16,7836206559225458.0,5039561017344789.0,2765651313766408.0,491741610188026.9,245870805094013.44,0.0,0.0,0.0,0.0,0.0,1823525242108926.8,3647050484217853.5,5624464122377863.0,7601877760537872.0,7378532359168163.0,7155186957798453.0,6342387808692578.0,5529588659586702.0,7243154199015575.0,8956719738444449.0,1.349631932217283e+16,1.8035918905901212e+16,2.0848375997765916e+16,2.3660833089630628e+16,2.0017224215782092e+16,1.637361534193355e+16,8186807670966775.0,0.0,0.0,0.0,0.0,0.0,0.0,0.0,0.0,0.0,0.0,0.0,0.0,0.0,0.0,0.0,0.0,0.0,0.0,0.0,0.0,0.0,0.0,0.0,0.0,0.0,0.0,0.0,0.0,0.0,0.0,0.0,0.0,0.0,0.0,0.0,0.0,0.0,0.0,0.0,0.0,0.0,0.0,0.0,0.0,0.0,0.0,0.0,0.0,0.0,0.0,0.0,0.0,0.0,0.0,0.0,0.0,0.0,0.0,0.0,0.0,0.0,0.0,0.0,0.0,0.0,0.0,0.0,0.0,0.0,0.0,0.0,0.0,0.0,0.0,0.0,0.0,0.0,0.0,0.0,0.0,0.0,0.0,0.0,0.0,0.0,0.0
32.4558600241505,104.74956178249,23.46997760236,228.0,15.0,132.36465015030552,5.0,5.0,0.08473232624788914,6.593479859909992e+16,0.0,0.0,0.0,0.0,0.0,0.0,0.0,0.0,0.0,0.0,0.0,0.0,0.0,0.0,0.0,0.0,0.0,0.0,0.0,0.0,0.0,0.0,0.0,0.0,0.0,0.0,0.0,0.0,0.0,0.0,0.0,0.0,0.0,0.0,0.0,0.0,0.0,0.0,0.0,0.0,0.0,0.0,0.0,0.0,0.0,0.0,0.0,0.0,0.0,0.0,0.0,0.0,0.0,0.0,0.0,0.0,0.0,0.0,0.0,0.0,0.0,0.0,0.0,0.0,0.0,0.0,0.0,0.0,0.0,0.0,0.0,0.0,0.0,0.0,0.0,0.0,0.0,0.0,0.0,0.0,0.0,0.0,0.0,0.0,0.0,0.0,0.0,0.0,0.0,0.0,0.0,0.0,0.0,1822909548946552.2,3645819097893104.5,4275460805238896.0,4905102512584688.0,4109174534367469.0,3313246556150250.5,2325093540949499.0,1336940525748747.2,668470262874373.6,0.0,0.0,0.0,0.0,0.0,0.0,0.0,0.0,0.0,0.0,0.0,0.0,0.0,0.0,0.0,5050440359384.189,10100880718768.379,1199065868306587.2,2388030855894406.5,3934172346269808.5,5480313836645210.0,6399932860535696.0,7319551884426181.0,6477243723508664.0,5634935562591145.0,3956215273160794.0,2277494983730443.0,1138747491865221.5,0.0,0.0,0.0,0.0,0.0,0.0,0.0,0.0,0.0,0.0,0.0,0.0,0.0,0.0,0.0,811450717801651.2,1622901435603302.5,4776455662757824.0,7930009889912346.0,9982694240327640.0,1.2035378590742934e+16,1.0035175288600662e+16,8034971986458389.0,4017485993229194.5,0.0,0.0,0.0,0.0,0.0,0.0,0.0,0.0,0.0,0.0,0.0,0.0,0.0,0.0,0.0,0.0,0.0,0.0,0.0,0.0,0.0,0.0,0.0,0.0,0.0,0.0,0.0,0.0,0.0,0.0,0.0,0.0,0.0,0.0,0.0,0.0,0.0,0.0,0.0,0.0,0.0,0.0,0.0,0.0,0.0,0.0,0.0,0.0,0.0,0.0,0.0,0.0,0.0,0.0,0.0,0.0,0.0,0.0,0.0,0.0,0.0,0.0,0.0,0.0,0.0,0.0,0.0,0.0,0.0,0.0,0.0,0.0,0.0,0.0,0.0,0.0,0.0,0.0,0.0,0.0,0.0,0.0,0.0,0.0,0.0,0.0
32.4884531830537,104.714317768486,24.5511456592836,228.0,10.0,90.0,5.0,5.0,0.0,0.0,0.0,0.0,0.0,0.0,0.0,0.0,0.0,0.0,0.0,0.0,0.0,0.0,0.0,0.0,0.0,0.0,0.0,0.0,0.0,0.0,0.0,0.0,0.0,0.0,0.0,0.0,0.0,0.0,0.0,0.0,0.0,0.0,0.0,0.0,0.0,0.0,0.0,0.0,0.0,0.0,0.0,0.0,0.0,0.0,0.0,0.0,0.0,0.0,0.0,0.0,0.0,0.0,0.0,0.0,0.0,0.0,0.0,0.0,0.0,0.0,0.0,0.0,0.0,0.0,0.0,0.0,0.0,0.0,0.0,0.0,0.0,0.0,0.0,0.0,0.0,0.0,0.0,0.0,0.0,0.0,0.0,0.0,0.0,0.0,0.0,0.0,0.0,0.0,0.0,0.0,0.0,0.0,0.0,0.0,0.0,0.0,0.0,0.0,0.0,0.0,0.0,0.0,0.0,0.0,0.0,0.0,0.0,0.0,0.0,0.0,0.0,0.0,0.0,0.0,0.0,0.0,0.0,0.0,0.0,0.0,0.0,0.0,0.0,0.0,0.0,0.0,0.0,0.0,0.0,0.0,0.0,0.0,0.0,0.0,0.0,0.0,0.0,0.0,0.0,0.0,0.0,0.0,0.0,0.0,0.0,0.0,0.0,0.0,0.0,0.0,0.0,0.0,0.0,0.0,0.0,0.0,0.0,0.0,0.0,0.0,0.0,0.0,0.0,0.0,0.0,0.0,0.0,0.0,0.0,0.0,0.0,0.0,0.0,0.0,0.0,0.0,0.0,0.0,0.0,0.0,0.0,0.0,0.0,0.0,0.0,0.0,0.0,0.0,0.0,0.0,0.0,0.0,0.0,0.0,0.0,0.0,0.0,0.0,0.0,0.0,0.0,0.0,0.0,0.0,0.0,0.0,0.0,0.0,0.0,0.0,0.0,0.0,0.0,0.0,0.0,0.0,0.0,0.0,0.0,0.0,0.0,0.0,0.0,0.0,0.0,0.0,0.0,0.0,0.0,0.0,0.0,0.0,0.0,0.0,0.0,0.0,0.0,0.0,0.0,0.0
32.2549054583177,104.894599624323,2.46201938253052,228.0,80.0,164.49105313609297,5.0,5.0,3.3563079976107453,2.611724493572792e+18,0.0,0.0,0.0,0.0,0.0,0.0,0.0,0.0,0.0,0.0,0.0,0.0,0.0,0.0,0.0,0.0,0.0,0.0,0.0,0.0,0.0,0.0,0.0,0.0,0.0,0.0,0.0,0.0,0.0,0.0,0.0,0.0,0.0,0.0,0.0,0.0,0.0,0.0,0.0,0.0,0.0,0.0,0.0,0.0,0.0,0.0,0.0,0.0,0.0,0.0,0.0,0.0,0.0,0.0,0.0,0.0,0.0,0.0,0.0,0.0,0.0,0.0,0.0,0.0,0.0,0.0,0.0,0.0,0.0,0.0,0.0,0.0,0.0,0.0,0.0,0.0,0.0,0.0,0.0,0.0,0.0,0.0,0.0,0.0,0.0,0.0,0.0,0.0,0.0,0.0,0.0,1.8327577175515216e+16,3.665515435103043e+16,4.54416754377603e+16,5.422819652449018e+16,5.026770398171155e+16,4.630721143893293e+16,3.7845028110208824e+16,2.938284478148472e+16,3.291457893576953e+16,3.644631309005434e+16,4.345042479214899e+16,5.0454536494243656e+16,5.372062050718164e+16,5.698670452011965e+16,5.717714772887123e+16,5.736759093762283e+16,5.480877920963273e+16,5.224996748164264e+16,4.787167224763848e+16,4.349337701363431e+16,4.831596658966514e+16,5.3138556165695944e+16,7.793802968606622e+16,1.027375032064365e+17,1.3551463673471728e+17,1.6829177026299808e+17,1.9617231137083734e+17,2.2405285247867664e+17,2.3633624932823786e+17,2.4861964617779907e+17,2.4126506130122566e+17,2.339104764246523e+17,2.1005427885867866e+17,1.8619808129270506e+17,1.5317889296172528e+17,1.2015970463074554e+17,9.401216707125805e+16,6.7864629511770536e+16,6.234015044422692e+16,5.6815671376683304e+16,5.595807401901019e+16,5.510047666133708e+16,4.811831502847496e+16,4.113615339561284e+16,3.5632604322796576e+16,3.012905524998031e+16,4.3085348097438776e+16,5.604164094489723e+16,7.521679443638821e+16,9.439194792787918e+16,1.078014237466927e+17,1.2121089956550624e+17,1.2174997778567918e+17,1.2228905600585211e+17,1.0917518547125552e+17,9.606131493665894e+16,7.431860739928523e+16,5.2575899861911496e+16,3.5001580361824692e+16,1.7427260861737894e+16,8713630430868947.0,0.0,0.0,0.0,0.0,0.0,0.0,0.0,0.0,0.0,0.0,0.0,0.0,0.0,0.0,0.0,0.0,0.0,0.0,0.0,0.0,0.0,0.0,0.0,0.0,0.0,0.0,0.0,0.0,0.0,0.0,0.0,0.0,0.0,0.0,0.0,0.0,0.0,0.0,0.0,0.0,0.0,0.0,0.0,0.0,0.0,0.0,0.0,0.0,0.0,0.0,0.0,0.0,0.0,0.0,0.0,0.0,0.0,0.0,0.0,0.0,0.0,0.0,0.0,0.0,0.0,0.0,0.0,0.0,0.0,0.0,0.0,0.0,0.0,0.0,0.0,0.0,0.0,0.0,0.0,0.0,0.0,0.0,0.0,0.0,0.0,0.0,0.0,0.0
32.264867970377,104.883853348931,7.18980823265266,228.0,65.0,166.4289510447914,5.0,5.0,3.1788779207036453,2.4736565695072246e+18,0.0,0.0,0.0,0.0,0.0,0.0,0.0,0.0,0.0,0.0,0.0,0.0,0.0,0.0,0.0,0.0,0.0,0.0,0.0,0.0,0.0,0.0,0.0,0.0,0.0,0.0,0.0,0.0,0.0,0.0,0.0,0.0,0.0,0.0,0.0,0.0,0.0,0.0,0.0,0.0,0.0,0.0,0.0,0.0,0.0,0.0,0.0,0.0,0.0,0.0,0.0,0.0,0.0,0.0,0.0,0.0,0.0,0.0,0.0,0.0,0.0,0.0,0.0,0.0,0.0,0.0,0.0,0.0,0.0,0.0,0.0,0.0,0.0,0.0,0.0,0.0,0.0,0.0,0.0,0.0,0.0,0.0,0.0,0.0,0.0,0.0,0.0,0.0,0.0,8775187921387772.0,1.7550375842775544e+16,3.1089697889067412e+16,4.462901993535928e+16,5.315394523378252e+16,6.167887053220576e+16,5.888882652048073e+16,5.609878250875569e+16,4.769685986166017e+16,3.929493721456466e+16,3.746478322879065e+16,3.563462924301664e+16,3.887707804549536e+16,4.211952684797406e+16,4.355411146814007e+16,4.498869608830607e+16,4.47804630824792e+16,4.457223007665231e+16,4.331830718173366e+16,4.206438428681501e+16,3.865886164890416e+16,3.525333901099333e+16,3.846931977940519e+16,4.168530054781706e+16,6.47774188195778e+16,8.786953709133854e+16,1.1986832115407286e+17,1.5186710521680717e+17,1.8020820895259798e+17,2.085493126883888e+17,2.2180394152457453e+17,2.3505857036076032e+17,2.2992024334751306e+17,2.247819163342658e+17,2.0219413300876045e+17,1.7960634968325504e+17,1.4765361800508224e+17,1.1570088632690942e+17,9.133388122766421e+16,6.6966876128419e+16,6.2204150709567016e+16,5.744142529071502e+16,5.446766085246841e+16,5.1493896414221784e+16,4.166967242799897e+16,3.1845448441776172e+16,2.746669227506339e+16,2.3087936108350612e+16,3.824486939948319e+16,5.340180269061576e+16,7.213654997598163e+16,9.08712972613475e+16,1.0488525956307102e+17,1.1889922186479454e+17,1.2102547960069275e+17,1.2315173733659093e+17,1.1027666527023749e+17,9.740159320388403e+16,7.374657906671635e+16,5.0091564929548664e+16,2.5045782464774332e+16,0.0,0.0,0.0,0.0,0.0,0.0,0.0,0.0,0.0,0.0,0.0,0.0,0.0,0.0,0.0,0.0,0.0,0.0,0.0,0.0,0.0,0.0,0.0,0.0,0.0,0.0,0.0,0.0,0.0,0.0,0.0,0.0,0.0,0.0,0.0,0.0,0.0,0.0,0.0,0.0,0.0,0.0,0.0,0.0,0.0,0.0,0.0,0.0,0.0,0.0,0.0,0.0,0.0,0.0,0.0,0.0,0.0,0.0,0.0,0.0,0.0,0.0,0.0,0.0,0.0,0.0,0.0,0.0,0.0,0.0,0.0,0.0,0.0,0.0,0.0,0.0,0.0,0.0,0.0,0.0,0.0,0.0,0.0,0.0,0.0,0.0,0.0,0.0,0.0,0.0
32.2826689367582,104.864626595724,11.3706888080417,228.0,50.0,167.49547598094412,5.0,5.0,2.6547660849147414,2.0658168480407457e+18,0.0,0.0,0.0,0.0,0.0,0.0,0.0,0.0,0.0,0.0,0.0,0.0,0.0,0.0,0.0,0.0,0.0,0.0,0.0,0.0,0.0,0.0,0.0,0.0,0.0,0.0,0.0,0.0,0.0,0.0,0.0,0.0,0.0,0.0,0.0,0.0,0.0,0.0,0.0,0.0,0.0,0.0,0.0,0.0,0.0,0.0,0.0,0.0,0.0,0.0,0.0,0.0,0.0,0.0,0.0,0.0,0.0,0.0,0.0,0.0,0.0,0.0,0.0,0.0,0.0,0.0,0.0,0.0,0.0,0.0,0.0,0.0,0.0,0.0,0.0,0.0,0.0,0.0,0.0,0.0,0.0,0.0,0.0,0.0,0.0,0.0,0.0,0.0,0.0,1.3394266729115344e+16,2.678853345823069e+16,3.938116463392898e+16,5.1973795809627256e+16,6.205204585400239e+16,7.213029589837754e+16,7.297271649855573e+16,7.381513709873392e+16,6.652387220243548e+16,5.923260730613704e+16,4.949096238527991e+16,3.974931746442279e+16,3.3766838503880556e+16,2.778435954333832e+16,2.5133602918467216e+16,2.2482846293596108e+16,2.2032731771201148e+16,2.158261724880618e+16,2.1766034695566628e+16,2.194945214232707e+16,2.079774564726721e+16,1.9646039152207348e+16,1.8846332230027908e+16,1.804662530784847e+16,3.4707454214646984e+16,5.1368283121445496e+16,7.90978023633573e+16,1.0682732160526912e+17,1.3419951266336309e+17,1.615717037214571e+17,1.7732748072106963e+17,1.930832577206822e+17,1.9170869535816752e+17,1.9033413299565286e+17,1.7182322585464566e+17,1.533123187136385e+17,1.2521427997004371e+17,9.711624122644896e+16,7.78555474480822e+16,5.8594853669715464e+16,5.51436627495033e+16,5.169247182929113e+16,4.5953525730345544e+16,4.021457963139996e+16,2.9625857091451148e+16,1.903713455150234e+16,1.8146825650428596e+16,1.7256516749354858e+16,3.1249161979232936e+16,4.524180720911101e+16,6.267273288341387e+16,8.010365855771674e+16,9.276140730298557e+16,1.054191560482544e+17,1.0704283240986413e+17,1.0866650877147386e+17,9.786401439824469e+16,8.70615200250155e+16,6.539763759733962e+16,4.37337551696637e+16,2.186687758483185e+16,0.0,0.0,0.0,0.0,0.0,0.0,0.0,0.0,0.0,0.0,0.0,0.0,0.0,0.0,0.0,0.0,0.0,0.0,0.0,0.0,0.0,0.0,0.0,0.0,0.0,0.0,0.0,0.0,0.0,0.0,0.0,0.0,0.0,0.0,0.0,0.0,0.0,0.0,0.0,0.0,0.0,0.0,0.0,0.0,0.0,0.0,0.0,0.0,0.0,0.0,0.0,0.0,0.0,0.0,0.0,0.0,0.0,0.0,0.0,0.0,0.0,0.0,0.0,0.0,0.0,0.0,0.0,0.0,0.0,0.0,0.0,0.0,0.0,0.0,0.0,0.0,0.0,0.0,0.0,0.0,0.0,0.0,0.0,0.0,0.0,0.0,0.0,0.0,0.0,0.0
32.3062079209907,104.839174768127,14.8927689400555,228.0,40.0,168.6474939549232,5.0,5.0,2.0276375882369226,1.5778142998369142e+18,0.0,0.0,0.0,0.0,0.0,0.0,0.0,0.0,0.0,0.0,0.0,0.0,0.0,0.0,0.0,0.0,0.0,0.0,0.0,0.0,0.0,0.0,0.0,0.0,0.0,0.0,0.0,0.0,0.0,0.0,0.0,0.0,0.0,0.0,0.0,0.0,0.0,0.0,0.0,0.0,0.0,0.0,0.0,0.0,0.0,0.0,0.0,0.0,0.0,0.0,0.0,0.0,0.0,0.0,0.0,0.0,0.0,0.0,0.0,0.0,0.0,0.0,0.0,0.0,0.0,0.0,0.0,0.0,0.0,0.0,0.0,0.0,0.0,0.0,0.0,0.0,0.0,0.0,0.0,0.0,0.0,0.0,0.0,0.0,0.0,0.0,0.0,0.0,0.0,1.5829955276642254e+16,3.1659910553284508e+16,4.500673592511513e+16,5.835356129694576e+16,7.153135959083058e+16,8.47091578847154e+16,8.884826507832478e+16,9.298737227193419e+16,8.437255477901922e+16,7.575773728610427e+16,5.881644435776687e+16,4.187515142942949e+16,2.8132542287554132e+16,1.4389933145678776e+16,9241946194566166.0,4093959243453556.0,3332324455885671.0,2570689668317785.5,3234572470090838.5,3898455271863891.5,4013638062695815.5,4128820853527740.0,3467009598648032.5,2805198343768325.0,1.3239509512558206e+16,2.3673820681348084e+16,4.366375222494307e+16,6.3653683768538056e+16,8.610501078308605e+16,1.0855633779763402e+17,1.2345159677203811e+17,1.3834685574644224e+17,1.393284909083782e+17,1.4031012607031418e+17,1.2613075918812323e+17,1.1195139230593227e+17,9.049163862873085e+16,6.903188495152942e+16,5.601641789213163e+16,4.300095083273384e+16,3.923059292191345e+16,3.5460235011093052e+16,2.8794960653520756e+16,2.2129686295948452e+16,1.4192243615150836e+16,6254800934353221.0,9664865550727526.0,1.307493016710183e+16,2.6421959966640772e+16,3.976898976617971e+16,5.46593825037452e+16,6.954977524131069e+16,7.902531582002256e+16,8.850085639873443e+16,8.795538596566555e+16,8.740991553259667e+16,7.705361440728093e+16,6.66973132819652e+16,4.9955055543050184e+16,3.3212797804135164e+16,1.6606398902067582e+16,0.0,0.0,0.0,0.0,0.0,0.0,0.0,0.0,0.0,0.0,0.0,0.0,0.0,0.0,0.0,0.0,0.0,0.0,0.0,0.0,0.0,0.0,0.0,0.0,0.0,0.0,0.0,0.0,0.0,0.0,0.0,0.0,0.0,0.0,0.0,0.0,0.0,0.0,0.0,0.0,0.0,0.0,0.0,0.0,0.0,0.0,0.0,0.0,0.0,0.0,0.0,0.0,0.0,0.0,0.0,0.0,0.0,0.0,0.0,0.0,0.0,0.0,0.0,0.0,0.0,0.0,0.0,0.0,0.0,0.0,0.0,0.0,0.0,0.0,0.0,0.0,0.0,0.0,0.0,0.0,0.0,0.0,0.0,0.0,0.0,0.0,0.0,0.0,0.0,0.0
32.3334767968771,104.809667824148,17.7497379642719,228.0,30.0,167.87606583608243,5.0,5.0,1.3419453413756526,1.0442401351728296e+18,0.0,0.0,0.0,0.0,0.0,0.0,0.0,0.0,0.0,0.0,0.0,0.0,0.0,0.0,0.0,0.0,0.0,0.0,0.0,0.0,0.0,0.0,0.0,0.0,0.0,0.0,0.0,0.0,0.0,0.0,0.0,0.0,0.0,0.0,0.0,0.0,0.0,0.0,0.0,0.0,0.0,0.0,0.0,0.0,0.0,0.0,0.0,0.0,0.0,0.0,0.0,0.0,0.0,0.0,0.0,0.0,0.0,0.0,0.0,0.0,0.0,0.0,0.0,0.0,0.0,0.0,0.0,0.0,0.0,0.0,0.0,0.0,0.0,0.0,0.0,0.0,0.0,0.0,0.0,0.0,0.0,0.0,0.0,0.0,0.0,0.0,0.0,0.0,0.0,1.5141284711185836e+16,3.028256942237167e+16,4.319602961785733e+16,5.6109489813342984e+16,7.0450696766686856e+16,8.47919037200307e+16,8.967862978216435e+16,9.4565355844298e+16,8.467326542040728e+16,7.478117499651653e+16,5.636474992703075e+16,3.794832485754495e+16,2.2579169987746796e+16,7210015117948634.0,3605007558974317.0,0.0,0.0,0.0,0.0,0.0,0.0,0.0,0.0,0.0,3312881966890475.5,6625763933780951.0,1.7366989387903588e+16,2.8108214842026224e+16,4.200875649994508e+16,5.590929815786394e+16,6.637354645120021e+16,7.68377947445365e+16,7.845942745033435e+16,8.008106015613221e+16,7.133554504811993e+16,6.259002994010765e+16,4.9896910511036024e+16,3.72037910819644e+16,2.9682624611473748e+16,2.21614581409831e+16,1.8700369930734756e+16,1.5239281720486408e+16,1.0301106241148482e+16,5362930761810553.0,2681465380905276.5,0.0,3461744590324248.5,6923489180648497.0,1.721056020818319e+16,2.749763123571788e+16,3.9086465813368e+16,5.067530039101813e+16,5.629026707206641e+16,6.19052337531147e+16,5.958976962304793e+16,5.727430549298116e+16,4.974218180435693e+16,4.2210058115732696e+16,3.207785893380196e+16,2.1945659751871224e+16,1.0972829875935612e+16,0.0,0.0,0.0,0.0,0.0,0.0,0.0,0.0,0.0,0.0,0.0,0.0,0.0,0.0,0.0,0.0,0.0,0.0,0.0,0.0,0.0,0.0,0.0,0.0,0.0,0.0,0.0,0.0,0.0,0.0,0.0,0.0,0.0,0.0,0.0,0.0,0.0,0.0,0.0,0.0,0.0,0.0,0.0,0.0,0.0,0.0,0.0,0.0,0.0,0.0,0.0,0.0,0.0,0.0,0.0,0.0,0.0,0.0,0.0,0.0,0.0,0.0,0.0,0.0,0.0,0.0,0.0,0.0,0.0,0.0,0.0,0.0,0.0,0.0,0.0,0.0,0.0,0.0,0.0,0.0,0.0,0.0,0.0,0.0,0.0,0.0,0.0,0.0,0.0,0.0
32.3630892144469,104.777606720689,20.0562836186236,228.0,25.0,167.15602408703725,5.0,5.0,0.7154600506501702,5.567381002536325e+17,0.0,0.0,0.0,0.0,0.0,0.0,0.0,0.0,0.0,0.0,0.0,0.0,0.0,0.0,0.0,0.0,0.0,0.0,0.0,0.0,0.0,0.0,0.0,0.0,0.0,0.0,0.0,0.0,0.0,0.0,0.0,0.0,0.0,0.0,0.0,0.0,0.0,0.0,0.0,0.0,0.0,0.0,0.0,0.0,0.0,0.0,0.0,0.0,0.0,0.0,0.0,0.0,0.0,0.0,0.0,0.0,0.0,0.0,0.0,0.0,0.0,0.0,0.0,0.0,0.0,0.0,0.0,0.0,0.0,0.0,0.0,0.0,0.0,0.0,0.0,0.0,0.0,0.0,0.0,0.0,0.0,0.0,0.0,0.0,0.0,0.0,0.0,0.0,0.0,1.0656575625250736e+16,2.131315125050147e+16,3.282655732497711e+16,4.433996339945275e+16,5.597707210371161e+16,6.761418080797046e+16,6.9940231466283e+16,7.226628212459555e+16,6.2894376123170024e+16,5.352247012174448e+16,3.820141892164082e+16,2.2880367721537164e+16,1.208834823741156e+16,1296328753285957.8,648164376642978.9,0.0,0.0,0.0,0.0,0.0,0.0,0.0,0.0,0.0,789879759672911.6,1579759519345823.2,4995865583677520.0,8411971648009217.0,1.3611380147228026e+16,1.8810788646446828e+16,2.355405945874372e+16,2.8297330271040612e+16,2.9112029833887748e+16,2.992672939673488e+16,2.623509145893859e+16,2.2543453521142304e+16,1.7919957859585986e+16,1.3296462198029668e+16,1.0403436082380324e+16,7510409966730980.0,4824842342200965.0,2139274717670949.5,1069637358835474.8,0.0,0.0,0.0,1137467279764885.2,2274934559529770.5,8766182729514857.0,1.5257430899499944e+16,2.177271101519941e+16,2.828799113089887e+16,3.025080006706517e+16,3.2213609003231468e+16,2.979828971617032e+16,2.7382970429109172e+16,2.443105737727665e+16,2.1479144325444124e+16,1.7786120083562094e+16,1.4093095841680066e+16,7046547920840033.0,0.0,0.0,0.0,0.0,0.0,0.0,0.0,0.0,0.0,0.0,0.0,0.0,0.0,0.0,0.0,0.0,0.0,0.0,0.0,0.0,0.0,0.0,0.0,0.0,0.0,0.0,0.0,0.0,0.0,0.0,0.0,0.0,0.0,0.0,0.0,0.0,0.0,0.0,0.0,0.0,0.0,0.0,0.0,0.0,0.0,0.0,0.0,0.0,0.0,0.0,0.0,0.0,0.0,0.0,0.0,0.0,0.0,0.0,0.0,0.0,0.0,0.0,0.0,0.0,0.0,0.0,0.0,0.0,0.0,0.0,0.0,0.0,0.0,0.0,0.0,0.0,0.0,0.0,0.0,0.0,0.0,0.0,0.0,0.0,0.0,0.0,0.0,0.0,0.0,0.0
32.393932475293,104.744195614713,21.9678796312896,228.0,20.0,163.30967068163756,5.0,5.0,0.2638450052442107,2.0531204621080352e+17,0.0,0.0,0.0,0.0,0.0,0.0,0.0,0.0,0.0,0.0,0.0,0.0,0.0,0.0,0.0,0.0,0.0,0.0,0.0,0.0,0.0,0.0,0.0,0.0,0.0,0.0,0.0,0.0,0.0,0.0,0.0,0.0,0.0,0.0,0.0,0.0,0.0,0.0,0.0,0.0,0.0,0.0,0.0,0.0,0.0,0.0,0.0,0.0,0.0,0.0,0.0,0.0,0.0,0.0,0.0,0.0,0.0,0.0,0.0,0.0,0.0,0.0,0.0,0.0,0.0,0.0,0.0,0.0,0.0,0.0,0.0,0.0,0.0,0.0,0.0,0.0,0.0,0.0,0.0,0.0,0.0,0.0,0.0,0.0,0.0,0.0,0.0,0.0,0.0,0.0,0.0,1.1226754523571032e+16,2.2453509047142064e+16,2.9954306493975868e+16,3.745510394080967e+16,3.802239871570801e+16,3.8589693490606344e+16,3.201083392429582e+16,2.5431974357985304e+16,1.6520917883532804e+16,7609861409080305.0,3804930704540152.5,0.0,0.0,0.0,0.0,0.0,0.0,0.0,0.0,0.0,0.0,0.0,0.0,0.0,0.0,0.0,0.0,0.0,957442890087794.5,1914885780175589.0,3210274999568717.5,4505664218961847.0,5462283174621827.0,6418902130281807.0,6259969758173834.0,6101037386065861.0,4205312336638424.5,2309587287210988.5,1154793643605494.2,0.0,0.0,0.0,0.0,0.0,0.0,0.0,1772337028389648.8,3544674056779297.5,5805799975454708.0,8066925894130119.0,8317400776140642.0,8567875658151164.0,7903118808299834.0,7238361958448504.0,7658077860920447.0,8077793763392391.0,8973622761692772.0,9869451759993150.0,8513097915791126.0,7156744071589104.0,3578372035794552.0,0.0,0.0,0.0,0.0,0.0,0.0,0.0,0.0,0.0,0.0,0.0,0.0,0.0,0.0,0.0,0.0,0.0,0.0,0.0,0.0,0.0,0.0,0.0,0.0,0.0,0.0,0.0,0.0,0.0,0.0,0.0,0.0,0.0,0.0,0.0,0.0,0.0,0.0,0.0,0.0,0.0,0.0,0.0,0.0,0.0,0.0,0.0,0.0,0.0,0.0,0.0,0.0,0.0,0.0,0.0,0.0,0.0,0.0,0.0,0.0,0.0,0.0,0.0,0.0,0.0,0.0,0.0,0.0,0.0,0.0,0.0,0.0,0.0,0.0,0.0,0.0,0.0,0.0,0.0,0.0,0.0,0.0,0.0,0.0,0.0,0.0,0.0,0.0
32.4257718435765,104.709691731565,23.46997760236,228.0,15.0,152.56654679668495,5.0,5.0,0.07430502024127297,5.782074872082753e+16,0.0,0.0,0.0,0.0,0.0,0.0,0.0,0.0,0.0,0.0,0.0,0.0,0.0,0.0,0.0,0.0,0.0,0.0,0.0,0.0,0.0,0.0,0.0,0.0,0.0,0.0,0.0,0.0,0.0,0.0,0.0,0.0,0.0,0.0,0.0,0.0,0.0,0.0,0.0,0.0,0.0,0.0,0.0,0.0,0.0,0.0,0.0,0.0,0.0,0.0,0.0,0.0,0.0,0.0,0.0,0.0,0.0,0.0,0.0,0.0,0.0,0.0,0.0,0.0,0.0,0.0,0.0,0.0,0.0,0.0,0.0,0.0,0.0,0.0,0.0,0.0,0.0,0.0,0.0,0.0,0.0,0.0,0.0,0.0,0.0,0.0,0.0,0.0,0.0,0.0,0.0,3426571439484553.0,6853142878969106.0,8883133524437909.0,1.091312416990671e+16,1.0375061354886978e+16,9836998539867246.0,7140422029266290.0,4443845518665334.0,2223863705539910.8,3881892414487.4824,1940946207243.7412,0.0,0.0,0.0,0.0,0.0,0.0,0.0,0.0,0.0,0.0,0.0,0.0,0.0,811268241538.9358,1622536483077.8716,93911204290343.86,186199872097609.88,704271039713081.9,1222342207328553.8,2255335445760986.0,3288328684193419.0,3716942936368453.5,4145557188543489.0,3753894951839603.0,3362232715135717.5,2182263241043044.5,1002293766950372.0,501146883475186.0,0.0,0.0,0.0,0.0,0.0,0.0,0.0,0.0,0.0,0.0,0.0,0.0,0.0,79239093052222.73,158478186104445.47,1097027106225733.2,2035576026347020.5,3570475205186027.0,5105374384025034.0,5183562268910467.0,5261750153795902.0,2630875076897951.0,0.0,0.0,0.0,0.0,0.0,0.0,0.0,0.0,0.0,0.0,0.0,0.0,0.0,0.0,0.0,0.0,0.0,0.0,0.0,0.0,0.0,0.0,0.0,0.0,0.0,0.0,0.0,0.0,0.0,0.0,0.0,0.0,0.0,0.0,0.0,0.0,0.0,0.0,0.0,0.0,0.0,0.0,0.0,0.0,0.0,0.0,0.0,0.0,0.0,0.0,0.0,0.0,0.0,0.0,0.0,0.0,0.0,0.0,0.0,0.0,0.0,0.0,0.0,0.0,0.0,0.0,0.0,0.0,0.0,0.0,0.0,0.0,0.0,0.0,0.0,0.0,0.0,0.0,0.0,0.0,0.0,0.0,0.0,0.0,0.0,0.0,0.0,0.0
32.4583650024797,104.674436850421,24.5511456592836,228.0,10.0,90.0,5.0,5.0,0.0,0.0,0.0,0.0,0.0,0.0,0.0,0.0,0.0,0.0,0.0,0.0,0.0,0.0,0.0,0.0,0.0,0.0,0.0,0.0,0.0,0.0,0.0,0.0,0.0,0.0,0.0,0.0,0.0,0.0,0.0,0.0,0.0,0.0,0.0,0.0,0.0,0.0,0.0,0.0,0.0,0.0,0.0,0.0,0.0,0.0,0.0,0.0,0.0,0.0,0.0,0.0,0.0,0.0,0.0,0.0,0.0,0.0,0.0,0.0,0.0,0.0,0.0,0.0,0.0,0.0,0.0,0.0,0.0,0.0,0.0,0.0,0.0,0.0,0.0,0.0,0.0,0.0,0.0,0.0,0.0,0.0,0.0,0.0,0.0,0.0,0.0,0.0,0.0,0.0,0.0,0.0,0.0,0.0,0.0,0.0,0.0,0.0,0.0,0.0,0.0,0.0,0.0,0.0,0.0,0.0,0.0,0.0,0.0,0.0,0.0,0.0,0.0,0.0,0.0,0.0,0.0,0.0,0.0,0.0,0.0,0.0,0.0,0.0,0.0,0.0,0.0,0.0,0.0,0.0,0.0,0.0,0.0,0.0,0.0,0.0,0.0,0.0,0.0,0.0,0.0,0.0,0.0,0.0,0.0,0.0,0.0,0.0,0.0,0.0,0.0,0.0,0.0,0.0,0.0,0.0,0.0,0.0,0.0,0.0,0.0,0.0,0.0,0.0,0.0,0.0,0.0,0.0,0.0,0.0,0.0,0.0,0.0,0.0,0.0,0.0,0.0,0.0,0.0,0.0,0.0,0.0,0.0,0.0,0.0,0.0,0.0,0.0,0.0,0.0,0.0,0.0,0.0,0.0,0.0,0.0,0.0,0.0,0.0,0.0,0.0,0.0,0.0,0.0,0.0,0.0,0.0,0.0,0.0,0.0,0.0,0.0,0.0,0.0,0.0,0.0,0.0,0.0,0.0,0.0,0.0,0.0,0.0,0.0,0.0,0.0,0.0,0.0,0.0,0.0,0.0,0.0,0.0,0.0,0.0,0.0,0.0,0.0,0.0,0.0,0.0,0.0
