31.7430360661516,104.377081007534,2.46201938253052,225.0,80.0,135.1846894959262,5.0,5.0,8.312478449584813,6.46838835545822e+18,0.0,0.0,0.0,0.0,0.0,0.0,0.0,0.0,0.0,0.0,0.0,0.0,0.0,0.0,0.0,0.0,0.0,0.0,0.0,0.0,0.0,0.0,0.0,0.0,0.0,0.0,0.0,0.0,0.0,0.0,0.0,0.0,0.0,0.0,0.0,0.0,0.0,0.0,0.0,0.0,0.0,0.0,0.0,0.0,0.0,0.0,0.0,0.0,0.0,0.0,0.0,0.0,0.0,0.0,0.0,0.0,0.0,1.1258094957691414e+16,2.2516189915382828e+16,4.3062852741867304e+16,6.3609515568351784e+16,8.182232796854816e+16,1.0003514036874453e+17,1.1037943645118502e+17,1.2072373253362552e+17,1.2180745792816091e+17,1.228911833226963e+17,1.1846653611504848e+17,1.1404188890740067e+17,1.087655322755281e+17,1.0348917564365554e+17,1.0843669252524723e+17,1.1338420940683893e+17,1.3435869235272686e+17,1.553331752986148e+17,1.763725948247483e+17,1.9741201435088176e+17,2.034672603450485e+17,2.095225063392152e+17,1.9875359182711142e+17,1.8798467731500758e+17,1.736969245669478e+17,1.594091718188881e+17,1.560091211510158e+17,1.5260907048314346e+17,1.5933971577452042e+17,1.660703610658973e+17,1.7556273551518208e+17,1.8505510996446685e+17,1.958580808672358e+17,2.0666105177000483e+17,2.1623767167141523e+17,2.2581429157282573e+17,2.3278400352475485e+17,2.397537154766839e+17,2.4097046876804474e+17,2.4218722205940557e+17,2.3891101542027667e+17,2.3563480878114784e+17,2.469270110176828e+17,2.5821921325421786e+17,2.959169704709815e+17,3.3361472768774515e+17,3.840165411747556e+17,4.3441835466176614e+17,4.744656190565838e+17,5.145128834514015e+17,5.246742618856259e+17,5.348356403198503e+17,5.0542164576433837e+17,4.7600765120882656e+17,4.111559859306469e+17,3.463043206524672e+17,2.667191496612506e+17,1.8713397867003395e+17,1.2316867612953288e+17,5.9203373589031816e+16,2.9601686794515908e+16,0.0,0.0,0.0,0.0,0.0,0.0,0.0,0.0,0.0,0.0,0.0,0.0,0.0,0.0,0.0,0.0,0.0,0.0,0.0,0.0,0.0,0.0,0.0,0.0,0.0,0.0,0.0,0.0,0.0,0.0,0.0,0.0,0.0,0.0,0.0,0.0,0.0,0.0,0.0,0.0,0.0,0.0,0.0,0.0,0.0,0.0,0.0,0.0,0.0,0.0,0.0,0.0,0.0,0.0,0.0,0.0,0.0,0.0,0.0,0.0,0.0,0.0,0.0,0.0,0.0,0.0,0.0,0.0,0.0,0.0,0.0,0.0,0.0,0.0,0.0,0.0,0.0,0.0,0.0,0.0,0.0,0.0,0.0,0.0,0.0,0.0,0.0,0.0,0.0,0.0,0.0,0.0,0.0,0.0,0.0,0.0,0.0,0.0,0.0,0.0,0.0,0.0,0.0,0.0,0.0,0.0,0.0,0.0,0.0,0.0,0.0,0.0,0.0,0.0,0.0,0.0,0.0,0.0,0.0,0.0,0.0,0.0
31.752515456431,104.365930951666,7.18980823265266,225.0,65.0,127.45462845133014,5.0,5.0,7.85622729647562,6.11335469566169e+18,0.0,0.0,0.0,0.0,0.0,0.0,0.0,0.0,0.0,0.0,0.0,0.0,0.0,0.0,0.0,0.0,0.0,0.0,0.0,0.0,0.0,0.0,0.0,0.0,0.0,0.0,0.0,0.0,0.0,0.0,0.0,0.0,0.0,0.0,0.0,0.0,0.0,0.0,0.0,0.0,0.0,0.0,0.0,0.0,0.0,0.0,0.0,0.0,0.0,0.0,0.0,0.0,0.0,0.0,0.0,0.0,0.0,8468434914652619.0,1.6936869829305238e+16,3.2305366558538588e+16,4.767386328777193e+16,6.1402544440774296e+16,7.513122559377666e+16,8.198424781628208e+16,8.883727003878747e+16,8.886788223344027e+16,8.88984944280931e+16,8.464807215461578e+16,8.039764988113846e+16,7.812588508251994e+16,7.585412028390142e+16,8.731170928052944e+16,9.876929827715747e+16,1.2363788302338408e+17,1.485064677696107e+17,1.7045772273252224e+17,1.9240897769543376e+17,1.9702433761632157e+17,2.016396975372093e+17,1.8738762477307136e+17,1.731355520089334e+17,1.5233074286855174e+17,1.3152593372817011e+17,1.2366545663496368e+17,1.1580497954175726e+17,1.2014153978737978e+17,1.2447810003300229e+17,1.3320617856952178e+17,1.4193425710604125e+17,1.5329228172151978e+17,1.646503063369983e+17,1.7689193064752262e+17,1.891335549580469e+17,1.9947826579992202e+17,2.0982297664179712e+17,2.1513158476268582e+17,2.204401928835746e+17,2.2241996759281363e+17,2.2439974230205277e+17,2.3931829399949766e+17,2.542368456969426e+17,2.9181103083333325e+17,3.2938521596972397e+17,3.805543860470604e+17,4.317235561243969e+17,4.7699205329401466e+17,5.222605504636326e+17,5.4091243290051066e+17,5.595643153373888e+17,5.3884546992552986e+17,5.1812662451367104e+17,4.561258727271396e+17,3.9412512094060806e+17,3.083460972097272e+17,2.2256707347884643e+17,1.467764682263835e+17,7.0985862973920584e+16,3.5492931486960292e+16,0.0,0.0,0.0,0.0,0.0,0.0,0.0,0.0,0.0,0.0,0.0,0.0,0.0,0.0,0.0,0.0,0.0,0.0,0.0,0.0,0.0,0.0,0.0,0.0,0.0,0.0,0.0,0.0,0.0,0.0,0.0,0.0,0.0,0.0,0.0,0.0,0.0,0.0,0.0,0.0,0.0,0.0,0.0,0.0,0.0,0.0,0.0,0.0,0.0,0.0,0.0,0.0,0.0,0.0,0.0,0.0,0.0,0.0,0.0,0.0,0.0,0.0,0.0,0.0,0.0,0.0,0.0,0.0,0.0,0.0,0.0,0.0,0.0,0.0,0.0,0.0,0.0,0.0,0.0,0.0,0.0,0.0,0.0,0.0,0.0,0.0,0.0,0.0,0.0,0.0,0.0,0.0,0.0,0.0,0.0,0.0,0.0,0.0,0.0,0.0,0.0,0.0,0.0,0.0,0.0,0.0,0.0,0.0,0.0,0.0,0.0,0.0,0.0,0.0,0.0,0.0,0.0,0.0,0.0,0.0,0.0,0.0
31.7694531832486,104.346005535566,11.3706888080417,225.0,50.0,115.44204774608663,5.0,5.0,6.614686046692717,5.147244405978124e+18,0.0,0.0,0.0,0.0,0.0,0.0,0.0,0.0,0.0,0.0,0.0,0.0,0.0,0.0,0.0,0.0,0.0,0.0,0.0,0.0,0.0,0.0,0.0,0.0,0.0,0.0,0.0,0.0,0.0,0.0,0.0,0.0,0.0,0.0,0.0,0.0,0.0,0.0,0.0,0.0,0.0,0.0,0.0,0.0,0.0,0.0,0.0,0.0,0.0,0.0,0.0,0.0,0.0,0.0,0.0,0.0,0.0,3205422677449341.5,6410845354898683.0,1.2874728775895118e+16,1.9338612196891548e+16,2.495107292179684e+16,3.056353364670213e+16,3.318922128810847e+16,3.5814908929514812e+16,3.5261228304292196e+16,3.470754767906959e+16,3.2860069267367292e+16,3.1012590855664988e+16,3.5177358067068748e+16,3.934212527847251e+16,5.670420271617817e+16,7.406628015388384e+16,9.66566970499395e+16,1.1924711394599514e+17,1.3626458895078107e+17,1.5328206395556698e+17,1.5477561207651574e+17,1.5626916019746445e+17,1.398721077163584e+17,1.2347505523525234e+17,1.0009750969196802e+17,7.671996414868368e+16,6.509621125576754e+16,5.34724583628514e+16,5.4939525916482776e+16,5.6406593470114136e+16,6.285463919577774e+16,6.930268492144134e+16,8.100251117464211e+16,9.270233742784283e+16,1.0864640502357608e+17,1.2459047261930931e+17,1.4076892228789131e+17,1.5694737195647328e+17,1.6945181329405094e+17,1.8195625463162854e+17,1.910248837271391e+17,2.000935128226496e+17,2.134107753785414e+17,2.2672803793443318e+17,2.5569749811687702e+17,2.8466695829932093e+17,3.312475567089179e+17,3.778281551185148e+17,4.2998582867999674e+17,4.821435022414787e+17,5.180557677186068e+17,5.539680331957349e+17,5.5301147983105894e+17,5.5205492646638285e+17,5.030151507483934e+17,4.53975375030404e+17,3.671575599460917e+17,2.803397448617794e+17,1.9007896495074157e+17,9.98181850397037e+16,4.990909251985185e+16,0.0,0.0,0.0,0.0,0.0,0.0,0.0,0.0,0.0,0.0,0.0,0.0,0.0,0.0,0.0,0.0,0.0,0.0,0.0,0.0,0.0,0.0,0.0,0.0,0.0,0.0,0.0,0.0,0.0,0.0,0.0,0.0,0.0,0.0,0.0,0.0,0.0,0.0,0.0,0.0,0.0,0.0,0.0,0.0,0.0,0.0,0.0,0.0,0.0,0.0,0.0,0.0,0.0,0.0,0.0,0.0,0.0,0.0,0.0,0.0,0.0,0.0,0.0,0.0,0.0,0.0,0.0,0.0,0.0,0.0,0.0,0.0,0.0,0.0,0.0,0.0,0.0,0.0,0.0,0.0,0.0,0.0,0.0,0.0,0.0,0.0,0.0,0.0,0.0,0.0,0.0,0.0,0.0,0.0,0.0,0.0,0.0,0.0,0.0,0.0,0.0,0.0,0.0,0.0,0.0,0.0,0.0,0.0,0.0,0.0,0.0,0.0,0.0,0.0,0.0,0.0,0.0,0.0,0.0,0.0,0.0,0.0
31.7918506686409,104.319652167274,14.8927689400555,225.0,40.0,107.61133538992927,5.0,5.0,4.970594333666878,3.867887863120216e+18,0.0,0.0,0.0,0.0,0.0,0.0,0.0,0.0,0.0,0.0,0.0,0.0,0.0,0.0,0.0,0.0,0.0,0.0,0.0,0.0,0.0,0.0,0.0,0.0,0.0,0.0,0.0,0.0,0.0,0.0,0.0,0.0,0.0,0.0,0.0,0.0,0.0,0.0,0.0,0.0,0.0,0.0,0.0,0.0,0.0,0.0,0.0,0.0,0.0,0.0,0.0,0.0,0.0,0.0,0.0,0.0,0.0,2798978933019395.0,5597957866038790.0,6199388656787945.0,6800819447537098.0,5703626129233554.0,4606432810930010.0,4402498531141099.5,4198564251352190.0,3672876865977795.5,3147189480603401.5,3953857170748661.5,4760524860893922.0,1.0239912749108036e+16,1.5719300637322148e+16,2.618864860832036e+16,3.665799657931858e+16,5.010895987410561e+16,6.355992316889264e+16,7.327887128693242e+16,8.29978194049722e+16,8.371679759922042e+16,8.443577579346864e+16,7.312191865258534e+16,6.1808061511702056e+16,4.528038192026912e+16,2.875270232883619e+16,1.9790954806226892e+16,1.0829207283617596e+16,1.0971794128078104e+16,1.1114380972538614e+16,1.4054805225794874e+16,1.6995229479051136e+16,2.635118885322464e+16,3.5707148227398144e+16,5.2777905865600616e+16,6.984866350380309e+16,9.075224791794006e+16,1.1165583233207706e+17,1.291900411193656e+17,1.4672424990665414e+17,1.5660147314700285e+17,1.6647869638735155e+17,1.7005345899863334e+17,1.736282216099151e+17,1.8466617095969843e+17,1.9570412030948182e+17,2.3246352318643763e+17,2.6922292606339344e+17,3.2530433713995354e+17,3.8138574821651366e+17,4.31896301853843e+17,4.8240685549117235e+17,5.010775669034831e+17,5.197482783157938e+17,4.8824248144362464e+17,4.567366845714555e+17,3.788232644900955e+17,3.0090984440873555e+17,2.083292761540658e+17,1.15748707899396e+17,5.7874353949698e+16,0.0,0.0,0.0,0.0,0.0,0.0,0.0,0.0,0.0,0.0,0.0,0.0,0.0,0.0,0.0,0.0,0.0,0.0,0.0,0.0,0.0,0.0,0.0,0.0,0.0,0.0,0.0,0.0,0.0,0.0,0.0,0.0,0.0,0.0,0.0,0.0,0.0,0.0,0.0,0.0,0.0,0.0,0.0,0.0,0.0,0.0,0.0,0.0,0.0,0.0,0.0,0.0,0.0,0.0,0.0,0.0,0.0,0.0,0.0,0.0,0.0,0.0,0.0,0.0,0.0,0.0,0.0,0.0,0.0,0.0,0.0,0.0,0.0,0.0,0.0,0.0,0.0,0.0,0.0,0.0,0.0,0.0,0.0,0.0,0.0,0.0,0.0,0.0,0.0,0.0,0.0,0.0,0.0,0.0,0.0,0.0,0.0,0.0,0.0,0.0,0.0,0.0,0.0,0.0,0.0,0.0,0.0,0.0,0.0,0.0,0.0,0.0,0.0,0.0,0.0,0.0,0.0,0.0,0.0,0.0,0.0,0.0
31.8177971684261,104.289115315565,17.7497379642719,225.0,30.0,105.86582898210865,5.0,5.0,3.2512237814465488,2.5299527904277576e+18,0.0,0.0,0.0,0.0,0.0,0.0,0.0,0.0,0.0,0.0,0.0,0.0,0.0,0.0,0.0,0.0,0.0,0.0,0.0,0.0,0.0,0.0,0.0,0.0,0.0,0.0,0.0,0.0,0.0,0.0,0.0,0.0,0.0,0.0,0.0,0.0,0.0,0.0,0.0,0.0,0.0,0.0,0.0,0.0,0.0,0.0,0.0,0.0,0.0,0.0,0.0,0.0,0.0,0.0,0.0,0.0,0.0,7150292627262626.0,1.4300585254525252e+16,1.5624725439459746e+16,1.6948865624394242e+16,1.2847393372258394e+16,8745921120122549.0,4863061747527636.0,980202374932724.4,490101187466362.2,0.0,0.0,0.0,0.0,0.0,413139406643040.9,826278813286081.8,4117535039160880.5,7408791265035678.0,1.164441058931027e+16,1.5880029913584866e+16,1.7626365549630684e+16,1.9372701185676504e+16,1.7345058191063524e+16,1.5317415196450544e+16,1.027029331427934e+16,5223171432108137.0,2611585716054068.5,0.0,0.0,0.0,0.0,0.0,4952257725306331.0,9904515450612662.0,2.420097610549304e+16,3.8497436760373416e+16,5.855231013010078e+16,7.860718349982816e+16,9.482902751757165e+16,1.1105087153531514e+17,1.167955360021583e+17,1.2254020046900146e+17,1.1627731069161963e+17,1.1001442091423781e+17,1.0131665804753114e+17,9.26188951808245e+16,1.138143869939237e+17,1.3500987880702286e+17,1.865627359803581e+17,2.3811559315369328e+17,2.917882740505027e+17,3.454609549473121e+17,3.7459521868329414e+17,4.037294824192762e+17,3.8928513933287795e+17,3.748407962464797e+17,3.1692950577251706e+17,2.5901821529855443e+17,1.8227929943183187e+17,1.0554038356510936e+17,5.277019178255468e+16,0.0,0.0,0.0,0.0,0.0,0.0,0.0,0.0,0.0,0.0,0.0,0.0,0.0,0.0,0.0,0.0,0.0,0.0,0.0,0.0,0.0,0.0,0.0,0.0,0.0,0.0,0.0,0.0,0.0,0.0,0.0,0.0,0.0,0.0,0.0,0.0,0.0,0.0,0.0,0.0,0.0,0.0,0.0,0.0,0.0,0.0,0.0,0.0,0.0,0.0,0.0,0.0,0.0,0.0,0.0,0.0,0.0,0.0,0.0,0.0,0.0,0.0,0.0,0.0,0.0,0.0,0.0,0.0,0.0,0.0,0.0,0.0,0.0,0.0,0.0,0.0,0.0,0.0,0.0,0.0,0.0,0.0,0.0,0.0,0.0,0.0,0.0,0.0,0.0,0.0,0.0,0.0,0.0,0.0,0.0,0.0,0.0,0.0,0.0,0.0,0.0,0.0,0.0,0.0,0.0,0.0,0.0,0.0,0.0,0.0,0.0,0.0,0.0,0.0,0.0,0.0,0.0,0.0,0.0,0.0,0.0,0.0
31.8459735622502,104.255944731178,20.0562836186236,225.0,25.0,106.02344785422137,5.0,5.0,1.9998440133831124,1.5561866183901225e+18,0.0,0.0,0.0,0.0,0.0,0.0,0.0,0.0,0.0,0.0,0.0,0.0,0.0,0.0,0.0,0.0,0.0,0.0,0.0,0.0,0.0,0.0,0.0,0.0,0.0,0.0,0.0,0.0,0.0,0.0,0.0,0.0,0.0,0.0,0.0,0.0,0.0,0.0,0.0,0.0,0.0,0.0,0.0,0.0,0.0,0.0,0.0,0.0,0.0,0.0,0.0,0.0,0.0,0.0,0.0,0.0,0.0,7364008442126761.0,1.4728016884253522e+16,1.558197090667353e+16,1.6435924929093538e+16,1.1585262529132682e+16,6734600129171827.0,3367300064585913.5,0.0,0.0,0.0,0.0,0.0,0.0,0.0,0.0,0.0,0.0,0.0,0.0,0.0,0.0,0.0,0.0,0.0,0.0,0.0,0.0,0.0,0.0,0.0,0.0,0.0,2112142919286757.5,4224285838573515.0,1.4869086981399126e+16,2.5513888124224736e+16,4.087188041158886e+16,5.622987269895299e+16,6.695999780630594e+16,7.769012291365888e+16,7.837990848780048e+16,7.90696940619421e+16,7.068662169723016e+16,6.230354933251826e+16,4.8686468013623016e+16,3.5069386694727776e+16,4.086706975003192e+16,4.666475280533606e+16,8.579096882008811e+16,1.249171848348402e+17,1.6961150829649978e+17,2.1430583175815933e+17,2.425256050452783e+17,2.7074537833239728e+17,2.6604457686916074e+17,2.613437754059242e+17,2.2269468502235386e+17,1.8404559463878352e+17,1.3010517682317424e+17,7.616475900756496e+16,3.808237950378248e+16,0.0,0.0,0.0,0.0,0.0,0.0,0.0,0.0,0.0,0.0,0.0,0.0,0.0,0.0,0.0,0.0,0.0,0.0,0.0,0.0,0.0,0.0,0.0,0.0,0.0,0.0,0.0,0.0,0.0,0.0,0.0,0.0,0.0,0.0,0.0,0.0,0.0,0.0,0.0,0.0,0.0,0.0,0.0,0.0,0.0,0.0,0.0,0.0,0.0,0.0,0.0,0.0,0.0,0.0,0.0,0.0,0.0,0.0,0.0,0.0,0.0,0.0,0.0,0.0,0.0,0.0,0.0,0.0,0.0,0.0,0.0,0.0,0.0,0.0,0.0,0.0,0.0,0.0,0.0,0.0,0.0,0.0,0.0,0.0,0.0,0.0,0.0,0.0,0.0,0.0,0.0,0.0,0.0,0.0,0.0,0.0,0.0,0.0,0.0,0.0,0.0,0.0,0.0,0.0,0.0,0.0,0.0,0.0,0.0,0.0,0.0,0.0,0.0,0.0,0.0,0.0,0.0,0.0,0.0,0.0,0.0,0.0
31.8753211108712,104.221384748598,21.9678796312896,225.0,20.0,104.96170566117287,5.0,5.0,1.0572647551747771,8.227147982982735e+17,0.0,0.0,0.0,0.0,0.0,0.0,0.0,0.0,0.0,0.0,0.0,0.0,0.0,0.0,0.0,0.0,0.0,0.0,0.0,0.0,0.0,0.0,0.0,0.0,0.0,0.0,0.0,0.0,0.0,0.0,0.0,0.0,0.0,0.0,0.0,0.0,0.0,0.0,0.0,0.0,0.0,0.0,0.0,0.0,0.0,0.0,0.0,0.0,0.0,0.0,0.0,0.0,0.0,0.0,0.0,0.0,0.0,5474221293954609.0,1.0948442587909218e+16,1.0734717005088724e+16,1.0520991422268228e+16,6554778743749895.0,2588566065231564.0,1294283032615782.0,0.0,0.0,0.0,0.0,0.0,0.0,0.0,0.0,0.0,0.0,0.0,0.0,0.0,0.0,0.0,0.0,0.0,0.0,0.0,0.0,0.0,0.0,0.0,0.0,0.0,2434780286850570.0,4869560573701140.0,1.158987376462782e+16,1.83101869555545e+16,2.6958681593989868e+16,3.5607176232425244e+16,3.993353555693363e+16,4.4259894881442024e+16,4.134436135946873e+16,3.842882783749542e+16,3.1256943452373144e+16,2.408505906725087e+16,1.6008862468136778e+16,7932665869022685.0,9381226139491968.0,1.0829786409961252e+16,3.364761543959798e+16,5.64654444692347e+16,8.505825860038901e+16,1.1365107273154328e+17,1.322219488865127e+17,1.5079282504148214e+17,1.4961733891732144e+17,1.4844185279316077e+17,1.2604998154497995e+17,1.0365811029679914e+17,7.249122268029525e+16,4.132433506379137e+16,2.0662167531895684e+16,0.0,0.0,0.0,0.0,0.0,0.0,0.0,0.0,0.0,0.0,0.0,0.0,0.0,0.0,0.0,0.0,0.0,0.0,0.0,0.0,0.0,0.0,0.0,0.0,0.0,0.0,0.0,0.0,0.0,0.0,0.0,0.0,0.0,0.0,0.0,0.0,0.0,0.0,0.0,0.0,0.0,0.0,0.0,0.0,0.0,0.0,0.0,0.0,0.0,0.0,0.0,0.0,0.0,0.0,0.0,0.0,0.0,0.0,0.0,0.0,0.0,0.0,0.0,0.0,0.0,0.0,0.0,0.0,0.0,0.0,0.0,0.0,0.0,0.0,0.0,0.0,0.0,0.0,0.0,0.0,0.0,0.0,0.0,0.0,0.0,0.0,0.0,0.0,0.0,0.0,0.0,0.0,0.0,0.0,0.0,0.0,0.0,0.0,0.0,0.0,0.0,0.0,0.0,0.0,0.0,0.0,0.0,0.0,0.0,0.0,0.0,0.0,0.0,0.0,0.0,0.0,0.0,0.0,0.0,0.0,0.0,0.0
31.9056164617236,104.185697245916,23.46997760236,225.0,15.0,103.62546066020826,5.0,5.0,0.36319237110344044,2.826195963436266e+17,0.0,0.0,0.0,0.0,0.0,0.0,0.0,0.0,0.0,0.0,0.0,0.0,0.0,0.0,0.0,0.0,0.0,0.0,0.0,0.0,0.0,0.0,0.0,0.0,0.0,0.0,0.0,0.0,0.0,0.0,0.0,0.0,0.0,0.0,0.0,0.0,0.0,0.0,0.0,0.0,0.0,0.0,0.0,0.0,0.0,0.0,0.0,0.0,0.0,0.0,0.0,0.0,0.0,0.0,0.0,0.0,0.0,2557764718517442.5,5115529437034885.0,4699375485384285.0,4283221533733684.0,2279959980220620.0,276698426707556.66,138349213353778.33,0.0,0.0,0.0,0.0,0.0,0.0,0.0,0.0,0.0,0.0,0.0,0.0,0.0,797937679113707.4,1595875358227414.8,1697895371144111.0,1799915384060807.2,1100090950260991.2,400266516461175.44,200133258230587.72,0.0,0.0,0.0,153165368242985.5,306330736485971.0,1583156752589823.0,2859982768693675.5,5944225245708257.0,9028467722722838.0,1.1974090610432602e+16,1.4919713498142368e+16,1.5217160610077786e+16,1.5514607722013204e+16,1.2861962105318484e+16,1.0209316488623766e+16,6581584667043502.0,2953852845463238.5,1476926422731619.2,0.0,0.0,0.0,8257247991903384.0,1.6514495983806768e+16,2.7968916279919616e+16,3.9423336576032456e+16,4.68205496950566e+16,5.421776281408075e+16,5.361143558852854e+16,5.300510836297634e+16,4.467247504181516e+16,3.633984172065398e+16,2.5097557084179852e+16,1.3855272447705716e+16,6927636223852858.0,0.0,0.0,0.0,0.0,0.0,0.0,0.0,0.0,0.0,0.0,0.0,0.0,0.0,0.0,0.0,0.0,0.0,0.0,0.0,0.0,0.0,0.0,0.0,0.0,0.0,0.0,0.0,0.0,0.0,0.0,0.0,0.0,0.0,0.0,0.0,0.0,0.0,0.0,0.0,0.0,0.0,0.0,0.0,0.0,0.0,0.0,0.0,0.0,0.0,0.0,0.0,0.0,0.0,0.0,0.0,0.0,0.0,0.0,0.0,0.0,0.0,0.0,0.0,0.0,0.0,0.0,0.0,0.0,0.0,0.0,0.0,0.0,0.0,0.0,0.0,0.0,0.0,0.0,0.0,0.0,0.0,0.0,0.0,0.0,0.0,0.0,0.0,0.0,0.0,0.0,0.0,0.0,0.0,0.0,0.0,0.0,0.0,0.0,0.0,0.0,0.0,0.0,0.0,0.0,0.0,0.0,0.0,0.0,0.0,0.0,0.0,0.0,0.0,0.0,0.0,0.0,0.0,0.0,0.0,0.0,0.0,0.0
31.9366290488945,104.149154406393,24.5511456592836,225.0,10.0,90.0,5.0,5.0,0.0,0.0,0.0,0.0,0.0,0.0,0.0,0.0,0.0,0.0,0.0,0.0,0.0,0.0,0.0,0.0,0.0,0.0,0.0,0.0,0.0,0.0,0.0,0.0,0.0,0.0,0.0,0.0,0.0,0.0,0.0,0.0,0.0,0.0,0.0,0.0,0.0,0.0,0.0,0.0,0.0,0.0,0.0,0.0,0.0,0.0,0.0,0.0,0.0,0.0,0.0,0.0,0.0,0.0,0.0,0.0,0.0,0.0,0.0,0.0,0.0,0.0,0.0,0.0,0.0,0.0,0.0,0.0,0.0,0.0,0.0,0.0,0.0,0.0,0.0,0.0,0.0,0.0,0.0,0.0,0.0,0.0,0.0,0.0,0.0,0.0,0.0,0.0,0.0,0.0,0.0,0.0,0.0,0.0,0.0,0.0,0.0,0.0,0.0,0.0,0.0,0.0,0.0,0.0,0.0,0.0,0.0,0.0,0.0,0.0,0.0,0.0,0.0,0.0,0.0,0.0,0.0,0.0,0.0,0.0,0.0,0.0,0.0,0.0,0.0,0.0,0.0,0.0,0.0,0.0,0.0,0.0,0.0,0.0,0.0,0.0,0.0,0.0,0.0,0.0,0.0,0.0,0.0,0.0,0.0,0.0,0.0,0.0,0.0,0.0,0.0,0.0,0.0,0.0,0.0,0.0,0.0,0.0,0.0,0.0,0.0,0.0,0.0,0.0,0.0,0.0,0.0,0.0,0.0,0.0,0.0,0.0,0.0,0.0,0.0,0.0,0.0,0.0,0.0,0.0,0.0,0.0,0.0,0.0,0.0,0.0,0.0,0.0,0.0,0.0,0.0,0.0,0.0,0.0,0.0,0.0,0.0,0.0,0.0,0.0,0.0,0.0,0.0,0.0,0.0,0.0,0.0,0.0,0.0,0.0,0.0,0.0,0.0,0.0,0.0,0.0,0.0,0.0,0.0,0.0,0.0,0.0,0.0,0.0,0.0,0.0,0.0,0.0,0.0,0.0,0.0,0.0,0.0,0.0,0.0,0.0,0.0,0.0,0.0,0.0,0.0,0.0
31.711240245851,104.33968660332,2.46201938253052,225.0,80.0,136.78078564919625,5.0,5.0,6.3477911422895525,4.939559068537184e+18,0.0,0.0,0.0,0.0,0.0,0.0,0.0,0.0,0.0,0.0,0.0,0.0,0.0,0.0,0.0,0.0,0.0,0.0,0.0,0.0,0.0,0.0,0.0,0.0,0.0,0.0,0.0,0.0,0.0,0.0,0.0,0.0,0.0,0.0,0.0,0.0,0.0,0.0,0.0,0.0,0.0,0.0,0.0,0.0,0.0,0.0,0.0,0.0,0.0,0.0,0.0,0.0,0.0,0.0,0.0,3959880243860689.5,7919760487721379.0,1.8619809697488508e+16,2.931985890725564e+16,4.46133819238184e+16,5.990690494038116e+16,7.312244312959742e+16,8.63379813188137e+16,9.27729616942919e+16,9.920794206977013e+16,9.887113432927499e+16,9.853432658877986e+16,9.320836653679227e+16,8.788240648480469e+16,8.224391395629315e+16,7.660542142778163e+16,7.914438486207611e+16,8.16833482963706e+16,1.0156100168988866e+17,1.2143865508340672e+17,1.4291722686824726e+17,1.643957986530878e+17,1.7068905736769136e+17,1.7698231608229488e+17,1.664654137075136e+17,1.5594851133273226e+17,1.4102443471951298e+17,1.261003581062937e+17,1.2280566317406874e+17,1.1951096824184374e+17,1.2543182627622602e+17,1.3135268431060829e+17,1.396663608249592e+17,1.479800373393101e+17,1.570295518454916e+17,1.6607906635167302e+17,1.7449192572223658e+17,1.829047850928001e+17,1.886335897893286e+17,1.9436239448585715e+17,1.9491946369834643e+17,1.9547653291083568e+17,1.90920098976496e+17,1.863636650421563e+17,1.915817897605811e+17,1.967999144790058e+17,2.2657818636416854e+17,2.563564582493312e+17,2.9883308936808614e+17,3.41309720486841e+17,3.7271192605744083e+17,4.041141316280406e+17,4.0610424470308704e+17,4.080943577781336e+17,3.740428658100351e+17,3.399913738419366e+17,2.777101952372668e+17,2.1542901663259712e+17,1.482996942596584e+17,8.117037188671965e+16,4.058518594335982e+16,0.0,0.0,0.0,0.0,0.0,0.0,0.0,0.0,0.0,0.0,0.0,0.0,0.0,0.0,0.0,0.0,0.0,0.0,0.0,0.0,0.0,0.0,0.0,0.0,0.0,0.0,0.0,0.0,0.0,0.0,0.0,0.0,0.0,0.0,0.0,0.0,0.0,0.0,0.0,0.0,0.0,0.0,0.0,0.0,0.0,0.0,0.0,0.0,0.0,0.0,0.0,0.0,0.0,0.0,0.0,0.0,0.0,0.0,0.0,0.0,0.0,0.0,0.0,0.0,0.0,0.0,0.0,0.0,0.0,0.0,0.0,0.0,0.0,0.0,0.0,0.0,0.0,0.0,0.0,0.0,0.0,0.0,0.0,0.0,0.0,0.0,0.0,0.0,0.0,0.0,0.0,0.0,0.0,0.0,0.0,0.0,0.0,0.0,0.0,0.0,0.0,0.0,0.0,0.0,0.0,0.0,0.0,0.0,0.0,0.0,0.0,0.0,0.0,0.0,0.0,0.0,0.0,0.0,0.0,0.0,0.0,0.0,0.0,0.0
31.7207196361303,104.328534074188,7.18980823265266,225.0,65.0,129.17241012316066,5.0,5.0,5.676171508282198,4.4169355638558254e+18,0.0,0.0,0.0,0.0,0.0,0.0,0.0,0.0,0.0,0.0,0.0,0.0,0.0,0.0,0.0,0.0,0.0,0.0,0.0,0.0,0.0,0.0,0.0,0.0,0.0,0.0,0.0,0.0,0.0,0.0,0.0,0.0,0.0,0.0,0.0,0.0,0.0,0.0,0.0,0.0,0.0,0.0,0.0,0.0,0.0,0.0,0.0,0.0,0.0,0.0,0.0,0.0,0.0,0.0,0.0,1493737441947787.8,2987474883895575.5,1.123831861605208e+16,1.9489162348208584e+16,3.0675303088115944e+16,4.1861443828023304e+16,5.131620461914445e+16,6.07709654102656e+16,6.440366927501912e+16,6.803637313977264e+16,6.6439835094345624e+16,6.4843297048918616e+16,6.027842195182292e+16,5.571354685472723e+16,5.166102427448395e+16,4.760850169424067e+16,5.459324229019359e+16,6.157798288614651e+16,8.461446975174798e+16,1.0765095661734946e+17,1.2900204959945659e+17,1.503531425815637e+17,1.5542549397836314e+17,1.6049784537516253e+17,1.4693269126217498e+17,1.3336753714918742e+17,1.144523877140597e+17,9.553723827893197e+16,8.98045532384151e+16,8.407186819789826e+16,8.841987446288864e+16,9.276788072787902e+16,1.0030146287361077e+17,1.0783504501934246e+17,1.1780155009030997e+17,1.2776805516127749e+17,1.3854125947140038e+17,1.493144637815233e+17,1.5796697985689008e+17,1.6661949593225693e+17,1.704201120665048e+17,1.742207282007527e+17,1.732799253375085e+17,1.7233912247426426e+17,1.7929867234072144e+17,1.862582222071786e+17,2.1481666498094067e+17,2.4337510775470282e+17,2.856820767324845e+17,3.2798904571026624e+17,3.6351532466249683e+17,3.990416036147274e+17,4.08202564527036e+17,4.1736352543934464e+17,3.898516844667461e+17,3.6233984349414765e+17,3.0120349911553395e+17,2.400671547369203e+17,1.6766804402193485e+17,9.526893330694944e+16,4.763446665347472e+16,0.0,0.0,0.0,0.0,0.0,0.0,0.0,0.0,0.0,0.0,0.0,0.0,0.0,0.0,0.0,0.0,0.0,0.0,0.0,0.0,0.0,0.0,0.0,0.0,0.0,0.0,0.0,0.0,0.0,0.0,0.0,0.0,0.0,0.0,0.0,0.0,0.0,0.0,0.0,0.0,0.0,0.0,0.0,0.0,0.0,0.0,0.0,0.0,0.0,0.0,0.0,0.0,0.0,0.0,0.0,0.0,0.0,0.0,0.0,0.0,0.0,0.0,0.0,0.0,0.0,0.0,0.0,0.0,0.0,0.0,0.0,0.0,0.0,0.0,0.0,0.0,0.0,0.0,0.0,0.0,0.0,0.0,0.0,0.0,0.0,0.0,0.0,0.0,0.0,0.0,0.0,0.0,0.0,0.0,0.0,0.0,0.0,0.0,0.0,0.0,0.0,0.0,0.0,0.0,0.0,0.0,0.0,0.0,0.0,0.0,0.0,0.0,0.0,0.0,0.0,0.0,0.0,0.0,0.0,0.0,0.0,0.0,0.0,0.0
31.7376573629479,104.308603317537,11.3706888080417,225.0,50.0,117.93269017617358,5.0,5.0,4.643266896707114,3.613176708740227e+18,0.0,0.0,0.0,0.0,0.0,0.0,0.0,0.0,0.0,0.0,0.0,0.0,0.0,0.0,0.0,0.0,0.0,0.0,0.0,0.0,0.0,0.0,0.0,0.0,0.0,0.0,0.0,0.0,0.0,0.0,0.0,0.0,0.0,0.0,0.0,0.0,0.0,0.0,0.0,0.0,0.0,0.0,0.0,0.0,0.0,0.0,0.0,0.0,0.0,0.0,0.0,0.0,0.0,0.0,0.0,0.0,0.0,3081628848287320.0,6163257696574640.0,1.1046155512284914e+16,1.5929053327995186e+16,1.9953512497810588e+16,2.3977971667625984e+16,2.513539129149163e+16,2.6292810915357284e+16,2.4814072553465908e+16,2.333533419157453e+16,2.1044912911192772e+16,1.875449163081102e+16,1.9399323717661136e+16,2.004415580451126e+16,3.3086582056835828e+16,4.612900830916041e+16,6.609484239901478e+16,8.606067648886915e+16,1.0155951313535002e+17,1.1705834978183085e+17,1.1884992120922246e+17,1.2064149263661408e+17,1.0664190606929189e+17,9.264231950196971e+16,7.319366495112288e+16,5.374501040027604e+16,4.575898015366084e+16,3.777294990704564e+16,3.912821572965753e+16,4.048348155226942e+16,4.584461307153934e+16,5.120574459080927e+16,6.152781671598198e+16,7.1849888841154696e+16,8.576882252609891e+16,9.968775621104312e+16,1.1348768813457509e+17,1.2728762005810707e+17,1.3716282841419774e+17,1.4703803677028845e+17,1.514673373578732e+17,1.5589663794545795e+17,1.6155462813283853e+17,1.672126183202191e+17,1.8689169353573734e+17,2.0657076875125558e+17,2.4438349068296704e+17,2.821962126146785e+17,3.234513448350875e+17,3.647064770554965e+17,3.8807058410539046e+17,4.114346911552842e+17,3.994727866906382e+17,3.8751088222599226e+17,3.3583441581917677e+17,2.8415794941236138e+17,2.0577450519397766e+17,1.2739106097559394e+17,6.369553048779697e+16,0.0,0.0,0.0,0.0,0.0,0.0,0.0,0.0,0.0,0.0,0.0,0.0,0.0,0.0,0.0,0.0,0.0,0.0,0.0,0.0,0.0,0.0,0.0,0.0,0.0,0.0,0.0,0.0,0.0,0.0,0.0,0.0,0.0,0.0,0.0,0.0,0.0,0.0,0.0,0.0,0.0,0.0,0.0,0.0,0.0,0.0,0.0,0.0,0.0,0.0,0.0,0.0,0.0,0.0,0.0,0.0,0.0,0.0,0.0,0.0,0.0,0.0,0.0,0.0,0.0,0.0,0.0,0.0,0.0,0.0,0.0,0.0,0.0,0.0,0.0,0.0,0.0,0.0,0.0,0.0,0.0,0.0,0.0,0.0,0.0,0.0,0.0,0.0,0.0,0.0,0.0,0.0,0.0,0.0,0.0,0.0,0.0,0.0,0.0,0.0,0.0,0.0,0.0,0.0,0.0,0.0,0.0,0.0,0.0,0.0,0.0,0.0,0.0,0.0,0.0,0.0,0.0,0.0,0.0,0.0,0.0,0.0,0.0,0.0
31.7600548483403,104.282241991032,14.8927689400555,225.0,40.0,110.16271098767183,5.0,5.0,3.396681134939468,2.643141011877687e+18,0.0,0.0,0.0,0.0,0.0,0.0,0.0,0.0,0.0,0.0,0.0,0.0,0.0,0.0,0.0,0.0,0.0,0.0,0.0,0.0,0.0,0.0,0.0,0.0,0.0,0.0,0.0,0.0,0.0,0.0,0.0,0.0,0.0,0.0,0.0,0.0,0.0,0.0,0.0,0.0,0.0,0.0,0.0,0.0,0.0,0.0,0.0,0.0,0.0,0.0,0.0,0.0,0.0,0.0,0.0,4677995798793222.0,9355991597586444.0,1.1777027687060246e+16,1.4198063776534048e+16,1.287226222349613e+16,1.1546460670458206e+16,8420315058472588.0,5294169446486970.0,3279100508699097.5,1264031570911224.5,753150097752131.2,242268624593037.88,121134312296518.94,0.0,2925123533041877.0,5850247066083754.0,1.3445634445032752e+16,2.1041021823981748e+16,3.1123239346121336e+16,4.120545686826093e+16,4.937602320644211e+16,5.754658954462329e+16,5.818770633998176e+16,5.882882313534024e+16,5.0118480822060904e+16,4.140813850878155e+16,2.9168356279744164e+16,1.6928574050706778e+16,1.1894591191742184e+16,6860608332777593.0,6879123936946408.0,6897639541115223.0,9568254024766740.0,1.223886850841826e+16,2.046344127548835e+16,2.8688014042558444e+16,4.327534527203497e+16,5.786267650151148e+16,7.515880720194226e+16,9.245493790237301e+16,1.062033504971005e+17,1.19951763091828e+17,1.2577197945433792e+17,1.3159219581684789e+17,1.3026420031924115e+17,1.2893620482163442e+17,1.3355159342718698e+17,1.3816698203273954e+17,1.6755094976013715e+17,1.9693491748753472e+17,2.4139181753916928e+17,2.8584871759080387e+17,3.2142260461889683e+17,3.569964916469897e+17,3.6198823531053005e+17,3.6697997897407034e+17,3.280218123024285e+17,2.890636456307866e+17,2.140105894510681e+17,1.3895753327134958e+17,6.947876663567479e+16,0.0,0.0,0.0,0.0,0.0,0.0,0.0,0.0,0.0,0.0,0.0,0.0,0.0,0.0,0.0,0.0,0.0,0.0,0.0,0.0,0.0,0.0,0.0,0.0,0.0,0.0,0.0,0.0,0.0,0.0,0.0,0.0,0.0,0.0,0.0,0.0,0.0,0.0,0.0,0.0,0.0,0.0,0.0,0.0,0.0,0.0,0.0,0.0,0.0,0.0,0.0,0.0,0.0,0.0,0.0,0.0,0.0,0.0,0.0,0.0,0.0,0.0,0.0,0.0,0.0,0.0,0.0,0.0,0.0,0.0,0.0,0.0,0.0,0.0,0.0,0.0,0.0,0.0,0.0,0.0,0.0,0.0,0.0,0.0,0.0,0.0,0.0,0.0,0.0,0.0,0.0,0.0,0.0,0.0,0.0,0.0,0.0,0.0,0.0,0.0,0.0,0.0,0.0,0.0,0.0,0.0,0.0,0.0,0.0,0.0,0.0,0.0,0.0,0.0,0.0,0.0,0.0,0.0,0.0,0.0,0.0,0.0,0.0,0.0
31.7860013481254,104.251695348234,17.7497379642719,225.0,30.0,108.58553946390997,5.0,5.0,2.251673680397292,1.7521488810958746e+18,0.0,0.0,0.0,0.0,0.0,0.0,0.0,0.0,0.0,0.0,0.0,0.0,0.0,0.0,0.0,0.0,0.0,0.0,0.0,0.0,0.0,0.0,0.0,0.0,0.0,0.0,0.0,0.0,0.0,0.0,0.0,0.0,0.0,0.0,0.0,0.0,0.0,0.0,0.0,0.0,0.0,0.0,0.0,0.0,0.0,0.0,0.0,0.0,0.0,0.0,0.0,0.0,0.0,0.0,0.0,1.0474131995026788e+16,2.0948263990053576e+16,2.696756426742389e+16,3.2986864544794196e+16,3.080116009343669e+16,2.861545564207918e+16,2.1333030556331204e+16,1.4050605470583228e+16,7907476042308878.0,1764346614034529.5,882173307017264.8,0.0,0.0,0.0,0.0,0.0,0.0,0.0,1086782041495556.0,2173564082991112.0,4728122850449438.0,7282681617907764.0,9135436451991006.0,1.0988191286074246e+16,9684374532824930.0,8380557779575613.0,5173447116446221.0,1966336453316828.8,983168226658414.4,0.0,0.0,0.0,0.0,0.0,4598058102735338.0,9196116205470676.0,2.1220359372094044e+16,3.3244602538717416e+16,4.942929538787929e+16,6.561398823704117e+16,7.818565204074784e+16,9.07573158444545e+16,9.386465895090045e+16,9.69720020573464e+16,9.008334217820693e+16,8.319468229906746e+16,7.26840557782921e+16,6.21734292575167e+16,7.806609008275277e+16,9.395875090798885e+16,1.35986135226065e+17,1.780135195441412e+17,2.1797241663710026e+17,2.5793131373005933e+17,2.739235705828488e+17,2.8991582743563834e+17,2.6544605223965923e+17,2.4097627704368016e+17,1.810102327785111e+17,1.2104418851334202e+17,6.052209425667101e+16,0.0,0.0,0.0,0.0,0.0,0.0,0.0,0.0,0.0,0.0,0.0,0.0,0.0,0.0,0.0,0.0,0.0,0.0,0.0,0.0,0.0,0.0,0.0,0.0,0.0,0.0,0.0,0.0,0.0,0.0,0.0,0.0,0.0,0.0,0.0,0.0,0.0,0.0,0.0,0.0,0.0,0.0,0.0,0.0,0.0,0.0,0.0,0.0,0.0,0.0,0.0,0.0,0.0,0.0,0.0,0.0,0.0,0.0,0.0,0.0,0.0,0.0,0.0,0.0,0.0,0.0,0.0,0.0,0.0,0.0,0.0,0.0,0.0,0.0,0.0,0.0,0.0,0.0,0.0,0.0,0.0,0.0,0.0,0.0,0.0,0.0,0.0,0.0,0.0,0.0,0.0,0.0,0.0,0.0,0.0,0.0,0.0,0.0,0.0,0.0,0.0,0.0,0.0,0.0,0.0,0.0,0.0,0.0,0.0,0.0,0.0,0.0,0.0,0.0,0.0,0.0,0.0,0.0,0.0,0.0,0.0,0.0,0.0,0.0
31.8141777419495,104.21851378873,20.0562836186236,225.0,25.0,107.41080921146909,5.0,5.0,1.461122195761204,1.1369780811203639e+18,0.0,0.0,0.0,0.0,0.0,0.0,0.0,0.0,0.0,0.0,0.0,0.0,0.0,0.0,0.0,0.0,0.0,0.0,0.0,0.0,0.0,0.0,0.0,0.0,0.0,0.0,0.0,0.0,0.0,0.0,0.0,0.0,0.0,0.0,0.0,0.0,0.0,0.0,0.0,0.0,0.0,0.0,0.0,0.0,0.0,0.0,0.0,0.0,0.0,0.0,0.0,0.0,0.0,0.0,0.0,1.2188520516083484e+16,2.437704103216697e+16,3.121969636625213e+16,3.80623517003373e+16,3.4601676739313216e+16,3.1141001778289132e+16,2.238223830806507e+16,1.3623474837841008e+16,7267063941569336.0,910653045297665.4,455326522648832.7,0.0,0.0,0.0,0.0,0.0,0.0,0.0,0.0,0.0,0.0,0.0,0.0,0.0,0.0,0.0,0.0,0.0,0.0,0.0,0.0,0.0,0.0,0.0,2557368970496129.5,5114737940992259.0,1.3705016915662054e+16,2.2295295890331852e+16,3.4087296289616784e+16,4.587929668890171e+16,5.416054515846396e+16,6.244179362802622e+16,6.2193792025673256e+16,6.1945790423320296e+16,5.412368499385445e+16,4.6301579564388616e+16,3.49512525737986e+16,2.3600925583208584e+16,2.7244468991743988e+16,3.0888012400279388e+16,6.387866190313685e+16,9.68693114059943e+16,1.3244297143999323e+17,1.6801663147399213e+17,1.8564731830421808e+17,2.0327800513444406e+17,1.88712363636542e+17,1.7414672213864e+17,1.3111608929627618e+17,8.808545645391237e+16,4.4042728226956184e+16,0.0,0.0,0.0,0.0,0.0,0.0,0.0,0.0,0.0,0.0,0.0,0.0,0.0,0.0,0.0,0.0,0.0,0.0,0.0,0.0,0.0,0.0,0.0,0.0,0.0,0.0,0.0,0.0,0.0,0.0,0.0,0.0,0.0,0.0,0.0,0.0,0.0,0.0,0.0,0.0,0.0,0.0,0.0,0.0,0.0,0.0,0.0,0.0,0.0,0.0,0.0,0.0,0.0,0.0,0.0,0.0,0.0,0.0,0.0,0.0,0.0,0.0,0.0,0.0,0.0,0.0,0.0,0.0,0.0,0.0,0.0,0.0,0.0,0.0,0.0,0.0,0.0,0.0,0.0,0.0,0.0,0.0,0.0,0.0,0.0,0.0,0.0,0.0,0.0,0.0,0.0,0.0,0.0,0.0,0.0,0.0,0.0,0.0,0.0,0.0,0.0,0.0,0.0,0.0,0.0,0.0,0.0,0.0,0.0,0.0,0.0,0.0,0.0,0.0,0.0,0.0,0.0,0.0,0.0,0.0,0.0,0.0,0.0,0.0
31.8435252905705,104.183942125447,21.9678796312896,225.0,20.0,104.19922113418184,5.0,5.0,0.8028073046535816,6.247077153454031e+17,0.0,0.0,0.0,0.0,0.0,0.0,0.0,0.0,0.0,0.0,0.0,0.0,0.0,0.0,0.0,0.0,0.0,0.0,0.0,0.0,0.0,0.0,0.0,0.0,0.0,0.0,0.0,0.0,0.0,0.0,0.0,0.0,0.0,0.0,0.0,0.0,0.0,0.0,0.0,0.0,0.0,0.0,0.0,0.0,0.0,0.0,0.0,0.0,0.0,0.0,0.0,0.0,0.0,0.0,0.0,1.0088505846890396e+16,2.017701169378079e+16,2.503805188024035e+16,2.9899092066699908e+16,2.61302040020724e+16,2.2361315937444892e+16,1.5298688906191496e+16,8236061874938098.0,4118030937469049.0,0.0,0.0,0.0,0.0,0.0,0.0,0.0,0.0,0.0,0.0,0.0,0.0,0.0,131848976559531.72,263697953119063.44,303355947088051.6,343013941057039.9,171506970528519.94,0.0,0.0,0.0,0.0,0.0,0.0,0.0,1913335343167808.2,3826670686335616.5,9070180795839668.0,1.4313690905343718e+16,2.062000215318282e+16,2.6926313401021924e+16,2.9984466060127244e+16,3.304261871923256e+16,3.0403660540379156e+16,2.7764702361525748e+16,2.1731871297043936e+16,1.569904023256212e+16,1.0284736530431944e+16,4870432828301766.0,5970466372003236.0,7070499915704707.0,2.654514690950341e+16,4.6019793903302104e+16,6.9916310409943896e+16,9.38128269165857e+16,1.0621520893115443e+17,1.1861759094572317e+17,1.1006323056191965e+17,1.0150887017811618e+17,7.573167053136211e+16,4.995447088460806e+16,2.497723544230403e+16,0.0,0.0,0.0,0.0,0.0,0.0,0.0,0.0,0.0,0.0,0.0,0.0,0.0,0.0,0.0,0.0,0.0,0.0,0.0,0.0,0.0,0.0,0.0,0.0,0.0,0.0,0.0,0.0,0.0,0.0,0.0,0.0,0.0,0.0,0.0,0.0,0.0,0.0,0.0,0.0,0.0,0.0,0.0,0.0,0.0,0.0,0.0,0.0,0.0,0.0,0.0,0.0,0.0,0.0,0.0,0.0,0.0,0.0,0.0,0.0,0.0,0.0,0.0,0.0,0.0,0.0,0.0,0.0,0.0,0.0,0.0,0.0,0.0,0.0,0.0,0.0,0.0,0.0,0.0,0.0,0.0,0.0,0.0,0.0,0.0,0.0,0.0,0.0,0.0,0.0,0.0,0.0,0.0,0.0,0.0,0.0,0.0,0.0,0.0,0.0,0.0,0.0,0.0,0.0,0.0,0.0,0.0,0.0,0.0,0.0,0.0,0.0,0.0,0.0,0.0,0.0,0.0,0.0,0.0,0.0,0.0,0.0,0.0,0.0
31.8738206414229,104.148242494187,23.46997760236,225.0,15.0,100.85095642042802,5.0,5.0,0.2995282988271264,2.330791438455237e+17,0.0,0.0,0.0,0.0,0.0,0.0,0.0,0.0,0.0,0.0,0.0,0.0,0.0,0.0,0.0,0.0,0.0,0.0,0.0,0.0,0.0,0.0,0.0,0.0,0.0,0.0,0.0,0.0,0.0,0.0,0.0,0.0,0.0,0.0,0.0,0.0,0.0,0.0,0.0,0.0,0.0,0.0,0.0,0.0,0.0,0.0,0.0,0.0,0.0,0.0,0.0,0.0,0.0,0.0,0.0,5330262820758105.0,1.066052564151621e+16,1.2858991287263166e+16,1.5057456933010124e+16,1.2604281385477926e+16,1.0151105837945728e+16,6161264391972534.0,2171422945999340.8,1085711472999670.4,0.0,0.0,0.0,0.0,0.0,0.0,0.0,0.0,0.0,0.0,0.0,0.0,0.0,1070345859733779.4,2140691719467558.8,2195192378954777.0,2249693038441995.8,1210504572842659.5,171316107243322.88,85658053621661.44,0.0,0.0,0.0,467200269327309.94,934400538654619.9,2056647011337097.8,3178893484019576.0,5198398289299784.0,7217903094579991.0,9158647973689594.0,1.1099392852799194e+16,1.078391104798167e+16,1.0468429243164146e+16,8028735404470477.0,5589041565776807.0,3120043577516678.5,651045589256549.8,325522794628274.9,0.0,0.0,0.0,7518543463034896.0,1.5037086926069792e+16,2.490894219392873e+16,3.4780797461787664e+16,3.9916649486702264e+16,4.505250151161686e+16,4.183347768321678e+16,3.86144538548167e+16,2.8233719677087108e+16,1.7852985499357512e+16,8926492749678756.0,0.0,0.0,0.0,0.0,0.0,0.0,0.0,0.0,0.0,0.0,0.0,0.0,0.0,0.0,0.0,0.0,0.0,0.0,0.0,0.0,0.0,0.0,0.0,0.0,0.0,0.0,0.0,0.0,0.0,0.0,0.0,0.0,0.0,0.0,0.0,0.0,0.0,0.0,0.0,0.0,0.0,0.0,0.0,0.0,0.0,0.0,0.0,0.0,0.0,0.0,0.0,0.0,0.0,0.0,0.0,0.0,0.0,0.0,0.0,0.0,0.0,0.0,0.0,0.0,0.0,0.0,0.0,0.0,0.0,0.0,0.0,0.0,0.0,0.0,0.0,0.0,0.0,0.0,0.0,0.0,0.0,0.0,0.0,0.0,0.0,0.0,0.0,0.0,0.0,0.0,0.0,0.0,0.0,0.0,0.0,0.0,0.0,0.0,0.0,0.0,0.0,0.0,0.0,0.0,0.0,0.0,0.0,0.0,0.0,0.0,0.0,0.0,0.0,0.0,0.0,0.0,0.0,0.0,0.0,0.0,0.0,0.0,0.0,0.0
31.9048332285939,104.111690362183,24.5511456592836,225.0,10.0,90.0,5.0,5.0,0.0,0.0,0.0,0.0,0.0,0.0,0.0,0.0,0.0,0.0,0.0,0.0,0.0,0.0,0.0,0.0,0.0,0.0,0.0,0.0,0.0,0.0,0.0,0.0,0.0,0.0,0.0,0.0,0.0,0.0,0.0,0.0,0.0,0.0,0.0,0.0,0.0,0.0,0.0,0.0,0.0,0.0,0.0,0.0,0.0,0.0,0.0,0.0,0.0,0.0,0.0,0.0,0.0,0.0,0.0,0.0,0.0,0.0,0.0,0.0,0.0,0.0,0.0,0.0,0.0,0.0,0.0,0.0,0.0,0.0,0.0,0.0,0.0,0.0,0.0,0.0,0.0,0.0,0.0,0.0,0.0,0.0,0.0,0.0,0.0,0.0,0.0,0.0,0.0,0.0,0.0,0.0,0.0,0.0,0.0,0.0,0.0,0.0,0.0,0.0,0.0,0.0,0.0,0.0,0.0,0.0,0.0,0.0,0.0,0.0,0.0,0.0,0.0,0.0,0.0,0.0,0.0,0.0,0.0,0.0,0.0,0.0,0.0,0.0,0.0,0.0,0.0,0.0,0.0,0.0,0.0,0.0,0.0,0.0,0.0,0.0,0.0,0.0,0.0,0.0,0.0,0.0,0.0,0.0,0.0,0.0,0.0,0.0,0.0,0.0,0.0,0.0,0.0,0.0,0.0,0.0,0.0,0.0,0.0,0.0,0.0,0.0,0.0,0.0,0.0,0.0,0.0,0.0,0.0,0.0,0.0,0.0,0.0,0.0,0.0,0.0,0.0,0.0,0.0,0.0,0.0,0.0,0.0,0.0,0.0,0.0,0.0,0.0,0.0,0.0,0.0,0.0,0.0,0.0,0.0,0.0,0.0,0.0,0.0,0.0,0.0,0.0,0.0,0.0,0.0,0.0,0.0,0.0,0.0,0.0,0.0,0.0,0.0,0.0,0.0,0.0,0.0,0.0,0.0,0.0,0.0,0.0,0.0,0.0,0.0,0.0,0.0,0.0,0.0,0.0,0.0,0.0,0.0,0.0,0.0,0.0,0.0,0.0,0.0,0.0,0.0,0.0
31.6794444255504,104.302292199106,2.46201938253052,225.0,80.0,133.9238406636233,5.0,5.0,4.110130491736763,3.198314482666929e+18,0.0,0.0,0.0,0.0,0.0,0.0,0.0,0.0,0.0,0.0,0.0,0.0,0.0,0.0,0.0,0.0,0.0,0.0,0.0,0.0,0.0,0.0,0.0,0.0,0.0,0.0,0.0,0.0,0.0,0.0,0.0,0.0,0.0,0.0,0.0,0.0,0.0,0.0,0.0,0.0,0.0,0.0,0.0,0.0,0.0,0.0,0.0,0.0,0.0,0.0,0.0,0.0,0.0,272543001569236.16,545086003138472.3,3944220856139556.5,7343355709140641.0,1.5022040050040364e+16,2.2700724390940092e+16,3.274582610067218e+16,4.279092781040427e+16,5.145190105141579e+16,6.011287429242731e+16,6.3420337489462056e+16,6.672780068649679e+16,6.5249013424330424e+16,6.3770226162164056e+16,5.861312743178112e+16,5.34560287013982e+16,4.7792457703097064e+16,4.212888670479593e+16,4.71849036048588e+16,5.224092050492168e+16,7.522202878721064e+16,9.82031370694996e+16,1.1953221281357082e+17,1.4086128855764203e+17,1.4617584336393952e+17,1.5149039817023702e+17,1.3884658853412843e+17,1.2620277889801984e+17,1.0712872972294203e+17,8.805468054786424e+16,8.122281266180963e+16,7.439094477575507e+16,7.843249479619749e+16,8.247404481663994e+16,8.857408589146149e+16,9.467412696628304e+16,1.015293922238432e+17,1.0838465748140336e+17,1.1471582795342542e+17,1.210469984254475e+17,1.2497154872110691e+17,1.2889609901676629e+17,1.2833489757727262e+17,1.2777369613777893e+17,1.234354191553543e+17,1.190971421729297e+17,1.2098174557063512e+17,1.2286634896834058e+17,1.4637074963446467e+17,1.698751503005887e+17,2.0183441896925827e+17,2.337936876379278e+17,2.527431071855181e+17,2.7169252673310845e+17,2.645910311742946e+17,2.574895356154807e+17,2.2180418005877043e+17,1.861188245020602e+17,1.3461520470469443e+17,8.311158490732866e+16,4.155579245366433e+16,0.0,0.0,0.0,0.0,0.0,0.0,0.0,0.0,0.0,0.0,0.0,0.0,0.0,0.0,0.0,0.0,0.0,0.0,0.0,0.0,0.0,0.0,0.0,0.0,0.0,0.0,0.0,0.0,0.0,0.0,0.0,0.0,0.0,0.0,0.0,0.0,0.0,0.0,0.0,0.0,0.0,0.0,0.0,0.0,0.0,0.0,0.0,0.0,0.0,0.0,0.0,0.0,0.0,0.0,0.0,0.0,0.0,0.0,0.0,0.0,0.0,0.0,0.0,0.0,0.0,0.0,0.0,0.0,0.0,0.0,0.0,0.0,0.0,0.0,0.0,0.0,0.0,0.0,0.0,0.0,0.0,0.0,0.0,0.0,0.0,0.0,0.0,0.0,0.0,0.0,0.0,0.0,0.0,0.0,0.0,0.0,0.0,0.0,0.0,0.0,0.0,0.0,0.0,0.0,0.0,0.0,0.0,0.0,0.0,0.0,0.0,0.0,0.0,0.0,0.0,0.0,0.0,0.0,0.0,0.0,0.0,0.0,0.0,0.0,0.0,0.0
31.6889238158297,104.29113719671,7.18980823265266,225.0,65.0,125.92177815132725,5.0,5.0,3.5369954593135784,2.7523271646466985e+18,0.0,0.0,0.0,0.0,0.0,0.0,0.0,0.0,0.0,0.0,0.0,0.0,0.0,0.0,0.0,0.0,0.0,0.0,0.0,0.0,0.0,0.0,0.0,0.0,0.0,0.0,0.0,0.0,0.0,0.0,0.0,0.0,0.0,0.0,0.0,0.0,0.0,0.0,0.0,0.0,0.0,0.0,0.0,0.0,0.0,0.0,0.0,0.0,0.0,0.0,0.0,0.0,0.0,0.0,0.0,1198849509299611.2,2397699018599222.5,7324889618914549.0,1.2252080219229874e+16,1.9521847432288332e+16,2.679161464534679e+16,3.301194652185504e+16,3.923227839836328e+16,4.082990572114049e+16,4.242753304391769e+16,4.009355413387538e+16,3.775957522383307e+16,3.362831650435637e+16,2.949705778487967e+16,2.575149526582003e+16,2.200593274676039e+16,3.1962550721184496e+16,4.191916869560861e+16,6.534141506365966e+16,8.87636614317107e+16,1.0894355349528496e+17,1.291234455588592e+17,1.334758264969443e+17,1.3782820743502939e+17,1.2375707049121037e+17,1.0968593354739136e+17,8.790732298649573e+16,6.612871242560008e+16,5.721086944904571e+16,4.829302647249136e+16,5.091630385942799e+16,5.353958124636463e+16,5.895867196361883e+16,6.437776268087304e+16,7.175386142940991e+16,7.912996017794678e+16,8.71390495733145e+16,9.51481389686822e+16,1.0134956372459686e+17,1.075509884805115e+17,1.0962251634281357e+17,1.1169404420511563e+17,1.0978971215818594e+17,1.0788538011125624e+17,1.112248673770788e+17,1.1456435464290134e+17,1.3672145108273435e+17,1.5887854752256733e+17,1.9049947018086426e+17,2.2212039283916112e+17,2.4338929439249907e+17,2.6465819594583702e+17,2.6053391253643702e+17,2.5640962912703706e+17,2.2378807137911267e+17,1.9116651363118826e+17,1.4113213102541213e+17,9.1097748419636e+16,4.5548874209818e+16,0.0,0.0,0.0,0.0,0.0,0.0,0.0,0.0,0.0,0.0,0.0,0.0,0.0,0.0,0.0,0.0,0.0,0.0,0.0,0.0,0.0,0.0,0.0,0.0,0.0,0.0,0.0,0.0,0.0,0.0,0.0,0.0,0.0,0.0,0.0,0.0,0.0,0.0,0.0,0.0,0.0,0.0,0.0,0.0,0.0,0.0,0.0,0.0,0.0,0.0,0.0,0.0,0.0,0.0,0.0,0.0,0.0,0.0,0.0,0.0,0.0,0.0,0.0,0.0,0.0,0.0,0.0,0.0,0.0,0.0,0.0,0.0,0.0,0.0,0.0,0.0,0.0,0.0,0.0,0.0,0.0,0.0,0.0,0.0,0.0,0.0,0.0,0.0,0.0,0.0,0.0,0.0,0.0,0.0,0.0,0.0,0.0,0.0,0.0,0.0,0.0,0.0,0.0,0.0,0.0,0.0,0.0,0.0,0.0,0.0,0.0,0.0,0.0,0.0,0.0,0.0,0.0,0.0,0.0,0.0,0.0,0.0,0.0,0.0,0.0,0.0
31.7058615426473,104.271201099509,11.3706888080417,225.0,50.0,116.54653663140897,5.0,5.0,2.6979064107246655,2.0993866651310413e+18,0.0,0.0,0.0,0.0,0.0,0.0,0.0,0.0,0.0,0.0,0.0,0.0,0.0,0.0,0.0,0.0,0.0,0.0,0.0,0.0,0.0,0.0,0.0,0.0,0.0,0.0,0.0,0.0,0.0,0.0,0.0,0.0,0.0,0.0,0.0,0.0,0.0,0.0,0.0,0.0,0.0,0.0,0.0,0.0,0.0,0.0,0.0,0.0,0.0,0.0,0.0,0.0,0.0,305166909459370.7,610333818918741.4,872408748282323.8,1134483677645905.8,1867508723337594.2,2600533769029282.5,5263010425844802.0,7925487082660320.0,1.0201052069959696e+16,1.2476617057259074e+16,1.2752768266025348e+16,1.3028919474791628e+16,1.16034816217422e+16,1.0178043768692776e+16,8317773437335546.0,6457503105978316.0,6994992978878050.0,7532482851777783.0,2.0174254389444864e+16,3.2816025927111948e+16,5.04525021378636e+16,6.8088978348615256e+16,8.181797093678858e+16,9.554696352496189e+16,9.697974292797354e+16,9.84125223309852e+16,8.552999204734891e+16,7.264746176371259e+16,5.3520054606127896e+16,3.43926474485432e+16,2.60068477591354e+16,1.76210480697276e+16,1.8147743024220492e+16,1.867443797871338e+16,2.216918443154419e+16,2.5663930884374996e+16,3.2797272734496264e+16,3.993061458461752e+16,5.0209980198755016e+16,6.048934581289252e+16,7.0942753512521464e+16,8.139616121215042e+16,8.836031773526718e+16,9.532447425838398e+16,9.75838378860883e+16,9.98432015137926e+16,1.0171983660885053e+17,1.0359647170390846e+17,1.1699050663025498e+17,1.303845415566015e+17,1.5776178028981738e+17,1.8513901902303328e+17,2.107431929549269e+17,2.3634736688682048e+17,2.397531730566688e+17,2.431589792265171e+17,2.162648757093304e+17,1.8937077219214368e+17,1.4898403423441165e+17,1.0859729627667963e+17,5.4298648138339816e+16,0.0,0.0,0.0,0.0,0.0,0.0,0.0,0.0,0.0,0.0,0.0,0.0,0.0,0.0,0.0,0.0,0.0,0.0,0.0,0.0,0.0,0.0,0.0,0.0,0.0,0.0,0.0,0.0,0.0,0.0,0.0,0.0,0.0,0.0,0.0,0.0,0.0,0.0,0.0,0.0,0.0,0.0,0.0,0.0,0.0,0.0,0.0,0.0,0.0,0.0,0.0,0.0,0.0,0.0,0.0,0.0,0.0,0.0,0.0,0.0,0.0,0.0,0.0,0.0,0.0,0.0,0.0,0.0,0.0,0.0,0.0,0.0,0.0,0.0,0.0,0.0,0.0,0.0,0.0,0.0,0.0,0.0,0.0,0.0,0.0,0.0,0.0,0.0,0.0,0.0,0.0,0.0,0.0,0.0,0.0,0.0,0.0,0.0,0.0,0.0,0.0,0.0,0.0,0.0,0.0,0.0,0.0,0.0,0.0,0.0,0.0,0.0,0.0,0.0,0.0,0.0,0.0,0.0,0.0,0.0,0.0,0.0,0.0,0.0,0.0,0.0
31.7282590280397,104.244831814789,14.8927689400555,225.0,40.0,111.89594090864517,5.0,5.0,1.8754600702832525,1.459396755531194e+18,0.0,0.0,0.0,0.0,0.0,0.0,0.0,0.0,0.0,0.0,0.0,0.0,0.0,0.0,0.0,0.0,0.0,0.0,0.0,0.0,0.0,0.0,0.0,0.0,0.0,0.0,0.0,0.0,0.0,0.0,0.0,0.0,0.0,0.0,0.0,0.0,0.0,0.0,0.0,0.0,0.0,0.0,0.0,0.0,0.0,0.0,0.0,0.0,0.0,0.0,0.0,0.0,0.0,6511386249383788.0,1.3022772498767576e+16,1.7236581645853448e+16,2.1450390792939324e+16,2.11822404091121e+16,2.091409002528487e+16,1.7068403373339404e+16,1.3222716721393938e+16,8804934729881750.0,4387152738369564.0,2193576369184782.0,0.0,0.0,0.0,0.0,0.0,775612237457386.0,1551224474914772.0,7229071346570472.0,1.290691821822617e+16,2.051167520493029e+16,2.8116432191634404e+16,3.3971332744161612e+16,3.9826233296688824e+16,4.070973633404258e+16,4.159323937139632e+16,3.5342826434321664e+16,2.909241349724701e+16,1.9221074012462172e+16,9349734527677340.0,5496050185601881.0,1642365843526422.2,1627305937407224.5,1612246031288027.2,2819979305505729.5,4027712579723431.5,8648473709606345.0,1.3269234839489258e+16,2.3141027501068388e+16,3.3012820162647524e+16,4.60400116209584e+16,5.906720307926929e+16,6.909456921865257e+16,7.912193535803586e+16,8.29714918445855e+16,8.682104833113514e+16,8.390944955897218e+16,8.099785078680922e+16,8.090435172569941e+16,8.081085266458962e+16,1.0006116456923624e+17,1.1931147647388285e+17,1.472459577808596e+17,1.7518043908783632e+17,1.8876622293892042e+17,2.0235200679000454e+17,1.8928533975767555e+17,1.762186727253465e+17,1.4336812257420827e+17,1.1051757242307006e+17,5.525878621153503e+16,0.0,0.0,0.0,0.0,0.0,0.0,0.0,0.0,0.0,0.0,0.0,0.0,0.0,0.0,0.0,0.0,0.0,0.0,0.0,0.0,0.0,0.0,0.0,0.0,0.0,0.0,0.0,0.0,0.0,0.0,0.0,0.0,0.0,0.0,0.0,0.0,0.0,0.0,0.0,0.0,0.0,0.0,0.0,0.0,0.0,0.0,0.0,0.0,0.0,0.0,0.0,0.0,0.0,0.0,0.0,0.0,0.0,0.0,0.0,0.0,0.0,0.0,0.0,0.0,0.0,0.0,0.0,0.0,0.0,0.0,0.0,0.0,0.0,0.0,0.0,0.0,0.0,0.0,0.0,0.0,0.0,0.0,0.0,0.0,0.0,0.0,0.0,0.0,0.0,0.0,0.0,0.0,0.0,0.0,0.0,0.0,0.0,0.0,0.0,0.0,0.0,0.0,0.0,0.0,0.0,0.0,0.0,0.0,0.0,0.0,0.0,0.0,0.0,0.0,0.0,0.0,0.0,0.0,0.0,0.0,0.0,0.0,0.0,0.0,0.0,0.0
31.7542055278248,104.214275380902,17.7497379642719,225.0,30.0,111.97418538523829,5.0,5.0,1.2738767965747606,9.912723247618363e+17,0.0,0.0,0.0,0.0,0.0,0.0,0.0,0.0,0.0,0.0,0.0,0.0,0.0,0.0,0.0,0.0,0.0,0.0,0.0,0.0,0.0,0.0,0.0,0.0,0.0,0.0,0.0,0.0,0.0,0.0,0.0,0.0,0.0,0.0,0.0,0.0,0.0,0.0,0.0,0.0,0.0,0.0,0.0,0.0,0.0,0.0,0.0,0.0,0.0,0.0,0.0,0.0,0.0,1.2517853319218538e+16,2.5035706638437076e+16,3.4825149451090976e+16,4.461459226374488e+16,4.610642031702313e+16,4.759824837030138e+16,4.1182699763354344e+16,3.4767151156407308e+16,2.536347574334205e+16,1.595980033027679e+16,9029256298243182.0,2098712266209575.5,1049356133104787.8,0.0,0.0,0.0,0.0,0.0,0.0,0.0,0.0,0.0,564474878098463.0,1128949756196926.0,2441139290855490.0,3753328825514054.5,3610868629504017.5,3468408433493980.0,1734697065102945.5,985696711910.9346,492848355955.4673,0.0,0.0,0.0,0.0,0.0,1775393983102729.0,3550787966205458.0,1.165497482735965e+16,1.9759161688513844e+16,3.160445362783731e+16,4.344974556716078e+16,5.2608437075121304e+16,6.176712858308183e+16,6.376190588898082e+16,6.575668319487981e+16,6.001372419371612e+16,5.427076519255244e+16,4.4089726181524056e+16,3.3908687170495676e+16,4.156762160183654e+16,4.922655603317741e+16,7.63358134304094e+16,1.034450708276414e+17,1.238552626619918e+17,1.4426545449634218e+17,1.4228828565875494e+17,1.403111168211677e+17,1.1672320015224576e+17,9.313528348332386e+16,4.656764174166193e+16,0.0,0.0,0.0,0.0,0.0,0.0,0.0,0.0,0.0,0.0,0.0,0.0,0.0,0.0,0.0,0.0,0.0,0.0,0.0,0.0,0.0,0.0,0.0,0.0,0.0,0.0,0.0,0.0,0.0,0.0,0.0,0.0,0.0,0.0,0.0,0.0,0.0,0.0,0.0,0.0,0.0,0.0,0.0,0.0,0.0,0.0,0.0,0.0,0.0,0.0,0.0,0.0,0.0,0.0,0.0,0.0,0.0,0.0,0.0,0.0,0.0,0.0,0.0,0.0,0.0,0.0,0.0,0.0,0.0,0.0,0.0,0.0,0.0,0.0,0.0,0.0,0.0,0.0,0.0,0.0,0.0,0.0,0.0,0.0,0.0,0.0,0.0,0.0,0.0,0.0,0.0,0.0,0.0,0.0,0.0,0.0,0.0,0.0,0.0,0.0,0.0,0.0,0.0,0.0,0.0,0.0,0.0,0.0,0.0,0.0,0.0,0.0,0.0,0.0,0.0,0.0,0.0,0.0,0.0,0.0,0.0,0.0,0.0,0.0,0.0,0.0
31.7823819216489,104.181082846282,20.0562836186236,225.0,25.0,107.42073752739687,5.0,5.0,0.9412012002696314,7.323994787946148e+17,0.0,0.0,0.0,0.0,0.0,0.0,0.0,0.0,0.0,0.0,0.0,0.0,0.0,0.0,0.0,0.0,0.0,0.0,0.0,0.0,0.0,0.0,0.0,0.0,0.0,0.0,0.0,0.0,0.0,0.0,0.0,0.0,0.0,0.0,0.0,0.0,0.0,0.0,0.0,0.0,0.0,0.0,0.0,0.0,0.0,0.0,0.0,0.0,0.0,0.0,0.0,0.0,0.0,1.466507281623274e+16,2.933014563246548e+16,4.1471888783482056e+16,5.361363193449864e+16,5.558049495918846e+16,5.754735798387828e+16,5.009552049968058e+16,4.264368301548288e+16,3.1243049448624224e+16,1.9842415881765564e+16,1.0946940877561238e+16,2051465873356912.0,1025732936678456.0,0.0,0.0,0.0,0.0,0.0,0.0,0.0,0.0,0.0,0.0,0.0,0.0,0.0,0.0,0.0,0.0,0.0,0.0,0.0,0.0,0.0,0.0,0.0,964942090270388.9,1929884180540777.8,7866138329382524.0,1.3802392478224272e+16,2.2576132524199148e+16,3.1349872570174028e+16,3.747063692955259e+16,4.359140128893115e+16,4.2979274521796184e+16,4.236714775466121e+16,3.581549790062921e+16,2.9263848046597212e+16,2.0827046995130412e+16,1.2390245943663618e+16,1.2511132840444152e+16,1.2632019737224684e+16,3.469603535816379e+16,5.67600509791029e+16,7.898460291219922e+16,1.0120915484529552e+17,1.0617038536230946e+17,1.1113161587932338e+17,9.10373803243758e+16,7.094314476942825e+16,3.5471572384714124e+16,0.0,0.0,0.0,0.0,0.0,0.0,0.0,0.0,0.0,0.0,0.0,0.0,0.0,0.0,0.0,0.0,0.0,0.0,0.0,0.0,0.0,0.0,0.0,0.0,0.0,0.0,0.0,0.0,0.0,0.0,0.0,0.0,0.0,0.0,0.0,0.0,0.0,0.0,0.0,0.0,0.0,0.0,0.0,0.0,0.0,0.0,0.0,0.0,0.0,0.0,0.0,0.0,0.0,0.0,0.0,0.0,0.0,0.0,0.0,0.0,0.0,0.0,0.0,0.0,0.0,0.0,0.0,0.0,0.0,0.0,0.0,0.0,0.0,0.0,0.0,0.0,0.0,0.0,0.0,0.0,0.0,0.0,0.0,0.0,0.0,0.0,0.0,0.0,0.0,0.0,0.0,0.0,0.0,0.0,0.0,0.0,0.0,0.0,0.0,0.0,0.0,0.0,0.0,0.0,0.0,0.0,0.0,0.0,0.0,0.0,0.0,0.0,0.0,0.0,0.0,0.0,0.0,0.0,0.0,0.0,0.0,0.0,0.0,0.0,0.0,0.0
31.8117294702699,104.146499502296,21.9678796312896,225.0,20.0,101.71699146164211,5.0,5.0,0.5836004272659288,4.541310068786915e+17,0.0,0.0,0.0,0.0,0.0,0.0,0.0,0.0,0.0,0.0,0.0,0.0,0.0,0.0,0.0,0.0,0.0,0.0,0.0,0.0,0.0,0.0,0.0,0.0,0.0,0.0,0.0,0.0,0.0,0.0,0.0,0.0,0.0,0.0,0.0,0.0,0.0,0.0,0.0,0.0,0.0,0.0,0.0,0.0,0.0,0.0,0.0,0.0,0.0,0.0,0.0,0.0,0.0,1.2474918877263742e+16,2.4949837754527484e+16,3.5354121259417924e+16,4.575840476430836e+16,4.70298952203391e+16,4.830138567636984e+16,4.107404229520402e+16,3.3846698914038188e+16,2.3747905279797988e+16,1.3649111645557786e+16,6824555822778893.0,0.0,0.0,0.0,0.0,0.0,0.0,0.0,0.0,0.0,0.0,0.0,0.0,0.0,678617144960743.6,1357234289921487.2,1463324477848695.5,1569414665775903.5,784707332887951.8,0.0,0.0,0.0,0.0,0.0,0.0,0.0,823308833867598.9,1646617667735197.8,5082056854387430.0,8517496041039662.0,1.3312123522837856e+16,1.810675100463605e+16,2.0101879227817696e+16,2.209700745099934e+16,2.0143129293341656e+16,1.8189251135683976e+16,1.3492838523393902e+16,8796425911103829.0,5221251805095177.0,1646077699086525.5,1667329908977535.8,1688582118868546.2,1.553296836557692e+16,2.93773546122853e+16,4.5509383171196216e+16,6.164141173010714e+16,6.575713652901444e+16,6.987286132792173e+16,5.649597189832344e+16,4.311908246872515e+16,2.1559541234362576e+16,0.0,0.0,0.0,0.0,0.0,0.0,0.0,0.0,0.0,0.0,0.0,0.0,0.0,0.0,0.0,0.0,0.0,0.0,0.0,0.0,0.0,0.0,0.0,0.0,0.0,0.0,0.0,0.0,0.0,0.0,0.0,0.0,0.0,0.0,0.0,0.0,0.0,0.0,0.0,0.0,0.0,0.0,0.0,0.0,0.0,0.0,0.0,0.0,0.0,0.0,0.0,0.0,0.0,0.0,0.0,0.0,0.0,0.0,0.0,0.0,0.0,0.0,0.0,0.0,0.0,0.0,0.0,0.0,0.0,0.0,0.0,0.0,0.0,0.0,0.0,0.0,0.0,0.0,0.0,0.0,0.0,0.0,0.0,0.0,0.0,0.0,0.0,0.0,0.0,0.0,0.0,0.0,0.0,0.0,0.0,0.0,0.0,0.0,0.0,0.0,0.0,0.0,0.0,0.0,0.0,0.0,0.0,0.0,0.0,0.0,0.0,0.0,0.0,0.0,0.0,0.0,0.0,0.0,0.0,0.0,0.0,0.0,0.0,0.0,0.0,0.0
31.8420248211223,104.110787742459,23.46997760236,225.0,15.0,95.86430292903968,5.0,5.0,0.2510046360428128,1.9532026155525898e+17,0.0,0.0,0.0,0.0,0.0,0.0,0.0,0.0,0.0,0.0,0.0,0.0,0.0,0.0,0.0,0.0,0.0,0.0,0.0,0.0,0.0,0.0,0.0,0.0,0.0,0.0,0.0,0.0,0.0,0.0,0.0,0.0,0.0,0.0,0.0,0.0,0.0,0.0,0.0,0.0,0.0,0.0,0.0,0.0,0.0,0.0,0.0,0.0,0.0,0.0,0.0,0.0,0.0,7041843669428463.0,1.4083687338856926e+16,1.949350668458788e+16,2.490332603031883e+16,2.504114079395976e+16,2.5178955557600684e+16,2.1096429603459676e+16,1.7013903649318664e+16,1.1135276693473914e+16,5256649737629162.0,2628324868814581.0,0.0,0.0,0.0,0.0,0.0,0.0,0.0,0.0,0.0,0.0,0.0,0.0,0.0,1637169767340428.0,3274339534680856.0,3274745659381596.5,3275151784082336.5,1805714799758043.5,336277815433749.9,168138907716874.94,0.0,0.0,0.0,701150807291294.1,1402301614582588.2,2033959438004893.0,2665617261427197.5,3259870692660566.0,3854124123893934.5,5035458616012386.0,6216793108130837.0,5760374718355762.0,5303956328580686.0,3757021619707374.0,2210086910834062.8,1105043455417031.4,0.0,0.0,0.0,0.0,0.0,5120969271725255.0,1.024193854345051e+16,1.7511512498849334e+16,2.478108645424815e+16,2.6608669968819356e+16,2.843625348339055e+16,2.26610328810949e+16,1.6885812278799242e+16,8442906139399621.0,0.0,0.0,0.0,0.0,0.0,0.0,0.0,0.0,0.0,0.0,0.0,0.0,0.0,0.0,0.0,0.0,0.0,0.0,0.0,0.0,0.0,0.0,0.0,0.0,0.0,0.0,0.0,0.0,0.0,0.0,0.0,0.0,0.0,0.0,0.0,0.0,0.0,0.0,0.0,0.0,0.0,0.0,0.0,0.0,0.0,0.0,0.0,0.0,0.0,0.0,0.0,0.0,0.0,0.0,0.0,0.0,0.0,0.0,0.0,0.0,0.0,0.0,0.0,0.0,0.0,0.0,0.0,0.0,0.0,0.0,0.0,0.0,0.0,0.0,0.0,0.0,0.0,0.0,0.0,0.0,0.0,0.0,0.0,0.0,0.0,0.0,0.0,0.0,0.0,0.0,0.0,0.0,0.0,0.0,0.0,0.0,0.0,0.0,0.0,0.0,0.0,0.0,0.0,0.0,0.0,0.0,0.0,0.0,0.0,0.0,0.0,0.0,0.0,0.0,0.0,0.0,0.0,0.0,0.0,0.0,0.0,0.0,0.0,0.0,0.0,0.0
31.8730374082932,104.074226317973,24.5511456592836,225.0,10.0,90.0,5.0,5.0,0.0,0.0,0.0,0.0,0.0,0.0,0.0,0.0,0.0,0.0,0.0,0.0,0.0,0.0,0.0,0.0,0.0,0.0,0.0,0.0,0.0,0.0,0.0,0.0,0.0,0.0,0.0,0.0,0.0,0.0,0.0,0.0,0.0,0.0,0.0,0.0,0.0,0.0,0.0,0.0,0.0,0.0,0.0,0.0,0.0,0.0,0.0,0.0,0.0,0.0,0.0,0.0,0.0,0.0,0.0,0.0,0.0,0.0,0.0,0.0,0.0,0.0,0.0,0.0,0.0,0.0,0.0,0.0,0.0,0.0,0.0,0.0,0.0,0.0,0.0,0.0,0.0,0.0,0.0,0.0,0.0,0.0,0.0,0.0,0.0,0.0,0.0,0.0,0.0,0.0,0.0,0.0,0.0,0.0,0.0,0.0,0.0,0.0,0.0,0.0,0.0,0.0,0.0,0.0,0.0,0.0,0.0,0.0,0.0,0.0,0.0,0.0,0.0,0.0,0.0,0.0,0.0,0.0,0.0,0.0,0.0,0.0,0.0,0.0,0.0,0.0,0.0,0.0,0.0,0.0,0.0,0.0,0.0,0.0,0.0,0.0,0.0,0.0,0.0,0.0,0.0,0.0,0.0,0.0,0.0,0.0,0.0,0.0,0.0,0.0,0.0,0.0,0.0,0.0,0.0,0.0,0.0,0.0,0.0,0.0,0.0,0.0,0.0,0.0,0.0,0.0,0.0,0.0,0.0,0.0,0.0,0.0,0.0,0.0,0.0,0.0,0.0,0.0,0.0,0.0,0.0,0.0,0.0,0.0,0.0,0.0,0.0,0.0,0.0,0.0,0.0,0.0,0.0,0.0,0.0,0.0,0.0,0.0,0.0,0.0,0.0,0.0,0.0,0.0,0.0,0.0,0.0,0.0,0.0,0.0,0.0,0.0,0.0,0.0,0.0,0.0,0.0,0.0,0.0,0.0,0.0,0.0,0.0,0.0,0.0,0.0,0.0,0.0,0.0,0.0,0.0,0.0,0.0,0.0,0.0,0.0,0.0,0.0,0.0,0.0,0.0,0.0
31.6476486052497,104.264897794891,2.46201938253052,225.0,80.0,125.30309893617078,5.0,5.0,2.4943057592673124,1.9409540037968963e+18,0.0,0.0,0.0,0.0,0.0,0.0,0.0,0.0,0.0,0.0,0.0,0.0,0.0,0.0,0.0,0.0,0.0,0.0,0.0,0.0,0.0,0.0,0.0,0.0,0.0,0.0,0.0,0.0,0.0,0.0,0.0,0.0,0.0,0.0,0.0,0.0,0.0,0.0,0.0,0.0,0.0,0.0,0.0,0.0,0.0,0.0,0.0,0.0,0.0,0.0,0.0,0.0,0.0,0.0,0.0,1963539603685077.5,3927079207370155.0,8737126960433312.0,1.354717471349647e+16,2.0235222094874148e+16,2.692326947625183e+16,3.2681188279411892e+16,3.843910708257195e+16,4.050396271460456e+16,4.256881834663717e+16,4.087620810953792e+16,3.9183597872438664e+16,3.4313206493574876e+16,2.944281511471109e+16,2.571720420515953e+16,2.1991593295607964e+16,3.724114762967885e+16,5.2490701963749736e+16,7.826203143426219e+16,1.0403336090477464e+17,1.238232163954333e+17,1.4361307188609197e+17,1.4729578267291005e+17,1.5097849345972813e+17,1.355704481857739e+17,1.201624029118197e+17,9.555573079613765e+16,7.094905868045561e+16,5.558290387563951e+16,4.02167490708234e+16,4.145557719365942e+16,4.269440531649546e+16,4.650728667853193e+16,5.032016804056839e+16,5.424319676509973e+16,5.8166225489631064e+16,6.213598175799772e+16,6.610573802636436e+16,6.7932134544140136e+16,6.975853106191592e+16,6.857135135696368e+16,6.738417165201142e+16,6.378846636194393e+16,6.019276107187643e+16,6.1166450578884296e+16,6.214014008589216e+16,8.042362038667122e+16,9.870710068745024e+16,1.1851576140829368e+17,1.383244221291371e+17,1.4343319378006811e+17,1.4854196543099914e+17,1.3428493653965394e+17,1.2002790764830872e+17,9.007554040901296e+16,6.012317316971722e+16,3.006158658485861e+16,0.0,0.0,0.0,0.0,0.0,0.0,0.0,0.0,0.0,0.0,0.0,0.0,0.0,0.0,0.0,0.0,0.0,0.0,0.0,0.0,0.0,0.0,0.0,0.0,0.0,0.0,0.0,0.0,0.0,0.0,0.0,0.0,0.0,0.0,0.0,0.0,0.0,0.0,0.0,0.0,0.0,0.0,0.0,0.0,0.0,0.0,0.0,0.0,0.0,0.0,0.0,0.0,0.0,0.0,0.0,0.0,0.0,0.0,0.0,0.0,0.0,0.0,0.0,0.0,0.0,0.0,0.0,0.0,0.0,0.0,0.0,0.0,0.0,0.0,0.0,0.0,0.0,0.0,0.0,0.0,0.0,0.0,0.0,0.0,0.0,0.0,0.0,0.0,0.0,0.0,0.0,0.0,0.0,0.0,0.0,0.0,0.0,0.0,0.0,0.0,0.0,0.0,0.0,0.0,0.0,0.0,0.0,0.0,0.0,0.0,0.0,0.0,0.0,0.0,0.0,0.0,0.0,0.0,0.0,0.0,0.0,0.0,0.0,0.0,0.0,0.0,0.0,0.0
31.6571279955291,104.253740319232,7.18980823265266,225.0,65.0,114.95148256366382,5.0,5.0,2.052690809168234,1.5973095639174979e+18,0.0,0.0,0.0,0.0,0.0,0.0,0.0,0.0,0.0,0.0,0.0,0.0,0.0,0.0,0.0,0.0,0.0,0.0,0.0,0.0,0.0,0.0,0.0,0.0,0.0,0.0,0.0,0.0,0.0,0.0,0.0,0.0,0.0,0.0,0.0,0.0,0.0,0.0,0.0,0.0,0.0,0.0,0.0,0.0,0.0,0.0,0.0,0.0,0.0,0.0,0.0,0.0,0.0,0.0,0.0,0.0,0.0,2265957947536529.5,4531915895073059.0,9061551470886332.0,1.3591187046699602e+16,1.7485424144130334e+16,2.1379661241561064e+16,2.1827231834980148e+16,2.2274802428399236e+16,2.011513702884607e+16,1.795547162929291e+16,1.4652410872597776e+16,1.1349350115902644e+16,1.194458404998016e+16,1.2539817984057678e+16,3.107405983903224e+16,4.96083016940068e+16,7.437640662651878e+16,9.914451155903077e+16,1.1784087903107483e+17,1.365372465031189e+17,1.3932925305814094e+17,1.4212125961316299e+17,1.2633268400100275e+17,1.1054410838884248e+17,8.369412329890403e+16,5.684413820896559e+16,3.918803054476215e+16,2.153192288055872e+16,2.18528424793775e+16,2.2173762078196284e+16,2.5140326397008732e+16,2.8106890715821184e+16,3.2493632479229348e+16,3.688037424263752e+16,4.183088851854832e+16,4.678140279445912e+16,5.040060150902903e+16,5.4019800223598936e+16,5.453721774637516e+16,5.505463526915137e+16,5.32275812011178e+16,5.140052713308424e+16,5.438884501803529e+16,5.737716290298635e+16,7.568043460050674e+16,9.39837062980271e+16,1.1352716709862886e+17,1.3307062789923064e+17,1.3849604590798032e+17,1.4392146391673002e+17,1.2613166253542904e+17,1.0834186115412806e+17,7.72927576274514e+16,4.624365410077475e+16,2.3121827050387376e+16,0.0,0.0,0.0,0.0,0.0,0.0,0.0,0.0,0.0,0.0,0.0,0.0,0.0,0.0,0.0,0.0,0.0,0.0,0.0,0.0,0.0,0.0,0.0,0.0,0.0,0.0,0.0,0.0,0.0,0.0,0.0,0.0,0.0,0.0,0.0,0.0,0.0,0.0,0.0,0.0,0.0,0.0,0.0,0.0,0.0,0.0,0.0,0.0,0.0,0.0,0.0,0.0,0.0,0.0,0.0,0.0,0.0,0.0,0.0,0.0,0.0,0.0,0.0,0.0,0.0,0.0,0.0,0.0,0.0,0.0,0.0,0.0,0.0,0.0,0.0,0.0,0.0,0.0,0.0,0.0,0.0,0.0,0.0,0.0,0.0,0.0,0.0,0.0,0.0,0.0,0.0,0.0,0.0,0.0,0.0,0.0,0.0,0.0,0.0,0.0,0.0,0.0,0.0,0.0,0.0,0.0,0.0,0.0,0.0,0.0,0.0,0.0,0.0,0.0,0.0,0.0,0.0,0.0,0.0,0.0,0.0,0.0,0.0,0.0,0.0,0.0,0.0,0.0
31.6740657223466,104.23379888148,11.3706888080417,225.0,50.0,109.79566326084496,5.0,5.0,1.3673466755813022,1.0640062849902926e+18,0.0,0.0,0.0,0.0,0.0,0.0,0.0,0.0,0.0,0.0,0.0,0.0,0.0,0.0,0.0,0.0,0.0,0.0,0.0,0.0,0.0,0.0,0.0,0.0,0.0,0.0,0.0,0.0,0.0,0.0,0.0,0.0,0.0,0.0,0.0,0.0,0.0,0.0,0.0,0.0,0.0,0.0,0.0,0.0,0.0,0.0,0.0,0.0,0.0,0.0,0.0,874123424862523.9,1748246849725047.8,3321207438488506.5,4894168027251965.0,4682848120762893.0,4471528214273821.0,3300620914516390.0,2129713614758959.8,1756602990422208.8,1383492366085458.2,2690957190858773.5,3998422015632090.0,3917547941279387.5,3836673866926684.5,2624205016494646.5,1411736166062607.8,705868083031303.9,0.0,4536177524395900.0,9072355048791800.0,2.2835701273759836e+16,3.659904749872787e+16,5.361037784624414e+16,7.0621708193760424e+16,8.255519054525397e+16,9.448867289674754e+16,9.535700867223915e+16,9.622534444773075e+16,8.354442967418458e+16,7.086351490063842e+16,5.0512372506900456e+16,3.016123011316251e+16,1.7447710147058284e+16,4734190180954056.0,4724073707041839.0,4713957233129620.0,6091975053691260.0,7469992874252900.0,1.0997907788505148e+16,1.4525822702757398e+16,2.005923730730917e+16,2.5592651911860932e+16,3.189863540100498e+16,3.820461889014903e+16,4.2467227762157384e+16,4.6729836634165736e+16,4.840526955635886e+16,5.008070247855199e+16,5.1033156127307784e+16,5.198560977606357e+16,6.115448346126997e+16,7.0323357146476376e+16,8.757329545152586e+16,1.0482323375657534e+17,1.1404452677091442e+17,1.232658197852535e+17,1.064582285925398e+17,8.965063739982614e+16,4.482531869991307e+16,0.0,0.0,0.0,0.0,0.0,0.0,0.0,0.0,0.0,0.0,0.0,0.0,0.0,0.0,0.0,0.0,0.0,0.0,0.0,0.0,0.0,0.0,0.0,0.0,0.0,0.0,0.0,0.0,0.0,0.0,0.0,0.0,0.0,0.0,0.0,0.0,0.0,0.0,0.0,0.0,0.0,0.0,0.0,0.0,0.0,0.0,0.0,0.0,0.0,0.0,0.0,0.0,0.0,0.0,0.0,0.0,0.0,0.0,0.0,0.0,0.0,0.0,0.0,0.0,0.0,0.0,0.0,0.0,0.0,0.0,0.0,0.0,0.0,0.0,0.0,0.0,0.0,0.0,0.0,0.0,0.0,0.0,0.0,0.0,0.0,0.0,0.0,0.0,0.0,0.0,0.0,0.0,0.0,0.0,0.0,0.0,0.0,0.0,0.0,0.0,0.0,0.0,0.0,0.0,0.0,0.0,0.0,0.0,0.0,0.0,0.0,0.0,0.0,0.0,0.0,0.0,0.0,0.0,0.0,0.0,0.0,0.0,0.0,0.0,0.0,0.0,0.0,0.0,0.0,0.0
31.696463207739,104.207421638546,14.8927689400555,225.0,40.0,111.47744856634928,5.0,5.0,0.8642302953129318,6.725042612189391e+17,0.0,0.0,0.0,0.0,0.0,0.0,0.0,0.0,0.0,0.0,0.0,0.0,0.0,0.0,0.0,0.0,0.0,0.0,0.0,0.0,0.0,0.0,0.0,0.0,0.0,0.0,0.0,0.0,0.0,0.0,0.0,0.0,0.0,0.0,0.0,0.0,0.0,0.0,0.0,0.0,0.0,0.0,0.0,0.0,0.0,0.0,0.0,0.0,0.0,2932136895325087.0,5864273790650174.0,1.055950696970781e+16,1.5254740148765444e+16,2.1466689153557572e+16,2.7678638158349696e+16,3.008234323148193e+16,3.248604830461415e+16,2.9274354457516584e+16,2.606266061041901e+16,1.9959534627505484e+16,1.3856408644591964e+16,8843351295757507.0,3830293946923048.5,1915146973461524.2,0.0,0.0,0.0,0.0,0.0,1163128806353191.0,2326257612706382.0,7432091474195500.0,1.2537925335684618e+16,1.894887634008345e+16,2.5359827344482276e+16,2.9843437854913656e+16,3.4327048365345036e+16,3.451011698267186e+16,3.469318559999868e+16,2.920299638586301e+16,2.3712807171727336e+16,1.5700352106824912e+16,7687897041922491.0,3843948520961245.5,0.0,0.0,0.0,0.0,0.0,583047103052065.0,1166094206104130.0,5887086930884164.0,1.0608079655664198e+16,1.873428259947495e+16,2.6860485543285708e+16,3.3738957594621464e+16,4.061742964595722e+16,4.3474158427490056e+16,4.633088720902289e+16,4.423791313587491e+16,4.214493906272694e+16,3.948744067888067e+16,3.682994229503438e+16,4.710139920498182e+16,5.737285611492926e+16,6.881634600521413e+16,8.025983589549899e+16,7.244776770501707e+16,6.4635699514535144e+16,3.2317849757267572e+16,0.0,0.0,0.0,0.0,0.0,0.0,0.0,0.0,0.0,0.0,0.0,0.0,0.0,0.0,0.0,0.0,0.0,0.0,0.0,0.0,0.0,0.0,0.0,0.0,0.0,0.0,0.0,0.0,0.0,0.0,0.0,0.0,0.0,0.0,0.0,0.0,0.0,0.0,0.0,0.0,0.0,0.0,0.0,0.0,0.0,0.0,0.0,0.0,0.0,0.0,0.0,0.0,0.0,0.0,0.0,0.0,0.0,0.0,0.0,0.0,0.0,0.0,0.0,0.0,0.0,0.0,0.0,0.0,0.0,0.0,0.0,0.0,0.0,0.0,0.0,0.0,0.0,0.0,0.0,0.0,0.0,0.0,0.0,0.0,0.0,0.0,0.0,0.0,0.0,0.0,0.0,0.0,0.0,0.0,0.0,0.0,0.0,0.0,0.0,0.0,0.0,0.0,0.0,0.0,0.0,0.0,0.0,0.0,0.0,0.0,0.0,0.0,0.0,0.0,0.0,0.0,0.0,0.0,0.0,0.0,0.0,0.0,0.0,0.0,0.0,0.0,0.0,0.0,0.0,0.0
31.7224097075242,104.176855413571,17.7497379642719,225.0,30.0,111.79013472664373,5.0,5.0,0.6537068185562587,5.086845756868269e+17,0.0,0.0,0.0,0.0,0.0,0.0,0.0,0.0,0.0,0.0,0.0,0.0,0.0,0.0,0.0,0.0,0.0,0.0,0.0,0.0,0.0,0.0,0.0,0.0,0.0,0.0,0.0,0.0,0.0,0.0,0.0,0.0,0.0,0.0,0.0,0.0,0.0,0.0,0.0,0.0,0.0,0.0,0.0,0.0,0.0,0.0,0.0,0.0,0.0,4555750211231779.0,9111500422463558.0,1.8496518174536332e+16,2.7881535926609108e+16,3.9346471164923624e+16,5.081140640323812e+16,5.666192167766572e+16,6.25124369520933e+16,5.985733152214023e+16,5.7202226092187176e+16,4.7881572123024616e+16,3.856091815386205e+16,2.7977850960623544e+16,1.7394783767385034e+16,1.025373833197293e+16,3112692896560822.5,1556346448280411.2,0.0,0.0,0.0,0.0,0.0,0.0,0.0,0.0,0.0,0.0,0.0,0.0,0.0,0.0,0.0,0.0,0.0,0.0,0.0,0.0,0.0,0.0,0.0,0.0,0.0,3220689038023666.5,6441378076047333.0,1.3718010584222964e+16,2.0994643092398596e+16,2.7262205849135852e+16,3.352976860587311e+16,3.530683684302082e+16,3.708390508016853e+16,3.3488364258866056e+16,2.9892823437563584e+16,2.253886491656105e+16,1.5184906395558514e+16,1.5351310679205394e+16,1.5517714962852276e+16,2.7890354149739052e+16,4.026299333662582e+16,4.172596771098288e+16,4.318894208533993e+16,2.1594471042669964e+16,0.0,0.0,0.0,0.0,0.0,0.0,0.0,0.0,0.0,0.0,0.0,0.0,0.0,0.0,0.0,0.0,0.0,0.0,0.0,0.0,0.0,0.0,0.0,0.0,0.0,0.0,0.0,0.0,0.0,0.0,0.0,0.0,0.0,0.0,0.0,0.0,0.0,0.0,0.0,0.0,0.0,0.0,0.0,0.0,0.0,0.0,0.0,0.0,0.0,0.0,0.0,0.0,0.0,0.0,0.0,0.0,0.0,0.0,0.0,0.0,0.0,0.0,0.0,0.0,0.0,0.0,0.0,0.0,0.0,0.0,0.0,0.0,0.0,0.0,0.0,0.0,0.0,0.0,0.0,0.0,0.0,0.0,0.0,0.0,0.0,0.0,0.0,0.0,0.0,0.0,0.0,0.0,0.0,0.0,0.0,0.0,0.0,0.0,0.0,0.0,0.0,0.0,0.0,0.0,0.0,0.0,0.0,0.0,0.0,0.0,0.0,0.0,0.0,0.0,0.0,0.0,0.0,0.0,0.0,0.0,0.0,0.0,0.0,0.0,0.0,0.0,0.0,0.0,0.0,0.0
31.7505861013483,104.143651903834,20.0562836186236,225.0,25.0,103.03611242689965,5.0,5.0,0.6585633141846847,5.124636771860692e+17,0.0,0.0,0.0,0.0,0.0,0.0,0.0,0.0,0.0,0.0,0.0,0.0,0.0,0.0,0.0,0.0,0.0,0.0,0.0,0.0,0.0,0.0,0.0,0.0,0.0,0.0,0.0,0.0,0.0,0.0,0.0,0.0,0.0,0.0,0.0,0.0,0.0,0.0,0.0,0.0,0.0,0.0,0.0,0.0,0.0,0.0,0.0,0.0,0.0,0.0,0.0,1.6038947386806054e+16,3.2077894773612108e+16,4.823938537785063e+16,6.440087598208915e+16,7.247410702082118e+16,8.05473380595532e+16,7.80126329132052e+16,7.547792776685718e+16,6.403225455312059e+16,5.2586581339384e+16,3.86228931379266e+16,2.4659204936469196e+16,1.4279596084607998e+16,3899987232746799.5,1949993616373399.8,0.0,0.0,0.0,0.0,0.0,0.0,0.0,0.0,0.0,0.0,0.0,0.0,0.0,0.0,0.0,0.0,0.0,0.0,0.0,0.0,0.0,0.0,0.0,566890370749852.9,1133780741499705.8,3510646566744042.0,5887512391988378.0,1.2014277042832162e+16,1.814104169367594e+16,2.2459734718662772e+16,2.6778427743649596e+16,2.6073961788218876e+16,2.5369495832788164e+16,2.041865689366985e+16,1.546781795455153e+16,1.0095154358221196e+16,4722490761890860.0,2861757582813560.0,1001024403736260.2,1.092186092346719e+16,2.0842697443198124e+16,2.81849970751534e+16,3.5527296707108676e+16,2.9734789064189492e+16,2.39422814212703e+16,1.197114071063515e+16,0.0,0.0,0.0,0.0,0.0,0.0,0.0,0.0,0.0,0.0,0.0,0.0,0.0,0.0,0.0,0.0,0.0,0.0,0.0,0.0,0.0,0.0,0.0,0.0,0.0,0.0,0.0,0.0,0.0,0.0,0.0,0.0,0.0,0.0,0.0,0.0,0.0,0.0,0.0,0.0,0.0,0.0,0.0,0.0,0.0,0.0,0.0,0.0,0.0,0.0,0.0,0.0,0.0,0.0,0.0,0.0,0.0,0.0,0.0,0.0,0.0,0.0,0.0,0.0,0.0,0.0,0.0,0.0,0.0,0.0,0.0,0.0,0.0,0.0,0.0,0.0,0.0,0.0,0.0,0.0,0.0,0.0,0.0,0.0,0.0,0.0,0.0,0.0,0.0,0.0,0.0,0.0,0.0,0.0,0.0,0.0,0.0,0.0,0.0,0.0,0.0,0.0,0.0,0.0,0.0,0.0,0.0,0.0,0.0,0.0,0.0,0.0,0.0,0.0,0.0,0.0,0.0,0.0,0.0,0.0,0.0,0.0,0.0,0.0,0.0,0.0,0.0,0.0
31.7799336499693,104.109056879145,21.9678796312896,225.0,20.0,95.89864704327567,5.0,5.0,0.5006079370166877,3.895500686212836e+17,0.0,0.0,0.0,0.0,0.0,0.0,0.0,0.0,0.0,0.0,0.0,0.0,0.0,0.0,0.0,0.0,0.0,0.0,0.0,0.0,0.0,0.0,0.0,0.0,0.0,0.0,0.0,0.0,0.0,0.0,0.0,0.0,0.0,0.0,0.0,0.0,0.0,0.0,0.0,0.0,0.0,0.0,0.0,0.0,0.0,0.0,0.0,0.0,0.0,0.0,0.0,1.451855085594801e+16,2.903710171189602e+16,4.343030289211893e+16,5.782350407234184e+16,6.455401373825311e+16,7.128452340416438e+16,6.833916417162289e+16,6.539380493908141e+16,5.5021764745649496e+16,4.464972455221757e+16,3.1651097610184096e+16,1.8652470668150624e+16,9711086893831942.0,769703119513260.6,384851559756630.3,0.0,0.0,0.0,0.0,0.0,0.0,0.0,0.0,0.0,0.0,0.0,1144189014759067.2,2288378029518134.5,2146037756026089.8,2003697482534044.0,1001848741267022.0,0.0,0.0,0.0,0.0,0.0,0.0,0.0,837736283908426.1,1675472567816852.2,2603543851725408.5,3531615135633964.5,6655246864284655.0,9778878592935344.0,1.0921258837125748e+16,1.2063639081316154e+16,1.041677617443999e+16,8769913267563823.0,5551943880461925.0,2333974493360026.5,1166987246680013.2,0.0,0.0,0.0,5824969009921639.0,1.1649938019843278e+16,1.8857124277579652e+16,2.6064310535316024e+16,2.392186474169842e+16,2.177941894808082e+16,1.088970947404041e+16,0.0,0.0,0.0,0.0,0.0,0.0,0.0,0.0,0.0,0.0,0.0,0.0,0.0,0.0,0.0,0.0,0.0,0.0,0.0,0.0,0.0,0.0,0.0,0.0,0.0,0.0,0.0,0.0,0.0,0.0,0.0,0.0,0.0,0.0,0.0,0.0,0.0,0.0,0.0,0.0,0.0,0.0,0.0,0.0,0.0,0.0,0.0,0.0,0.0,0.0,0.0,0.0,0.0,0.0,0.0,0.0,0.0,0.0,0.0,0.0,0.0,0.0,0.0,0.0,0.0,0.0,0.0,0.0,0.0,0.0,0.0,0.0,0.0,0.0,0.0,0.0,0.0,0.0,0.0,0.0,0.0,0.0,0.0,0.0,0.0,0.0,0.0,0.0,0.0,0.0,0.0,0.0,0.0,0.0,0.0,0.0,0.0,0.0,0.0,0.0,0.0,0.0,0.0,0.0,0.0,0.0,0.0,0.0,0.0,0.0,0.0,0.0,0.0,0.0,0.0,0.0,0.0,0.0,0.0,0.0,0.0,0.0,0.0,0.0,0.0,0.0,0.0,0.0
31.8102290008217,104.073332990731,23.46997760236,225.0,15.0,91.97676405324233,5.0,5.0,0.2480098922788235,1.929898897163356e+17,0.0,0.0,0.0,0.0,0.0,0.0,0.0,0.0,0.0,0.0,0.0,0.0,0.0,0.0,0.0,0.0,0.0,0.0,0.0,0.0,0.0,0.0,0.0,0.0,0.0,0.0,0.0,0.0,0.0,0.0,0.0,0.0,0.0,0.0,0.0,0.0,0.0,0.0,0.0,0.0,0.0,0.0,0.0,0.0,0.0,0.0,0.0,0.0,0.0,0.0,0.0,7756624239509875.0,1.551324847901975e+16,2.311568349193674e+16,3.0718118504853736e+16,3.3824755322315324e+16,3.693139213977691e+16,3.5306804071573732e+16,3.368221600337055e+16,2.8051869195316224e+16,2.2421522387261908e+16,1.5136676147281802e+16,7851829907301694.0,3925914953650847.0,0.0,0.0,0.0,0.0,0.0,0.0,0.0,0.0,0.0,0.0,0.0,0.0,0.0,1794360756556356.8,3588721513112713.5,3531321785918061.5,3473922058723410.0,1937845671744665.2,401769284765920.1,200884642382960.06,0.0,0.0,0.0,818051054200004.2,1636102108400008.5,2276373701749403.0,2916645295098796.5,2071980540433572.5,1227315785768348.2,1895892776159021.0,2564469766549694.0,2377291085257275.0,2190112403964857.0,1326108896387774.2,462105388810691.9,231052694405345.94,0.0,0.0,0.0,0.0,0.0,2594394944291072.5,5188789888582145.0,8513806228871332.0,1.1838822569160522e+16,1.1110804400487248e+16,1.0382786231813974e+16,5191393115906987.0,0.0,0.0,0.0,0.0,0.0,0.0,0.0,0.0,0.0,0.0,0.0,0.0,0.0,0.0,0.0,0.0,0.0,0.0,0.0,0.0,0.0,0.0,0.0,0.0,0.0,0.0,0.0,0.0,0.0,0.0,0.0,0.0,0.0,0.0,0.0,0.0,0.0,0.0,0.0,0.0,0.0,0.0,0.0,0.0,0.0,0.0,0.0,0.0,0.0,0.0,0.0,0.0,0.0,0.0,0.0,0.0,0.0,0.0,0.0,0.0,0.0,0.0,0.0,0.0,0.0,0.0,0.0,0.0,0.0,0.0,0.0,0.0,0.0,0.0,0.0,0.0,0.0,0.0,0.0,0.0,0.0,0.0,0.0,0.0,0.0,0.0,0.0,0.0,0.0,0.0,0.0,0.0,0.0,0.0,0.0,0.0,0.0,0.0,0.0,0.0,0.0,0.0,0.0,0.0,0.0,0.0,0.0,0.0,0.0,0.0,0.0,0.0,0.0,0.0,0.0,0.0,0.0,0.0,0.0,0.0,0.0,0.0,0.0,0.0,0.0,0.0,0.0,0.0
31.8412415879926,104.036762273763,24.5511456592836,225.0,10.0,90.0,5.0,5.0,0.0,0.0,0.0,0.0,0.0,0.0,0.0,0.0,0.0,0.0,0.0,0.0,0.0,0.0,0.0,0.0,0.0,0.0,0.0,0.0,0.0,0.0,0.0,0.0,0.0,0.0,0.0,0.0,0.0,0.0,0.0,0.0,0.0,0.0,0.0,0.0,0.0,0.0,0.0,0.0,0.0,0.0,0.0,0.0,0.0,0.0,0.0,0.0,0.0,0.0,0.0,0.0,0.0,0.0,0.0,0.0,0.0,0.0,0.0,0.0,0.0,0.0,0.0,0.0,0.0,0.0,0.0,0.0,0.0,0.0,0.0,0.0,0.0,0.0,0.0,0.0,0.0,0.0,0.0,0.0,0.0,0.0,0.0,0.0,0.0,0.0,0.0,0.0,0.0,0.0,0.0,0.0,0.0,0.0,0.0,0.0,0.0,0.0,0.0,0.0,0.0,0.0,0.0,0.0,0.0,0.0,0.0,0.0,0.0,0.0,0.0,0.0,0.0,0.0,0.0,0.0,0.0,0.0,0.0,0.0,0.0,0.0,0.0,0.0,0.0,0.0,0.0,0.0,0.0,0.0,0.0,0.0,0.0,0.0,0.0,0.0,0.0,0.0,0.0,0.0,0.0,0.0,0.0,0.0,0.0,0.0,0.0,0.0,0.0,0.0,0.0,0.0,0.0,0.0,0.0,0.0,0.0,0.0,0.0,0.0,0.0,0.0,0.0,0.0,0.0,0.0,0.0,0.0,0.0,0.0,0.0,0.0,0.0,0.0,0.0,0.0,0.0,0.0,0.0,0.0,0.0,0.0,0.0,0.0,0.0,0.0,0.0,0.0,0.0,0.0,0.0,0.0,0.0,0.0,0.0,0.0,0.0,0.0,0.0,0.0,0.0,0.0,0.0,0.0,0.0,0.0,0.0,0.0,0.0,0.0,0.0,0.0,0.0,0.0,0.0,0.0,0.0,0.0,0.0,0.0,0.0,0.0,0.0,0.0,0.0,0.0,0.0,0.0,0.0,0.0,0.0,0.0,0.0,0.0,0.0,0.0,0.0,0.0,0.0,0.0,0.0,0.0
31.6158527849491,104.227503390677,2.46201938253052,225.0,80.0,115.11125357005076,5.0,5.0,1.7841954641885545,1.3883788372401805e+18,0.0,0.0,0.0,0.0,0.0,0.0,0.0,0.0,0.0,0.0,0.0,0.0,0.0,0.0,0.0,0.0,0.0,0.0,0.0,0.0,0.0,0.0,0.0,0.0,0.0,0.0,0.0,0.0,0.0,0.0,0.0,0.0,0.0,0.0,0.0,0.0,0.0,0.0,0.0,0.0,0.0,0.0,0.0,0.0,0.0,0.0,0.0,0.0,0.0,0.0,0.0,0.0,0.0,105135367781736.06,210270735563472.12,2241822004097177.8,4273373272630884.0,8530983472782815.0,1.2788593672934746e+16,1.853608746726702e+16,2.4283581261599292e+16,2.8839073306463996e+16,3.3394565351328692e+16,3.506744811217603e+16,3.674033087302337e+16,3.471140940267299e+16,3.268248793232262e+16,2.754943712923487e+16,2.2416386326147124e+16,2.510448616266474e+16,2.779258599918237e+16,5.140642605279716e+16,7.502026610641194e+16,1.0242293845706106e+17,1.2982561080771016e+17,1.4874697745868144e+17,1.6766834410965277e+17,1.6919868684511338e+17,1.7072902958057398e+17,1.5288111404519786e+17,1.3503319850982173e+17,1.0580594411849547e+17,7.65786897271692e+16,5.22878876195463e+16,2.7997085511923404e+16,2.4509457846411536e+16,2.1021830180899664e+16,2.298709762648288e+16,2.4952365072066096e+16,2.6724841420931908e+16,2.8497317769797716e+16,3.028216011672498e+16,3.206700246365224e+16,3.2479704139735944e+16,3.289240581581964e+16,3.1090426943960612e+16,2.9288448072101584e+16,2.687928719836166e+16,2.4470126324621736e+16,2.5257312972249904e+16,2.6044499619878068e+16,3.748164582402804e+16,4.891879202817801e+16,5.608006600297078e+16,6.324133997776356e+16,5.860712374046587e+16,5.397290750316819e+16,3.977515506870326e+16,2.557740263423832e+16,1.278870131711916e+16,0.0,0.0,0.0,0.0,0.0,0.0,0.0,0.0,0.0,0.0,0.0,0.0,0.0,0.0,0.0,0.0,0.0,0.0,0.0,0.0,0.0,0.0,0.0,0.0,0.0,0.0,0.0,0.0,0.0,0.0,0.0,0.0,0.0,0.0,0.0,0.0,0.0,0.0,0.0,0.0,0.0,0.0,0.0,0.0,0.0,0.0,0.0,0.0,0.0,0.0,0.0,0.0,0.0,0.0,0.0,0.0,0.0,0.0,0.0,0.0,0.0,0.0,0.0,0.0,0.0,0.0,0.0,0.0,0.0,0.0,0.0,0.0,0.0,0.0,0.0,0.0,0.0,0.0,0.0,0.0,0.0,0.0,0.0,0.0,0.0,0.0,0.0,0.0,0.0,0.0,0.0,0.0,0.0,0.0,0.0,0.0,0.0,0.0,0.0,0.0,0.0,0.0,0.0,0.0,0.0,0.0,0.0,0.0,0.0,0.0,0.0,0.0,0.0,0.0,0.0,0.0,0.0,0.0,0.0,0.0,0.0,0.0,0.0,0.0,0.0,0.0,0.0,0.0,0.0,0.0
31.6253321752284,104.216343441754,7.18980823265266,225.0,65.0,101.90973916817116,5.0,5.0,1.4885559359834994,1.158325755809304e+18,0.0,0.0,0.0,0.0,0.0,0.0,0.0,0.0,0.0,0.0,0.0,0.0,0.0,0.0,0.0,0.0,0.0,0.0,0.0,0.0,0.0,0.0,0.0,0.0,0.0,0.0,0.0,0.0,0.0,0.0,0.0,0.0,0.0,0.0,0.0,0.0,0.0,0.0,0.0,0.0,0.0,0.0,0.0,0.0,0.0,0.0,0.0,0.0,0.0,0.0,0.0,0.0,0.0,0.0,0.0,0.0,0.0,1727185674401135.8,3454371348802271.5,6906327737239871.0,1.0358284125677468e+16,1.373775421181272e+16,1.7117224297947968e+16,1.7866642840193426e+16,1.861606138243888e+16,1.6435973380338544e+16,1.4255885378238206e+16,1.0691010294136062e+16,7126135210033922.0,1.6543392465599304e+16,2.5960649721164684e+16,5.11047536317628e+16,7.624885754236091e+16,1.0368406423675115e+17,1.3111927093114142e+17,1.493652839894664e+17,1.676112970477914e+17,1.689602387925656e+17,1.703091805373398e+17,1.517320692054e+17,1.3315495787346024e+17,1.0184972926577896e+17,7.054450065809771e+16,4.3802219803395864e+16,1.7059938948694028e+16,1.2173970867654702e+16,7288002786615380.0,8738633433470025.0,1.018926408032467e+16,1.1949387228467496e+16,1.3709510376610322e+16,1.5755190953765128e+16,1.7800871530919934e+16,1.89378373854612e+16,2.0074803240002464e+16,1.9362028029416428e+16,1.8649252818830388e+16,1.7250809738978762e+16,1.5852366659127132e+16,2.0713714227121612e+16,2.5575061795116084e+16,3.804784372967005e+16,5.052062566422401e+16,5.791264413545597e+16,6.53046626066879e+16,5.786469092717244e+16,5.0424719247656984e+16,2.5212359623828492e+16,0.0,0.0,0.0,0.0,0.0,0.0,0.0,0.0,0.0,0.0,0.0,0.0,0.0,0.0,0.0,0.0,0.0,0.0,0.0,0.0,0.0,0.0,0.0,0.0,0.0,0.0,0.0,0.0,0.0,0.0,0.0,0.0,0.0,0.0,0.0,0.0,0.0,0.0,0.0,0.0,0.0,0.0,0.0,0.0,0.0,0.0,0.0,0.0,0.0,0.0,0.0,0.0,0.0,0.0,0.0,0.0,0.0,0.0,0.0,0.0,0.0,0.0,0.0,0.0,0.0,0.0,0.0,0.0,0.0,0.0,0.0,0.0,0.0,0.0,0.0,0.0,0.0,0.0,0.0,0.0,0.0,0.0,0.0,0.0,0.0,0.0,0.0,0.0,0.0,0.0,0.0,0.0,0.0,0.0,0.0,0.0,0.0,0.0,0.0,0.0,0.0,0.0,0.0,0.0,0.0,0.0,0.0,0.0,0.0,0.0,0.0,0.0,0.0,0.0,0.0,0.0,0.0,0.0,0.0,0.0,0.0,0.0,0.0,0.0,0.0,0.0,0.0,0.0,0.0,0.0,0.0,0.0
31.642269902046,104.196396663451,11.3706888080417,225.0,50.0,96.13903888281976,5.0,5.0,0.9752628125210191,7.589046586144812e+17,0.0,0.0,0.0,0.0,0.0,0.0,0.0,0.0,0.0,0.0,0.0,0.0,0.0,0.0,0.0,0.0,0.0,0.0,0.0,0.0,0.0,0.0,0.0,0.0,0.0,0.0,0.0,0.0,0.0,0.0,0.0,0.0,0.0,0.0,0.0,0.0,0.0,0.0,0.0,0.0,0.0,0.0,0.0,0.0,0.0,0.0,0.0,0.0,0.0,352316415936370.7,704632831872741.4,3101025084840565.0,5497417337808390.0,8194655190381607.0,1.0891893042954826e+16,1.0435474201565882e+16,9979055360176938.0,6859427263184480.0,3739799166192022.5,1869899583096011.2,0.0,864322478276859.6,1728644956553719.2,1709708688414518.5,1690772420275317.5,845386210137658.8,0.0,409182169664100.4,818364339328200.8,1.011616710194188e+16,1.941396986455556e+16,3.766044143372305e+16,5.5906913002890536e+16,7.417362933403496e+16,9.244034566517938e+16,1.0443026903286291e+17,1.1642019240054646e+17,1.1630190738500077e+17,1.1618362236945509e+17,1.0158805728231229e+17,8.699249219516952e+16,6.385607549162711e+16,4.0719658788084696e+16,2.244919530838382e+16,4178731828682943.0,2089365914341471.5,0.0,0.0,0.0,1154782617118111.8,2309565234236223.5,4058609572015110.0,5807653909793996.0,8600344786807048.0,1.1393035663820098e+16,1.3307837263849332e+16,1.5222638863878572e+16,1.6213460567748216e+16,1.720428227161786e+16,1.8555760329178268e+16,1.9907238386738676e+16,2.5978762763467496e+16,3.205028714019632e+16,3.984006290551493e+16,4.762983867083353e+16,4.385172578723649e+16,4.007361290363944e+16,2.003680645181972e+16,0.0,0.0,0.0,0.0,0.0,0.0,0.0,0.0,0.0,0.0,0.0,0.0,0.0,0.0,0.0,0.0,0.0,0.0,0.0,0.0,0.0,0.0,0.0,0.0,0.0,0.0,0.0,0.0,0.0,0.0,0.0,0.0,0.0,0.0,0.0,0.0,0.0,0.0,0.0,0.0,0.0,0.0,0.0,0.0,0.0,0.0,0.0,0.0,0.0,0.0,0.0,0.0,0.0,0.0,0.0,0.0,0.0,0.0,0.0,0.0,0.0,0.0,0.0,0.0,0.0,0.0,0.0,0.0,0.0,0.0,0.0,0.0,0.0,0.0,0.0,0.0,0.0,0.0,0.0,0.0,0.0,0.0,0.0,0.0,0.0,0.0,0.0,0.0,0.0,0.0,0.0,0.0,0.0,0.0,0.0,0.0,0.0,0.0,0.0,0.0,0.0,0.0,0.0,0.0,0.0,0.0,0.0,0.0,0.0,0.0,0.0,0.0,0.0,0.0,0.0,0.0,0.0,0.0,0.0,0.0,0.0,0.0,0.0,0.0,0.0,0.0,0.0,0.0,0.0,0.0,0.0,0.0
31.6646673874384,104.170011462303,14.8927689400555,225.0,40.0,99.7743677373591,5.0,5.0,0.6044205217934479,4.703322467156586e+17,0.0,0.0,0.0,0.0,0.0,0.0,0.0,0.0,0.0,0.0,0.0,0.0,0.0,0.0,0.0,0.0,0.0,0.0,0.0,0.0,0.0,0.0,0.0,0.0,0.0,0.0,0.0,0.0,0.0,0.0,0.0,0.0,0.0,0.0,0.0,0.0,0.0,0.0,0.0,0.0,0.0,0.0,0.0,0.0,0.0,0.0,0.0,1958224646029093.8,3916449292058187.5,9521181551341102.0,1.5125913810624018e+16,2.279505128794497e+16,3.046418876526591e+16,3.665440373817676e+16,4.28446187110876e+16,4.3445619412766824e+16,4.404662011444603e+16,3.820950802454145e+16,3.2372395934636868e+16,2.4265820575288132e+16,1.61592452159394e+16,9878023568269372.0,3596801920599345.0,1798400960299672.5,0.0,0.0,0.0,0.0,0.0,2755496337155441.0,5510992674310882.0,1.2123516042735346e+16,1.8736039411159812e+16,2.5443649440569816e+16,3.215125946997982e+16,3.62634730844753e+16,4.0375686698970776e+16,3.978779104049676e+16,3.919989538202273e+16,3.275998443490546e+16,2.6320073487788196e+16,1.7271826611562532e+16,8223579735336867.0,4111789867668433.5,0.0,0.0,0.0,0.0,0.0,0.0,0.0,0.0,0.0,3588122396155359.0,7176244792310718.0,1.15496405034577e+16,1.5923036214604682e+16,1.819215189876754e+16,2.046126758293039e+16,1.916641059648426e+16,1.7871553610038124e+16,1.4644875091609838e+16,1.1418196573181548e+16,1.4791832206023456e+16,1.816546783886537e+16,1.921909365918335e+16,2.0272719479501344e+16,1.0136359739750672e+16,0.0,0.0,0.0,0.0,0.0,0.0,0.0,0.0,0.0,0.0,0.0,0.0,0.0,0.0,0.0,0.0,0.0,0.0,0.0,0.0,0.0,0.0,0.0,0.0,0.0,0.0,0.0,0.0,0.0,0.0,0.0,0.0,0.0,0.0,0.0,0.0,0.0,0.0,0.0,0.0,0.0,0.0,0.0,0.0,0.0,0.0,0.0,0.0,0.0,0.0,0.0,0.0,0.0,0.0,0.0,0.0,0.0,0.0,0.0,0.0,0.0,0.0,0.0,0.0,0.0,0.0,0.0,0.0,0.0,0.0,0.0,0.0,0.0,0.0,0.0,0.0,0.0,0.0,0.0,0.0,0.0,0.0,0.0,0.0,0.0,0.0,0.0,0.0,0.0,0.0,0.0,0.0,0.0,0.0,0.0,0.0,0.0,0.0,0.0,0.0,0.0,0.0,0.0,0.0,0.0,0.0,0.0,0.0,0.0,0.0,0.0,0.0,0.0,0.0,0.0,0.0,0.0,0.0,0.0,0.0,0.0,0.0,0.0,0.0,0.0,0.0,0.0,0.0,0.0,0.0,0.0,0.0
31.6906138872235,104.13943544624,17.7497379642719,225.0,30.0,98.72479132985343,5.0,5.0,0.6100780472968602,4.7473467281624096e+17,0.0,0.0,0.0,0.0,0.0,0.0,0.0,0.0,0.0,0.0,0.0,0.0,0.0,0.0,0.0,0.0,0.0,0.0,0.0,0.0,0.0,0.0,0.0,0.0,0.0,0.0,0.0,0.0,0.0,0.0,0.0,0.0,0.0,0.0,0.0,0.0,0.0,0.0,0.0,0.0,0.0,0.0,0.0,0.0,0.0,0.0,0.0,5673825929116234.0,1.1347651858232468e+16,2.2044637416799188e+16,3.274162297536591e+16,4.569217050892441e+16,5.8642718042482904e+16,6.87790722681211e+16,7.891542649375931e+16,8.138962155095621e+16,8.38638166081531e+16,7.7406717341674e+16,7.094961807519488e+16,5.8581927265708376e+16,4.621423645622188e+16,3.342478432212129e+16,2.06353321880207e+16,1.2368669010144796e+16,4102005832268890.5,2051002916134445.2,0.0,0.0,0.0,0.0,0.0,0.0,0.0,0.0,0.0,0.0,0.0,0.0,0.0,0.0,0.0,0.0,0.0,0.0,0.0,0.0,0.0,0.0,0.0,0.0,0.0,0.0,0.0,3328652197478891.0,6657304394957782.0,1.1038511418209276e+16,1.541971844146077e+16,1.7452821716952778e+16,1.9485924992444788e+16,1.7395232821076956e+16,1.5304540649709128e+16,1.0799410999642982e+16,6294281349576837.0,3147140674788418.5,0.0,2080237229195801.5,4160474458391603.0,2080237229195801.5,0.0,0.0,0.0,0.0,0.0,0.0,0.0,0.0,0.0,0.0,0.0,0.0,0.0,0.0,0.0,0.0,0.0,0.0,0.0,0.0,0.0,0.0,0.0,0.0,0.0,0.0,0.0,0.0,0.0,0.0,0.0,0.0,0.0,0.0,0.0,0.0,0.0,0.0,0.0,0.0,0.0,0.0,0.0,0.0,0.0,0.0,0.0,0.0,0.0,0.0,0.0,0.0,0.0,0.0,0.0,0.0,0.0,0.0,0.0,0.0,0.0,0.0,0.0,0.0,0.0,0.0,0.0,0.0,0.0,0.0,0.0,0.0,0.0,0.0,0.0,0.0,0.0,0.0,0.0,0.0,0.0,0.0,0.0,0.0,0.0,0.0,0.0,0.0,0.0,0.0,0.0,0.0,0.0,0.0,0.0,0.0,0.0,0.0,0.0,0.0,0.0,0.0,0.0,0.0,0.0,0.0,0.0,0.0,0.0,0.0,0.0,0.0,0.0,0.0,0.0,0.0,0.0,0.0,0.0,0.0,0.0,0.0,0.0,0.0,0.0,0.0,0.0,0.0,0.0,0.0,0.0,0.0
31.7187902810476,104.106220961386,20.0562836186236,225.0,25.0,94.56808322391664,5.0,5.0,0.7231234195917838,5.6270138144902496e+17,0.0,0.0,0.0,0.0,0.0,0.0,0.0,0.0,0.0,0.0,0.0,0.0,0.0,0.0,0.0,0.0,0.0,0.0,0.0,0.0,0.0,0.0,0.0,0.0,0.0,0.0,0.0,0.0,0.0,0.0,0.0,0.0,0.0,0.0,0.0,0.0,0.0,0.0,0.0,0.0,0.0,0.0,0.0,0.0,0.0,0.0,0.0,6226034478199835.0,1.245206895639967e+16,2.5222314932632836e+16,3.7992560908866e+16,5.566227296934827e+16,7.333198502983056e+16,8.640504187397464e+16,9.947809871811872e+16,1.0276300845490741e+17,1.060479181916961e+17,9.950334988525621e+16,9.29587815788163e+16,7.804136750866467e+16,6.312395343851306e+16,4.61470000450183e+16,2.9170046651523544e+16,1.7270134767858202e+16,5370222884192858.0,2685111442096429.0,0.0,0.0,0.0,0.0,0.0,0.0,0.0,0.0,0.0,0.0,0.0,0.0,0.0,0.0,0.0,0.0,0.0,0.0,0.0,0.0,0.0,0.0,0.0,537911385031477.75,1075822770062955.5,953178454775657.5,830534139488359.4,3898878810726695.0,6967223481965031.0,9897723976756934.0,1.2828224471548842e+16,1.2872243709296768e+16,1.29162629470447e+16,9985352594677690.0,7054442242310679.0,4078838640479136.0,1103235038647593.0,551617519323796.5,0.0,0.0,0.0,0.0,0.0,0.0,0.0,0.0,0.0,0.0,0.0,0.0,0.0,0.0,0.0,0.0,0.0,0.0,0.0,0.0,0.0,0.0,0.0,0.0,0.0,0.0,0.0,0.0,0.0,0.0,0.0,0.0,0.0,0.0,0.0,0.0,0.0,0.0,0.0,0.0,0.0,0.0,0.0,0.0,0.0,0.0,0.0,0.0,0.0,0.0,0.0,0.0,0.0,0.0,0.0,0.0,0.0,0.0,0.0,0.0,0.0,0.0,0.0,0.0,0.0,0.0,0.0,0.0,0.0,0.0,0.0,0.0,0.0,0.0,0.0,0.0,0.0,0.0,0.0,0.0,0.0,0.0,0.0,0.0,0.0,0.0,0.0,0.0,0.0,0.0,0.0,0.0,0.0,0.0,0.0,0.0,0.0,0.0,0.0,0.0,0.0,0.0,0.0,0.0,0.0,0.0,0.0,0.0,0.0,0.0,0.0,0.0,0.0,0.0,0.0,0.0,0.0,0.0,0.0,0.0,0.0,0.0,0.0,0.0,0.0,0.0,0.0,0.0,0.0,0.0,0.0,0.0,0.0,0.0,0.0,0.0
31.7481378296686,104.071614255994,21.9678796312896,225.0,20.0,91.50991791319267,5.0,5.0,0.5803473988920073,4.51599649837411e+17,0.0,0.0,0.0,0.0,0.0,0.0,0.0,0.0,0.0,0.0,0.0,0.0,0.0,0.0,0.0,0.0,0.0,0.0,0.0,0.0,0.0,0.0,0.0,0.0,0.0,0.0,0.0,0.0,0.0,0.0,0.0,0.0,0.0,0.0,0.0,0.0,0.0,0.0,0.0,0.0,0.0,0.0,0.0,0.0,0.0,0.0,0.0,0.0,0.0,1.6143098072681378e+16,3.2286196145362756e+16,4.8370751856365176e+16,6.445530756736759e+16,7.540404690323976e+16,8.635278623911195e+16,8.867413938917126e+16,9.099549253923058e+16,8.459734189756309e+16,7.819919125589562e+16,6.504762193644338e+16,5.189605261699115e+16,3.713680513685279e+16,2.2377557656714436e+16,1.2143974307688718e+16,1910390958662998.2,955195479331499.1,0.0,0.0,0.0,0.0,0.0,0.0,0.0,0.0,0.0,0.0,0.0,782926775233376.5,1565853550466753.0,1539301280388619.2,1512749010310485.0,756374505155242.5,0.0,0.0,0.0,0.0,0.0,1307582425706.654,2615164851413.308,933174853521570.9,1863734542191728.0,1272038907126214.8,680343272060701.2,2060707466682674.2,3441071661304648.0,4153054507563411.5,4865037353822175.0,3738329197982884.5,2611621042143593.0,1305810521071796.5,0.0,0.0,0.0,0.0,0.0,1003157171868436.4,2006314343736872.8,3291824630461215.0,4577334917185557.0,2288667458592778.5,0.0,0.0,0.0,0.0,0.0,0.0,0.0,0.0,0.0,0.0,0.0,0.0,0.0,0.0,0.0,0.0,0.0,0.0,0.0,0.0,0.0,0.0,0.0,0.0,0.0,0.0,0.0,0.0,0.0,0.0,0.0,0.0,0.0,0.0,0.0,0.0,0.0,0.0,0.0,0.0,0.0,0.0,0.0,0.0,0.0,0.0,0.0,0.0,0.0,0.0,0.0,0.0,0.0,0.0,0.0,0.0,0.0,0.0,0.0,0.0,0.0,0.0,0.0,0.0,0.0,0.0,0.0,0.0,0.0,0.0,0.0,0.0,0.0,0.0,0.0,0.0,0.0,0.0,0.0,0.0,0.0,0.0,0.0,0.0,0.0,0.0,0.0,0.0,0.0,0.0,0.0,0.0,0.0,0.0,0.0,0.0,0.0,0.0,0.0,0.0,0.0,0.0,0.0,0.0,0.0,0.0,0.0,0.0,0.0,0.0,0.0,0.0,0.0,0.0,0.0,0.0,0.0,0.0,0.0,0.0,0.0,0.0,0.0,0.0,0.0,0.0,0.0,0.0,0.0,0.0
31.778433180521,104.035878239002,23.46997760236,225.0,15.0,90.0,5.0,5.0,0.292454007717897,2.2757425592171242e+17,0.0,0.0,0.0,0.0,0.0,0.0,0.0,0.0,0.0,0.0,0.0,0.0,0.0,0.0,0.0,0.0,0.0,0.0,0.0,0.0,0.0,0.0,0.0,0.0,0.0,0.0,0.0,0.0,0.0,0.0,0.0,0.0,0.0,0.0,0.0,0.0,0.0,0.0,0.0,0.0,0.0,0.0,0.0,0.0,0.0,0.0,0.0,0.0,0.0,7960959949688829.0,1.5921919899377658e+16,2.4293749943907412e+16,3.2665579988437164e+16,3.813487878288424e+16,4.360417757733132e+16,4.42649001882528e+16,4.492562279917428e+16,4.175402238183004e+16,3.858242196448579e+16,3.205241363981833e+16,2.552240531515086e+16,1.764227890123086e+16,9762152487310860.0,4881076243655430.0,0.0,0.0,0.0,0.0,0.0,0.0,0.0,0.0,0.0,0.0,0.0,0.0,0.0,1511680737983506.5,3023361475967013.0,2885594629682468.0,2747827783397923.5,1373913891698961.8,0.0,0.0,0.0,0.0,0.0,1081099164620584.2,2162198329241168.5,2700679851556383.0,3239161373871598.0,1752141282863320.8,265121191855044.0,132560595927522.0,0.0,0.0,0.0,0.0,0.0,0.0,0.0,0.0,0.0,0.0,0.0,962044963618633.4,1924089927237266.8,2576152868055860.5,3228215808874454.5,1614107904437227.2,0.0,0.0,0.0,0.0,0.0,0.0,0.0,0.0,0.0,0.0,0.0,0.0,0.0,0.0,0.0,0.0,0.0,0.0,0.0,0.0,0.0,0.0,0.0,0.0,0.0,0.0,0.0,0.0,0.0,0.0,0.0,0.0,0.0,0.0,0.0,0.0,0.0,0.0,0.0,0.0,0.0,0.0,0.0,0.0,0.0,0.0,0.0,0.0,0.0,0.0,0.0,0.0,0.0,0.0,0.0,0.0,0.0,0.0,0.0,0.0,0.0,0.0,0.0,0.0,0.0,0.0,0.0,0.0,0.0,0.0,0.0,0.0,0.0,0.0,0.0,0.0,0.0,0.0,0.0,0.0,0.0,0.0,0.0,0.0,0.0,0.0,0.0,0.0,0.0,0.0,0.0,0.0,0.0,0.0,0.0,0.0,0.0,0.0,0.0,0.0,0.0,0.0,0.0,0.0,0.0,0.0,0.0,0.0,0.0,0.0,0.0,0.0,0.0,0.0,0.0,0.0,0.0,0.0,0.0,0.0,0.0,0.0,0.0,0.0,0.0,0.0,0.0,0.0,0.0,0.0
31.809445767692,103.999298229553,24.5511456592836,225.0,10.0,90.0,5.0,5.0,0.0,0.0,0.0,0.0,0.0,0.0,0.0,0.0,0.0,0.0,0.0,0.0,0.0,0.0,0.0,0.0,0.0,0.0,0.0,0.0,0.0,0.0,0.0,0.0,0.0,0.0,0.0,0.0,0.0,0.0,0.0,0.0,0.0,0.0,0.0,0.0,0.0,0.0,0.0,0.0,0.0,0.0,0.0,0.0,0.0,0.0,0.0,0.0,0.0,0.0,0.0,0.0,0.0,0.0,0.0,0.0,0.0,0.0,0.0,0.0,0.0,0.0,0.0,0.0,0.0,0.0,0.0,0.0,0.0,0.0,0.0,0.0,0.0,0.0,0.0,0.0,0.0,0.0,0.0,0.0,0.0,0.0,0.0,0.0,0.0,0.0,0.0,0.0,0.0,0.0,0.0,0.0,0.0,0.0,0.0,0.0,0.0,0.0,0.0,0.0,0.0,0.0,0.0,0.0,0.0,0.0,0.0,0.0,0.0,0.0,0.0,0.0,0.0,0.0,0.0,0.0,0.0,0.0,0.0,0.0,0.0,0.0,0.0,0.0,0.0,0.0,0.0,0.0,0.0,0.0,0.0,0.0,0.0,0.0,0.0,0.0,0.0,0.0,0.0,0.0,0.0,0.0,0.0,0.0,0.0,0.0,0.0,0.0,0.0,0.0,0.0,0.0,0.0,0.0,0.0,0.0,0.0,0.0,0.0,0.0,0.0,0.0,0.0,0.0,0.0,0.0,0.0,0.0,0.0,0.0,0.0,0.0,0.0,0.0,0.0,0.0,0.0,0.0,0.0,0.0,0.0,0.0,0.0,0.0,0.0,0.0,0.0,0.0,0.0,0.0,0.0,0.0,0.0,0.0,0.0,0.0,0.0,0.0,0.0,0.0,0.0,0.0,0.0,0.0,0.0,0.0,0.0,0.0,0.0,0.0,0.0,0.0,0.0,0.0,0.0,0.0,0.0,0.0,0.0,0.0,0.0,0.0,0.0,0.0,0.0,0.0,0.0,0.0,0.0,0.0,0.0,0.0,0.0,0.0,0.0,0.0,0.0,0.0,0.0,0.0,0.0,0.0
31.5840569646485,104.190108986463,2.46201938253052,225.0,80.0,110.62783254517886,5.0,5.0,1.8384387761556538,1.4305884874206267e+18,0.0,0.0,0.0,0.0,0.0,0.0,0.0,0.0,0.0,0.0,0.0,0.0,0.0,0.0,0.0,0.0,0.0,0.0,0.0,0.0,0.0,0.0,0.0,0.0,0.0,0.0,0.0,0.0,0.0,0.0,0.0,0.0,0.0,0.0,0.0,0.0,0.0,0.0,0.0,0.0,0.0,0.0,0.0,0.0,0.0,861214673279866.6,1722429346559733.2,1720168890160618.0,1717908433761502.8,1458670057418254.0,1199431681075005.5,1046335169820706.2,893238658566407.0,1273597269509260.8,1653955880452114.8,4009542085716295.5,6365128290980478.0,1.2253059977582362e+16,1.8140991664184244e+16,2.5280530628776516e+16,3.2420069593368784e+16,3.8149525372012376e+16,4.3878981150655976e+16,4.590097841045194e+16,4.7922975670247896e+16,4.52122132146689e+16,4.25014507590899e+16,3.717196257127153e+16,3.1842474383453144e+16,4.380768027612079e+16,5.577288616878843e+16,8.467827325073437e+16,1.135836603326803e+17,1.4303676867473051e+17,1.7248987701678077e+17,1.9048724643571507e+17,2.084846158546494e+17,2.0848025870146723e+17,2.0847590154828502e+17,1.8794852145075098e+17,1.6742114135321696e+17,1.3319585719627138e+17,9.897057303932578e+16,6.688299585608569e+16,3.479541867284561e+16,2.4042693903512216e+16,1.3289969134178826e+16,1.435098002937419e+16,1.541199092456956e+16,1.5594691850375666e+16,1.5777392776181776e+16,1.5741679732196174e+16,1.5705966688210568e+16,1.5329697444172188e+16,1.4953428200133808e+16,1.3303110452546344e+16,1.165279270495888e+16,1.0143334114094186e+16,8633875523229489.0,9293345910425950.0,9952816297622414.0,1.4485253151626412e+16,1.9017690005630412e+16,1.7478572836286972e+16,1.5939455666943532e+16,7969727833471766.0,0.0,0.0,0.0,0.0,0.0,0.0,0.0,0.0,0.0,0.0,0.0,0.0,0.0,0.0,0.0,0.0,0.0,0.0,0.0,0.0,0.0,0.0,0.0,0.0,0.0,0.0,0.0,0.0,0.0,0.0,0.0,0.0,0.0,0.0,0.0,0.0,0.0,0.0,0.0,0.0,0.0,0.0,0.0,0.0,0.0,0.0,0.0,0.0,0.0,0.0,0.0,0.0,0.0,0.0,0.0,0.0,0.0,0.0,0.0,0.0,0.0,0.0,0.0,0.0,0.0,0.0,0.0,0.0,0.0,0.0,0.0,0.0,0.0,0.0,0.0,0.0,0.0,0.0,0.0,0.0,0.0,0.0,0.0,0.0,0.0,0.0,0.0,0.0,0.0,0.0,0.0,0.0,0.0,0.0,0.0,0.0,0.0,0.0,0.0,0.0,0.0,0.0,0.0,0.0,0.0,0.0,0.0,0.0,0.0,0.0,0.0,0.0,0.0,0.0,0.0,0.0,0.0,0.0,0.0,0.0,0.0,0.0,0.0,0.0,0.0,0.0,0.0,0.0,0.0,0.0,0.0,0.0,0.0,0.0
31.5935363549278,104.178946564276,7.18980823265266,225.0,65.0,97.45462960535887,5.0,5.0,1.6080156032259436,1.251283773712681e+18,0.0,0.0,0.0,0.0,0.0,0.0,0.0,0.0,0.0,0.0,0.0,0.0,0.0,0.0,0.0,0.0,0.0,0.0,0.0,0.0,0.0,0.0,0.0,0.0,0.0,0.0,0.0,0.0,0.0,0.0,0.0,0.0,0.0,0.0,0.0,0.0,0.0,0.0,0.0,0.0,0.0,0.0,0.0,0.0,0.0,0.0,0.0,0.0,0.0,0.0,0.0,0.0,0.0,0.0,0.0,33520284140797.523,67040568281595.05,3529324399491065.0,6991608230700535.0,1.2258502071453538e+16,1.752539591220654e+16,2.1921726696624012e+16,2.631805748104149e+16,2.74127492280345e+16,2.8507440975027524e+16,2.55574984941736e+16,2.260755601331969e+16,2.0270760485450636e+16,1.7933964957581582e+16,3.676463364354212e+16,5.559530232950266e+16,8.573559505934038e+16,1.158758877891781e+17,1.4449941911713357e+17,1.731229504450891e+17,1.90640230564804e+17,2.081575106845189e+17,2.0840000731818112e+17,2.086425039518434e+17,1.8800059084777754e+17,1.6735867774371168e+17,1.3203473858622504e+17,9.671079942873838e+16,6.261651430453471e+16,2.8522229180331052e+16,1.5633210893668462e+16,2744192607005877.5,3051295294654013.5,3358397982302149.0,3629268500331145.0,3900139018360141.5,4269094061692657.0,4638049105025172.0,4355503140395389.5,4072957175765607.0,2828741123422340.5,1584525071079074.0,2084702000869084.8,2584878930659095.5,7772179733680718.0,1.2959480536702338e+16,1.7723347881385414e+16,2.248721522606849e+16,2.0752113797354624e+16,1.901701236864076e+16,9508506184320380.0,0.0,0.0,0.0,0.0,0.0,0.0,0.0,0.0,0.0,0.0,0.0,0.0,0.0,0.0,0.0,0.0,0.0,0.0,0.0,0.0,0.0,0.0,0.0,0.0,0.0,0.0,0.0,0.0,0.0,0.0,0.0,0.0,0.0,0.0,0.0,0.0,0.0,0.0,0.0,0.0,0.0,0.0,0.0,0.0,0.0,0.0,0.0,0.0,0.0,0.0,0.0,0.0,0.0,0.0,0.0,0.0,0.0,0.0,0.0,0.0,0.0,0.0,0.0,0.0,0.0,0.0,0.0,0.0,0.0,0.0,0.0,0.0,0.0,0.0,0.0,0.0,0.0,0.0,0.0,0.0,0.0,0.0,0.0,0.0,0.0,0.0,0.0,0.0,0.0,0.0,0.0,0.0,0.0,0.0,0.0,0.0,0.0,0.0,0.0,0.0,0.0,0.0,0.0,0.0,0.0,0.0,0.0,0.0,0.0,0.0,0.0,0.0,0.0,0.0,0.0,0.0,0.0,0.0,0.0,0.0,0.0,0.0,0.0,0.0,0.0,0.0,0.0,0.0,0.0,0.0,0.0,0.0,0.0,0.0
31.6104740817454,104.158994445422,11.3706888080417,225.0,50.0,91.72253612925878,5.0,5.0,1.021677069673588,7.950220984747812e+17,0.0,0.0,0.0,0.0,0.0,0.0,0.0,0.0,0.0,0.0,0.0,0.0,0.0,0.0,0.0,0.0,0.0,0.0,0.0,0.0,0.0,0.0,0.0,0.0,0.0,0.0,0.0,0.0,0.0,0.0,0.0,0.0,0.0,0.0,0.0,0.0,0.0,0.0,0.0,0.0,0.0,0.0,0.0,0.0,0.0,0.0,0.0,0.0,0.0,1159904060667373.2,2319808121334746.5,5600334617531903.0,8880861113729059.0,1.1501880204751922e+16,1.4122899295774784e+16,1.3494513173328998e+16,1.2866127050883212e+16,8879061192508212.0,4891995334133212.0,4301033821452631.5,3710072308772051.0,5620093098255519.0,7530113887738986.0,7678613363803065.0,7827112839867145.0,5599329076606213.0,3371545313345282.0,6622700476429341.0,9873855639513400.0,2.4861443246468124e+16,3.984903085342285e+16,6.055444591435735e+16,8.125986097529187e+16,9.9723603484208e+16,1.1818734599312418e+17,1.290276647153662e+17,1.3986798343760824e+17,1.3880981793499594e+17,1.3775165243238363e+17,1.2288036012430058e+17,1.080090678162175e+17,8.257042274611856e+16,5.71317776760196e+16,3.454531363772501e+16,1.1958849599430408e+16,5979424799715204.0,0.0,0.0,0.0,0.0,0.0,0.0,0.0,0.0,0.0,0.0,0.0,318559109806389.2,637118219612778.4,2659482764199779.0,4681847308786780.0,7273816252589910.0,9865785196393040.0,1.0146586628895746e+16,1.0427388061398452e+16,5213694030699226.0,0.0,0.0,0.0,0.0,0.0,0.0,0.0,0.0,0.0,0.0,0.0,0.0,0.0,0.0,0.0,0.0,0.0,0.0,0.0,0.0,0.0,0.0,0.0,0.0,0.0,0.0,0.0,0.0,0.0,0.0,0.0,0.0,0.0,0.0,0.0,0.0,0.0,0.0,0.0,0.0,0.0,0.0,0.0,0.0,0.0,0.0,0.0,0.0,0.0,0.0,0.0,0.0,0.0,0.0,0.0,0.0,0.0,0.0,0.0,0.0,0.0,0.0,0.0,0.0,0.0,0.0,0.0,0.0,0.0,0.0,0.0,0.0,0.0,0.0,0.0,0.0,0.0,0.0,0.0,0.0,0.0,0.0,0.0,0.0,0.0,0.0,0.0,0.0,0.0,0.0,0.0,0.0,0.0,0.0,0.0,0.0,0.0,0.0,0.0,0.0,0.0,0.0,0.0,0.0,0.0,0.0,0.0,0.0,0.0,0.0,0.0,0.0,0.0,0.0,0.0,0.0,0.0,0.0,0.0,0.0,0.0,0.0,0.0,0.0,0.0,0.0,0.0,0.0,0.0,0.0,0.0,0.0,0.0,0.0
31.6328715671378,104.132601286061,14.8927689400555,225.0,40.0,91.92822900667879,5.0,5.0,0.6351374959435157,4.9423478301843046e+17,0.0,0.0,0.0,0.0,0.0,0.0,0.0,0.0,0.0,0.0,0.0,0.0,0.0,0.0,0.0,0.0,0.0,0.0,0.0,0.0,0.0,0.0,0.0,0.0,0.0,0.0,0.0,0.0,0.0,0.0,0.0,0.0,0.0,0.0,0.0,0.0,0.0,0.0,0.0,0.0,0.0,0.0,0.0,0.0,0.0,1167107420523212.8,2334214841046425.5,6173314328110233.0,1.001241381517404e+16,1.7265285412729806e+16,2.451815701028557e+16,3.3069411516456956e+16,4.162066602262835e+16,4.799714753073804e+16,5.437362903884772e+16,5.374144929756645e+16,5.3109269556285176e+16,4.5215469081282376e+16,3.732166860627957e+16,2.750132808435278e+16,1.7680987562425992e+16,1.0749427161450588e+16,3817866760475181.5,1908933380237590.8,0.0,0.0,0.0,925481155281063.4,1850962310562126.8,6906658627519374.0,1.1962354944476622e+16,2.0288115554013908e+16,2.861387616355119e+16,3.581127124024499e+16,4.30086663169388e+16,4.68122258414995e+16,5.0615785366060216e+16,4.964931617107644e+16,4.868284697609268e+16,4.161893762657376e+16,3.455502827705485e+16,2.3818307039872948e+16,1.3081585802691058e+16,6540792901345529.0,0.0,0.0,0.0,0.0,0.0,0.0,0.0,0.0,0.0,0.0,0.0,1922615997917463.0,3845231995834926.0,5152926514137616.0,6460621032440306.0,5681294588594815.0,4901968144749324.0,2895718728926687.5,889469313104051.6,933491237265175.4,977513161426299.4,488756580713149.7,0.0,0.0,0.0,0.0,0.0,0.0,0.0,0.0,0.0,0.0,0.0,0.0,0.0,0.0,0.0,0.0,0.0,0.0,0.0,0.0,0.0,0.0,0.0,0.0,0.0,0.0,0.0,0.0,0.0,0.0,0.0,0.0,0.0,0.0,0.0,0.0,0.0,0.0,0.0,0.0,0.0,0.0,0.0,0.0,0.0,0.0,0.0,0.0,0.0,0.0,0.0,0.0,0.0,0.0,0.0,0.0,0.0,0.0,0.0,0.0,0.0,0.0,0.0,0.0,0.0,0.0,0.0,0.0,0.0,0.0,0.0,0.0,0.0,0.0,0.0,0.0,0.0,0.0,0.0,0.0,0.0,0.0,0.0,0.0,0.0,0.0,0.0,0.0,0.0,0.0,0.0,0.0,0.0,0.0,0.0,0.0,0.0,0.0,0.0,0.0,0.0,0.0,0.0,0.0,0.0,0.0,0.0,0.0,0.0,0.0,0.0,0.0,0.0,0.0,0.0,0.0,0.0,0.0,0.0,0.0,0.0,0.0,0.0,0.0,0.0,0.0,0.0,0.0,0.0,0.0,0.0,0.0,0.0,0.0
31.6588180669229,104.102015478908,17.7497379642719,225.0,30.0,92.7704027772541,5.0,5.0,0.6989098951736394,5.438595305689482e+17,0.0,0.0,0.0,0.0,0.0,0.0,0.0,0.0,0.0,0.0,0.0,0.0,0.0,0.0,0.0,0.0,0.0,0.0,0.0,0.0,0.0,0.0,0.0,0.0,0.0,0.0,0.0,0.0,0.0,0.0,0.0,0.0,0.0,0.0,0.0,0.0,0.0,0.0,0.0,0.0,0.0,0.0,0.0,0.0,0.0,4692405176668845.0,9384810353337690.0,1.8782830787777804e+16,2.8180851222217916e+16,4.109489008985289e+16,5.4008928957487864e+16,6.694719493049614e+16,7.988546090350442e+16,8.802812161950614e+16,9.617078233550787e+16,9.57741848561271e+16,9.537758737674637e+16,8.679675114423302e+16,7.821591491171968e+16,6.4130635254627576e+16,5.004535559753547e+16,3.620969089489345e+16,2.2374026192251424e+16,1.3743505620877274e+16,5112985049503130.0,2556492524751565.0,0.0,0.0,0.0,0.0,0.0,0.0,0.0,0.0,0.0,0.0,0.0,0.0,0.0,0.0,0.0,0.0,0.0,0.0,0.0,0.0,0.0,0.0,0.0,0.0,0.0,0.0,0.0,720457657786784.6,1440915315573569.2,3791717398764599.0,6142519481955629.0,7756804251282797.0,9371089020609964.0,7984051993412300.0,6597014966214635.0,4074151925498625.5,1551288884782615.8,775644442391307.9,0.0,0.0,0.0,0.0,0.0,0.0,0.0,0.0,0.0,0.0,0.0,0.0,0.0,0.0,0.0,0.0,0.0,0.0,0.0,0.0,0.0,0.0,0.0,0.0,0.0,0.0,0.0,0.0,0.0,0.0,0.0,0.0,0.0,0.0,0.0,0.0,0.0,0.0,0.0,0.0,0.0,0.0,0.0,0.0,0.0,0.0,0.0,0.0,0.0,0.0,0.0,0.0,0.0,0.0,0.0,0.0,0.0,0.0,0.0,0.0,0.0,0.0,0.0,0.0,0.0,0.0,0.0,0.0,0.0,0.0,0.0,0.0,0.0,0.0,0.0,0.0,0.0,0.0,0.0,0.0,0.0,0.0,0.0,0.0,0.0,0.0,0.0,0.0,0.0,0.0,0.0,0.0,0.0,0.0,0.0,0.0,0.0,0.0,0.0,0.0,0.0,0.0,0.0,0.0,0.0,0.0,0.0,0.0,0.0,0.0,0.0,0.0,0.0,0.0,0.0,0.0,0.0,0.0,0.0,0.0,0.0,0.0,0.0,0.0,0.0,0.0,0.0,0.0,0.0,0.0,0.0,0.0,0.0,0.0,0.0,0.0
31.686994460747,104.068790018939,20.0562836186236,225.0,25.0,91.6039377610315,5.0,5.0,0.8826267299969747,6.868195204540658e+17,0.0,0.0,0.0,0.0,0.0,0.0,0.0,0.0,0.0,0.0,0.0,0.0,0.0,0.0,0.0,0.0,0.0,0.0,0.0,0.0,0.0,0.0,0.0,0.0,0.0,0.0,0.0,0.0,0.0,0.0,0.0,0.0,0.0,0.0,0.0,0.0,0.0,0.0,0.0,0.0,0.0,0.0,0.0,0.0,0.0,8226878369403480.0,1.645375673880696e+16,2.9089166697584116e+16,4.172457665636127e+16,5.727683995096507e+16,7.282910324556888e+16,8.72720557523549e+16,1.0171500825914093e+17,1.0996708399602266e+17,1.182191597329044e+17,1.1758766993189138e+17,1.1695618013087832e+17,1.0736078277467347e+17,9.77653854184686e+16,8.188194670749382e+16,6.599850799651903e+16,4.828457512513566e+16,3.0570642253752308e+16,1.8221559336867224e+16,5872476419982146.0,2936238209991073.0,0.0,0.0,0.0,0.0,0.0,0.0,0.0,0.0,0.0,0.0,0.0,0.0,0.0,0.0,0.0,0.0,0.0,0.0,0.0,0.0,0.0,0.0,0.0,3362921368405.5186,6725842736811.037,3362921368405.5186,0.0,1074051982432118.1,2148103964864236.2,3999102601614876.0,5850101238365515.0,6524493953402532.0,7198886668439552.0,5354896277858186.0,3510905887276821.0,1755452943638410.5,0.0,0.0,0.0,0.0,0.0,0.0,0.0,0.0,0.0,0.0,0.0,0.0,0.0,0.0,0.0,0.0,0.0,0.0,0.0,0.0,0.0,0.0,0.0,0.0,0.0,0.0,0.0,0.0,0.0,0.0,0.0,0.0,0.0,0.0,0.0,0.0,0.0,0.0,0.0,0.0,0.0,0.0,0.0,0.0,0.0,0.0,0.0,0.0,0.0,0.0,0.0,0.0,0.0,0.0,0.0,0.0,0.0,0.0,0.0,0.0,0.0,0.0,0.0,0.0,0.0,0.0,0.0,0.0,0.0,0.0,0.0,0.0,0.0,0.0,0.0,0.0,0.0,0.0,0.0,0.0,0.0,0.0,0.0,0.0,0.0,0.0,0.0,0.0,0.0,0.0,0.0,0.0,0.0,0.0,0.0,0.0,0.0,0.0,0.0,0.0,0.0,0.0,0.0,0.0,0.0,0.0,0.0,0.0,0.0,0.0,0.0,0.0,0.0,0.0,0.0,0.0,0.0,0.0,0.0,0.0,0.0,0.0,0.0,0.0,0.0,0.0,0.0,0.0,0.0,0.0,0.0,0.0,0.0,0.0,0.0,0.0,0.0,0.0
31.716342009368,104.034171632843,21.9678796312896,225.0,20.0,90.27371115406027,5.0,5.0,0.7289364723257544,5.672248316861751e+17,0.0,0.0,0.0,0.0,0.0,0.0,0.0,0.0,0.0,0.0,0.0,0.0,0.0,0.0,0.0,0.0,0.0,0.0,0.0,0.0,0.0,0.0,0.0,0.0,0.0,0.0,0.0,0.0,0.0,0.0,0.0,0.0,0.0,0.0,0.0,0.0,0.0,0.0,0.0,0.0,0.0,0.0,0.0,0.0,0.0,6837376742632080.0,1.367475348526416e+16,2.4294989219166056e+16,3.491522495306795e+16,4.964420215801609e+16,6.437317936296421e+16,7.658902847989574e+16,8.880487759682731e+16,9.496565374071046e+16,1.0112642988459363e+17,9.960034173290405e+16,9.807425358121446e+16,8.942139330048354e+16,8.076853301975259e+16,6.706900884513024e+16,5.336948467050788e+16,3.833475988250783e+16,2.3300035094507776e+16,1.3053964908623952e+16,2807894722740128.5,1403947361370064.2,0.0,0.0,0.0,0.0,0.0,0.0,0.0,0.0,0.0,0.0,0.0,676251469574155.0,1352502939148310.0,1207707842850841.0,1062912746553372.5,531456373276686.25,0.0,0.0,0.0,0.0,0.0,0.0,0.0,448944101190189.6,897888202380379.2,448944101190189.6,0.0,238515152591326.9,477030305182653.8,905532889109548.4,1334035473036443.0,1109915560735154.9,885795648433866.8,442897824216933.4,0.0,0.0,0.0,0.0,0.0,0.0,0.0,0.0,0.0,0.0,0.0,0.0,0.0,0.0,0.0,0.0,0.0,0.0,0.0,0.0,0.0,0.0,0.0,0.0,0.0,0.0,0.0,0.0,0.0,0.0,0.0,0.0,0.0,0.0,0.0,0.0,0.0,0.0,0.0,0.0,0.0,0.0,0.0,0.0,0.0,0.0,0.0,0.0,0.0,0.0,0.0,0.0,0.0,0.0,0.0,0.0,0.0,0.0,0.0,0.0,0.0,0.0,0.0,0.0,0.0,0.0,0.0,0.0,0.0,0.0,0.0,0.0,0.0,0.0,0.0,0.0,0.0,0.0,0.0,0.0,0.0,0.0,0.0,0.0,0.0,0.0,0.0,0.0,0.0,0.0,0.0,0.0,0.0,0.0,0.0,0.0,0.0,0.0,0.0,0.0,0.0,0.0,0.0,0.0,0.0,0.0,0.0,0.0,0.0,0.0,0.0,0.0,0.0,0.0,0.0,0.0,0.0,0.0,0.0,0.0,0.0,0.0,0.0,0.0,0.0,0.0,0.0,0.0,0.0,0.0,0.0,0.0,0.0,0.0,0.0,0.0,0.0,0.0,0.0,0.0
31.7466373602204,103.998423487274,23.46997760236,225.0,15.0,90.0,5.0,5.0,0.352426711450338,2.742422552219263e+17,0.0,0.0,0.0,0.0,0.0,0.0,0.0,0.0,0.0,0.0,0.0,0.0,0.0,0.0,0.0,0.0,0.0,0.0,0.0,0.0,0.0,0.0,0.0,0.0,0.0,0.0,0.0,0.0,0.0,0.0,0.0,0.0,0.0,0.0,0.0,0.0,0.0,0.0,0.0,0.0,0.0,0.0,0.0,0.0,0.0,0.0,0.0,8417351362424469.0,1.6834702724848938e+16,2.4598583010376216e+16,3.2362463295903484e+16,3.7978200648096024e+16,4.359393800028856e+16,4.627560308009517e+16,4.895726815990178e+16,4.803307534025477e+16,4.710888252060777e+16,4.2947012771480184e+16,3.87851430223526e+16,3.2359335712532628e+16,2.5933528402712656e+16,1.8012818725939576e+16,1.0092109049166496e+16,5046054524583248.0,0.0,0.0,0.0,0.0,0.0,0.0,0.0,0.0,0.0,0.0,0.0,0.0,0.0,1345512884744940.2,2691025769489880.5,2657040397302890.0,2623055025115900.0,1311527512557950.0,0.0,0.0,0.0,0.0,0.0,938772408809888.4,1877544817619776.8,2353659645469744.5,2829774473319712.0,1417138080824418.5,4501688329125.029,2250844164562.5146,0.0,0.0,0.0,0.0,0.0,0.0,0.0,0.0,0.0,0.0,0.0,274159136134801.34,548318272269602.7,274159136134801.34,0.0,0.0,0.0,0.0,0.0,0.0,0.0,0.0,0.0,0.0,0.0,0.0,0.0,0.0,0.0,0.0,0.0,0.0,0.0,0.0,0.0,0.0,0.0,0.0,0.0,0.0,0.0,0.0,0.0,0.0,0.0,0.0,0.0,0.0,0.0,0.0,0.0,0.0,0.0,0.0,0.0,0.0,0.0,0.0,0.0,0.0,0.0,0.0,0.0,0.0,0.0,0.0,0.0,0.0,0.0,0.0,0.0,0.0,0.0,0.0,0.0,0.0,0.0,0.0,0.0,0.0,0.0,0.0,0.0,0.0,0.0,0.0,0.0,0.0,0.0,0.0,0.0,0.0,0.0,0.0,0.0,0.0,0.0,0.0,0.0,0.0,0.0,0.0,0.0,0.0,0.0,0.0,0.0,0.0,0.0,0.0,0.0,0.0,0.0,0.0,0.0,0.0,0.0,0.0,0.0,0.0,0.0,0.0,0.0,0.0,0.0,0.0,0.0,0.0,0.0,0.0,0.0,0.0,0.0,0.0,0.0,0.0,0.0,0.0,0.0,0.0,0.0,0.0,0.0,0.0,0.0,0.0
31.7776499473913,103.961834185343,24.5511456592836,225.0,10.0,90.0,5.0,5.0,0.0,0.0,0.0,0.0,0.0,0.0,0.0,0.0,0.0,0.0,0.0,0.0,0.0,0.0,0.0,0.0,0.0,0.0,0.0,0.0,0.0,0.0,0.0,0.0,0.0,0.0,0.0,0.0,0.0,0.0,0.0,0.0,0.0,0.0,0.0,0.0,0.0,0.0,0.0,0.0,0.0,0.0,0.0,0.0,0.0,0.0,0.0,0.0,0.0,0.0,0.0,0.0,0.0,0.0,0.0,0.0,0.0,0.0,0.0,0.0,0.0,0.0,0.0,0.0,0.0,0.0,0.0,0.0,0.0,0.0,0.0,0.0,0.0,0.0,0.0,0.0,0.0,0.0,0.0,0.0,0.0,0.0,0.0,0.0,0.0,0.0,0.0,0.0,0.0,0.0,0.0,0.0,0.0,0.0,0.0,0.0,0.0,0.0,0.0,0.0,0.0,0.0,0.0,0.0,0.0,0.0,0.0,0.0,0.0,0.0,0.0,0.0,0.0,0.0,0.0,0.0,0.0,0.0,0.0,0.0,0.0,0.0,0.0,0.0,0.0,0.0,0.0,0.0,0.0,0.0,0.0,0.0,0.0,0.0,0.0,0.0,0.0,0.0,0.0,0.0,0.0,0.0,0.0,0.0,0.0,0.0,0.0,0.0,0.0,0.0,0.0,0.0,0.0,0.0,0.0,0.0,0.0,0.0,0.0,0.0,0.0,0.0,0.0,0.0,0.0,0.0,0.0,0.0,0.0,0.0,0.0,0.0,0.0,0.0,0.0,0.0,0.0,0.0,0.0,0.0,0.0,0.0,0.0,0.0,0.0,0.0,0.0,0.0,0.0,0.0,0.0,0.0,0.0,0.0,0.0,0.0,0.0,0.0,0.0,0.0,0.0,0.0,0.0,0.0,0.0,0.0,0.0,0.0,0.0,0.0,0.0,0.0,0.0,0.0,0.0,0.0,0.0,0.0,0.0,0.0,0.0,0.0,0.0,0.0,0.0,0.0,0.0,0.0,0.0,0.0,0.0,0.0,0.0,0.0,0.0,0.0,0.0,0.0,0.0,0.0,0.0,0.0
31.5522611443478,104.152714582249,2.46201938253052,225.0,80.0,108.11714230944193,5.0,5.0,2.389314680954318,1.8592547762433265e+18,0.0,0.0,0.0,0.0,0.0,0.0,0.0,0.0,0.0,0.0,0.0,0.0,0.0,0.0,0.0,0.0,0.0,0.0,0.0,0.0,0.0,0.0,0.0,0.0,0.0,0.0,0.0,0.0,0.0,0.0,0.0,0.0,0.0,0.0,0.0,0.0,0.0,0.0,0.0,0.0,0.0,0.0,0.0,4054369668231455.0,8108739336462910.0,7863943450166246.0,7619147563869582.0,6040673351845247.0,4462199139820910.5,2966428554509021.5,1470657969197133.2,976094272379751.2,481530575562369.44,864140130536148.9,1246749685509928.5,5406153088612006.0,9565556491714082.0,1.822015549143891e+16,2.6874754491163744e+16,3.736884155348516e+16,4.786292861580657e+16,5.6070887916507336e+16,6.42788472172081e+16,6.681506367842062e+16,6.935128013963314e+16,6.584370567173288e+16,6.233613120383263e+16,6.12913156875491e+16,6.024650017126559e+16,8.083911092891197e+16,1.0143172168655834e+17,1.3510296135828512e+17,1.687742010300119e+17,1.992939738726825e+17,2.2981374671535306e+17,2.468043749770696e+17,2.6379500323878618e+17,2.6148944360890326e+17,2.591838839790203e+17,2.3535205392585946e+17,2.1152022387269862e+17,1.726045587872865e+17,1.3368889370187443e+17,9.461942866293029e+16,5.554996362398615e+16,3.382100519417551e+16,1.2092046764364876e+16,1.0546979858048984e+16,9001912951733091.0,8623744859452175.0,8245576767171261.0,7750677300626530.0,7255777834081798.0,6603708375007499.0,5951638915933200.0,5276728489307074.0,4601818062680948.0,5042998714239437.0,5484179365797925.0,7839439535870404.0,1.0194699705942882e+16,9479582566113830.0,8764465426284778.0,4382232713142389.0,0.0,0.0,0.0,0.0,0.0,0.0,0.0,0.0,0.0,0.0,0.0,0.0,0.0,0.0,0.0,0.0,0.0,0.0,0.0,0.0,0.0,0.0,0.0,0.0,0.0,0.0,0.0,0.0,0.0,0.0,0.0,0.0,0.0,0.0,0.0,0.0,0.0,0.0,0.0,0.0,0.0,0.0,0.0,0.0,0.0,0.0,0.0,0.0,0.0,0.0,0.0,0.0,0.0,0.0,0.0,0.0,0.0,0.0,0.0,0.0,0.0,0.0,0.0,0.0,0.0,0.0,0.0,0.0,0.0,0.0,0.0,0.0,0.0,0.0,0.0,0.0,0.0,0.0,0.0,0.0,0.0,0.0,0.0,0.0,0.0,0.0,0.0,0.0,0.0,0.0,0.0,0.0,0.0,0.0,0.0,0.0,0.0,0.0,0.0,0.0,0.0,0.0,0.0,0.0,0.0,0.0,0.0,0.0,0.0,0.0,0.0,0.0,0.0,0.0,0.0,0.0,0.0,0.0,0.0,0.0,0.0,0.0,0.0,0.0,0.0,0.0,0.0,0.0,0.0,0.0,0.0,0.0,0.0,0.0,0.0,0.0
31.5617405346272,104.141549686799,7.18980823265266,225.0,65.0,100.33063963388453,5.0,5.0,2.023556052383995,1.5746382363868152e+18,0.0,0.0,0.0,0.0,0.0,0.0,0.0,0.0,0.0,0.0,0.0,0.0,0.0,0.0,0.0,0.0,0.0,0.0,0.0,0.0,0.0,0.0,0.0,0.0,0.0,0.0,0.0,0.0,0.0,0.0,0.0,0.0,0.0,0.0,0.0,0.0,0.0,0.0,0.0,0.0,0.0,0.0,0.0,2889852079669983.5,5779704159339967.0,4997284439323303.0,4214864719306639.5,2252567838886607.0,290270958466574.94,145135479233287.47,0.0,0.0,0.0,0.0,0.0,1680200854625602.8,3360401709251205.5,9846889525071566.0,1.6333377340891926e+16,2.430845995170207e+16,3.228354256251222e+16,3.863470853647456e+16,4.49858745104369e+16,4.6525054671861656e+16,4.806423483328641e+16,4.426192375070753e+16,4.045961266812866e+16,4.256892366310258e+16,4.467823465807649e+16,6.90843980047374e+16,9.349056135139832e+16,1.261041725306243e+17,1.587177837098503e+17,1.864249995705132e+17,2.1413221543117613e+17,2.2925795762307142e+17,2.443836998149668e+17,2.4199505765323734e+17,2.396064154915079e+17,2.1742083247313088e+17,1.9523524945475386e+17,1.5790250083980224e+17,1.2056975222485064e+17,8.184777275003714e+16,4.312579327522364e+16,2.2256355224149052e+16,1386917173074464.0,693458586537232.0,0.0,0.0,0.0,0.0,0.0,0.0,0.0,0.0,0.0,2053443040976658.5,4106886081953317.0,7159784302409948.0,1.021268252286658e+16,9716422129181516.0,9220161735496448.0,4610080867748224.0,0.0,0.0,0.0,0.0,0.0,0.0,0.0,0.0,0.0,0.0,0.0,0.0,0.0,0.0,0.0,0.0,0.0,0.0,0.0,0.0,0.0,0.0,0.0,0.0,0.0,0.0,0.0,0.0,0.0,0.0,0.0,0.0,0.0,0.0,0.0,0.0,0.0,0.0,0.0,0.0,0.0,0.0,0.0,0.0,0.0,0.0,0.0,0.0,0.0,0.0,0.0,0.0,0.0,0.0,0.0,0.0,0.0,0.0,0.0,0.0,0.0,0.0,0.0,0.0,0.0,0.0,0.0,0.0,0.0,0.0,0.0,0.0,0.0,0.0,0.0,0.0,0.0,0.0,0.0,0.0,0.0,0.0,0.0,0.0,0.0,0.0,0.0,0.0,0.0,0.0,0.0,0.0,0.0,0.0,0.0,0.0,0.0,0.0,0.0,0.0,0.0,0.0,0.0,0.0,0.0,0.0,0.0,0.0,0.0,0.0,0.0,0.0,0.0,0.0,0.0,0.0,0.0,0.0,0.0,0.0,0.0,0.0,0.0,0.0,0.0,0.0,0.0,0.0,0.0,0.0,0.0,0.0,0.0,0.0,0.0,0.0
31.5786782614447,104.121592227394,11.3706888080417,225.0,50.0,95.62630745127683,5.0,5.0,1.259120083103964,9.797893291476819e+17,0.0,0.0,0.0,0.0,0.0,0.0,0.0,0.0,0.0,0.0,0.0,0.0,0.0,0.0,0.0,0.0,0.0,0.0,0.0,0.0,0.0,0.0,0.0,0.0,0.0,0.0,0.0,0.0,0.0,0.0,0.0,0.0,0.0,0.0,0.0,0.0,0.0,0.0,0.0,0.0,0.0,0.0,0.0,1992972374317385.8,3985944748634771.5,2943910406344446.5,1901876064054121.2,950938032027060.6,0.0,1823409700032767.2,3646819400065534.5,6826713647820124.0,1.0006607895574712e+16,1.2639022422041396e+16,1.5271436948508082e+16,1.4367576283179108e+16,1.3463715617850132e+16,1.1187729161323776e+16,8911742704797423.0,1.2595856638227534e+16,1.6279970571657644e+16,1.9357406142910456e+16,2.243484171416327e+16,2.2035411395208924e+16,2.1635981076254576e+16,1.7682691025865428e+16,1.3729400975476274e+16,1.88660325275116e+16,2.400266407954693e+16,4.3767629369001624e+16,6.353259465845632e+16,8.498935915829458e+16,1.0644612365813283e+17,1.229222536372345e+17,1.3939838361633616e+17,1.471272658027858e+17,1.5485614798923542e+17,1.5229556461235062e+17,1.4973498123546582e+17,1.3490776659549998e+17,1.2008055195553414e+17,9.455612425444894e+16,6.903169655336375e+16,4.4258831693742664e+16,1.9485966834121572e+16,9742983417060786.0,0.0,0.0,0.0,0.0,0.0,0.0,0.0,0.0,0.0,0.0,0.0,0.0,0.0,126538267720791.0,253076535441582.0,975940425226145.9,1698804315010709.8,849402157505354.9,0.0,0.0,0.0,0.0,0.0,0.0,0.0,0.0,0.0,0.0,0.0,0.0,0.0,0.0,0.0,0.0,0.0,0.0,0.0,0.0,0.0,0.0,0.0,0.0,0.0,0.0,0.0,0.0,0.0,0.0,0.0,0.0,0.0,0.0,0.0,0.0,0.0,0.0,0.0,0.0,0.0,0.0,0.0,0.0,0.0,0.0,0.0,0.0,0.0,0.0,0.0,0.0,0.0,0.0,0.0,0.0,0.0,0.0,0.0,0.0,0.0,0.0,0.0,0.0,0.0,0.0,0.0,0.0,0.0,0.0,0.0,0.0,0.0,0.0,0.0,0.0,0.0,0.0,0.0,0.0,0.0,0.0,0.0,0.0,0.0,0.0,0.0,0.0,0.0,0.0,0.0,0.0,0.0,0.0,0.0,0.0,0.0,0.0,0.0,0.0,0.0,0.0,0.0,0.0,0.0,0.0,0.0,0.0,0.0,0.0,0.0,0.0,0.0,0.0,0.0,0.0,0.0,0.0,0.0,0.0,0.0,0.0,0.0,0.0,0.0,0.0,0.0,0.0,0.0,0.0,0.0,0.0,0.0,0.0,0.0,0.0
31.6010757468371,104.095191109818,14.8927689400555,225.0,40.0,93.67773490659296,5.0,5.0,0.731829193455319,5.6947581420403034e+17,0.0,0.0,0.0,0.0,0.0,0.0,0.0,0.0,0.0,0.0,0.0,0.0,0.0,0.0,0.0,0.0,0.0,0.0,0.0,0.0,0.0,0.0,0.0,0.0,0.0,0.0,0.0,0.0,0.0,0.0,0.0,0.0,0.0,0.0,0.0,0.0,0.0,0.0,0.0,0.0,0.0,0.0,0.0,2886708795225775.0,5773417590451550.0,7570245043622067.0,9367072496792586.0,1.2566832246524078e+16,1.576659199625557e+16,2.22257553753133e+16,2.8684918754371028e+16,3.605441448489164e+16,4.342391021541222e+16,4.847863191239428e+16,5.353335360937634e+16,5.2033076606953224e+16,5.053279960453011e+16,4.22171347534974e+16,3.3901469902464684e+16,2.473303355044841e+16,1.5564597198432124e+16,1.1513326849696994e+16,7462056500961862.0,6066308660607800.0,4670560820253738.0,2433010811919593.0,195460803585447.5,3588823382503747.5,6982185961422048.0,1.4711733556519668e+16,2.244128115161729e+16,3.056277994437121e+16,3.868427873712513e+16,4.488667007575551e+16,5.108906141438589e+16,5.380156548999552e+16,5.651406956560516e+16,5.5125576324625256e+16,5.373708308364535e+16,4.641385825944622e+16,3.9090633435247096e+16,2.7993461708934076e+16,1.689628998262106e+16,8448144991310530.0,0.0,0.0,0.0,0.0,0.0,0.0,0.0,873215848143699.0,1746431696287398.0,2421979609853469.5,3097527523419541.0,3885728468861011.5,4673929414302482.0,4377832437497333.0,4081735460692183.5,2823416372732298.0,1565097284772412.0,782548642386206.0,0.0,0.0,0.0,0.0,0.0,0.0,0.0,0.0,0.0,0.0,0.0,0.0,0.0,0.0,0.0,0.0,0.0,0.0,0.0,0.0,0.0,0.0,0.0,0.0,0.0,0.0,0.0,0.0,0.0,0.0,0.0,0.0,0.0,0.0,0.0,0.0,0.0,0.0,0.0,0.0,0.0,0.0,0.0,0.0,0.0,0.0,0.0,0.0,0.0,0.0,0.0,0.0,0.0,0.0,0.0,0.0,0.0,0.0,0.0,0.0,0.0,0.0,0.0,0.0,0.0,0.0,0.0,0.0,0.0,0.0,0.0,0.0,0.0,0.0,0.0,0.0,0.0,0.0,0.0,0.0,0.0,0.0,0.0,0.0,0.0,0.0,0.0,0.0,0.0,0.0,0.0,0.0,0.0,0.0,0.0,0.0,0.0,0.0,0.0,0.0,0.0,0.0,0.0,0.0,0.0,0.0,0.0,0.0,0.0,0.0,0.0,0.0,0.0,0.0,0.0,0.0,0.0,0.0,0.0,0.0,0.0,0.0,0.0,0.0,0.0,0.0,0.0,0.0,0.0,0.0,0.0,0.0,0.0,0.0,0.0,0.0,0.0,0.0
31.6270222466222,104.064595511577,17.7497379642719,225.0,30.0,93.09751495199212,5.0,5.0,0.7593220861057073,5.908695185915005e+17,0.0,0.0,0.0,0.0,0.0,0.0,0.0,0.0,0.0,0.0,0.0,0.0,0.0,0.0,0.0,0.0,0.0,0.0,0.0,0.0,0.0,0.0,0.0,0.0,0.0,0.0,0.0,0.0,0.0,0.0,0.0,0.0,0.0,0.0,0.0,0.0,0.0,0.0,0.0,0.0,0.0,0.0,0.0,4976754631905287.0,9953509263810574.0,1.6502095629198064e+16,2.3050681994585556e+16,3.2482473696689988e+16,4.1914265398794424e+16,5.343834566758712e+16,6.496242593637981e+16,7.624052883773894e+16,8.75186317390981e+16,9.325887702868696e+16,9.899912231827579e+16,9.614066353949334e+16,9.32822047607109e+16,8.325163366743173e+16,7.322106257415256e+16,5.92909090708906e+16,4.5360755567628664e+16,3.2109070469314892e+16,1.8857385371001136e+16,1.113683953618083e+16,3416293701360529.0,1708146850680264.5,0.0,0.0,0.0,0.0,0.0,0.0,0.0,0.0,0.0,0.0,0.0,0.0,0.0,0.0,0.0,0.0,0.0,0.0,0.0,0.0,0.0,0.0,0.0,1123988935881097.9,2247977871762195.8,3441687141992946.0,4635396412223696.0,5298869052395506.0,5962341692567315.0,6562877554508600.0,7163413416449886.0,6917010745213740.0,6670608073977594.0,5085784610397508.0,3500961146817421.5,1826721249360912.2,152481351904402.5,76240675952201.25,0.0,0.0,0.0,0.0,0.0,0.0,0.0,0.0,0.0,0.0,0.0,0.0,0.0,0.0,0.0,0.0,0.0,0.0,0.0,0.0,0.0,0.0,0.0,0.0,0.0,0.0,0.0,0.0,0.0,0.0,0.0,0.0,0.0,0.0,0.0,0.0,0.0,0.0,0.0,0.0,0.0,0.0,0.0,0.0,0.0,0.0,0.0,0.0,0.0,0.0,0.0,0.0,0.0,0.0,0.0,0.0,0.0,0.0,0.0,0.0,0.0,0.0,0.0,0.0,0.0,0.0,0.0,0.0,0.0,0.0,0.0,0.0,0.0,0.0,0.0,0.0,0.0,0.0,0.0,0.0,0.0,0.0,0.0,0.0,0.0,0.0,0.0,0.0,0.0,0.0,0.0,0.0,0.0,0.0,0.0,0.0,0.0,0.0,0.0,0.0,0.0,0.0,0.0,0.0,0.0,0.0,0.0,0.0,0.0,0.0,0.0,0.0,0.0,0.0,0.0,0.0,0.0,0.0,0.0,0.0,0.0,0.0,0.0,0.0,0.0,0.0,0.0,0.0,0.0,0.0,0.0,0.0,0.0,0.0,0.0,0.0
31.6551986404463,104.031359076491,20.0562836186236,225.0,25.0,92.41806870497656,5.0,5.0,0.9844424606745333,7.660478385437308e+17,0.0,0.0,0.0,0.0,0.0,0.0,0.0,0.0,0.0,0.0,0.0,0.0,0.0,0.0,0.0,0.0,0.0,0.0,0.0,0.0,0.0,0.0,0.0,0.0,0.0,0.0,0.0,0.0,0.0,0.0,0.0,0.0,0.0,0.0,0.0,0.0,0.0,0.0,0.0,0.0,0.0,0.0,0.0,7396772150323322.0,1.4793544300646644e+16,2.576702853157168e+16,3.674051276249671e+16,5.0042828120039496e+16,6.3345143477582264e+16,7.715075602820053e+16,9.095636857881882e+16,1.0177876353654566e+17,1.1260115849427251e+17,1.1686671230252421e+17,1.2113226611077594e+17,1.1745573576486334e+17,1.1377920541895075e+17,1.0267580054516938e+17,9.157239567138802e+16,7.554078167661651e+16,5.950916768184503e+16,4.299777776143208e+16,2.6486387841019116e+16,1.528992221750499e+16,4093456593990862.0,2046728296995431.0,0.0,0.0,0.0,0.0,0.0,0.0,0.0,0.0,0.0,0.0,0.0,0.0,0.0,0.0,0.0,0.0,0.0,0.0,0.0,0.0,0.0,655629716853044.4,1311259433706088.8,2202251061518603.8,3093242689331118.5,3918869569083430.0,4744496448835742.0,5318158388467081.0,5891820328098421.0,6400140157438833.0,6908459986779244.0,6498486497358153.0,6088513007937062.0,4544476362596762.0,3000439717256462.5,1500219858628231.2,0.0,0.0,0.0,0.0,0.0,0.0,0.0,0.0,0.0,0.0,0.0,0.0,0.0,0.0,0.0,0.0,0.0,0.0,0.0,0.0,0.0,0.0,0.0,0.0,0.0,0.0,0.0,0.0,0.0,0.0,0.0,0.0,0.0,0.0,0.0,0.0,0.0,0.0,0.0,0.0,0.0,0.0,0.0,0.0,0.0,0.0,0.0,0.0,0.0,0.0,0.0,0.0,0.0,0.0,0.0,0.0,0.0,0.0,0.0,0.0,0.0,0.0,0.0,0.0,0.0,0.0,0.0,0.0,0.0,0.0,0.0,0.0,0.0,0.0,0.0,0.0,0.0,0.0,0.0,0.0,0.0,0.0,0.0,0.0,0.0,0.0,0.0,0.0,0.0,0.0,0.0,0.0,0.0,0.0,0.0,0.0,0.0,0.0,0.0,0.0,0.0,0.0,0.0,0.0,0.0,0.0,0.0,0.0,0.0,0.0,0.0,0.0,0.0,0.0,0.0,0.0,0.0,0.0,0.0,0.0,0.0,0.0,0.0,0.0,0.0,0.0,0.0,0.0,0.0,0.0,0.0,0.0,0.0,0.0,0.0,0.0,0.0,0.0
31.6845461890674,103.996729009693,21.9678796312896,225.0,20.0,91.13426582529617,5.0,5.0,0.8347182226709382,6.495393238442812e+17,0.0,0.0,0.0,0.0,0.0,0.0,0.0,0.0,0.0,0.0,0.0,0.0,0.0,0.0,0.0,0.0,0.0,0.0,0.0,0.0,0.0,0.0,0.0,0.0,0.0,0.0,0.0,0.0,0.0,0.0,0.0,0.0,0.0,0.0,0.0,0.0,0.0,0.0,0.0,0.0,0.0,0.0,0.0,5791344638704017.0,1.1582689277408034e+16,2.229583047302172e+16,3.300897166863541e+16,4.58236280426601e+16,5.863828441668479e+16,7.080199513328159e+16,8.296570584987842e+16,9.098360538211995e+16,9.900150491436147e+16,1.0135969802201386e+17,1.0371789112966622e+17,9.979563146253568e+16,9.587337179540517e+16,8.621977732147413e+16,7.656618284754307e+16,6.302817642448547e+16,4.949017000142786e+16,3.550211902787787e+16,2.1514068054327884e+16,1.1732376960466256e+16,1950685866604627.8,975342933302313.9,0.0,0.0,0.0,0.0,0.0,0.0,0.0,0.0,0.0,0.0,0.0,722521345341945.8,1445042690683891.5,1309423542055350.8,1173804393426810.2,586902196713405.1,0.0,0.0,0.0,0.0,0.0,425976972634540.7,851953945269081.4,1276146817235019.8,1700339689200958.2,1609767365376305.8,1519195041551653.8,1842572640737064.8,2165950239922476.0,2490543867375462.5,2815137494828449.0,2753872800099137.5,2692608105369826.0,1779187263727487.0,865766422085148.2,432883211042574.1,0.0,0.0,0.0,0.0,0.0,0.0,0.0,0.0,0.0,0.0,0.0,0.0,0.0,0.0,0.0,0.0,0.0,0.0,0.0,0.0,0.0,0.0,0.0,0.0,0.0,0.0,0.0,0.0,0.0,0.0,0.0,0.0,0.0,0.0,0.0,0.0,0.0,0.0,0.0,0.0,0.0,0.0,0.0,0.0,0.0,0.0,0.0,0.0,0.0,0.0,0.0,0.0,0.0,0.0,0.0,0.0,0.0,0.0,0.0,0.0,0.0,0.0,0.0,0.0,0.0,0.0,0.0,0.0,0.0,0.0,0.0,0.0,0.0,0.0,0.0,0.0,0.0,0.0,0.0,0.0,0.0,0.0,0.0,0.0,0.0,0.0,0.0,0.0,0.0,0.0,0.0,0.0,0.0,0.0,0.0,0.0,0.0,0.0,0.0,0.0,0.0,0.0,0.0,0.0,0.0,0.0,0.0,0.0,0.0,0.0,0.0,0.0,0.0,0.0,0.0,0.0,0.0,0.0,0.0,0.0,0.0,0.0,0.0,0.0,0.0,0.0,0.0,0.0,0.0,0.0,0.0,0.0,0.0,0.0,0.0,0.0,0.0,0.0
31.7148415399197,103.960968735546,23.46997760236,225.0,15.0,90.05968626985621,5.0,5.0,0.4052711632923544,3.153633768005988e+17,0.0,0.0,0.0,0.0,0.0,0.0,0.0,0.0,0.0,0.0,0.0,0.0,0.0,0.0,0.0,0.0,0.0,0.0,0.0,0.0,0.0,0.0,0.0,0.0,0.0,0.0,0.0,0.0,0.0,0.0,0.0,0.0,0.0,0.0,0.0,0.0,0.0,0.0,0.0,0.0,0.0,0.0,0.0,0.0,0.0,7260895326540973.0,1.4521790653081946e+16,2.24712339223719e+16,3.0420677191661856e+16,3.634298597180951e+16,4.2265294751957176e+16,4.585182691490744e+16,4.94383590778577e+16,4.976870820140312e+16,5.009905732494856e+16,4.7954367025253224e+16,4.580967672555788e+16,4.115857663797333e+16,3.6507476550388776e+16,3.028628469509991e+16,2.4065092839811052e+16,1.7122223434496866e+16,1.0179354029182684e+16,5089677014591342.0,0.0,0.0,0.0,0.0,0.0,0.0,0.0,0.0,0.0,0.0,0.0,280494217063240.44,560988434126480.9,2261722832215442.5,3962457230304404.0,3651062835438374.5,3339668440572345.5,1669834220286172.8,0.0,0.0,0.0,0.0,0.0,774159621613558.9,1548319243227117.8,1932652179619843.8,2316985116012570.0,1158492558006285.0,0.0,0.0,0.0,0.0,0.0,164089595954132.47,328179191908264.94,164089595954132.47,0.0,0.0,0.0,0.0,0.0,0.0,0.0,0.0,0.0,0.0,0.0,0.0,0.0,0.0,0.0,0.0,0.0,0.0,0.0,0.0,0.0,0.0,0.0,0.0,0.0,0.0,0.0,0.0,0.0,0.0,0.0,0.0,0.0,0.0,0.0,0.0,0.0,0.0,0.0,0.0,0.0,0.0,0.0,0.0,0.0,0.0,0.0,0.0,0.0,0.0,0.0,0.0,0.0,0.0,0.0,0.0,0.0,0.0,0.0,0.0,0.0,0.0,0.0,0.0,0.0,0.0,0.0,0.0,0.0,0.0,0.0,0.0,0.0,0.0,0.0,0.0,0.0,0.0,0.0,0.0,0.0,0.0,0.0,0.0,0.0,0.0,0.0,0.0,0.0,0.0,0.0,0.0,0.0,0.0,0.0,0.0,0.0,0.0,0.0,0.0,0.0,0.0,0.0,0.0,0.0,0.0,0.0,0.0,0.0,0.0,0.0,0.0,0.0,0.0,0.0,0.0,0.0,0.0,0.0,0.0,0.0,0.0,0.0,0.0,0.0,0.0,0.0,0.0,0.0,0.0,0.0,0.0,0.0,0.0,0.0,0.0,0.0,0.0,0.0,0.0
31.7458541270907,103.924370141132,24.5511456592836,225.0,10.0,90.0,5.0,5.0,0.0,0.0,0.0,0.0,0.0,0.0,0.0,0.0,0.0,0.0,0.0,0.0,0.0,0.0,0.0,0.0,0.0,0.0,0.0,0.0,0.0,0.0,0.0,0.0,0.0,0.0,0.0,0.0,0.0,0.0,0.0,0.0,0.0,0.0,0.0,0.0,0.0,0.0,0.0,0.0,0.0,0.0,0.0,0.0,0.0,0.0,0.0,0.0,0.0,0.0,0.0,0.0,0.0,0.0,0.0,0.0,0.0,0.0,0.0,0.0,0.0,0.0,0.0,0.0,0.0,0.0,0.0,0.0,0.0,0.0,0.0,0.0,0.0,0.0,0.0,0.0,0.0,0.0,0.0,0.0,0.0,0.0,0.0,0.0,0.0,0.0,0.0,0.0,0.0,0.0,0.0,0.0,0.0,0.0,0.0,0.0,0.0,0.0,0.0,0.0,0.0,0.0,0.0,0.0,0.0,0.0,0.0,0.0,0.0,0.0,0.0,0.0,0.0,0.0,0.0,0.0,0.0,0.0,0.0,0.0,0.0,0.0,0.0,0.0,0.0,0.0,0.0,0.0,0.0,0.0,0.0,0.0,0.0,0.0,0.0,0.0,0.0,0.0,0.0,0.0,0.0,0.0,0.0,0.0,0.0,0.0,0.0,0.0,0.0,0.0,0.0,0.0,0.0,0.0,0.0,0.0,0.0,0.0,0.0,0.0,0.0,0.0,0.0,0.0,0.0,0.0,0.0,0.0,0.0,0.0,0.0,0.0,0.0,0.0,0.0,0.0,0.0,0.0,0.0,0.0,0.0,0.0,0.0,0.0,0.0,0.0,0.0,0.0,0.0,0.0,0.0,0.0,0.0,0.0,0.0,0.0,0.0,0.0,0.0,0.0,0.0,0.0,0.0,0.0,0.0,0.0,0.0,0.0,0.0,0.0,0.0,0.0,0.0,0.0,0.0,0.0,0.0,0.0,0.0,0.0,0.0,0.0,0.0,0.0,0.0,0.0,0.0,0.0,0.0,0.0,0.0,0.0,0.0,0.0,0.0,0.0,0.0,0.0,0.0,0.0,0.0,0.0
31.5204653240472,104.115320178035,2.46201938253052,225.0,80.0,112.816948999081,5.0,5.0,2.8486613229383746,2.216697203089788e+18,0.0,0.0,0.0,0.0,0.0,0.0,0.0,0.0,0.0,0.0,0.0,0.0,0.0,0.0,0.0,0.0,0.0,0.0,0.0,0.0,0.0,0.0,0.0,0.0,0.0,0.0,0.0,0.0,0.0,0.0,0.0,0.0,0.0,0.0,0.0,0.0,0.0,0.0,0.0,0.0,0.0,6995296724523921.0,1.3990593449047842e+16,1.6673165941331124e+16,1.935573843361441e+16,1.6838067190500356e+16,1.4320395947386302e+16,1.049729850542026e+16,6674201063454218.0,3920018082540322.0,1165835101626425.5,582917550813212.8,0.0,1276816569935063.8,2553633139870127.5,9194874480971550.0,1.583611582207297e+16,2.767209083976204e+16,3.95080658574511e+16,5.348399376929798e+16,6.745992168114484e+16,7.818075273989315e+16,8.890158379864149e+16,9.262743548472586e+16,9.635328717081024e+16,9.30604225078555e+16,8.97675578449008e+16,9.079273311256083e+16,9.18179083802209e+16,1.1467667135753931e+17,1.3753543433485771e+17,1.7106984841602138e+17,2.0460426249718506e+17,2.3278788136914662e+17,2.6097150024110822e+17,2.7517337812943312e+17,2.89375256017758e+17,2.8448021379063523e+17,2.7958517156351245e+17,2.5427886406232915e+17,2.2897255656114586e+17,1.8870207077400128e+17,1.4843158498685667e+17,1.0744624383916691e+17,6.646090269147715e+16,4.075933319010454e+16,1.505776368873194e+16,1.1525971754652366e+16,7994179820572791.0,7021947459776326.0,6049715098979862.0,5513632220379776.0,4977549341779692.0,4854116292314240.0,4730683242848787.0,4316068991485277.5,3901454740121767.5,4000483601108564.0,4099512462095360.0,5172175286305247.0,6244838110515136.0,3122419055257568.0,0.0,0.0,0.0,0.0,0.0,0.0,0.0,0.0,0.0,0.0,0.0,0.0,0.0,0.0,0.0,0.0,0.0,0.0,0.0,0.0,0.0,0.0,0.0,0.0,0.0,0.0,0.0,0.0,0.0,0.0,0.0,0.0,0.0,0.0,0.0,0.0,0.0,0.0,0.0,0.0,0.0,0.0,0.0,0.0,0.0,0.0,0.0,0.0,0.0,0.0,0.0,0.0,0.0,0.0,0.0,0.0,0.0,0.0,0.0,0.0,0.0,0.0,0.0,0.0,0.0,0.0,0.0,0.0,0.0,0.0,0.0,0.0,0.0,0.0,0.0,0.0,0.0,0.0,0.0,0.0,0.0,0.0,0.0,0.0,0.0,0.0,0.0,0.0,0.0,0.0,0.0,0.0,0.0,0.0,0.0,0.0,0.0,0.0,0.0,0.0,0.0,0.0,0.0,0.0,0.0,0.0,0.0,0.0,0.0,0.0,0.0,0.0,0.0,0.0,0.0,0.0,0.0,0.0,0.0,0.0,0.0,0.0,0.0,0.0,0.0,0.0,0.0,0.0,0.0,0.0,0.0,0.0,0.0,0.0,0.0,0.0,0.0,0.0
31.5299447143265,104.104152809321,7.18980823265266,225.0,65.0,107.73381399013208,5.0,5.0,2.4267147167311403,1.8883577636832038e+18,0.0,0.0,0.0,0.0,0.0,0.0,0.0,0.0,0.0,0.0,0.0,0.0,0.0,0.0,0.0,0.0,0.0,0.0,0.0,0.0,0.0,0.0,0.0,0.0,0.0,0.0,0.0,0.0,0.0,0.0,0.0,0.0,0.0,0.0,0.0,0.0,0.0,0.0,0.0,0.0,0.0,6607865271966439.0,1.3215730543932878e+16,1.4798618260688378e+16,1.6381505977443872e+16,1.302591303934835e+16,9670320101252826.0,5718922815651805.0,1767525530050783.2,883762765025391.6,0.0,0.0,0.0,0.0,0.0,5398653648579296.0,1.0797307297158592e+16,2.1076279054880268e+16,3.1355250812601948e+16,4.31137107619228e+16,5.487217071124364e+16,6.367502425066194e+16,7.247787779008022e+16,7.470398346932526e+16,7.69300891485703e+16,7.248911186376702e+16,6.80481345789637e+16,7.110119518381561e+16,7.415425578866752e+16,9.939092641707286e+16,1.2462759704547824e+17,1.560206194800059e+17,1.8741364191453357e+17,2.1167509657826432e+17,2.3593655124199507e+17,2.470660511062848e+17,2.5819555097057453e+17,2.5350498156116058e+17,2.4881441215174666e+17,2.2623184902967178e+17,2.0364928590759683e+17,1.6670051146695933e+17,1.2975173702632186e+17,9.001227043508723e+16,5.027280384385262e+16,2.726008925672407e+16,4247374669595518.0,2388292585652253.5,529210501708989.75,264605250854494.88,0.0,338761942073577.0,677523884147154.0,1067857480308444.1,1458191076469734.2,1550817436712205.2,1643443796954676.8,3220644547056955.5,4797845297159234.0,5735135686131086.0,6672426075102938.0,3336213037551469.0,0.0,0.0,0.0,0.0,0.0,0.0,0.0,0.0,0.0,0.0,0.0,0.0,0.0,0.0,0.0,0.0,0.0,0.0,0.0,0.0,0.0,0.0,0.0,0.0,0.0,0.0,0.0,0.0,0.0,0.0,0.0,0.0,0.0,0.0,0.0,0.0,0.0,0.0,0.0,0.0,0.0,0.0,0.0,0.0,0.0,0.0,0.0,0.0,0.0,0.0,0.0,0.0,0.0,0.0,0.0,0.0,0.0,0.0,0.0,0.0,0.0,0.0,0.0,0.0,0.0,0.0,0.0,0.0,0.0,0.0,0.0,0.0,0.0,0.0,0.0,0.0,0.0,0.0,0.0,0.0,0.0,0.0,0.0,0.0,0.0,0.0,0.0,0.0,0.0,0.0,0.0,0.0,0.0,0.0,0.0,0.0,0.0,0.0,0.0,0.0,0.0,0.0,0.0,0.0,0.0,0.0,0.0,0.0,0.0,0.0,0.0,0.0,0.0,0.0,0.0,0.0,0.0,0.0,0.0,0.0,0.0,0.0,0.0,0.0,0.0,0.0,0.0,0.0,0.0,0.0,0.0,0.0,0.0,0.0,0.0,0.0,0.0,0.0
31.5468824411441,104.084190009365,11.3706888080417,225.0,50.0,105.3307541372214,5.0,5.0,1.506316028217023,1.1721458426211894e+18,0.0,0.0,0.0,0.0,0.0,0.0,0.0,0.0,0.0,0.0,0.0,0.0,0.0,0.0,0.0,0.0,0.0,0.0,0.0,0.0,0.0,0.0,0.0,0.0,0.0,0.0,0.0,0.0,0.0,0.0,0.0,0.0,0.0,0.0,0.0,0.0,0.0,0.0,0.0,0.0,0.0,6740357735252999.0,1.3480715470505998e+16,1.376351477265182e+16,1.4046314074797648e+16,1.028043841023424e+16,6514562745670835.0,3257281372835417.5,0.0,852602028696585.9,1705204057393171.8,4613626423950573.0,7522048790507974.0,9470854898421748.0,1.1419661006335516e+16,1.1988588947043492e+16,1.2557516887751466e+16,1.6885610834745462e+16,2.121370478173946e+16,2.892091005141304e+16,3.6628115321086616e+16,4.140996913555739e+16,4.619182295002817e+16,4.555325579189506e+16,4.491468863376195e+16,3.959036119243377e+16,3.4266033751105584e+16,3.7686321950571976e+16,4.110661015003837e+16,6.1040530965573704e+16,8.097445178110904e+16,1.008797580765809e+17,1.2078506437205278e+17,1.3356605027862488e+17,1.4634703618519696e+17,1.512359589779978e+17,1.5612488177079862e+17,1.5211833527680886e+17,1.481117887828191e+17,1.3366742550754442e+17,1.1922306223226973e+17,9.500996094477106e+16,7.07968596572724e+16,4.6308199168744136e+16,2.181953868021586e+16,1.1578169617831888e+16,1336800555447912.2,668400277723956.1,0.0,217584320246961.66,435168640493923.3,1527218016165179.2,2619267391836435.0,3569086962482423.5,4518906533128411.0,4560354884280612.0,4601803235432813.0,3497267279340184.5,2392731323247556.5,1442107091196318.0,491482859145079.44,245741429572539.72,0.0,0.0,0.0,0.0,0.0,0.0,0.0,0.0,0.0,0.0,0.0,0.0,0.0,0.0,0.0,0.0,0.0,0.0,0.0,0.0,0.0,0.0,0.0,0.0,0.0,0.0,0.0,0.0,0.0,0.0,0.0,0.0,0.0,0.0,0.0,0.0,0.0,0.0,0.0,0.0,0.0,0.0,0.0,0.0,0.0,0.0,0.0,0.0,0.0,0.0,0.0,0.0,0.0,0.0,0.0,0.0,0.0,0.0,0.0,0.0,0.0,0.0,0.0,0.0,0.0,0.0,0.0,0.0,0.0,0.0,0.0,0.0,0.0,0.0,0.0,0.0,0.0,0.0,0.0,0.0,0.0,0.0,0.0,0.0,0.0,0.0,0.0,0.0,0.0,0.0,0.0,0.0,0.0,0.0,0.0,0.0,0.0,0.0,0.0,0.0,0.0,0.0,0.0,0.0,0.0,0.0,0.0,0.0,0.0,0.0,0.0,0.0,0.0,0.0,0.0,0.0,0.0,0.0,0.0,0.0,0.0,0.0,0.0,0.0,0.0,0.0,0.0,0.0,0.0,0.0,0.0,0.0,0.0,0.0,0.0,0.0,0.0,0.0
31.5692799265365,104.057780933575,14.8927689400555,225.0,40.0,106.12277031650815,5.0,5.0,0.8479069279055063,6.598021675773814e+17,0.0,0.0,0.0,0.0,0.0,0.0,0.0,0.0,0.0,0.0,0.0,0.0,0.0,0.0,0.0,0.0,0.0,0.0,0.0,0.0,0.0,0.0,0.0,0.0,0.0,0.0,0.0,0.0,0.0,0.0,0.0,0.0,0.0,0.0,0.0,0.0,0.0,0.0,0.0,0.0,0.0,7115295492384161.0,1.4230590984768322e+16,1.618632967683925e+16,1.814206836891018e+16,1.7473156206195722e+16,1.6804244043481258e+16,1.7510564122628932e+16,1.8216884201776604e+16,2.2229977924504664e+16,2.624307164723273e+16,3.1628449864109156e+16,3.701382808098558e+16,4.027643831021249e+16,4.353904853943941e+16,4.1465493648504104e+16,3.939193875756881e+16,3.3168836530333144e+16,2.6945734303097476e+16,2.4610251521459684e+16,2.2274768739821884e+16,2.3009667637946772e+16,2.3744566536071656e+16,2.1597254016606184e+16,1.9449941497140704e+16,1.489857707779393e+16,1.0347212658447158e+16,1.1959194775010526e+16,1.3571176891573892e+16,2.1577572323223704e+16,2.958396775487351e+16,3.639507350324428e+16,4.320617925161505e+16,4.703748473637835e+16,5.0868790221141656e+16,5.191177152395405e+16,5.295475282676645e+16,5.091437750395151e+16,4.887400218113656e+16,4.304954826705482e+16,3.722509435297307e+16,2.718373408880894e+16,1.7142373824644812e+16,1.0195337995769642e+16,3248302166894472.5,2267118567863074.0,1285934968831675.8,2200595500929566.8,3115256033027457.5,4246076254495385.5,5376896475963313.0,7159470892765034.0,8942045309566752.0,9901640814309718.0,1.0861236319052684e+16,1.050293333895763e+16,1.014463035886258e+16,7987472835841713.0,5830315312820848.0,3528815140857850.0,1227314968894853.8,613657484447426.9,0.0,0.0,0.0,0.0,0.0,0.0,0.0,0.0,0.0,0.0,0.0,0.0,0.0,0.0,0.0,0.0,0.0,0.0,0.0,0.0,0.0,0.0,0.0,0.0,0.0,0.0,0.0,0.0,0.0,0.0,0.0,0.0,0.0,0.0,0.0,0.0,0.0,0.0,0.0,0.0,0.0,0.0,0.0,0.0,0.0,0.0,0.0,0.0,0.0,0.0,0.0,0.0,0.0,0.0,0.0,0.0,0.0,0.0,0.0,0.0,0.0,0.0,0.0,0.0,0.0,0.0,0.0,0.0,0.0,0.0,0.0,0.0,0.0,0.0,0.0,0.0,0.0,0.0,0.0,0.0,0.0,0.0,0.0,0.0,0.0,0.0,0.0,0.0,0.0,0.0,0.0,0.0,0.0,0.0,0.0,0.0,0.0,0.0,0.0,0.0,0.0,0.0,0.0,0.0,0.0,0.0,0.0,0.0,0.0,0.0,0.0,0.0,0.0,0.0,0.0,0.0,0.0,0.0,0.0,0.0,0.0,0.0,0.0,0.0,0.0,0.0,0.0,0.0,0.0,0.0,0.0,0.0,0.0,0.0,0.0,0.0,0.0,0.0
31.5952264263216,104.027175544246,17.7497379642719,225.0,30.0,102.17282288821684,5.0,5.0,0.8082658160599571,6.289552778303199e+17,0.0,0.0,0.0,0.0,0.0,0.0,0.0,0.0,0.0,0.0,0.0,0.0,0.0,0.0,0.0,0.0,0.0,0.0,0.0,0.0,0.0,0.0,0.0,0.0,0.0,0.0,0.0,0.0,0.0,0.0,0.0,0.0,0.0,0.0,0.0,0.0,0.0,0.0,0.0,0.0,0.0,7932982233857674.0,1.5865964467715348e+16,2.1272601422725796e+16,2.667923837773625e+16,3.1453685927633668e+16,3.622813347753108e+16,4.229937206677095e+16,4.837061065601083e+16,5.659182652870522e+16,6.481304240139961e+16,7.236845726654122e+16,7.992387213168282e+16,8.31196065751843e+16,8.631534101868576e+16,8.236825171431416e+16,7.842116240994258e+16,6.860233683761981e+16,5.878351126529706e+16,4.645877792847004e+16,3.413404459164304e+16,2.4340695164776068e+16,1.4547345737909102e+16,9611427792291050.0,4675509846672996.0,2537026276167956.5,398542705662916.56,199271352831458.28,0.0,0.0,0.0,0.0,0.0,0.0,0.0,0.0,0.0,0.0,0.0,136639006171743.83,273278012343487.66,634227543851164.6,995177075358841.6,1258161236350688.8,1521145397342535.8,2652585563549289.0,3784025729756042.0,5737633671987241.0,7691241614218439.0,9882818433849284.0,1.2074395253480124e+16,1.3786744169357074e+16,1.549909308523402e+16,1.5368393789372072e+16,1.5237694493510124e+16,1.3896813260252736e+16,1.255593202699535e+16,1.0149855545400216e+16,7743779063805083.0,5083488027095744.0,2423196990386404.5,1211598495193202.2,0.0,0.0,0.0,0.0,0.0,0.0,0.0,0.0,0.0,0.0,0.0,0.0,0.0,0.0,0.0,0.0,0.0,0.0,0.0,0.0,0.0,0.0,0.0,0.0,0.0,0.0,0.0,0.0,0.0,0.0,0.0,0.0,0.0,0.0,0.0,0.0,0.0,0.0,0.0,0.0,0.0,0.0,0.0,0.0,0.0,0.0,0.0,0.0,0.0,0.0,0.0,0.0,0.0,0.0,0.0,0.0,0.0,0.0,0.0,0.0,0.0,0.0,0.0,0.0,0.0,0.0,0.0,0.0,0.0,0.0,0.0,0.0,0.0,0.0,0.0,0.0,0.0,0.0,0.0,0.0,0.0,0.0,0.0,0.0,0.0,0.0,0.0,0.0,0.0,0.0,0.0,0.0,0.0,0.0,0.0,0.0,0.0,0.0,0.0,0.0,0.0,0.0,0.0,0.0,0.0,0.0,0.0,0.0,0.0,0.0,0.0,0.0,0.0,0.0,0.0,0.0,0.0,0.0,0.0,0.0,0.0,0.0,0.0,0.0,0.0,0.0,0.0,0.0,0.0,0.0,0.0,0.0,0.0,0.0,0.0,0.0,0.0,0.0
31.6234028201457,103.993928134043,20.0562836186236,225.0,25.0,97.67768383533729,5.0,5.0,1.048100629802528,8.155836974833563e+17,0.0,0.0,0.0,0.0,0.0,0.0,0.0,0.0,0.0,0.0,0.0,0.0,0.0,0.0,0.0,0.0,0.0,0.0,0.0,0.0,0.0,0.0,0.0,0.0,0.0,0.0,0.0,0.0,0.0,0.0,0.0,0.0,0.0,0.0,0.0,0.0,0.0,0.0,0.0,0.0,0.0,8044838851994621.0,1.6089677703989242e+16,2.426819184993702e+16,3.244670599588479e+16,4.173159037211386e+16,5.101647474834293e+16,6.15705479593667e+16,7.212462117039051e+16,8.242869946419104e+16,9.273277775799155e+16,9.998765163092763e+16,1.0724252550386371e+17,1.0867835378441725e+17,1.101141820649708e+17,1.049937378594838e+17,9.987329365399686e+16,8.86097421204804e+16,7.734619058696394e+16,6.265732378724494e+16,4.7968456987525944e+16,3.396910189178708e+16,1.9969746796048224e+16,1.1319801012390954e+16,2669855228733687.0,1334927614366843.5,0.0,0.0,0.0,0.0,0.0,0.0,0.0,0.0,0.0,0.0,0.0,0.0,0.0,0.0,0.0,0.0,0.0,1019809711094430.5,2039619422188861.0,4237913975930123.5,6436208529671387.0,9287908871797476.0,1.2139609213923568e+16,1.3791750185869538e+16,1.5443891157815506e+16,1.589410882151384e+16,1.6344326485212174e+16,1.5244731474064028e+16,1.4145136462915882e+16,1.255768481611636e+16,1.097023316931684e+16,8677720353528157.0,6385207537739476.0,4235082421804909.5,2084957305870343.0,1042478652935171.5,0.0,0.0,0.0,0.0,0.0,0.0,0.0,0.0,0.0,0.0,0.0,0.0,0.0,0.0,0.0,0.0,0.0,0.0,0.0,0.0,0.0,0.0,0.0,0.0,0.0,0.0,0.0,0.0,0.0,0.0,0.0,0.0,0.0,0.0,0.0,0.0,0.0,0.0,0.0,0.0,0.0,0.0,0.0,0.0,0.0,0.0,0.0,0.0,0.0,0.0,0.0,0.0,0.0,0.0,0.0,0.0,0.0,0.0,0.0,0.0,0.0,0.0,0.0,0.0,0.0,0.0,0.0,0.0,0.0,0.0,0.0,0.0,0.0,0.0,0.0,0.0,0.0,0.0,0.0,0.0,0.0,0.0,0.0,0.0,0.0,0.0,0.0,0.0,0.0,0.0,0.0,0.0,0.0,0.0,0.0,0.0,0.0,0.0,0.0,0.0,0.0,0.0,0.0,0.0,0.0,0.0,0.0,0.0,0.0,0.0,0.0,0.0,0.0,0.0,0.0,0.0,0.0,0.0,0.0,0.0,0.0,0.0,0.0,0.0,0.0,0.0,0.0,0.0,0.0,0.0,0.0,0.0,0.0,0.0,0.0,0.0,0.0,0.0
31.6527503687667,103.959286386542,21.9678796312896,225.0,20.0,95.32854600503556,5.0,5.0,0.8990964871166028,6.99635527835733e+17,0.0,0.0,0.0,0.0,0.0,0.0,0.0,0.0,0.0,0.0,0.0,0.0,0.0,0.0,0.0,0.0,0.0,0.0,0.0,0.0,0.0,0.0,0.0,0.0,0.0,0.0,0.0,0.0,0.0,0.0,0.0,0.0,0.0,0.0,0.0,0.0,0.0,0.0,0.0,0.0,0.0,5675986537311820.0,1.135197307462364e+16,1.9061750879196236e+16,2.6771528683768828e+16,3.692853218642563e+16,4.7085535689082424e+16,5.775303963352309e+16,6.842054357796375e+16,7.728383407695747e+16,8.614712457595117e+16,9.08102423270299e+16,9.547336007810862e+16,9.535757268586363e+16,9.524178529361861e+16,9.024231402580002e+16,8.524284275798142e+16,7.558848847287085e+16,6.593413418776029e+16,5.375977031935335e+16,4.15854064509464e+16,2.9600515312409736e+16,1.761562417387307e+16,9613091617616226.0,1610559061359380.2,805279530679690.1,0.0,0.0,0.0,0.0,0.0,0.0,0.0,0.0,0.0,0.0,0.0,682303389894435.0,1364606779788870.0,1066260225525797.2,767913671262724.6,383956835631362.3,0.0,782531865471925.2,1565063730943850.5,3837807331400114.0,6110550931856379.0,8031753462003565.0,9952955992150752.0,1.0360034368344524e+16,1.0767112744538296e+16,1.0097328142026362e+16,9427543539514428.0,8188831197106914.0,6950118854699399.0,6255864535102110.0,5561610215504822.0,4606163043785378.0,3650715872065932.5,2343816885217927.5,1036917898369923.6,518458949184961.8,0.0,0.0,0.0,0.0,0.0,0.0,0.0,0.0,0.0,0.0,0.0,0.0,0.0,0.0,0.0,0.0,0.0,0.0,0.0,0.0,0.0,0.0,0.0,0.0,0.0,0.0,0.0,0.0,0.0,0.0,0.0,0.0,0.0,0.0,0.0,0.0,0.0,0.0,0.0,0.0,0.0,0.0,0.0,0.0,0.0,0.0,0.0,0.0,0.0,0.0,0.0,0.0,0.0,0.0,0.0,0.0,0.0,0.0,0.0,0.0,0.0,0.0,0.0,0.0,0.0,0.0,0.0,0.0,0.0,0.0,0.0,0.0,0.0,0.0,0.0,0.0,0.0,0.0,0.0,0.0,0.0,0.0,0.0,0.0,0.0,0.0,0.0,0.0,0.0,0.0,0.0,0.0,0.0,0.0,0.0,0.0,0.0,0.0,0.0,0.0,0.0,0.0,0.0,0.0,0.0,0.0,0.0,0.0,0.0,0.0,0.0,0.0,0.0,0.0,0.0,0.0,0.0,0.0,0.0,0.0,0.0,0.0,0.0,0.0,0.0,0.0,0.0,0.0,0.0,0.0,0.0,0.0,0.0,0.0,0.0,0.0,0.0,0.0
31.6830457196191,103.923513983817,23.46997760236,225.0,15.0,93.62081654784787,5.0,5.0,0.4478282042244026,3.484793084300358e+17,0.0,0.0,0.0,0.0,0.0,0.0,0.0,0.0,0.0,0.0,0.0,0.0,0.0,0.0,0.0,0.0,0.0,0.0,0.0,0.0,0.0,0.0,0.0,0.0,0.0,0.0,0.0,0.0,0.0,0.0,0.0,0.0,0.0,0.0,0.0,0.0,0.0,0.0,0.0,0.0,0.0,2296052894399118.0,4592105788798236.0,8019820838466096.0,1.1447535888133954e+16,1.7482060994592148e+16,2.351658610105034e+16,2.9808579541700548e+16,3.610057298235075e+16,4.049092939096835e+16,4.4881285799585944e+16,4.671616362129258e+16,4.855104144299923e+16,4.768839937816946e+16,4.682575731333968e+16,4.379135716474386e+16,4.0756957016148024e+16,3.665419449934302e+16,3.2551431982538024e+16,2.6794337462549696e+16,2.1037242942561372e+16,1.4772419180914412e+16,8507595419267450.0,4253797709633725.0,0.0,0.0,0.0,0.0,0.0,0.0,0.0,0.0,0.0,0.0,0.0,447603468113539.0,895206936227078.0,2651095115362022.5,4406983294496966.5,3901200895113596.0,3395418495730224.0,1702181404287061.8,8944312843899.193,444373747029988.44,879803181216077.5,1812559684012386.8,2745316186808696.0,3638077282943928.5,4530838379079161.0,4548591685016630.0,4566344990954100.0,3668736903398301.0,2771128815842502.0,2127730238444195.0,1484331661045887.8,1606001389359592.8,1727671117673297.8,1715013729134714.0,1702356340596130.2,1149604190672452.5,596852040748774.8,298426020374387.4,0.0,0.0,0.0,0.0,0.0,0.0,0.0,0.0,0.0,0.0,0.0,0.0,0.0,0.0,0.0,0.0,0.0,0.0,0.0,0.0,0.0,0.0,0.0,0.0,0.0,0.0,0.0,0.0,0.0,0.0,0.0,0.0,0.0,0.0,0.0,0.0,0.0,0.0,0.0,0.0,0.0,0.0,0.0,0.0,0.0,0.0,0.0,0.0,0.0,0.0,0.0,0.0,0.0,0.0,0.0,0.0,0.0,0.0,0.0,0.0,0.0,0.0,0.0,0.0,0.0,0.0,0.0,0.0,0.0,0.0,0.0,0.0,0.0,0.0,0.0,0.0,0.0,0.0,0.0,0.0,0.0,0.0,0.0,0.0,0.0,0.0,0.0,0.0,0.0,0.0,0.0,0.0,0.0,0.0,0.0,0.0,0.0,0.0,0.0,0.0,0.0,0.0,0.0,0.0,0.0,0.0,0.0,0.0,0.0,0.0,0.0,0.0,0.0,0.0,0.0,0.0,0.0,0.0,0.0,0.0,0.0,0.0,0.0,0.0,0.0,0.0,0.0,0.0,0.0,0.0,0.0,0.0,0.0,0.0,0.0,0.0,0.0,0.0
31.71405830679,103.886906096922,24.5511456592836,225.0,10.0,90.0,5.0,5.0,0.0,0.0,0.0,0.0,0.0,0.0,0.0,0.0,0.0,0.0,0.0,0.0,0.0,0.0,0.0,0.0,0.0,0.0,0.0,0.0,0.0,0.0,0.0,0.0,0.0,0.0,0.0,0.0,0.0,0.0,0.0,0.0,0.0,0.0,0.0,0.0,0.0,0.0,0.0,0.0,0.0,0.0,0.0,0.0,0.0,0.0,0.0,0.0,0.0,0.0,0.0,0.0,0.0,0.0,0.0,0.0,0.0,0.0,0.0,0.0,0.0,0.0,0.0,0.0,0.0,0.0,0.0,0.0,0.0,0.0,0.0,0.0,0.0,0.0,0.0,0.0,0.0,0.0,0.0,0.0,0.0,0.0,0.0,0.0,0.0,0.0,0.0,0.0,0.0,0.0,0.0,0.0,0.0,0.0,0.0,0.0,0.0,0.0,0.0,0.0,0.0,0.0,0.0,0.0,0.0,0.0,0.0,0.0,0.0,0.0,0.0,0.0,0.0,0.0,0.0,0.0,0.0,0.0,0.0,0.0,0.0,0.0,0.0,0.0,0.0,0.0,0.0,0.0,0.0,0.0,0.0,0.0,0.0,0.0,0.0,0.0,0.0,0.0,0.0,0.0,0.0,0.0,0.0,0.0,0.0,0.0,0.0,0.0,0.0,0.0,0.0,0.0,0.0,0.0,0.0,0.0,0.0,0.0,0.0,0.0,0.0,0.0,0.0,0.0,0.0,0.0,0.0,0.0,0.0,0.0,0.0,0.0,0.0,0.0,0.0,0.0,0.0,0.0,0.0,0.0,0.0,0.0,0.0,0.0,0.0,0.0,0.0,0.0,0.0,0.0,0.0,0.0,0.0,0.0,0.0,0.0,0.0,0.0,0.0,0.0,0.0,0.0,0.0,0.0,0.0,0.0,0.0,0.0,0.0,0.0,0.0,0.0,0.0,0.0,0.0,0.0,0.0,0.0,0.0,0.0,0.0,0.0,0.0,0.0,0.0,0.0,0.0,0.0,0.0,0.0,0.0,0.0,0.0,0.0,0.0,0.0,0.0,0.0,0.0,0.0,0.0,0.0
31.4886695037465,104.077925773821,2.46201938253052,225.0,80.0,121.63854041172208,5.0,5.0,3.1819210989559163,2.4760246308369423e+18,0.0,0.0,0.0,0.0,0.0,0.0,0.0,0.0,0.0,0.0,0.0,0.0,0.0,0.0,0.0,0.0,0.0,0.0,0.0,0.0,0.0,0.0,0.0,0.0,0.0,0.0,0.0,0.0,0.0,0.0,0.0,0.0,0.0,0.0,0.0,0.0,0.0,0.0,0.0,1.16558343282705e+16,2.3311668656541e+16,3.052756873974778e+16,3.774346882295454e+16,3.633551218516628e+16,3.492755554737802e+16,2.7729389637577156e+16,2.0531223727776292e+16,1.373501581116673e+16,6938807894557170.0,3817471366056783.0,696134837556396.5,348067418778198.25,0.0,2219172396055893.0,4438344792111786.0,1.3451642465425982e+16,2.2464940138740176e+16,3.781294306609411e+16,5.316094599344804e+16,7.0287620568888744e+16,8.741429514432946e+16,1.0077171420736821e+17,1.1412913327040698e+17,1.1945263797572072e+17,1.2477614268103443e+17,1.2225633456289814e+17,1.1973652644476187e+17,1.2014894507577709e+17,1.2056136370679232e+17,1.4038700613468189e+17,1.6021264856257142e+17,1.9012836898351043e+17,2.2004408940444944e+17,2.4424885483834058e+17,2.6845362027223178e+17,2.782953688126896e+17,2.8813711735314746e+17,2.8075574880488422e+17,2.7337438025662102e+17,2.479372597808582e+17,2.225001393050954e+17,1.8371509025364166e+17,1.4493004120218794e+17,1.0591903874289646e+17,6.690803628360498e+16,4.382858111563288e+16,2.0749125947660776e+16,1.6528309332828988e+16,1.2307492717997208e+16,1.0384046915622124e+16,8460601113247043.0,7804605792320382.0,7148610471393718.0,6596221160303866.0,6043831849214014.0,5131567438199355.0,4219303027184696.5,2962172219565864.5,1705041411947031.5,852520705973515.8,0.0,0.0,0.0,0.0,0.0,0.0,0.0,0.0,0.0,0.0,0.0,0.0,0.0,0.0,0.0,0.0,0.0,0.0,0.0,0.0,0.0,0.0,0.0,0.0,0.0,0.0,0.0,0.0,0.0,0.0,0.0,0.0,0.0,0.0,0.0,0.0,0.0,0.0,0.0,0.0,0.0,0.0,0.0,0.0,0.0,0.0,0.0,0.0,0.0,0.0,0.0,0.0,0.0,0.0,0.0,0.0,0.0,0.0,0.0,0.0,0.0,0.0,0.0,0.0,0.0,0.0,0.0,0.0,0.0,0.0,0.0,0.0,0.0,0.0,0.0,0.0,0.0,0.0,0.0,0.0,0.0,0.0,0.0,0.0,0.0,0.0,0.0,0.0,0.0,0.0,0.0,0.0,0.0,0.0,0.0,0.0,0.0,0.0,0.0,0.0,0.0,0.0,0.0,0.0,0.0,0.0,0.0,0.0,0.0,0.0,0.0,0.0,0.0,0.0,0.0,0.0,0.0,0.0,0.0,0.0,0.0,0.0,0.0,0.0,0.0,0.0,0.0,0.0,0.0,0.0,0.0,0.0,0.0,0.0,0.0,0.0,0.0,0.0,0.0,0.0
31.4981488940259,104.066755931843,7.18980823265266,225.0,65.0,119.48154443626237,5.0,5.0,2.7628990883249314,2.1499609771763986e+18,0.0,0.0,0.0,0.0,0.0,0.0,0.0,0.0,0.0,0.0,0.0,0.0,0.0,0.0,0.0,0.0,0.0,0.0,0.0,0.0,0.0,0.0,0.0,0.0,0.0,0.0,0.0,0.0,0.0,0.0,0.0,0.0,0.0,0.0,0.0,0.0,0.0,0.0,0.0,1.2572948563111214e+16,2.5145897126222428e+16,3.129782447569347e+16,3.744975182516452e+16,3.4201055425694784e+16,3.095235902622504e+16,2.2713074500151068e+16,1.4473789974077092e+16,8193445618802385.0,1913101263527678.8,956550631763839.4,0.0,0.0,0.0,1523411565438589.8,3046823130877179.5,1.1468626704284828e+16,1.989043027769248e+16,3.381928722669208e+16,4.774814417569168e+16,6.2960433724948936e+16,7.817272327420618e+16,8.926506337653339e+16,1.0035740347886056e+17,1.0398624552581458e+17,1.0761508757276859e+17,1.0346677610467742e+17,9.931846463658627e+16,1.0042499263595469e+17,1.0153152063532309e+17,1.22695930556259e+17,1.4386034047719493e+17,1.710984968078979e+17,1.983366531386008e+17,2.182343686673466e+17,2.381320841960924e+17,2.451134100069568e+17,2.5209473581782115e+17,2.4493302014430237e+17,2.3777130447078355e+17,2.1520262500427834e+17,1.9263394553777312e+17,1.577747550372953e+17,1.2291556453681742e+17,8.648053028933618e+16,5.004549604185493e+16,3.189380564498419e+16,1.3742115248113458e+16,1.1047587786726754e+16,8353060325340055.0,7157498130688596.0,5961935936037136.0,5996337638471513.0,6030739340905890.0,6034018808349242.0,6037298275792596.0,5354641722285286.0,4671985168777975.0,3215103718023992.0,1758222267270009.5,879111133635004.8,0.0,0.0,0.0,0.0,0.0,0.0,0.0,0.0,0.0,0.0,0.0,0.0,0.0,0.0,0.0,0.0,0.0,0.0,0.0,0.0,0.0,0.0,0.0,0.0,0.0,0.0,0.0,0.0,0.0,0.0,0.0,0.0,0.0,0.0,0.0,0.0,0.0,0.0,0.0,0.0,0.0,0.0,0.0,0.0,0.0,0.0,0.0,0.0,0.0,0.0,0.0,0.0,0.0,0.0,0.0,0.0,0.0,0.0,0.0,0.0,0.0,0.0,0.0,0.0,0.0,0.0,0.0,0.0,0.0,0.0,0.0,0.0,0.0,0.0,0.0,0.0,0.0,0.0,0.0,0.0,0.0,0.0,0.0,0.0,0.0,0.0,0.0,0.0,0.0,0.0,0.0,0.0,0.0,0.0,0.0,0.0,0.0,0.0,0.0,0.0,0.0,0.0,0.0,0.0,0.0,0.0,0.0,0.0,0.0,0.0,0.0,0.0,0.0,0.0,0.0,0.0,0.0,0.0,0.0,0.0,0.0,0.0,0.0,0.0,0.0,0.0,0.0,0.0,0.0,0.0,0.0,0.0,0.0,0.0,0.0,0.0,0.0,0.0,0.0,0.0
31.5150866208435,104.046787791336,11.3706888080417,225.0,50.0,121.54967935536966,5.0,5.0,1.817341529352839,1.4141715804320292e+18,0.0,0.0,0.0,0.0,0.0,0.0,0.0,0.0,0.0,0.0,0.0,0.0,0.0,0.0,0.0,0.0,0.0,0.0,0.0,0.0,0.0,0.0,0.0,0.0,0.0,0.0,0.0,0.0,0.0,0.0,0.0,0.0,0.0,0.0,0.0,0.0,0.0,0.0,0.0,1.4232164650974844e+16,2.846432930194969e+16,3.3968168780465844e+16,3.947200825898199e+16,3.4339197693692124e+16,2.9206387128402252e+16,2.0367594258512104e+16,1.1528801388621956e+16,5764400694310978.0,0.0,0.0,0.0,2358409044906805.5,4716818089813611.0,6430582672492400.0,8144347255171189.0,1.2109439020741818e+16,1.6074530786312444e+16,2.6561989460342936e+16,3.704944813437342e+16,4.81727470259642e+16,5.9296045917554984e+16,6.6389470455852056e+16,7.34828949941491e+16,7.365021878972277e+16,7.381754258529642e+16,6.7958274651342776e+16,6.209900671738914e+16,6.146182587271691e+16,6.0824645028044664e+16,7.611760693791704e+16,9.141056884778939e+16,1.0829195477538554e+17,1.2517334070298165e+17,1.3472152343900515e+17,1.442697061750287e+17,1.4621529618533603e+17,1.481608861956434e+17,1.4294677556417875e+17,1.3773266493271411e+17,1.2394718158809622e+17,1.1016169824347832e+17,8.81557872540515e+16,6.614987626462465e+16,4.5449113841684824e+16,2.4748351418744976e+16,1.7802534988799526e+16,1.0856718558854076e+16,9555225930105756.0,8253733301357437.0,8250872192305086.0,8248011083252736.0,9464501746716054.0,1.0680992410179372e+16,1.1139153446484942e+16,1.1597314482790512e+16,1.026309573348145e+16,8928876984172392.0,6275456114264471.0,3622035244356551.5,1811017622178275.8,0.0,0.0,0.0,0.0,0.0,0.0,0.0,0.0,0.0,0.0,0.0,0.0,0.0,0.0,0.0,0.0,0.0,0.0,0.0,0.0,0.0,0.0,0.0,0.0,0.0,0.0,0.0,0.0,0.0,0.0,0.0,0.0,0.0,0.0,0.0,0.0,0.0,0.0,0.0,0.0,0.0,0.0,0.0,0.0,0.0,0.0,0.0,0.0,0.0,0.0,0.0,0.0,0.0,0.0,0.0,0.0,0.0,0.0,0.0,0.0,0.0,0.0,0.0,0.0,0.0,0.0,0.0,0.0,0.0,0.0,0.0,0.0,0.0,0.0,0.0,0.0,0.0,0.0,0.0,0.0,0.0,0.0,0.0,0.0,0.0,0.0,0.0,0.0,0.0,0.0,0.0,0.0,0.0,0.0,0.0,0.0,0.0,0.0,0.0,0.0,0.0,0.0,0.0,0.0,0.0,0.0,0.0,0.0,0.0,0.0,0.0,0.0,0.0,0.0,0.0,0.0,0.0,0.0,0.0,0.0,0.0,0.0,0.0,0.0,0.0,0.0,0.0,0.0,0.0,0.0,0.0,0.0,0.0,0.0,0.0,0.0,0.0,0.0,0.0,0.0
31.5374841062359,104.020370757332,14.8927689400555,225.0,40.0,126.95805321170918,5.0,5.0,1.0801552922491702,8.405271612848608e+17,0.0,0.0,0.0,0.0,0.0,0.0,0.0,0.0,0.0,0.0,0.0,0.0,0.0,0.0,0.0,0.0,0.0,0.0,0.0,0.0,0.0,0.0,0.0,0.0,0.0,0.0,0.0,0.0,0.0,0.0,0.0,0.0,0.0,0.0,0.0,0.0,0.0,0.0,0.0,1.4420142775327386e+16,2.8840285550654772e+16,3.499448270975799e+16,4.1148679868861224e+16,3.7926516556204504e+16,3.470435324354779e+16,2.8811702488526844e+16,2.2919051733505892e+16,2.056302727421522e+16,1.8207002814924544e+16,1.9948835108194496e+16,2.1690667401464452e+16,2.54454123068464e+16,2.9200157212228348e+16,3.1415885437734596e+16,3.3631613663240844e+16,3.229036834416183e+16,3.0949123025082828e+16,3.032365359031613e+16,2.969818415554942e+16,3.42198427177848e+16,3.874150128002018e+16,4.156296704898003e+16,4.438443281793989e+16,4.220307115044605e+16,4.002170948295221e+16,3.419866464921074e+16,2.837561981546927e+16,2.537559100121462e+16,2.237556218695997e+16,2.832047909201449e+16,3.426539599706901e+16,4.003953975233624e+16,4.581368350760347e+16,4.7619699628897096e+16,4.942571575019073e+16,4.88923144239411e+16,4.8358913097691496e+16,4.570961742066426e+16,4.306032174363701e+16,3.7565377885814e+16,3.2070434027990984e+16,2.5063769817098224e+16,1.8057105606205464e+16,1.4588204376645136e+16,1.1119303147084808e+16,1.0578629408446702e+16,1.0037955669808596e+16,1.08671917031732e+16,1.1696427736537804e+16,1.3451655483258172e+16,1.5206883229978542e+16,1.6989439042991638e+16,1.8771994856004732e+16,1.866011414638472e+16,1.854823343676471e+16,1.5968092237059152e+16,1.3387951037353594e+16,9603424612945906.0,5818898188538218.0,2909449094269109.0,0.0,0.0,0.0,0.0,0.0,0.0,0.0,0.0,0.0,0.0,0.0,0.0,0.0,0.0,0.0,0.0,0.0,0.0,0.0,0.0,0.0,0.0,0.0,0.0,0.0,0.0,0.0,0.0,0.0,0.0,0.0,0.0,0.0,0.0,0.0,0.0,0.0,0.0,0.0,0.0,0.0,0.0,0.0,0.0,0.0,0.0,0.0,0.0,0.0,0.0,0.0,0.0,0.0,0.0,0.0,0.0,0.0,0.0,0.0,0.0,0.0,0.0,0.0,0.0,0.0,0.0,0.0,0.0,0.0,0.0,0.0,0.0,0.0,0.0,0.0,0.0,0.0,0.0,0.0,0.0,0.0,0.0,0.0,0.0,0.0,0.0,0.0,0.0,0.0,0.0,0.0,0.0,0.0,0.0,0.0,0.0,0.0,0.0,0.0,0.0,0.0,0.0,0.0,0.0,0.0,0.0,0.0,0.0,0.0,0.0,0.0,0.0,0.0,0.0,0.0,0.0,0.0,0.0,0.0,0.0,0.0,0.0,0.0,0.0,0.0,0.0,0.0,0.0,0.0,0.0,0.0,0.0,0.0,0.0,0.0,0.0,0.0,0.0,0.0,0.0
31.563430606021,103.989755576914,17.7497379642719,225.0,30.0,120.00735001944369,5.0,5.0,0.9398268147830909,7.313299952307214e+17,0.0,0.0,0.0,0.0,0.0,0.0,0.0,0.0,0.0,0.0,0.0,0.0,0.0,0.0,0.0,0.0,0.0,0.0,0.0,0.0,0.0,0.0,0.0,0.0,0.0,0.0,0.0,0.0,0.0,0.0,0.0,0.0,0.0,0.0,0.0,0.0,0.0,0.0,0.0,1.4167557713560088e+16,2.8335115427120176e+16,3.653340055872645e+16,4.473168569033271e+16,4.538364382613602e+16,4.603560196193931e+16,4.598422244895604e+16,4.593284293597278e+16,4.808888514386641e+16,5.0244927351760024e+16,5.4263553965187064e+16,5.8282180578614104e+16,6.278647370312205e+16,6.729076682762999e+16,6.849606531875787e+16,6.970136380988576e+16,6.50022967591829e+16,6.030322970848003e+16,5.183801487729795e+16,4.337280004611587e+16,3.639551071879344e+16,2.9418221391470996e+16,2.569495380958309e+16,2.197168622769518e+16,1.872168885528158e+16,1.5471691482867978e+16,1.1450355043431962e+16,7429018603995948.0,4416232823940673.5,1403447043885398.2,701723521942699.1,0.0,0.0,0.0,0.0,0.0,0.0,0.0,897702837927957.9,1795405675855915.8,2839247273989991.0,3883088872124066.5,4598980446504045.0,5314872020884023.0,6584439596447275.0,7854007172010525.0,9727106663216182.0,1.1600206154421838e+16,1.4870592670390608e+16,1.814097918635938e+16,2.102034423244727e+16,2.389970927853516e+16,2.488320443369181e+16,2.5866699588848456e+16,2.3970341462980416e+16,2.2073983337112372e+16,1.841567538759382e+16,1.4757367438075268e+16,1.0488232428401734e+16,6219097418728201.0,3109548709364100.5,0.0,0.0,0.0,0.0,0.0,0.0,0.0,0.0,0.0,0.0,0.0,0.0,0.0,0.0,0.0,0.0,0.0,0.0,0.0,0.0,0.0,0.0,0.0,0.0,0.0,0.0,0.0,0.0,0.0,0.0,0.0,0.0,0.0,0.0,0.0,0.0,0.0,0.0,0.0,0.0,0.0,0.0,0.0,0.0,0.0,0.0,0.0,0.0,0.0,0.0,0.0,0.0,0.0,0.0,0.0,0.0,0.0,0.0,0.0,0.0,0.0,0.0,0.0,0.0,0.0,0.0,0.0,0.0,0.0,0.0,0.0,0.0,0.0,0.0,0.0,0.0,0.0,0.0,0.0,0.0,0.0,0.0,0.0,0.0,0.0,0.0,0.0,0.0,0.0,0.0,0.0,0.0,0.0,0.0,0.0,0.0,0.0,0.0,0.0,0.0,0.0,0.0,0.0,0.0,0.0,0.0,0.0,0.0,0.0,0.0,0.0,0.0,0.0,0.0,0.0,0.0,0.0,0.0,0.0,0.0,0.0,0.0,0.0,0.0,0.0,0.0,0.0,0.0,0.0,0.0,0.0,0.0,0.0,0.0,0.0,0.0,0.0,0.0,0.0,0.0
31.5916069998451,103.956497191595,20.0562836186236,225.0,25.0,108.0694136544615,5.0,5.0,1.1019520710690542,8.574884119106688e+17,0.0,0.0,0.0,0.0,0.0,0.0,0.0,0.0,0.0,0.0,0.0,0.0,0.0,0.0,0.0,0.0,0.0,0.0,0.0,0.0,0.0,0.0,0.0,0.0,0.0,0.0,0.0,0.0,0.0,0.0,0.0,0.0,0.0,0.0,0.0,0.0,0.0,0.0,0.0,1.256146370702876e+16,2.512292741405752e+16,3.3530336901543476e+16,4.193774638902943e+16,4.6025143335331224e+16,5.011254028163303e+16,5.542528383259963e+16,6.073802738356623e+16,6.705915143217576e+16,7.338027548078528e+16,7.929876033875491e+16,8.521724519672456e+16,8.922972482178637e+16,9.324220444684818e+16,9.323373350750477e+16,9.322526256816136e+16,8.72598452793638e+16,8.129442799056622e+16,7.099726584101292e+16,6.0700103691459624e+16,4.863403176830687e+16,3.656795984515412e+16,2.587246428306943e+16,1.5176968720984744e+16,9024296533980772.0,2871624346976803.0,1435812173488401.5,0.0,0.0,0.0,0.0,0.0,0.0,0.0,0.0,0.0,0.0,0.0,0.0,0.0,0.0,0.0,903226027007504.6,1806452054015009.2,4401266679347724.0,6996081304680440.0,1.1206226337255028e+16,1.541637136982962e+16,1.9235008571458796e+16,2.3053645773087972e+16,2.5037841622190348e+16,2.7022037471292724e+16,2.6797788827393084e+16,2.657354018349344e+16,2.348298516296795e+16,2.0392430142442464e+16,1.6189442867293182e+16,1.1986455592143898e+16,8320269927940030.0,4654084263736161.0,2327042131868080.5,0.0,0.0,0.0,0.0,0.0,0.0,0.0,0.0,0.0,0.0,0.0,0.0,0.0,0.0,0.0,0.0,0.0,0.0,0.0,0.0,0.0,0.0,0.0,0.0,0.0,0.0,0.0,0.0,0.0,0.0,0.0,0.0,0.0,0.0,0.0,0.0,0.0,0.0,0.0,0.0,0.0,0.0,0.0,0.0,0.0,0.0,0.0,0.0,0.0,0.0,0.0,0.0,0.0,0.0,0.0,0.0,0.0,0.0,0.0,0.0,0.0,0.0,0.0,0.0,0.0,0.0,0.0,0.0,0.0,0.0,0.0,0.0,0.0,0.0,0.0,0.0,0.0,0.0,0.0,0.0,0.0,0.0,0.0,0.0,0.0,0.0,0.0,0.0,0.0,0.0,0.0,0.0,0.0,0.0,0.0,0.0,0.0,0.0,0.0,0.0,0.0,0.0,0.0,0.0,0.0,0.0,0.0,0.0,0.0,0.0,0.0,0.0,0.0,0.0,0.0,0.0,0.0,0.0,0.0,0.0,0.0,0.0,0.0,0.0,0.0,0.0,0.0,0.0,0.0,0.0,0.0,0.0,0.0,0.0,0.0,0.0,0.0,0.0,0.0,0.0
31.6209545484661,103.921843763391,21.9678796312896,225.0,20.0,102.94418928033402,5.0,5.0,0.9303962535069858,7.239915662514751e+17,0.0,0.0,0.0,0.0,0.0,0.0,0.0,0.0,0.0,0.0,0.0,0.0,0.0,0.0,0.0,0.0,0.0,0.0,0.0,0.0,0.0,0.0,0.0,0.0,0.0,0.0,0.0,0.0,0.0,0.0,0.0,0.0,0.0,0.0,0.0,0.0,0.0,0.0,0.0,8384749516618649.0,1.6769499033237298e+16,2.2742603010845896e+16,2.8715706988454492e+16,3.427731083101909e+16,3.983891467358367e+16,4.752096845534142e+16,5.520302223709916e+16,6.225431266430111e+16,6.930560309150307e+16,7.462515598876958e+16,7.99447088860361e+16,8.244852309138269e+16,8.49523372967293e+16,8.317460738758016e+16,8.139687747843104e+16,7.57346101919736e+16,7.007234290551618e+16,6.1719024683656136e+16,5.33657064617961e+16,4.3052671404264024e+16,3.2739636346731956e+16,2.2942913619324136e+16,1.3146190891916314e+16,7097387168866279.0,1048583445816242.9,524291722908121.44,0.0,0.0,0.0,0.0,0.0,0.0,0.0,0.0,0.0,0.0,0.0,400624839543431.44,801249679086862.9,586545794249372.8,371841909411882.7,565964053520618.5,760086197629354.2,3296372309858926.5,5832658422088497.0,9800197884408366.0,1.3767737346728234e+16,1.6416429019823372e+16,1.906512069291851e+16,1.9490313702885296e+16,1.9915506712852076e+16,1.836374786779904e+16,1.6811989022746002e+16,1.382867119679792e+16,1.0845353370849834e+16,8571139160029052.0,6296924949208268.0,4660446580156443.0,3023968211104617.5,1511984105552308.8,0.0,0.0,0.0,0.0,0.0,0.0,0.0,0.0,0.0,0.0,0.0,0.0,0.0,0.0,0.0,0.0,0.0,0.0,0.0,0.0,0.0,0.0,0.0,0.0,0.0,0.0,0.0,0.0,0.0,0.0,0.0,0.0,0.0,0.0,0.0,0.0,0.0,0.0,0.0,0.0,0.0,0.0,0.0,0.0,0.0,0.0,0.0,0.0,0.0,0.0,0.0,0.0,0.0,0.0,0.0,0.0,0.0,0.0,0.0,0.0,0.0,0.0,0.0,0.0,0.0,0.0,0.0,0.0,0.0,0.0,0.0,0.0,0.0,0.0,0.0,0.0,0.0,0.0,0.0,0.0,0.0,0.0,0.0,0.0,0.0,0.0,0.0,0.0,0.0,0.0,0.0,0.0,0.0,0.0,0.0,0.0,0.0,0.0,0.0,0.0,0.0,0.0,0.0,0.0,0.0,0.0,0.0,0.0,0.0,0.0,0.0,0.0,0.0,0.0,0.0,0.0,0.0,0.0,0.0,0.0,0.0,0.0,0.0,0.0,0.0,0.0,0.0,0.0,0.0,0.0,0.0,0.0,0.0,0.0,0.0,0.0,0.0,0.0,0.0,0.0
31.6512498993185,103.886059232089,23.46997760236,225.0,15.0,100.37188375864282,5.0,5.0,0.46113555843908705,3.5883447934160934e+17,0.0,0.0,0.0,0.0,0.0,0.0,0.0,0.0,0.0,0.0,0.0,0.0,0.0,0.0,0.0,0.0,0.0,0.0,0.0,0.0,0.0,0.0,0.0,0.0,0.0,0.0,0.0,0.0,0.0,0.0,0.0,0.0,0.0,0.0,0.0,0.0,0.0,0.0,0.0,3418777909833016.5,6837555819666033.0,9194473384393538.0,1.1551390949121044e+16,1.489468221429254e+16,1.823797347946403e+16,2.3093430018029412e+16,2.794888655659479e+16,3.208874090189102e+16,3.622859524718725e+16,3.873217830907772e+16,4.123576137096819e+16,4.218677552998789e+16,4.313778968900759e+16,4.169975879996913e+16,4.026172791093066e+16,3.718900051073733e+16,3.4116273110544016e+16,3.034470510657689e+16,2.6573137102609756e+16,2.1867555014245716e+16,1.7161972925881674e+16,1.2035819766066698e+16,6909666606251720.0,3454833303125860.0,0.0,0.0,0.0,0.0,0.0,0.0,0.0,0.0,0.0,0.0,0.0,250866792622889.25,501733585245778.5,2065491176316950.2,3629248767388122.5,3535159032455959.0,3441069297523795.0,1960300702746144.0,479532107968492.9,1749109446996335.0,3018686786024177.5,4936677375460356.0,6854667964896534.0,7727802589680085.0,8600937214463636.0,8502053879773274.0,8403170545082913.0,7418978009798900.0,6434785474514890.0,4950871248918675.0,3466957023322461.0,2777824302339857.5,2088691581357253.8,1901479903475859.8,1714268225594466.0,857134112797233.0,0.0,0.0,0.0,0.0,0.0,0.0,0.0,0.0,0.0,0.0,0.0,0.0,0.0,0.0,0.0,0.0,0.0,0.0,0.0,0.0,0.0,0.0,0.0,0.0,0.0,0.0,0.0,0.0,0.0,0.0,0.0,0.0,0.0,0.0,0.0,0.0,0.0,0.0,0.0,0.0,0.0,0.0,0.0,0.0,0.0,0.0,0.0,0.0,0.0,0.0,0.0,0.0,0.0,0.0,0.0,0.0,0.0,0.0,0.0,0.0,0.0,0.0,0.0,0.0,0.0,0.0,0.0,0.0,0.0,0.0,0.0,0.0,0.0,0.0,0.0,0.0,0.0,0.0,0.0,0.0,0.0,0.0,0.0,0.0,0.0,0.0,0.0,0.0,0.0,0.0,0.0,0.0,0.0,0.0,0.0,0.0,0.0,0.0,0.0,0.0,0.0,0.0,0.0,0.0,0.0,0.0,0.0,0.0,0.0,0.0,0.0,0.0,0.0,0.0,0.0,0.0,0.0,0.0,0.0,0.0,0.0,0.0,0.0,0.0,0.0,0.0,0.0,0.0,0.0,0.0,0.0,0.0,0.0,0.0,0.0,0.0,0.0,0.0,0.0,0.0
31.6822624864894,103.849442052712,24.5511456592836,225.0,10.0,90.0,5.0,5.0,0.0,0.0,0.0,0.0,0.0,0.0,0.0,0.0,0.0,0.0,0.0,0.0,0.0,0.0,0.0,0.0,0.0,0.0,0.0,0.0,0.0,0.0,0.0,0.0,0.0,0.0,0.0,0.0,0.0,0.0,0.0,0.0,0.0,0.0,0.0,0.0,0.0,0.0,0.0,0.0,0.0,0.0,0.0,0.0,0.0,0.0,0.0,0.0,0.0,0.0,0.0,0.0,0.0,0.0,0.0,0.0,0.0,0.0,0.0,0.0,0.0,0.0,0.0,0.0,0.0,0.0,0.0,0.0,0.0,0.0,0.0,0.0,0.0,0.0,0.0,0.0,0.0,0.0,0.0,0.0,0.0,0.0,0.0,0.0,0.0,0.0,0.0,0.0,0.0,0.0,0.0,0.0,0.0,0.0,0.0,0.0,0.0,0.0,0.0,0.0,0.0,0.0,0.0,0.0,0.0,0.0,0.0,0.0,0.0,0.0,0.0,0.0,0.0,0.0,0.0,0.0,0.0,0.0,0.0,0.0,0.0,0.0,0.0,0.0,0.0,0.0,0.0,0.0,0.0,0.0,0.0,0.0,0.0,0.0,0.0,0.0,0.0,0.0,0.0,0.0,0.0,0.0,0.0,0.0,0.0,0.0,0.0,0.0,0.0,0.0,0.0,0.0,0.0,0.0,0.0,0.0,0.0,0.0,0.0,0.0,0.0,0.0,0.0,0.0,0.0,0.0,0.0,0.0,0.0,0.0,0.0,0.0,0.0,0.0,0.0,0.0,0.0,0.0,0.0,0.0,0.0,0.0,0.0,0.0,0.0,0.0,0.0,0.0,0.0,0.0,0.0,0.0,0.0,0.0,0.0,0.0,0.0,0.0,0.0,0.0,0.0,0.0,0.0,0.0,0.0,0.0,0.0,0.0,0.0,0.0,0.0,0.0,0.0,0.0,0.0,0.0,0.0,0.0,0.0,0.0,0.0,0.0,0.0,0.0,0.0,0.0,0.0,0.0,0.0,0.0,0.0,0.0,0.0,0.0,0.0,0.0,0.0,0.0,0.0,0.0,0.0,0.0
31.4568736834459,104.040531369607,2.46201938253052,225.0,80.0,132.11785112220025,5.0,5.0,3.382987303034729,2.6324851018056863e+18,0.0,0.0,0.0,0.0,0.0,0.0,0.0,0.0,0.0,0.0,0.0,0.0,0.0,0.0,0.0,0.0,0.0,0.0,0.0,0.0,0.0,0.0,0.0,0.0,0.0,0.0,0.0,0.0,0.0,0.0,0.0,0.0,0.0,0.0,0.0,0.0,0.0,1.4968258872983478e+16,2.9936517745966956e+16,4.41116215375215e+16,5.8286725329076056e+16,6.277289844678622e+16,6.72590715644964e+16,6.114779288786737e+16,5.5036514211238344e+16,4.337222959445469e+16,3.1707944977671044e+16,2.131791780499048e+16,1.0927890632309914e+16,5713568530553416.0,499246428796917.2,249623214398458.6,0.0,3359763617631158.0,6719527235262316.0,1.6976186597427248e+16,2.723284595959218e+16,4.426048479044155e+16,6.128812362129093e+16,8.073788775671642e+16,1.0018765189214189e+17,1.1564018630260403e+17,1.3109272071306616e+17,1.3867175372904531e+17,1.4625078674502448e+17,1.4499699845537238e+17,1.4374321016572029e+17,1.4281888180004002e+17,1.4189455343435971e+17,1.5591406185248806e+17,1.699335702706164e+17,1.943458460812196e+17,2.1875812189182275e+17,2.370923202198956e+17,2.554265185479685e+17,2.604739594940202e+17,2.6552140044007197e+17,2.55888088833523e+17,2.462547772269741e+17,2.2210763567807987e+17,1.9796049412918563e+17,1.6340793015288138e+17,1.2885536617657709e+17,9.563659562305288e+16,6.2417825069528664e+16,4.429036779092377e+16,2.6162910512318868e+16,2.1951871573364184e+16,1.77408326344095e+16,1.5222038097571364e+16,1.2703243560733228e+16,1.087564167548464e+16,9048039790236054.0,7804807114288519.0,6561574438340985.0,4819335449615100.0,3077096460889214.5,1538548230444607.2,0.0,0.0,0.0,0.0,0.0,0.0,0.0,0.0,0.0,0.0,0.0,0.0,0.0,0.0,0.0,0.0,0.0,0.0,0.0,0.0,0.0,0.0,0.0,0.0,0.0,0.0,0.0,0.0,0.0,0.0,0.0,0.0,0.0,0.0,0.0,0.0,0.0,0.0,0.0,0.0,0.0,0.0,0.0,0.0,0.0,0.0,0.0,0.0,0.0,0.0,0.0,0.0,0.0,0.0,0.0,0.0,0.0,0.0,0.0,0.0,0.0,0.0,0.0,0.0,0.0,0.0,0.0,0.0,0.0,0.0,0.0,0.0,0.0,0.0,0.0,0.0,0.0,0.0,0.0,0.0,0.0,0.0,0.0,0.0,0.0,0.0,0.0,0.0,0.0,0.0,0.0,0.0,0.0,0.0,0.0,0.0,0.0,0.0,0.0,0.0,0.0,0.0,0.0,0.0,0.0,0.0,0.0,0.0,0.0,0.0,0.0,0.0,0.0,0.0,0.0,0.0,0.0,0.0,0.0,0.0,0.0,0.0,0.0,0.0,0.0,0.0,0.0,0.0,0.0,0.0,0.0,0.0,0.0,0.0,0.0,0.0,0.0,0.0,0.0,0.0,0.0,0.0
31.4663530737253,104.029359054365,7.18980823265266,225.0,65.0,131.96161155253034,5.0,5.0,3.0276632201831477,2.355988245438397e+18,0.0,0.0,0.0,0.0,0.0,0.0,0.0,0.0,0.0,0.0,0.0,0.0,0.0,0.0,0.0,0.0,0.0,0.0,0.0,0.0,0.0,0.0,0.0,0.0,0.0,0.0,0.0,0.0,0.0,0.0,0.0,0.0,0.0,0.0,0.0,0.0,0.0,1.6519108201415068e+16,3.3038216402830136e+16,4.769143627662713e+16,6.234465615042411e+16,6.5443948775151624e+16,6.8543241399879144e+16,6.006688017980149e+16,5.159051895972383e+16,3.890031137620001e+16,2.621010379267618e+16,1.6835687552384934e+16,7461271312093688.0,3730635656046844.0,0.0,0.0,0.0,2784552319488210.0,5569104638976420.0,1.5602183358503376e+16,2.563526207803033e+16,4.219712782253992e+16,5.875899356704951e+16,7.656607413587123e+16,9.437315470469296e+16,1.0789340859766995e+17,1.2141366249064696e+17,1.2694890558017067e+17,1.324841486696944e+17,1.2933484424408243e+17,1.2618553981847048e+17,1.2472770935821112e+17,1.2326987889795178e+17,1.3787022599811846e+17,1.524705730982852e+17,1.7444857409457747e+17,1.9642657509086973e+17,2.1065414981051184e+17,2.2488172453015395e+17,2.2765445556203814e+17,2.3042718659392234e+17,2.2110822339796854e+17,2.1178926020201475e+17,1.9049956499265597e+17,1.6920986978329712e+17,1.3886041315870315e+17,1.0851095653410918e+17,7.870154148838992e+16,4.889212644267066e+16,3.646086545126832e+16,2.402960445986598e+16,2.0505979716392012e+16,1.698235497291804e+16,1.4817606993725988e+16,1.2652859014533938e+16,1.1734170890802366e+16,1.0815482767070796e+16,9509424126106062.0,8203365485141327.0,6010959532772695.0,3818553580404062.5,1909276790202031.2,0.0,0.0,0.0,0.0,0.0,0.0,0.0,0.0,0.0,0.0,0.0,0.0,0.0,0.0,0.0,0.0,0.0,0.0,0.0,0.0,0.0,0.0,0.0,0.0,0.0,0.0,0.0,0.0,0.0,0.0,0.0,0.0,0.0,0.0,0.0,0.0,0.0,0.0,0.0,0.0,0.0,0.0,0.0,0.0,0.0,0.0,0.0,0.0,0.0,0.0,0.0,0.0,0.0,0.0,0.0,0.0,0.0,0.0,0.0,0.0,0.0,0.0,0.0,0.0,0.0,0.0,0.0,0.0,0.0,0.0,0.0,0.0,0.0,0.0,0.0,0.0,0.0,0.0,0.0,0.0,0.0,0.0,0.0,0.0,0.0,0.0,0.0,0.0,0.0,0.0,0.0,0.0,0.0,0.0,0.0,0.0,0.0,0.0,0.0,0.0,0.0,0.0,0.0,0.0,0.0,0.0,0.0,0.0,0.0,0.0,0.0,0.0,0.0,0.0,0.0,0.0,0.0,0.0,0.0,0.0,0.0,0.0,0.0,0.0,0.0,0.0,0.0,0.0,0.0,0.0,0.0,0.0,0.0,0.0,0.0,0.0,0.0,0.0,0.0,0.0,0.0,0.0
31.4832908005428,104.009385573307,11.3706888080417,225.0,50.0,136.26321219435042,5.0,5.0,2.1358894102711643,1.6620508881601477e+18,0.0,0.0,0.0,0.0,0.0,0.0,0.0,0.0,0.0,0.0,0.0,0.0,0.0,0.0,0.0,0.0,0.0,0.0,0.0,0.0,0.0,0.0,0.0,0.0,0.0,0.0,0.0,0.0,0.0,0.0,0.0,0.0,0.0,0.0,0.0,0.0,0.0,1.8719075747334736e+16,3.743815149466947e+16,5.315873291286801e+16,6.887931433106654e+16,7.038578287712352e+16,7.189225142318049e+16,6.106688805622215e+16,5.024152468926381e+16,3.5946394902123516e+16,2.1651265114983228e+16,1.2857374632429088e+16,4063484149874950.0,2031742074937475.0,0.0,1865533948437885.2,3731067896875770.5,5391615646951097.0,7052163397026423.0,1.444854451850703e+16,2.1844925639987644e+16,3.5359775572103668e+16,4.887462550421969e+16,6.283557476876306e+16,7.679652403330643e+16,8.610365833094995e+16,9.541079262859349e+16,9.699387443442427e+16,9.857695624025502e+16,9.309390480690149e+16,8.761085337354794e+16,8.363947008016325e+16,7.966808678677856e+16,8.940635499488082e+16,9.91446232029831e+16,1.1190372468884379e+17,1.2466282617470448e+17,1.3046457914013627e+17,1.3626633210556805e+17,1.3500129972508078e+17,1.3373626734459354e+17,1.270044976228655e+17,1.2027272790113746e+17,1.0736000707748846e+17,9.444728625383947e+16,7.67202873134989e+16,5.899328837315834e+16,4.421965105098624e+16,2.9446013728814136e+16,2.520971119230371e+16,2.0973408655793284e+16,1.9094395491862612e+16,1.7215382327931942e+16,1.6627324396334756e+16,1.6039266464737574e+16,1.5995161170511504e+16,1.5951055876285438e+16,1.4958597587740778e+16,1.3966139299196114e+16,1.058521152348573e+16,7204283747775342.0,3602141873887671.0,0.0,0.0,0.0,0.0,0.0,0.0,0.0,0.0,0.0,0.0,0.0,0.0,0.0,0.0,0.0,0.0,0.0,0.0,0.0,0.0,0.0,0.0,0.0,0.0,0.0,0.0,0.0,0.0,0.0,0.0,0.0,0.0,0.0,0.0,0.0,0.0,0.0,0.0,0.0,0.0,0.0,0.0,0.0,0.0,0.0,0.0,0.0,0.0,0.0,0.0,0.0,0.0,0.0,0.0,0.0,0.0,0.0,0.0,0.0,0.0,0.0,0.0,0.0,0.0,0.0,0.0,0.0,0.0,0.0,0.0,0.0,0.0,0.0,0.0,0.0,0.0,0.0,0.0,0.0,0.0,0.0,0.0,0.0,0.0,0.0,0.0,0.0,0.0,0.0,0.0,0.0,0.0,0.0,0.0,0.0,0.0,0.0,0.0,0.0,0.0,0.0,0.0,0.0,0.0,0.0,0.0,0.0,0.0,0.0,0.0,0.0,0.0,0.0,0.0,0.0,0.0,0.0,0.0,0.0,0.0,0.0,0.0,0.0,0.0,0.0,0.0,0.0,0.0,0.0,0.0,0.0,0.0,0.0,0.0,0.0,0.0,0.0,0.0,0.0,0.0,0.0,0.0
31.5056882859352,103.982960581089,14.8927689400555,225.0,40.0,142.01865340188695,5.0,5.0,1.4072908685892855,1.095089018556227e+18,0.0,0.0,0.0,0.0,0.0,0.0,0.0,0.0,0.0,0.0,0.0,0.0,0.0,0.0,0.0,0.0,0.0,0.0,0.0,0.0,0.0,0.0,0.0,0.0,0.0,0.0,0.0,0.0,0.0,0.0,0.0,0.0,0.0,0.0,0.0,0.0,0.0,1.9609494947145396e+16,3.921898989429079e+16,5.59053000642238e+16,7.259161023415682e+16,7.483125325330139e+16,7.707089627244597e+16,6.7317604246582664e+16,5.756431222071938e+16,4.511910127757114e+16,3.2673890334422908e+16,2.6577857129691588e+16,2.0481823924960268e+16,2.0692773321663944e+16,2.0903722718367616e+16,2.3318536546147436e+16,2.5733350373927252e+16,2.6406159210935304e+16,2.7078968047943364e+16,2.612508268267935e+16,2.5171197317415344e+16,3.0665845354743996e+16,3.616049339207266e+16,4.505995316584802e+16,5.3959412939623384e+16,5.883714731168832e+16,6.371488168375324e+16,6.233666694433648e+16,6.095845220491971e+16,5.38399437988978e+16,4.672143539287589e+16,4.047923001400859e+16,3.4237024635141304e+16,3.675307270221131e+16,3.926912076928133e+16,4.363352848332352e+16,4.799793619736571e+16,4.7898647534690584e+16,4.779935887201545e+16,4.506157721804547e+16,4.23237955640755e+16,3.8782295140959016e+16,3.524079471784254e+16,3.109456439137364e+16,2.694833406490474e+16,2.3677575131234016e+16,2.040681619756329e+16,1.9686923718813644e+16,1.8967031240064e+16,1.8910981859856256e+16,1.885493247964852e+16,1.9971168260282196e+16,2.1087404040915876e+16,2.3156078544413604e+16,2.5224753047911332e+16,2.5569486960194224e+16,2.591422087247712e+16,2.3321677155443892e+16,2.072913343841066e+16,1.5407029452562746e+16,1.0084925466714834e+16,5042462733357417.0,0.0,0.0,0.0,0.0,0.0,0.0,0.0,0.0,0.0,0.0,0.0,0.0,0.0,0.0,0.0,0.0,0.0,0.0,0.0,0.0,0.0,0.0,0.0,0.0,0.0,0.0,0.0,0.0,0.0,0.0,0.0,0.0,0.0,0.0,0.0,0.0,0.0,0.0,0.0,0.0,0.0,0.0,0.0,0.0,0.0,0.0,0.0,0.0,0.0,0.0,0.0,0.0,0.0,0.0,0.0,0.0,0.0,0.0,0.0,0.0,0.0,0.0,0.0,0.0,0.0,0.0,0.0,0.0,0.0,0.0,0.0,0.0,0.0,0.0,0.0,0.0,0.0,0.0,0.0,0.0,0.0,0.0,0.0,0.0,0.0,0.0,0.0,0.0,0.0,0.0,0.0,0.0,0.0,0.0,0.0,0.0,0.0,0.0,0.0,0.0,0.0,0.0,0.0,0.0,0.0,0.0,0.0,0.0,0.0,0.0,0.0,0.0,0.0,0.0,0.0,0.0,0.0,0.0,0.0,0.0,0.0,0.0,0.0,0.0,0.0,0.0,0.0,0.0,0.0,0.0,0.0,0.0,0.0,0.0,0.0,0.0,0.0,0.0,0.0,0.0,0.0,0.0
31.5316347857203,103.952335609583,17.7497379642719,225.0,30.0,134.01676361552796,5.0,5.0,1.1479227411878843,8.932606727463169e+17,0.0,0.0,0.0,0.0,0.0,0.0,0.0,0.0,0.0,0.0,0.0,0.0,0.0,0.0,0.0,0.0,0.0,0.0,0.0,0.0,0.0,0.0,0.0,0.0,0.0,0.0,0.0,0.0,0.0,0.0,0.0,0.0,0.0,0.0,0.0,0.0,0.0,1.7445517902927386e+16,3.4891035805854772e+16,5.084167876981384e+16,6.679232173377292e+16,7.169343001011195e+16,7.659453828645098e+16,7.236294967309803e+16,6.8131361059745096e+16,6.250557890682909e+16,5.687979675391308e+16,5.542893218673923e+16,5.3978067619565384e+16,5.507681670042155e+16,5.617556578127773e+16,5.7545851248967544e+16,5.891613671665736e+16,5.776797394056329e+16,5.66198111644692e+16,5.09165149131004e+16,4.5213218661731576e+16,3.9128343441121144e+16,3.3043468220510708e+16,3.2323138069900732e+16,3.1602807919290756e+16,3.209320531473031e+16,3.258360271016986e+16,2.9871393610931308e+16,2.7159184511692748e+16,2.1531668003381756e+16,1.5904151495070756e+16,1.0492161085056598e+16,5080170675042439.0,2540085337521219.5,0.0,0.0,0.0,0.0,0.0,288051281597861.4,576102563195722.8,1891580474705998.2,3207058386216273.5,4368264914796943.5,5529471443377614.0,6959824856909312.0,8390178270441011.0,1.0362777189640094e+16,1.2335376108839182e+16,1.5555762404394392e+16,1.877614869994961e+16,2.301275990870086e+16,2.724937111745211e+16,3.0079279147362412e+16,3.290918717727272e+16,3.2390135922968184e+16,3.1871084668663656e+16,2.7330212307877692e+16,2.2789339947091736e+16,1.6425727597846838e+16,1.0062115248601942e+16,5031057624300971.0,0.0,0.0,0.0,0.0,0.0,0.0,0.0,0.0,0.0,0.0,0.0,0.0,0.0,0.0,0.0,0.0,0.0,0.0,0.0,0.0,0.0,0.0,0.0,0.0,0.0,0.0,0.0,0.0,0.0,0.0,0.0,0.0,0.0,0.0,0.0,0.0,0.0,0.0,0.0,0.0,0.0,0.0,0.0,0.0,0.0,0.0,0.0,0.0,0.0,0.0,0.0,0.0,0.0,0.0,0.0,0.0,0.0,0.0,0.0,0.0,0.0,0.0,0.0,0.0,0.0,0.0,0.0,0.0,0.0,0.0,0.0,0.0,0.0,0.0,0.0,0.0,0.0,0.0,0.0,0.0,0.0,0.0,0.0,0.0,0.0,0.0,0.0,0.0,0.0,0.0,0.0,0.0,0.0,0.0,0.0,0.0,0.0,0.0,0.0,0.0,0.0,0.0,0.0,0.0,0.0,0.0,0.0,0.0,0.0,0.0,0.0,0.0,0.0,0.0,0.0,0.0,0.0,0.0,0.0,0.0,0.0,0.0,0.0,0.0,0.0,0.0,0.0,0.0,0.0,0.0,0.0,0.0,0.0,0.0,0.0,0.0,0.0,0.0,0.0,0.0,0.0,0.0
31.5598111795444,103.919066249147,20.0562836186236,225.0,25.0,118.14052482573308,5.0,5.0,1.1714697408391723,9.115838647129652e+17,0.0,0.0,0.0,0.0,0.0,0.0,0.0,0.0,0.0,0.0,0.0,0.0,0.0,0.0,0.0,0.0,0.0,0.0,0.0,0.0,0.0,0.0,0.0,0.0,0.0,0.0,0.0,0.0,0.0,0.0,0.0,0.0,0.0,0.0,0.0,0.0,0.0,1.4171275266394764e+16,2.834255053278953e+16,4.185443497593765e+16,5.536631941908577e+16,6.107839321046997e+16,6.679046700185415e+16,6.724650506321666e+16,6.770254312457916e+16,6.881595504808098e+16,6.99293669715828e+16,7.231942454645984e+16,7.47094821213369e+16,7.70427193545649e+16,7.937595658779288e+16,8.066897366798496e+16,8.196199074817706e+16,7.943293305378741e+16,7.690387535939776e+16,6.992075171921857e+16,6.293762807903939e+16,5.353372710924304e+16,4.41298261394467e+16,3.5337132516345588e+16,2.654443889324448e+16,2.065532550817789e+16,1.4766212123111298e+16,1.112725826865874e+16,7488304414206183.0,4895566181805072.0,2302827949403962.0,1151413974701981.0,0.0,0.0,0.0,0.0,0.0,0.0,0.0,0.0,0.0,0.0,0.0,283764153266629.8,567528306533259.6,1861601011878727.5,3155673717224195.5,6336859781628561.0,9518045846032926.0,1.476693806096712e+16,2.0015830275901308e+16,2.479087484359939e+16,2.956591941129747e+16,3.179183782617016e+16,3.4017756241042852e+16,3.1683590540336612e+16,2.9349424839630364e+16,2.4009527116158396e+16,1.8669629392686416e+16,1.307094830512745e+16,7472267217568484.0,3736133608784242.0,0.0,0.0,0.0,0.0,0.0,0.0,0.0,0.0,0.0,0.0,0.0,0.0,0.0,0.0,0.0,0.0,0.0,0.0,0.0,0.0,0.0,0.0,0.0,0.0,0.0,0.0,0.0,0.0,0.0,0.0,0.0,0.0,0.0,0.0,0.0,0.0,0.0,0.0,0.0,0.0,0.0,0.0,0.0,0.0,0.0,0.0,0.0,0.0,0.0,0.0,0.0,0.0,0.0,0.0,0.0,0.0,0.0,0.0,0.0,0.0,0.0,0.0,0.0,0.0,0.0,0.0,0.0,0.0,0.0,0.0,0.0,0.0,0.0,0.0,0.0,0.0,0.0,0.0,0.0,0.0,0.0,0.0,0.0,0.0,0.0,0.0,0.0,0.0,0.0,0.0,0.0,0.0,0.0,0.0,0.0,0.0,0.0,0.0,0.0,0.0,0.0,0.0,0.0,0.0,0.0,0.0,0.0,0.0,0.0,0.0,0.0,0.0,0.0,0.0,0.0,0.0,0.0,0.0,0.0,0.0,0.0,0.0,0.0,0.0,0.0,0.0,0.0,0.0,0.0,0.0,0.0,0.0,0.0,0.0,0.0,0.0,0.0,0.0,0.0,0.0,0.0,0.0
31.5891587281655,103.88440114024,21.9678796312896,225.0,20.0,110.85502072637824,5.0,5.0,0.9375780187537602,7.295800856053135e+17,0.0,0.0,0.0,0.0,0.0,0.0,0.0,0.0,0.0,0.0,0.0,0.0,0.0,0.0,0.0,0.0,0.0,0.0,0.0,0.0,0.0,0.0,0.0,0.0,0.0,0.0,0.0,0.0,0.0,0.0,0.0,0.0,0.0,0.0,0.0,0.0,0.0,9224577228147158.0,1.8449154456294316e+16,2.7092736744033724e+16,3.573631903177314e+16,3.996041705294554e+16,4.418451507411794e+16,4.745670788948686e+16,5.07289007048558e+16,5.5591138309750376e+16,6.045337591464494e+16,6.457318195511537e+16,6.869298799558578e+16,7.10087298102392e+16,7.332447162489262e+16,7.372753244612925e+16,7.413059326736587e+16,7.085734472733189e+16,6.758409618729794e+16,6.121536983080969e+16,5.484664347432145e+16,4.708449980759146e+16,3.932235614086147e+16,3.1359855289361788e+16,2.33973544378621e+16,1.6327148886992418e+16,9256943336122740.0,4853701761994407.0,450460187866072.75,225230093933036.38,0.0,0.0,0.0,0.0,0.0,0.0,0.0,0.0,0.0,0.0,0.0,78862181062186.8,157724362124373.6,149774134830581.94,141823907536790.3,841024076243186.1,1540224244949581.8,5074220249284189.0,8608216253618796.0,1.3288026692485162e+16,1.7967837131351528e+16,2.087910979446294e+16,2.3790382457574356e+16,2.406920535446893e+16,2.4348028251363504e+16,2.1618600619554136e+16,1.888917298774477e+16,1.4477373676253878e+16,1.0065574364762986e+16,6789252087593819.0,3512929810424653.5,1756464905212326.8,0.0,0.0,0.0,0.0,0.0,0.0,0.0,0.0,0.0,0.0,0.0,0.0,0.0,0.0,0.0,0.0,0.0,0.0,0.0,0.0,0.0,0.0,0.0,0.0,0.0,0.0,0.0,0.0,0.0,0.0,0.0,0.0,0.0,0.0,0.0,0.0,0.0,0.0,0.0,0.0,0.0,0.0,0.0,0.0,0.0,0.0,0.0,0.0,0.0,0.0,0.0,0.0,0.0,0.0,0.0,0.0,0.0,0.0,0.0,0.0,0.0,0.0,0.0,0.0,0.0,0.0,0.0,0.0,0.0,0.0,0.0,0.0,0.0,0.0,0.0,0.0,0.0,0.0,0.0,0.0,0.0,0.0,0.0,0.0,0.0,0.0,0.0,0.0,0.0,0.0,0.0,0.0,0.0,0.0,0.0,0.0,0.0,0.0,0.0,0.0,0.0,0.0,0.0,0.0,0.0,0.0,0.0,0.0,0.0,0.0,0.0,0.0,0.0,0.0,0.0,0.0,0.0,0.0,0.0,0.0,0.0,0.0,0.0,0.0,0.0,0.0,0.0,0.0,0.0,0.0,0.0,0.0,0.0,0.0,0.0,0.0,0.0,0.0,0.0,0.0,0.0,0.0
31.6194540790178,103.848604480361,23.46997760236,225.0,15.0,107.16202943376557,5.0,5.0,0.45685975362206194,3.55507244720022e+17,0.0,0.0,0.0,0.0,0.0,0.0,0.0,0.0,0.0,0.0,0.0,0.0,0.0,0.0,0.0,0.0,0.0,0.0,0.0,0.0,0.0,0.0,0.0,0.0,0.0,0.0,0.0,0.0,0.0,0.0,0.0,0.0,0.0,0.0,0.0,0.0,0.0,4233202344439888.0,8466404688879776.0,1.17648887546186e+16,1.5063372820357424e+16,1.646145041007441e+16,1.7859527999791398e+16,2.0373040235378068e+16,2.288655247096474e+16,2.639769593154139e+16,2.990883939211804e+16,3.2401431853817096e+16,3.489402431551615e+16,3.639223234340709e+16,3.789044037129803e+16,3.7737349715266376e+16,3.758425905923472e+16,3.564884685689241e+16,3.37134346545501e+16,3.0424670892611044e+16,2.7135907130671984e+16,2.3815519910078256e+16,2.049513268948453e+16,1.6885280078454552e+16,1.3275427467424574e+16,9344587630357550.0,5413747793290523.0,2706873896645261.5,0.0,0.0,0.0,0.0,0.0,0.0,0.0,0.0,0.0,0.0,0.0,0.0,0.0,1322090882582237.5,2644181765164475.0,2603586132692942.5,2562990500221410.0,1861431914615347.0,1159873329009283.5,2875502733113781.5,4591132137218278.0,6733210853864553.0,8875289570510827.0,9784352137778486.0,1.0693414705046144e+16,1.0425283680410994e+16,1.0157152655775844e+16,8418862911617787.0,6680573167459729.0,4634418255572958.0,2588263343686187.5,1777783018017035.2,967302692347883.4,483651346173941.7,0.0,0.0,0.0,0.0,0.0,0.0,0.0,0.0,0.0,0.0,0.0,0.0,0.0,0.0,0.0,0.0,0.0,0.0,0.0,0.0,0.0,0.0,0.0,0.0,0.0,0.0,0.0,0.0,0.0,0.0,0.0,0.0,0.0,0.0,0.0,0.0,0.0,0.0,0.0,0.0,0.0,0.0,0.0,0.0,0.0,0.0,0.0,0.0,0.0,0.0,0.0,0.0,0.0,0.0,0.0,0.0,0.0,0.0,0.0,0.0,0.0,0.0,0.0,0.0,0.0,0.0,0.0,0.0,0.0,0.0,0.0,0.0,0.0,0.0,0.0,0.0,0.0,0.0,0.0,0.0,0.0,0.0,0.0,0.0,0.0,0.0,0.0,0.0,0.0,0.0,0.0,0.0,0.0,0.0,0.0,0.0,0.0,0.0,0.0,0.0,0.0,0.0,0.0,0.0,0.0,0.0,0.0,0.0,0.0,0.0,0.0,0.0,0.0,0.0,0.0,0.0,0.0,0.0,0.0,0.0,0.0,0.0,0.0,0.0,0.0,0.0,0.0,0.0,0.0,0.0,0.0,0.0,0.0,0.0,0.0,0.0,0.0,0.0,0.0,0.0,0.0,0.0
31.6504666661888,103.811978008502,24.5511456592836,225.0,10.0,90.0,5.0,5.0,0.0,0.0,0.0,0.0,0.0,0.0,0.0,0.0,0.0,0.0,0.0,0.0,0.0,0.0,0.0,0.0,0.0,0.0,0.0,0.0,0.0,0.0,0.0,0.0,0.0,0.0,0.0,0.0,0.0,0.0,0.0,0.0,0.0,0.0,0.0,0.0,0.0,0.0,0.0,0.0,0.0,0.0,0.0,0.0,0.0,0.0,0.0,0.0,0.0,0.0,0.0,0.0,0.0,0.0,0.0,0.0,0.0,0.0,0.0,0.0,0.0,0.0,0.0,0.0,0.0,0.0,0.0,0.0,0.0,0.0,0.0,0.0,0.0,0.0,0.0,0.0,0.0,0.0,0.0,0.0,0.0,0.0,0.0,0.0,0.0,0.0,0.0,0.0,0.0,0.0,0.0,0.0,0.0,0.0,0.0,0.0,0.0,0.0,0.0,0.0,0.0,0.0,0.0,0.0,0.0,0.0,0.0,0.0,0.0,0.0,0.0,0.0,0.0,0.0,0.0,0.0,0.0,0.0,0.0,0.0,0.0,0.0,0.0,0.0,0.0,0.0,0.0,0.0,0.0,0.0,0.0,0.0,0.0,0.0,0.0,0.0,0.0,0.0,0.0,0.0,0.0,0.0,0.0,0.0,0.0,0.0,0.0,0.0,0.0,0.0,0.0,0.0,0.0,0.0,0.0,0.0,0.0,0.0,0.0,0.0,0.0,0.0,0.0,0.0,0.0,0.0,0.0,0.0,0.0,0.0,0.0,0.0,0.0,0.0,0.0,0.0,0.0,0.0,0.0,0.0,0.0,0.0,0.0,0.0,0.0,0.0,0.0,0.0,0.0,0.0,0.0,0.0,0.0,0.0,0.0,0.0,0.0,0.0,0.0,0.0,0.0,0.0,0.0,0.0,0.0,0.0,0.0,0.0,0.0,0.0,0.0,0.0,0.0,0.0,0.0,0.0,0.0,0.0,0.0,0.0,0.0,0.0,0.0,0.0,0.0,0.0,0.0,0.0,0.0,0.0,0.0,0.0,0.0,0.0,0.0,0.0,0.0,0.0,0.0,0.0,0.0,0.0
31.4250778631453,104.003136965393,2.46201938253052,225.0,80.0,141.77900143238776,5.0,5.0,3.351229256812924,2.607772451106004e+18,0.0,0.0,0.0,0.0,0.0,0.0,0.0,0.0,0.0,0.0,0.0,0.0,0.0,0.0,0.0,0.0,0.0,0.0,0.0,0.0,0.0,0.0,0.0,0.0,0.0,0.0,0.0,0.0,0.0,0.0,0.0,0.0,0.0,0.0,0.0,1.3707759771896836e+16,2.741551954379367e+16,4.605809260520218e+16,6.470066566661069e+16,7.758365663187904e+16,9.046664759714741e+16,9.201725067215016e+16,9.356785374715291e+16,8.393577229136925e+16,7.430369083558557e+16,5.886290234224462e+16,4.342211384890367e+16,2.9909646600625384e+16,1.639717935234709e+16,9091292519870024.0,1785405687392956.8,892702843696478.4,0.0,2703116142696378.5,5406232285392757.0,1.5558965846768856e+16,2.5711699408144956e+16,4.2481164957391704e+16,5.925063050663844e+16,7.928025001009802e+16,9.93098695135576e+16,1.1623203169002043e+17,1.3315419386648325e+17,1.4291876441722826e+17,1.5268333496797328e+17,1.5342427403556096e+17,1.5416521310314864e+17,1.5178891978706323e+17,1.4941262647097782e+17,1.5789701703711872e+17,1.6638140760325962e+17,1.8347425500256106e+17,2.0056710240186256e+17,2.1350801975074666e+17,2.264489370996307e+17,2.2750444634506934e+17,2.2855995559050803e+17,2.1715489756415955e+17,2.0574983953781104e+17,1.8341095955789424e+17,1.6107207957797738e+17,1.3257512635212776e+17,1.0407817312627814e+17,7.803870976656426e+16,5.199924640685035e+16,3.96594465678462e+16,2.731964672884204e+16,2.320955621485985e+16,1.909946570087766e+16,1.6070055184501388e+16,1.3040644668125122e+16,1.070835164541288e+16,8376058622700640.0,6151538131365321.0,3927017640030003.5,1963508820015001.8,0.0,0.0,0.0,0.0,0.0,0.0,0.0,0.0,0.0,0.0,0.0,0.0,0.0,0.0,0.0,0.0,0.0,0.0,0.0,0.0,0.0,0.0,0.0,0.0,0.0,0.0,0.0,0.0,0.0,0.0,0.0,0.0,0.0,0.0,0.0,0.0,0.0,0.0,0.0,0.0,0.0,0.0,0.0,0.0,0.0,0.0,0.0,0.0,0.0,0.0,0.0,0.0,0.0,0.0,0.0,0.0,0.0,0.0,0.0,0.0,0.0,0.0,0.0,0.0,0.0,0.0,0.0,0.0,0.0,0.0,0.0,0.0,0.0,0.0,0.0,0.0,0.0,0.0,0.0,0.0,0.0,0.0,0.0,0.0,0.0,0.0,0.0,0.0,0.0,0.0,0.0,0.0,0.0,0.0,0.0,0.0,0.0,0.0,0.0,0.0,0.0,0.0,0.0,0.0,0.0,0.0,0.0,0.0,0.0,0.0,0.0,0.0,0.0,0.0,0.0,0.0,0.0,0.0,0.0,0.0,0.0,0.0,0.0,0.0,0.0,0.0,0.0,0.0,0.0,0.0,0.0,0.0,0.0,0.0,0.0,0.0,0.0,0.0,0.0,0.0,0.0,0.0,0.0,0.0
31.4345572534246,103.991962176887,7.18980823265266,225.0,65.0,142.33504209041814,5.0,5.0,3.051396880442805,2.3744566881040906e+18,0.0,0.0,0.0,0.0,0.0,0.0,0.0,0.0,0.0,0.0,0.0,0.0,0.0,0.0,0.0,0.0,0.0,0.0,0.0,0.0,0.0,0.0,0.0,0.0,0.0,0.0,0.0,0.0,0.0,0.0,0.0,0.0,0.0,0.0,0.0,1.5216764281795074e+16,3.0433528563590148e+16,5.0409704396925944e+16,7.0385880230261736e+16,8.354556854072275e+16,9.670525685118374e+16,9.656925678792744e+16,9.643325672467114e+16,8.43534612924966e+16,7.227366586032211e+16,5.568472111735357e+16,3.909577637438505e+16,2.6045057485960444e+16,1.2994338597535838e+16,6774375702171743.0,554412806807645.9,277206403403822.94,0.0,2713875960300691.0,5427751920601382.0,1.5347657285616986e+16,2.5267562650632584e+16,4.154016354640328e+16,5.7812764442173976e+16,7.64285254068418e+16,9.50442863715096e+16,1.1045363756083507e+17,1.2586298875016054e+17,1.3343750620270482e+17,1.4101202365524912e+17,1.3983658176443542e+17,1.3866113987362171e+17,1.3537591694694088e+17,1.3209069402026008e+17,1.4032802016570098e+17,1.4856534631114186e+17,1.6422795491802778e+17,1.7989056352491363e+17,1.8933550619954963e+17,1.9878044887418563e+17,1.9713334976823216e+17,1.9548625066227872e+17,1.8507218273429923e+17,1.7465811480631974e+17,1.5529678204415517e+17,1.3593544928199067e+17,1.1094627739016394e+17,8.59571054983372e+16,6.407764406801843e+16,4.219818263769965e+16,3.4299303694667984e+16,2.6400424751636316e+16,2.2852431475394224e+16,1.9304438199152132e+16,1.628113748523301e+16,1.3257836771313886e+16,1.1181390111821514e+16,9104943452329142.0,6983599546077463.0,4862255639825781.0,2431127819912890.5,0.0,0.0,0.0,0.0,0.0,0.0,0.0,0.0,0.0,0.0,0.0,0.0,0.0,0.0,0.0,0.0,0.0,0.0,0.0,0.0,0.0,0.0,0.0,0.0,0.0,0.0,0.0,0.0,0.0,0.0,0.0,0.0,0.0,0.0,0.0,0.0,0.0,0.0,0.0,0.0,0.0,0.0,0.0,0.0,0.0,0.0,0.0,0.0,0.0,0.0,0.0,0.0,0.0,0.0,0.0,0.0,0.0,0.0,0.0,0.0,0.0,0.0,0.0,0.0,0.0,0.0,0.0,0.0,0.0,0.0,0.0,0.0,0.0,0.0,0.0,0.0,0.0,0.0,0.0,0.0,0.0,0.0,0.0,0.0,0.0,0.0,0.0,0.0,0.0,0.0,0.0,0.0,0.0,0.0,0.0,0.0,0.0,0.0,0.0,0.0,0.0,0.0,0.0,0.0,0.0,0.0,0.0,0.0,0.0,0.0,0.0,0.0,0.0,0.0,0.0,0.0,0.0,0.0,0.0,0.0,0.0,0.0,0.0,0.0,0.0,0.0,0.0,0.0,0.0,0.0,0.0,0.0,0.0,0.0,0.0,0.0,0.0,0.0,0.0,0.0,0.0,0.0,0.0,0.0
31.4514949802422,103.971983355279,11.3706888080417,225.0,50.0,146.46794924945624,5.0,5.0,2.25331625786139,1.753427059319872e+18,0.0,0.0,0.0,0.0,0.0,0.0,0.0,0.0,0.0,0.0,0.0,0.0,0.0,0.0,0.0,0.0,0.0,0.0,0.0,0.0,0.0,0.0,0.0,0.0,0.0,0.0,0.0,0.0,0.0,0.0,0.0,0.0,0.0,0.0,0.0,1.6326547563783404e+16,3.265309512756681e+16,5.5214105160211144e+16,7.777511519285549e+16,9.161140387018578e+16,1.0544769254751611e+17,1.0316326596816976e+17,1.0087883938882342e+17,8.564338726082515e+16,7.040793513282684e+16,5.1853021425334376e+16,3.329810771784192e+16,2.084739042633692e+16,8396673134831921.0,4198336567415960.5,0.0,708600190596244.5,1417200381192489.0,2466801516488333.5,3516402651784177.0,1.2015629871655416e+16,2.0514857091526656e+16,3.4679970090662108e+16,4.884508308979757e+16,6.420607208859917e+16,7.956706108740077e+16,9.102626709736046e+16,1.0248547310732016e+17,1.0620799388035214e+17,1.0993051465338413e+17,1.055969900470701e+17,1.012634654407561e+17,9.546945083748181e+16,8.967543623420754e+16,9.420468897264206e+16,9.873394171107659e+16,1.0659180156937138e+17,1.1444966142766613e+17,1.1648801967102374e+17,1.1852637791438134e+17,1.1410499420711176e+17,1.0968361049984218e+17,1.0217957251024181e+17,9.467553452064142e+16,8.345733898357739e+16,7.223914344651334e+16,5.919643026139151e+16,4.615371707626966e+16,3.745393195901194e+16,2.875414684175421e+16,2.6128970890192412e+16,2.3503794938630616e+16,2.174616902742913e+16,1.998854311622764e+16,1.87797122337935e+16,1.7570881351359358e+16,1.5989872941119986e+16,1.4408864530880612e+16,1.1537377247938668e+16,8665889964996721.0,4332944982498360.5,0.0,0.0,0.0,0.0,0.0,0.0,0.0,0.0,0.0,0.0,0.0,0.0,0.0,0.0,0.0,0.0,0.0,0.0,0.0,0.0,0.0,0.0,0.0,0.0,0.0,0.0,0.0,0.0,0.0,0.0,0.0,0.0,0.0,0.0,0.0,0.0,0.0,0.0,0.0,0.0,0.0,0.0,0.0,0.0,0.0,0.0,0.0,0.0,0.0,0.0,0.0,0.0,0.0,0.0,0.0,0.0,0.0,0.0,0.0,0.0,0.0,0.0,0.0,0.0,0.0,0.0,0.0,0.0,0.0,0.0,0.0,0.0,0.0,0.0,0.0,0.0,0.0,0.0,0.0,0.0,0.0,0.0,0.0,0.0,0.0,0.0,0.0,0.0,0.0,0.0,0.0,0.0,0.0,0.0,0.0,0.0,0.0,0.0,0.0,0.0,0.0,0.0,0.0,0.0,0.0,0.0,0.0,0.0,0.0,0.0,0.0,0.0,0.0,0.0,0.0,0.0,0.0,0.0,0.0,0.0,0.0,0.0,0.0,0.0,0.0,0.0,0.0,0.0,0.0,0.0,0.0,0.0,0.0,0.0,0.0,0.0,0.0,0.0,0.0,0.0,0.0,0.0,0.0,0.0
31.4738924656346,103.945550404847,14.8927689400555,225.0,40.0,149.54211689532644,5.0,5.0,1.571460139064293,1.222837993053436e+18,0.0,0.0,0.0,0.0,0.0,0.0,0.0,0.0,0.0,0.0,0.0,0.0,0.0,0.0,0.0,0.0,0.0,0.0,0.0,0.0,0.0,0.0,0.0,0.0,0.0,0.0,0.0,0.0,0.0,0.0,0.0,0.0,0.0,0.0,0.0,1.646573871899169e+16,3.293147743798338e+16,5.670191203261992e+16,8.047234662725645e+16,9.53731187937333e+16,1.1027389096021014e+17,1.0915193812767002e+17,1.0802998529512992e+17,9.366176666821621e+16,7.929354804130248e+16,6.183449502007715e+16,4.437544199885183e+16,3.500164105843812e+16,2.5627840118024412e+16,2.4118999367656276e+16,2.261015861728814e+16,2.2390332445820108e+16,2.2170506274352076e+16,2.001480934384199e+16,1.7859112413331908e+16,1.6989151915635862e+16,1.611919141793982e+16,2.5256879416153884e+16,3.439456741436795e+16,4.54292814441809e+16,5.646399547399384e+16,6.340621845184893e+16,7.034844142970402e+16,7.0325151207948104e+16,7.03018609861922e+16,6.356727611395207e+16,5.683269124171196e+16,4.890174227629145e+16,4.097079331087092e+16,4.07929836691031e+16,4.061517402733528e+16,4.2054630830960056e+16,4.3494087634584824e+16,4.101134426062512e+16,3.852860088666541e+16,3.414233712655051e+16,2.9756073366435628e+16,2.619898235642053e+16,2.2641891346405436e+16,2.037504811382641e+16,1.810820488124738e+16,1.790303041359704e+16,1.7697855945946702e+16,1.82630621457707e+16,1.8828268345594696e+16,1.9511672660995896e+16,2.01950769763971e+16,2.1676413612290224e+16,2.315775024818334e+16,2.4235628378466628e+16,2.5313506508749924e+16,2.3910703170150748e+16,2.2507899831551572e+16,1.771282691368937e+16,1.2917753995827164e+16,6458876997913582.0,0.0,0.0,0.0,0.0,0.0,0.0,0.0,0.0,0.0,0.0,0.0,0.0,0.0,0.0,0.0,0.0,0.0,0.0,0.0,0.0,0.0,0.0,0.0,0.0,0.0,0.0,0.0,0.0,0.0,0.0,0.0,0.0,0.0,0.0,0.0,0.0,0.0,0.0,0.0,0.0,0.0,0.0,0.0,0.0,0.0,0.0,0.0,0.0,0.0,0.0,0.0,0.0,0.0,0.0,0.0,0.0,0.0,0.0,0.0,0.0,0.0,0.0,0.0,0.0,0.0,0.0,0.0,0.0,0.0,0.0,0.0,0.0,0.0,0.0,0.0,0.0,0.0,0.0,0.0,0.0,0.0,0.0,0.0,0.0,0.0,0.0,0.0,0.0,0.0,0.0,0.0,0.0,0.0,0.0,0.0,0.0,0.0,0.0,0.0,0.0,0.0,0.0,0.0,0.0,0.0,0.0,0.0,0.0,0.0,0.0,0.0,0.0,0.0,0.0,0.0,0.0,0.0,0.0,0.0,0.0,0.0,0.0,0.0,0.0,0.0,0.0,0.0,0.0,0.0,0.0,0.0,0.0,0.0,0.0,0.0,0.0,0.0,0.0,0.0,0.0,0.0,0.0,0.0,0.0
31.4998389654197,103.914915642252,17.7497379642719,225.0,30.0,139.22506192906857,5.0,5.0,1.264713994399148,9.841422535976745e+17,0.0,0.0,0.0,0.0,0.0,0.0,0.0,0.0,0.0,0.0,0.0,0.0,0.0,0.0,0.0,0.0,0.0,0.0,0.0,0.0,0.0,0.0,0.0,0.0,0.0,0.0,0.0,0.0,0.0,0.0,0.0,0.0,0.0,0.0,0.0,1.4777025346028666e+16,2.9554050692057332e+16,5.0004399383861096e+16,7.045474807566485e+16,8.435836019673888e+16,9.826197231781291e+16,9.967526187550323e+16,1.0108855143319354e+17,9.32684499286103e+16,8.544834842402707e+16,7.645727456479206e+16,6.746620070555703e+16,6.327287139140301e+16,5.907954207724898e+16,5.804418309033485e+16,5.700882410342071e+16,5.540043735978817e+16,5.3792050616155624e+16,4.943031368100662e+16,4.5068576745857624e+16,3.8036033440859e+16,3.1003490135860388e+16,2.6755602981829108e+16,2.2507715827797836e+16,2.629020526728977e+16,3.0072694706781696e+16,3.2927713205215572e+16,3.578273170364945e+16,3.3825601446678492e+16,3.1868471189707548e+16,2.6023669449713416e+16,2.0178867709719284e+16,1.3827004768623794e+16,7475141827528303.0,4058537506868997.5,641933186209690.8,320966593104845.4,0.0,0.0,0.0,391007615322406.4,782015230644812.8,1649701257627854.8,2517387284610897.0,3165716053795192.5,3814044822979488.5,4770881001260037.0,5727717179540586.0,7468946450578386.0,9210175721616188.0,1.3503973479523176e+16,1.7797771237430166e+16,2.24469062080052e+16,2.7096041178580224e+16,2.936966323157545e+16,3.1643285284570668e+16,2.8776961851739204e+16,2.591063841890774e+16,1.939995208972575e+16,1.288926576054377e+16,6444632880271885.0,0.0,0.0,0.0,0.0,0.0,0.0,0.0,0.0,0.0,0.0,0.0,0.0,0.0,0.0,0.0,0.0,0.0,0.0,0.0,0.0,0.0,0.0,0.0,0.0,0.0,0.0,0.0,0.0,0.0,0.0,0.0,0.0,0.0,0.0,0.0,0.0,0.0,0.0,0.0,0.0,0.0,0.0,0.0,0.0,0.0,0.0,0.0,0.0,0.0,0.0,0.0,0.0,0.0,0.0,0.0,0.0,0.0,0.0,0.0,0.0,0.0,0.0,0.0,0.0,0.0,0.0,0.0,0.0,0.0,0.0,0.0,0.0,0.0,0.0,0.0,0.0,0.0,0.0,0.0,0.0,0.0,0.0,0.0,0.0,0.0,0.0,0.0,0.0,0.0,0.0,0.0,0.0,0.0,0.0,0.0,0.0,0.0,0.0,0.0,0.0,0.0,0.0,0.0,0.0,0.0,0.0,0.0,0.0,0.0,0.0,0.0,0.0,0.0,0.0,0.0,0.0,0.0,0.0,0.0,0.0,0.0,0.0,0.0,0.0,0.0,0.0,0.0,0.0,0.0,0.0,0.0,0.0,0.0,0.0,0.0,0.0,0.0,0.0,0.0,0.0,0.0,0.0,0.0,0.0
31.5280153592438,103.8816353067,20.0562836186236,225.0,25.0,123.12982828851841,5.0,5.0,1.2091270786227906,9.40887072738639e+17,0.0,0.0,0.0,0.0,0.0,0.0,0.0,0.0,0.0,0.0,0.0,0.0,0.0,0.0,0.0,0.0,0.0,0.0,0.0,0.0,0.0,0.0,0.0,0.0,0.0,0.0,0.0,0.0,0.0,0.0,0.0,0.0,0.0,0.0,0.0,1.1838240211650662e+16,2.3676480423301324e+16,3.9652241008887544e+16,5.562800159447376e+16,6.669859374122613e+16,7.776918588797848e+16,8.0932089480577e+16,8.409499307317552e+16,8.276976278806027e+16,8.144453250294501e+16,8.034195861097218e+16,7.923938471899934e+16,7.910518022563691e+16,7.897097573227448e+16,7.871389849859493e+16,7.845682126491536e+16,7.640419163943358e+16,7.43515620139518e+16,6.898630787566826e+16,6.36210537373847e+16,5.564869143150665e+16,4.7676329125628584e+16,3.89157598466409e+16,3.0155190567653216e+16,2.4252349786065836e+16,1.8349509004478456e+16,1.6530076889375198e+16,1.4710644774271938e+16,1.261216349842073e+16,1.0513682222569518e+16,7011984833350462.0,3510287444131404.5,1755143722065702.2,0.0,0.0,0.0,0.0,0.0,0.0,0.0,0.0,0.0,0.0,0.0,0.0,0.0,489114661437443.6,978229322874887.2,3911166935334947.0,6844104547795007.0,1.2362160379152382e+16,1.7880216210509762e+16,2.2921524412091944e+16,2.796283261367413e+16,2.962906287851817e+16,3.1295293143362216e+16,2.7503553779896324e+16,2.3711814416430428e+16,1.687888140614501e+16,1.004594839585959e+16,5022974197929795.0,0.0,0.0,0.0,0.0,0.0,0.0,0.0,0.0,0.0,0.0,0.0,0.0,0.0,0.0,0.0,0.0,0.0,0.0,0.0,0.0,0.0,0.0,0.0,0.0,0.0,0.0,0.0,0.0,0.0,0.0,0.0,0.0,0.0,0.0,0.0,0.0,0.0,0.0,0.0,0.0,0.0,0.0,0.0,0.0,0.0,0.0,0.0,0.0,0.0,0.0,0.0,0.0,0.0,0.0,0.0,0.0,0.0,0.0,0.0,0.0,0.0,0.0,0.0,0.0,0.0,0.0,0.0,0.0,0.0,0.0,0.0,0.0,0.0,0.0,0.0,0.0,0.0,0.0,0.0,0.0,0.0,0.0,0.0,0.0,0.0,0.0,0.0,0.0,0.0,0.0,0.0,0.0,0.0,0.0,0.0,0.0,0.0,0.0,0.0,0.0,0.0,0.0,0.0,0.0,0.0,0.0,0.0,0.0,0.0,0.0,0.0,0.0,0.0,0.0,0.0,0.0,0.0,0.0,0.0,0.0,0.0,0.0,0.0,0.0,0.0,0.0,0.0,0.0,0.0,0.0,0.0,0.0,0.0,0.0,0.0,0.0,0.0,0.0,0.0,0.0,0.0,0.0,0.0,0.0
31.5573629078648,103.846958517089,21.9678796312896,225.0,20.0,114.58319491862167,5.0,5.0,0.9390787275190194,7.30747868133835e+17,0.0,0.0,0.0,0.0,0.0,0.0,0.0,0.0,0.0,0.0,0.0,0.0,0.0,0.0,0.0,0.0,0.0,0.0,0.0,0.0,0.0,0.0,0.0,0.0,0.0,0.0,0.0,0.0,0.0,0.0,0.0,0.0,0.0,0.0,0.0,7803832235065591.0,1.5607664470131182e+16,2.557373261426255e+16,3.5539800758393924e+16,4.1953082507202056e+16,4.836636425601018e+16,5.139671768723719e+16,5.442707111846419e+16,5.711338677669725e+16,5.9799702434930296e+16,6.2884169578134056e+16,6.596863672133783e+16,6.841557480874678e+16,7.086251289615575e+16,7.15455987474202e+16,7.222868459868466e+16,7.008510692195248e+16,6.794152924522028e+16,6.274030842535758e+16,5.753908760549489e+16,5.061005279096479e+16,4.36810179764347e+16,3.655205329251989e+16,2.942308860860507e+16,2.302087785002354e+16,1.6618667091442012e+16,1.1800544084127636e+16,6982421076813259.0,4045993150714985.0,1109565224616711.0,554782612308355.5,0.0,0.0,0.0,0.0,0.0,0.0,0.0,0.0,0.0,0.0,0.0,0.0,0.0,0.0,0.0,251267353273695.66,502534706547391.3,3090609098653354.0,5678683490759316.0,1.0404678859355374e+16,1.5130674227951434e+16,1.8421210677732144e+16,2.1711747127512852e+16,2.1841674211585784e+16,2.197160129565871e+16,1.830119731011777e+16,1.463079332457683e+16,9828406601335178.0,5026019878093527.0,2513009939046763.5,0.0,0.0,0.0,0.0,0.0,0.0,0.0,0.0,0.0,0.0,0.0,0.0,0.0,0.0,0.0,0.0,0.0,0.0,0.0,0.0,0.0,0.0,0.0,0.0,0.0,0.0,0.0,0.0,0.0,0.0,0.0,0.0,0.0,0.0,0.0,0.0,0.0,0.0,0.0,0.0,0.0,0.0,0.0,0.0,0.0,0.0,0.0,0.0,0.0,0.0,0.0,0.0,0.0,0.0,0.0,0.0,0.0,0.0,0.0,0.0,0.0,0.0,0.0,0.0,0.0,0.0,0.0,0.0,0.0,0.0,0.0,0.0,0.0,0.0,0.0,0.0,0.0,0.0,0.0,0.0,0.0,0.0,0.0,0.0,0.0,0.0,0.0,0.0,0.0,0.0,0.0,0.0,0.0,0.0,0.0,0.0,0.0,0.0,0.0,0.0,0.0,0.0,0.0,0.0,0.0,0.0,0.0,0.0,0.0,0.0,0.0,0.0,0.0,0.0,0.0,0.0,0.0,0.0,0.0,0.0,0.0,0.0,0.0,0.0,0.0,0.0,0.0,0.0,0.0,0.0,0.0,0.0,0.0,0.0,0.0,0.0,0.0,0.0,0.0,0.0,0.0,0.0,0.0,0.0
31.5876582587172,103.811149728632,23.46997760236,225.0,15.0,110.42365427603767,5.0,5.0,0.4471267535933622,3.4793347181568915e+17,0.0,0.0,0.0,0.0,0.0,0.0,0.0,0.0,0.0,0.0,0.0,0.0,0.0,0.0,0.0,0.0,0.0,0.0,0.0,0.0,0.0,0.0,0.0,0.0,0.0,0.0,0.0,0.0,0.0,0.0,0.0,0.0,0.0,0.0,0.0,3541849369386384.5,7083698738772769.0,1.1189236694690208e+16,1.5294774650607646e+16,1.7445090492426152e+16,1.9595406334244652e+16,2.052337280117727e+16,2.1451339268109892e+16,2.369553795696503e+16,2.593973664582017e+16,2.8860492793248356e+16,3.178124894067654e+16,3.3588803585865824e+16,3.5396358231055108e+16,3.5855734744617036e+16,3.631511125817896e+16,3.5108546553957716e+16,3.390198184973647e+16,3.1115257308044536e+16,2.8328532766352604e+16,2.5187492639073172e+16,2.204645251179374e+16,1.8949124198304524e+16,1.5851795884815306e+16,1.3130852171816158e+16,1.0409908458817008e+16,7585474853584010.0,4761041248351013.0,2380520624175506.5,0.0,0.0,0.0,0.0,0.0,0.0,0.0,0.0,0.0,0.0,0.0,0.0,0.0,947930887477505.4,1895861774955010.8,2105663840190189.8,2315465905425368.5,1506386856500461.5,697307807575554.6,2168715594933041.0,3640123382290527.0,5368594115277389.0,7097064848264250.0,8208129641391450.0,9319194434518650.0,9104491815433168.0,8889789196347685.0,6800916784551442.0,4712044372755199.0,2960638839490098.5,1209233306224999.0,604616653112499.5,0.0,0.0,0.0,0.0,0.0,0.0,0.0,0.0,0.0,0.0,0.0,0.0,0.0,0.0,0.0,0.0,0.0,0.0,0.0,0.0,0.0,0.0,0.0,0.0,0.0,0.0,0.0,0.0,0.0,0.0,0.0,0.0,0.0,0.0,0.0,0.0,0.0,0.0,0.0,0.0,0.0,0.0,0.0,0.0,0.0,0.0,0.0,0.0,0.0,0.0,0.0,0.0,0.0,0.0,0.0,0.0,0.0,0.0,0.0,0.0,0.0,0.0,0.0,0.0,0.0,0.0,0.0,0.0,0.0,0.0,0.0,0.0,0.0,0.0,0.0,0.0,0.0,0.0,0.0,0.0,0.0,0.0,0.0,0.0,0.0,0.0,0.0,0.0,0.0,0.0,0.0,0.0,0.0,0.0,0.0,0.0,0.0,0.0,0.0,0.0,0.0,0.0,0.0,0.0,0.0,0.0,0.0,0.0,0.0,0.0,0.0,0.0,0.0,0.0,0.0,0.0,0.0,0.0,0.0,0.0,0.0,0.0,0.0,0.0,0.0,0.0,0.0,0.0,0.0,0.0,0.0,0.0,0.0,0.0,0.0,0.0,0.0,0.0,0.0,0.0,0.0,0.0,0.0,0.0
31.6186708458881,103.774513964292,24.5511456592836,225.0,10.0,90.0,5.0,5.0,0.0,0.0,0.0,0.0,0.0,0.0,0.0,0.0,0.0,0.0,0.0,0.0,0.0,0.0,0.0,0.0,0.0,0.0,0.0,0.0,0.0,0.0,0.0,0.0,0.0,0.0,0.0,0.0,0.0,0.0,0.0,0.0,0.0,0.0,0.0,0.0,0.0,0.0,0.0,0.0,0.0,0.0,0.0,0.0,0.0,0.0,0.0,0.0,0.0,0.0,0.0,0.0,0.0,0.0,0.0,0.0,0.0,0.0,0.0,0.0,0.0,0.0,0.0,0.0,0.0,0.0,0.0,0.0,0.0,0.0,0.0,0.0,0.0,0.0,0.0,0.0,0.0,0.0,0.0,0.0,0.0,0.0,0.0,0.0,0.0,0.0,0.0,0.0,0.0,0.0,0.0,0.0,0.0,0.0,0.0,0.0,0.0,0.0,0.0,0.0,0.0,0.0,0.0,0.0,0.0,0.0,0.0,0.0,0.0,0.0,0.0,0.0,0.0,0.0,0.0,0.0,0.0,0.0,0.0,0.0,0.0,0.0,0.0,0.0,0.0,0.0,0.0,0.0,0.0,0.0,0.0,0.0,0.0,0.0,0.0,0.0,0.0,0.0,0.0,0.0,0.0,0.0,0.0,0.0,0.0,0.0,0.0,0.0,0.0,0.0,0.0,0.0,0.0,0.0,0.0,0.0,0.0,0.0,0.0,0.0,0.0,0.0,0.0,0.0,0.0,0.0,0.0,0.0,0.0,0.0,0.0,0.0,0.0,0.0,0.0,0.0,0.0,0.0,0.0,0.0,0.0,0.0,0.0,0.0,0.0,0.0,0.0,0.0,0.0,0.0,0.0,0.0,0.0,0.0,0.0,0.0,0.0,0.0,0.0,0.0,0.0,0.0,0.0,0.0,0.0,0.0,0.0,0.0,0.0,0.0,0.0,0.0,0.0,0.0,0.0,0.0,0.0,0.0,0.0,0.0,0.0,0.0,0.0,0.0,0.0,0.0,0.0,0.0,0.0,0.0,0.0,0.0,0.0,0.0,0.0,0.0,0.0,0.0,0.0,0.0,0.0,0.0
31.3932820428446,103.965742561179,2.46201938253052,225.0,80.0,148.74878618394703,5.0,5.0,2.992212639860802,2.3284022345582423e+18,0.0,0.0,0.0,0.0,0.0,0.0,0.0,0.0,0.0,0.0,0.0,0.0,0.0,0.0,0.0,0.0,0.0,0.0,0.0,0.0,0.0,0.0,0.0,0.0,0.0,0.0,0.0,0.0,0.0,0.0,0.0,0.0,0.0,7247780748287744.0,1.4495561496575488e+16,3.164866296310937e+16,4.880176442964324e+16,6.701876396746081e+16,8.523576350527838e+16,9.610638617478667e+16,1.0697700884429496e+17,1.060584399744946e+17,1.0513987110469424e+17,9.345148934550022e+16,8.176310758630624e+16,6.470986948501496e+16,4.76566313837237e+16,3.2778437158106348e+16,1.7900242932489e+16,1.0033549405868678e+16,2166855879248354.8,1083427939624177.4,0.0,1659303428595566.2,3318606857191132.5,1.0674827193496094e+16,1.8031047529801052e+16,3.184024885117328e+16,4.564945017254551e+16,6.359258680526989e+16,8.153572343799426e+16,9.864450103313648e+16,1.1575327862827869e+17,1.2714761689197542e+17,1.3854195515567214e+17,1.4211830595565088e+17,1.456946567556296e+17,1.4395322567402725e+17,1.4221179459242491e+17,1.4631001218145686e+17,1.504082297704888e+17,1.6162101998153085e+17,1.7283381019257293e+17,1.802700289734046e+17,1.877062477542363e+17,1.8543043806009072e+17,1.831546283659452e+17,1.7124766020295523e+17,1.5934069203996528e+17,1.397932277880087e+17,1.202457635360522e+17,9.69498754239523e+16,7.36539873118524e+16,5.438315071190424e+16,3.511231411195609e+16,2.7618442387633708e+16,2.0124570663311336e+16,1.6749502908686734e+16,1.3374435154062132e+16,1.0576492135427968e+16,7778549116793802.0,5787117683004455.0,3795686249215109.0,1897843124607554.5,0.0,0.0,0.0,0.0,0.0,0.0,0.0,0.0,0.0,0.0,0.0,0.0,0.0,0.0,0.0,0.0,0.0,0.0,0.0,0.0,0.0,0.0,0.0,0.0,0.0,0.0,0.0,0.0,0.0,0.0,0.0,0.0,0.0,0.0,0.0,0.0,0.0,0.0,0.0,0.0,0.0,0.0,0.0,0.0,0.0,0.0,0.0,0.0,0.0,0.0,0.0,0.0,0.0,0.0,0.0,0.0,0.0,0.0,0.0,0.0,0.0,0.0,0.0,0.0,0.0,0.0,0.0,0.0,0.0,0.0,0.0,0.0,0.0,0.0,0.0,0.0,0.0,0.0,0.0,0.0,0.0,0.0,0.0,0.0,0.0,0.0,0.0,0.0,0.0,0.0,0.0,0.0,0.0,0.0,0.0,0.0,0.0,0.0,0.0,0.0,0.0,0.0,0.0,0.0,0.0,0.0,0.0,0.0,0.0,0.0,0.0,0.0,0.0,0.0,0.0,0.0,0.0,0.0,0.0,0.0,0.0,0.0,0.0,0.0,0.0,0.0,0.0,0.0,0.0,0.0,0.0,0.0,0.0,0.0,0.0,0.0,0.0,0.0,0.0,0.0,0.0,0.0,0.0,0.0,0.0,0.0
31.402761433124,103.954565299409,7.18980823265266,225.0,65.0,149.53101873092174,5.0,5.0,2.7156137882982607,2.1131657318194447e+18,0.0,0.0,0.0,0.0,0.0,0.0,0.0,0.0,0.0,0.0,0.0,0.0,0.0,0.0,0.0,0.0,0.0,0.0,0.0,0.0,0.0,0.0,0.0,0.0,0.0,0.0,0.0,0.0,0.0,0.0,0.0,0.0,0.0,8243880816575312.0,1.6487761633150624e+16,3.4836649684268664e+16,5.3185537735386696e+16,7.246716424766949e+16,9.174879075995227e+16,1.0223962232349579e+17,1.127304538870393e+17,1.101469240083951e+17,1.0756339412975091e+17,9.374160658105038e+16,7.991981903234989e+16,6.175187099747014e+16,4.358392296259041e+16,2.902956625470693e+16,1.447520954682345e+16,7743923551806093.0,1012637556788734.2,506318778394367.1,0.0,1186012111549063.0,2372024223098126.0,9679089982219070.0,1.6986155741340012e+16,3.002787417251106e+16,4.3069592603682104e+16,5.996602445711937e+16,7.686245631055664e+16,9.252073972000512e+16,1.0817902312945362e+17,1.178578579685021e+17,1.2753669280755058e+17,1.2936828190557098e+17,1.3119987100359138e+17,1.2825011857659525e+17,1.253003661495991e+17,1.2968721899892904e+17,1.3407407184825898e+17,1.4380907020685107e+17,1.535440685654432e+17,1.5773978868857875e+17,1.619355088117143e+17,1.57398829431306e+17,1.5286215005089766e+17,1.4159040129873867e+17,1.3031865254657968e+17,1.1378649138396325e+17,9.725433022134685e+16,7.745209277510728e+16,5.7649855328867704e+16,4.3189311165059096e+16,2.8728767001250484e+16,2.428340446228658e+16,1.983804192332267e+16,1.6553907045097154e+16,1.3269772166871638e+16,1.050456738268556e+16,7739362598499480.0,5738402071093897.0,3737441543688313.5,1868720771844156.8,0.0,0.0,0.0,0.0,0.0,0.0,0.0,0.0,0.0,0.0,0.0,0.0,0.0,0.0,0.0,0.0,0.0,0.0,0.0,0.0,0.0,0.0,0.0,0.0,0.0,0.0,0.0,0.0,0.0,0.0,0.0,0.0,0.0,0.0,0.0,0.0,0.0,0.0,0.0,0.0,0.0,0.0,0.0,0.0,0.0,0.0,0.0,0.0,0.0,0.0,0.0,0.0,0.0,0.0,0.0,0.0,0.0,0.0,0.0,0.0,0.0,0.0,0.0,0.0,0.0,0.0,0.0,0.0,0.0,0.0,0.0,0.0,0.0,0.0,0.0,0.0,0.0,0.0,0.0,0.0,0.0,0.0,0.0,0.0,0.0,0.0,0.0,0.0,0.0,0.0,0.0,0.0,0.0,0.0,0.0,0.0,0.0,0.0,0.0,0.0,0.0,0.0,0.0,0.0,0.0,0.0,0.0,0.0,0.0,0.0,0.0,0.0,0.0,0.0,0.0,0.0,0.0,0.0,0.0,0.0,0.0,0.0,0.0,0.0,0.0,0.0,0.0,0.0,0.0,0.0,0.0,0.0,0.0,0.0,0.0,0.0,0.0,0.0,0.0,0.0,0.0,0.0,0.0,0.0,0.0,0.0
31.4196991599416,103.93458113725,11.3706888080417,225.0,50.0,152.28183231278172,5.0,5.0,2.0353670450492296,1.5838290075732383e+18,0.0,0.0,0.0,0.0,0.0,0.0,0.0,0.0,0.0,0.0,0.0,0.0,0.0,0.0,0.0,0.0,0.0,0.0,0.0,0.0,0.0,0.0,0.0,0.0,0.0,0.0,0.0,0.0,0.0,0.0,0.0,0.0,0.0,8311870679060978.0,1.6623741358121956e+16,3.65500288406719e+16,5.647631632322185e+16,7.80940626392099e+16,9.971180895519794e+16,1.111219092191414e+17,1.2253200948308488e+17,1.1787236076169922e+17,1.1321271204031354e+17,9.580353212472827e+16,7.8394352209143e+16,5.7890699409576984e+16,3.738704661001096e+16,2.355476028626245e+16,9722473962513928.0,4982537800658207.0,242601638802487.06,121300819401243.53,0.0,440429323079225.5,880858646158451.0,6709616246124762.0,1.2538373846091072e+16,2.4175268555089948e+16,3.5812163264088812e+16,4.995925914499448e+16,6.410635502590013e+16,7.629355094115986e+16,8.848074685641958e+16,9.432496532083426e+16,1.0016918378524891e+17,9.828080024811278e+16,9.639241671097669e+16,9.169787856134549e+16,8.700334041171427e+16,8.88411875033485e+16,9.067903459498272e+16,9.452530152234723e+16,9.837156844971174e+16,9.569565064193245e+16,9.301973283415314e+16,8.608131152552624e+16,7.914289021689936e+16,7.096851637644896e+16,6.279414253599854e+16,5.444872485720539e+16,4.610330717841224e+16,3.743193289143938e+16,2.8760558604466504e+16,2.4479009160132244e+16,2.0197459715797984e+16,1.8589979893167776e+16,1.6982500070537572e+16,1.4977633715096204e+16,1.2972767359654838e+16,1.1206234575060974e+16,9439701790467108.0,7559272442807644.0,5678843095148182.0,2839421547574091.0,0.0,0.0,0.0,0.0,0.0,0.0,0.0,0.0,0.0,0.0,0.0,0.0,0.0,0.0,0.0,0.0,0.0,0.0,0.0,0.0,0.0,0.0,0.0,0.0,0.0,0.0,0.0,0.0,0.0,0.0,0.0,0.0,0.0,0.0,0.0,0.0,0.0,0.0,0.0,0.0,0.0,0.0,0.0,0.0,0.0,0.0,0.0,0.0,0.0,0.0,0.0,0.0,0.0,0.0,0.0,0.0,0.0,0.0,0.0,0.0,0.0,0.0,0.0,0.0,0.0,0.0,0.0,0.0,0.0,0.0,0.0,0.0,0.0,0.0,0.0,0.0,0.0,0.0,0.0,0.0,0.0,0.0,0.0,0.0,0.0,0.0,0.0,0.0,0.0,0.0,0.0,0.0,0.0,0.0,0.0,0.0,0.0,0.0,0.0,0.0,0.0,0.0,0.0,0.0,0.0,0.0,0.0,0.0,0.0,0.0,0.0,0.0,0.0,0.0,0.0,0.0,0.0,0.0,0.0,0.0,0.0,0.0,0.0,0.0,0.0,0.0,0.0,0.0,0.0,0.0,0.0,0.0,0.0,0.0,0.0,0.0,0.0,0.0,0.0,0.0,0.0,0.0,0.0,0.0,0.0,0.0
31.442096645334,103.908140228604,14.8927689400555,225.0,40.0,150.9887948740098,5.0,5.0,1.4618359525059925,1.1375334937863482e+18,0.0,0.0,0.0,0.0,0.0,0.0,0.0,0.0,0.0,0.0,0.0,0.0,0.0,0.0,0.0,0.0,0.0,0.0,0.0,0.0,0.0,0.0,0.0,0.0,0.0,0.0,0.0,0.0,0.0,0.0,0.0,0.0,0.0,8020971163117505.0,1.604194232623501e+16,3.5997510659349904e+16,5.59530789924648e+16,7.817459201389419e+16,1.0039610503532355e+17,1.1264809758385896e+17,1.2490009013239438e+17,1.2145078754974098e+17,1.1800148496708758e+17,1.0236418064466949e+17,8.672687632225141e+16,6.8931988552229304e+16,5.113710078220721e+16,4.1625374371405704e+16,3.21136479606042e+16,2.944997712513733e+16,2.6786306289670452e+16,2.4684103782413984e+16,2.258190127515751e+16,1.871715627221277e+16,1.485241126926802e+16,1.1548936839769934e+16,8245462410271846.0,1.5666173165233678e+16,2.308688392019551e+16,3.339429364079212e+16,4.370170336138874e+16,5.153190217390209e+16,5.936210098641544e+16,6.109549237816136e+16,6.282888376990727e+16,5.793513700537132e+16,5.304139024083538e+16,4.606752615802393e+16,3.90936620752125e+16,3.744593741555147e+16,3.5798212755890452e+16,3.5271790880367864e+16,3.4745369004845268e+16,3.0254784242029972e+16,2.576419947921467e+16,1.9851281155162004e+16,1.3938362831109332e+16,1.0899368090796998e+16,7860373350484662.0,7795888902679147.0,7731404454873631.0,8823101208653431.0,9914797962433230.0,1.0500074642145252e+16,1.1085351321857274e+16,1.210450801918172e+16,1.3123664716506164e+16,1.4068129769625876e+16,1.5012594822745592e+16,1.4598675575949216e+16,1.4184756329152842e+16,1.1854065484748532e+16,9523374640344220.0,4761687320172110.0,0.0,0.0,0.0,0.0,0.0,0.0,0.0,0.0,0.0,0.0,0.0,0.0,0.0,0.0,0.0,0.0,0.0,0.0,0.0,0.0,0.0,0.0,0.0,0.0,0.0,0.0,0.0,0.0,0.0,0.0,0.0,0.0,0.0,0.0,0.0,0.0,0.0,0.0,0.0,0.0,0.0,0.0,0.0,0.0,0.0,0.0,0.0,0.0,0.0,0.0,0.0,0.0,0.0,0.0,0.0,0.0,0.0,0.0,0.0,0.0,0.0,0.0,0.0,0.0,0.0,0.0,0.0,0.0,0.0,0.0,0.0,0.0,0.0,0.0,0.0,0.0,0.0,0.0,0.0,0.0,0.0,0.0,0.0,0.0,0.0,0.0,0.0,0.0,0.0,0.0,0.0,0.0,0.0,0.0,0.0,0.0,0.0,0.0,0.0,0.0,0.0,0.0,0.0,0.0,0.0,0.0,0.0,0.0,0.0,0.0,0.0,0.0,0.0,0.0,0.0,0.0,0.0,0.0,0.0,0.0,0.0,0.0,0.0,0.0,0.0,0.0,0.0,0.0,0.0,0.0,0.0,0.0,0.0,0.0,0.0,0.0,0.0,0.0,0.0,0.0,0.0,0.0,0.0,0.0,0.0,0.0
31.4680431451191,103.87749567492,17.7497379642719,225.0,30.0,137.12782042422893,5.0,5.0,1.2431241354057296,9.673420184625101e+17,0.0,0.0,0.0,0.0,0.0,0.0,0.0,0.0,0.0,0.0,0.0,0.0,0.0,0.0,0.0,0.0,0.0,0.0,0.0,0.0,0.0,0.0,0.0,0.0,0.0,0.0,0.0,0.0,0.0,0.0,0.0,0.0,0.0,7475534939767635.0,1.495106987953527e+16,3.2620163617994736e+16,5.028925735645419e+16,6.912934117099054e+16,8.79694249855269e+16,9.90836783675504e+16,1.1019793174957387e+17,1.0996784990419778e+17,1.0973776805882166e+17,1.0156596894195269e+17,9.339416982508371e+16,8.504996534945595e+16,7.67057608738282e+16,7.188382852188648e+16,6.706189616994477e+16,6.409450634835587e+16,6.112711652676697e+16,5.699907731409671e+16,5.287103810142644e+16,4.589159908934001e+16,3.891216007725356e+16,3.037428238510996e+16,2.1836404692966364e+16,1.7400329186457964e+16,1.2964253679949566e+16,1.7557620624951486e+16,2.21509875699534e+16,2.6057217894118572e+16,2.9963448218283748e+16,2.931279920000681e+16,2.8662150181729868e+16,2.337834835340571e+16,1.8094546525081556e+16,1.2344676900197532e+16,6594807275313509.0,3297403637656754.5,0.0,0.0,0.0,0.0,0.0,0.0,0.0,233741744904191.75,467483489808383.5,589309810886960.8,711136131965538.0,947887412427844.9,1184638692890151.5,2461601080376000.5,3738563467861848.5,7206602866390869.0,1.067464226491989e+16,1.3985736624416572e+16,1.7296830983913258e+16,1.773475702894155e+16,1.817268307396985e+16,1.4892265841828644e+16,1.1611848609687446e+16,5805924304843723.0,0.0,0.0,0.0,0.0,0.0,0.0,0.0,0.0,0.0,0.0,0.0,0.0,0.0,0.0,0.0,0.0,0.0,0.0,0.0,0.0,0.0,0.0,0.0,0.0,0.0,0.0,0.0,0.0,0.0,0.0,0.0,0.0,0.0,0.0,0.0,0.0,0.0,0.0,0.0,0.0,0.0,0.0,0.0,0.0,0.0,0.0,0.0,0.0,0.0,0.0,0.0,0.0,0.0,0.0,0.0,0.0,0.0,0.0,0.0,0.0,0.0,0.0,0.0,0.0,0.0,0.0,0.0,0.0,0.0,0.0,0.0,0.0,0.0,0.0,0.0,0.0,0.0,0.0,0.0,0.0,0.0,0.0,0.0,0.0,0.0,0.0,0.0,0.0,0.0,0.0,0.0,0.0,0.0,0.0,0.0,0.0,0.0,0.0,0.0,0.0,0.0,0.0,0.0,0.0,0.0,0.0,0.0,0.0,0.0,0.0,0.0,0.0,0.0,0.0,0.0,0.0,0.0,0.0,0.0,0.0,0.0,0.0,0.0,0.0,0.0,0.0,0.0,0.0,0.0,0.0,0.0,0.0,0.0,0.0,0.0,0.0,0.0,0.0,0.0,0.0,0.0,0.0,0.0,0.0,0.0,0.0
31.4962195389432,103.844204364252,20.0562836186236,225.0,25.0,121.69914785967921,5.0,5.0,1.212238020153496,9.433078643345235e+17,0.0,0.0,0.0,0.0,0.0,0.0,0.0,0.0,0.0,0.0,0.0,0.0,0.0,0.0,0.0,0.0,0.0,0.0,0.0,0.0,0.0,0.0,0.0,0.0,0.0,0.0,0.0,0.0,0.0,0.0,0.0,0.0,0.0,6381819271127238.0,1.2763638542254476e+16,2.711186608095154e+16,4.146009361964861e+16,5.573475325497101e+16,7.000941289029341e+16,7.860874677794315e+16,8.720808066559291e+16,8.935803025140896e+16,9.150797983722506e+16,9.065241247064435e+16,8.979684510406365e+16,8.945832850684498e+16,8.911981190962634e+16,8.851808402632565e+16,8.791635614302498e+16,8.555471313972698e+16,8.319307013642898e+16,7.808457033819694e+16,7.297607053996493e+16,6.4854277938210984e+16,5.6732485336457016e+16,4.758605658538446e+16,3.843962783431192e+16,3.028758411207684e+16,2.2135540389841764e+16,1.7333416021152644e+16,1.2531291652463524e+16,1.2180378629128784e+16,1.1829465605794046e+16,1.0482692940174332e+16,9135920274554618.0,6032395100460717.0,2928869926366815.5,1464434963183407.8,0.0,0.0,0.0,0.0,0.0,0.0,0.0,0.0,0.0,0.0,0.0,0.0,0.0,0.0,0.0,892228746200777.9,1784457492401555.8,6428895367079115.0,1.1073333241756674e+16,1.5228474973449704e+16,1.938361670514274e+16,1.9631922067050096e+16,1.9880227428957452e+16,1.5690948243654754e+16,1.1501669058352056e+16,5750834529176028.0,0.0,0.0,0.0,0.0,0.0,0.0,0.0,0.0,0.0,0.0,0.0,0.0,0.0,0.0,0.0,0.0,0.0,0.0,0.0,0.0,0.0,0.0,0.0,0.0,0.0,0.0,0.0,0.0,0.0,0.0,0.0,0.0,0.0,0.0,0.0,0.0,0.0,0.0,0.0,0.0,0.0,0.0,0.0,0.0,0.0,0.0,0.0,0.0,0.0,0.0,0.0,0.0,0.0,0.0,0.0,0.0,0.0,0.0,0.0,0.0,0.0,0.0,0.0,0.0,0.0,0.0,0.0,0.0,0.0,0.0,0.0,0.0,0.0,0.0,0.0,0.0,0.0,0.0,0.0,0.0,0.0,0.0,0.0,0.0,0.0,0.0,0.0,0.0,0.0,0.0,0.0,0.0,0.0,0.0,0.0,0.0,0.0,0.0,0.0,0.0,0.0,0.0,0.0,0.0,0.0,0.0,0.0,0.0,0.0,0.0,0.0,0.0,0.0,0.0,0.0,0.0,0.0,0.0,0.0,0.0,0.0,0.0,0.0,0.0,0.0,0.0,0.0,0.0,0.0,0.0,0.0,0.0,0.0,0.0,0.0,0.0,0.0,0.0,0.0,0.0,0.0,0.0,0.0,0.0,0.0,0.0
31.5255670875642,103.809515893938,21.9678796312896,225.0,20.0,113.26467254099968,5.0,5.0,0.9373695310944868,7.294178500992993e+17,0.0,0.0,0.0,0.0,0.0,0.0,0.0,0.0,0.0,0.0,0.0,0.0,0.0,0.0,0.0,0.0,0.0,0.0,0.0,0.0,0.0,0.0,0.0,0.0,0.0,0.0,0.0,0.0,0.0,0.0,0.0,0.0,0.0,4211406937134039.5,8422813874268079.0,1.7885457654240004e+16,2.7348101434211932e+16,3.5552523189256012e+16,4.375694494430008e+16,4.830198947237696e+16,5.284703400045385e+16,5.558086687980806e+16,5.831469975916229e+16,6.232177244250684e+16,6.6328845125851384e+16,7.043648033421431e+16,7.454411554257725e+16,7.63537053873052e+16,7.816329523203315e+16,7.698310829486824e+16,7.580292135770331e+16,7.135062555459238e+16,6.6898329751481464e+16,5.924397040970916e+16,5.1589611067936856e+16,4.353017198180459e+16,3.547073289567233e+16,2.8983126358973028e+16,2.2495519822273732e+16,1.7851376982192744e+16,1.320723414211176e+16,9633466387587922.0,6059698633064085.0,3640142462536796.5,1220586292009508.2,610293146004754.1,0.0,0.0,0.0,0.0,0.0,0.0,0.0,0.0,0.0,0.0,0.0,564713025996.6632,1129426051993.3264,41268912430318.625,81408398808643.92,40704199404321.96,0.0,1263953015111034.2,2527906030222068.5,5739057309624652.0,8950208589027237.0,1.166503972718524e+16,1.4379870865343244e+16,1.4254228635088378e+16,1.4128586404833508e+16,1.0503421457367514e+16,6878256509901518.0,3439128254950759.0,0.0,0.0,0.0,0.0,0.0,0.0,0.0,0.0,0.0,0.0,0.0,0.0,0.0,0.0,0.0,0.0,0.0,0.0,0.0,0.0,0.0,0.0,0.0,0.0,0.0,0.0,0.0,0.0,0.0,0.0,0.0,0.0,0.0,0.0,0.0,0.0,0.0,0.0,0.0,0.0,0.0,0.0,0.0,0.0,0.0,0.0,0.0,0.0,0.0,0.0,0.0,0.0,0.0,0.0,0.0,0.0,0.0,0.0,0.0,0.0,0.0,0.0,0.0,0.0,0.0,0.0,0.0,0.0,0.0,0.0,0.0,0.0,0.0,0.0,0.0,0.0,0.0,0.0,0.0,0.0,0.0,0.0,0.0,0.0,0.0,0.0,0.0,0.0,0.0,0.0,0.0,0.0,0.0,0.0,0.0,0.0,0.0,0.0,0.0,0.0,0.0,0.0,0.0,0.0,0.0,0.0,0.0,0.0,0.0,0.0,0.0,0.0,0.0,0.0,0.0,0.0,0.0,0.0,0.0,0.0,0.0,0.0,0.0,0.0,0.0,0.0,0.0,0.0,0.0,0.0,0.0,0.0,0.0,0.0,0.0,0.0,0.0,0.0,0.0,0.0,0.0,0.0,0.0,0.0,0.0,0.0
31.5558624384166,103.773694976904,23.46997760236,225.0,15.0,108.47721859211059,5.0,5.0,0.442570167691595,3.4438774626988544e+17,0.0,0.0,0.0,0.0,0.0,0.0,0.0,0.0,0.0,0.0,0.0,0.0,0.0,0.0,0.0,0.0,0.0,0.0,0.0,0.0,0.0,0.0,0.0,0.0,0.0,0.0,0.0,0.0,0.0,0.0,0.0,0.0,0.0,1738375939732635.5,3476751879465271.0,7387722997159527.0,1.1298694114853784e+16,1.4614521626438316e+16,1.7930349138022848e+16,1.9135917254141948e+16,2.0341485370261044e+16,2.1631993383544204e+16,2.292250139682736e+16,2.601714604613128e+16,2.9111790695435196e+16,3.2246520266586664e+16,3.5381249837738124e+16,3.714700073710366e+16,3.891275163646919e+16,3.85875092882841e+16,3.8262266940099e+16,3.5887549483492576e+16,3.3512832026886156e+16,2.9790103887836588e+16,2.6067375748787028e+16,2.2218551980017484e+16,1.8369728211247944e+16,1.5510904739584454e+16,1.265208126792097e+16,1.0652859896512366e+16,8653638525103765.0,6378035638902444.0,4102432752701121.5,2095830169282020.0,89227585862918.42,44613792931459.21,0.0,0.0,0.0,0.0,0.0,0.0,0.0,0.0,0.0,0.0,0.0,922524938477721.0,1845049876955442.0,2094150879409926.8,2343251881864411.5,1554143844031470.8,765035806198530.0,1051011414648055.1,1336987023097580.2,2647520449267224.5,3958053875436869.0,4995222989130062.0,6032392102823255.0,5602622993258616.0,5172853883693978.0,3510909287913800.0,1848964692133622.2,924482346066811.1,0.0,0.0,0.0,0.0,0.0,0.0,0.0,0.0,0.0,0.0,0.0,0.0,0.0,0.0,0.0,0.0,0.0,0.0,0.0,0.0,0.0,0.0,0.0,0.0,0.0,0.0,0.0,0.0,0.0,0.0,0.0,0.0,0.0,0.0,0.0,0.0,0.0,0.0,0.0,0.0,0.0,0.0,0.0,0.0,0.0,0.0,0.0,0.0,0.0,0.0,0.0,0.0,0.0,0.0,0.0,0.0,0.0,0.0,0.0,0.0,0.0,0.0,0.0,0.0,0.0,0.0,0.0,0.0,0.0,0.0,0.0,0.0,0.0,0.0,0.0,0.0,0.0,0.0,0.0,0.0,0.0,0.0,0.0,0.0,0.0,0.0,0.0,0.0,0.0,0.0,0.0,0.0,0.0,0.0,0.0,0.0,0.0,0.0,0.0,0.0,0.0,0.0,0.0,0.0,0.0,0.0,0.0,0.0,0.0,0.0,0.0,0.0,0.0,0.0,0.0,0.0,0.0,0.0,0.0,0.0,0.0,0.0,0.0,0.0,0.0,0.0,0.0,0.0,0.0,0.0,0.0,0.0,0.0,0.0,0.0,0.0,0.0,0.0,0.0,0.0,0.0,0.0,0.0,0.0,0.0,0.0
31.5868750255875,103.737049920082,24.5511456592836,225.0,10.0,90.0,5.0,5.0,0.0,0.0,0.0,0.0,0.0,0.0,0.0,0.0,0.0,0.0,0.0,0.0,0.0,0.0,0.0,0.0,0.0,0.0,0.0,0.0,0.0,0.0,0.0,0.0,0.0,0.0,0.0,0.0,0.0,0.0,0.0,0.0,0.0,0.0,0.0,0.0,0.0,0.0,0.0,0.0,0.0,0.0,0.0,0.0,0.0,0.0,0.0,0.0,0.0,0.0,0.0,0.0,0.0,0.0,0.0,0.0,0.0,0.0,0.0,0.0,0.0,0.0,0.0,0.0,0.0,0.0,0.0,0.0,0.0,0.0,0.0,0.0,0.0,0.0,0.0,0.0,0.0,0.0,0.0,0.0,0.0,0.0,0.0,0.0,0.0,0.0,0.0,0.0,0.0,0.0,0.0,0.0,0.0,0.0,0.0,0.0,0.0,0.0,0.0,0.0,0.0,0.0,0.0,0.0,0.0,0.0,0.0,0.0,0.0,0.0,0.0,0.0,0.0,0.0,0.0,0.0,0.0,0.0,0.0,0.0,0.0,0.0,0.0,0.0,0.0,0.0,0.0,0.0,0.0,0.0,0.0,0.0,0.0,0.0,0.0,0.0,0.0,0.0,0.0,0.0,0.0,0.0,0.0,0.0,0.0,0.0,0.0,0.0,0.0,0.0,0.0,0.0,0.0,0.0,0.0,0.0,0.0,0.0,0.0,0.0,0.0,0.0,0.0,0.0,0.0,0.0,0.0,0.0,0.0,0.0,0.0,0.0,0.0,0.0,0.0,0.0,0.0,0.0,0.0,0.0,0.0,0.0,0.0,0.0,0.0,0.0,0.0,0.0,0.0,0.0,0.0,0.0,0.0,0.0,0.0,0.0,0.0,0.0,0.0,0.0,0.0,0.0,0.0,0.0,0.0,0.0,0.0,0.0,0.0,0.0,0.0,0.0,0.0,0.0,0.0,0.0,0.0,0.0,0.0,0.0,0.0,0.0,0.0,0.0,0.0,0.0,0.0,0.0,0.0,0.0,0.0,0.0,0.0,0.0,0.0,0.0,0.0,0.0,0.0,0.0,0.0,0.0
31.361486222544,103.928348156965,2.46201938253052,225.0,80.0,151.29475950383505,5.0,5.0,2.3504864117129967,1.8290404032201152e+18,0.0,0.0,0.0,0.0,0.0,0.0,0.0,0.0,0.0,0.0,0.0,0.0,0.0,0.0,0.0,0.0,0.0,0.0,0.0,0.0,0.0,0.0,0.0,0.0,0.0,0.0,0.0,0.0,0.0,0.0,0.0,234658044416311.66,469316088832623.3,9343373704758660.0,1.8217431320684696e+16,3.4448648795966984e+16,5.067986627124928e+16,6.743766661940403e+16,8.41954669675588e+16,9.342451850067678e+16,1.0265357003379475e+17,1.0038702800493365e+17,9.812048597607256e+16,8.637337351285208e+16,7.462626104963157e+16,5.82497606773979e+16,4.1873260305164216e+16,2.7954854706417824e+16,1.403644910767144e+16,7479803162050050.0,923157216428660.9,461578608214330.44,0.0,0.0,0.0,3287575026487646.0,6575150052975292.0,1.5425023851300856e+16,2.4274897649626416e+16,3.825843255018721e+16,5.2241967450748e+16,6.7395002697606104e+16,8.254803794446421e+16,9.478328206673552e+16,1.0701852618900683e+17,1.1334664413299557e+17,1.196747620769843e+17,1.2024182352746952e+17,1.2080888497795475e+17,1.2433720874540314e+17,1.2786553251285149e+17,1.3483768829776594e+17,1.418098440826804e+17,1.446020416801709e+17,1.4739423927766147e+17,1.4308826333738709e+17,1.3878228739711267e+17,1.2740556450231357e+17,1.1602884160751448e+17,9.914882054174306e+16,8.226879947597162e+16,6.359506272230369e+16,4.492132596863577e+16,3.0989682480060868e+16,1.7058038991485968e+16,1.2610302080072924e+16,8162565168659880.0,6306602156774621.0,4450639144889362.0,2905719029346493.0,1360798913803624.8,680399456901812.4,0.0,0.0,0.0,0.0,0.0,0.0,0.0,0.0,0.0,0.0,0.0,0.0,0.0,0.0,0.0,0.0,0.0,0.0,0.0,0.0,0.0,0.0,0.0,0.0,0.0,0.0,0.0,0.0,0.0,0.0,0.0,0.0,0.0,0.0,0.0,0.0,0.0,0.0,0.0,0.0,0.0,0.0,0.0,0.0,0.0,0.0,0.0,0.0,0.0,0.0,0.0,0.0,0.0,0.0,0.0,0.0,0.0,0.0,0.0,0.0,0.0,0.0,0.0,0.0,0.0,0.0,0.0,0.0,0.0,0.0,0.0,0.0,0.0,0.0,0.0,0.0,0.0,0.0,0.0,0.0,0.0,0.0,0.0,0.0,0.0,0.0,0.0,0.0,0.0,0.0,0.0,0.0,0.0,0.0,0.0,0.0,0.0,0.0,0.0,0.0,0.0,0.0,0.0,0.0,0.0,0.0,0.0,0.0,0.0,0.0,0.0,0.0,0.0,0.0,0.0,0.0,0.0,0.0,0.0,0.0,0.0,0.0,0.0,0.0,0.0,0.0,0.0,0.0,0.0,0.0,0.0,0.0,0.0,0.0,0.0,0.0,0.0,0.0,0.0,0.0,0.0,0.0,0.0,0.0,0.0,0.0,0.0,0.0
31.3709656128234,103.917168421931,7.18980823265266,225.0,65.0,151.85347838709689,5.0,5.0,2.0774138660454637,1.6165479095187418e+18,0.0,0.0,0.0,0.0,0.0,0.0,0.0,0.0,0.0,0.0,0.0,0.0,0.0,0.0,0.0,0.0,0.0,0.0,0.0,0.0,0.0,0.0,0.0,0.0,0.0,0.0,0.0,0.0,0.0,0.0,0.0,48184244308211.375,96368488616422.75,9523212014622256.0,1.8950055540628092e+16,3.627007920191301e+16,5.359010286319794e+16,7.087292271928549e+16,8.815574257537302e+16,9.718241176431046e+16,1.062090809532479e+17,1.0271664371511178e+17,9.922420647697568e+16,8.560623136157674e+16,7.198825624617777e+16,5.472567272950531e+16,3.7463089212832856e+16,2.418925598950307e+16,1.0915422766173282e+16,5457711383086641.0,0.0,0.0,0.0,0.0,0.0,2642132336069634.5,5284264672139269.0,1.2996697018096606e+16,2.0709129364053944e+16,3.3247283833162196e+16,4.578543830227045e+16,5.951821151365225e+16,7.325098472503403e+16,8.42343213737189e+16,9.521765802240373e+16,1.0024965311426384e+17,1.052816482061239e+17,1.0525655064629507e+17,1.0523145308646624e+17,1.0919192286301251e+17,1.1315239263955877e+17,1.1878048671283445e+17,1.2440858078611008e+17,1.2399662897499347e+17,1.2358467716387688e+17,1.1708512972900456e+17,1.105855822941322e+17,1.0031597562922408e+17,9.004636896431595e+16,7.65341230061137e+16,6.302187704791142e+16,4.762520608784522e+16,3.222853512777899e+16,2.1675565763885828e+16,1.1122596399992664e+16,9306055922338926.0,7489515444685193.0,5401971194537782.0,3314426944390371.0,1777441074332362.0,240455204274353.12,120227602137176.56,0.0,0.0,0.0,0.0,0.0,0.0,0.0,0.0,0.0,0.0,0.0,0.0,0.0,0.0,0.0,0.0,0.0,0.0,0.0,0.0,0.0,0.0,0.0,0.0,0.0,0.0,0.0,0.0,0.0,0.0,0.0,0.0,0.0,0.0,0.0,0.0,0.0,0.0,0.0,0.0,0.0,0.0,0.0,0.0,0.0,0.0,0.0,0.0,0.0,0.0,0.0,0.0,0.0,0.0,0.0,0.0,0.0,0.0,0.0,0.0,0.0,0.0,0.0,0.0,0.0,0.0,0.0,0.0,0.0,0.0,0.0,0.0,0.0,0.0,0.0,0.0,0.0,0.0,0.0,0.0,0.0,0.0,0.0,0.0,0.0,0.0,0.0,0.0,0.0,0.0,0.0,0.0,0.0,0.0,0.0,0.0,0.0,0.0,0.0,0.0,0.0,0.0,0.0,0.0,0.0,0.0,0.0,0.0,0.0,0.0,0.0,0.0,0.0,0.0,0.0,0.0,0.0,0.0,0.0,0.0,0.0,0.0,0.0,0.0,0.0,0.0,0.0,0.0,0.0,0.0,0.0,0.0,0.0,0.0,0.0,0.0,0.0,0.0,0.0,0.0,0.0,0.0,0.0,0.0,0.0,0.0,0.0,0.0
31.3879033396409,103.897178919221,11.3706888080417,225.0,50.0,152.1873131438533,5.0,5.0,1.58599421329657,1.2341477410535793e+18,0.0,0.0,0.0,0.0,0.0,0.0,0.0,0.0,0.0,0.0,0.0,0.0,0.0,0.0,0.0,0.0,0.0,0.0,0.0,0.0,0.0,0.0,0.0,0.0,0.0,0.0,0.0,0.0,0.0,0.0,0.0,0.0,0.0,9935102046989548.0,1.9870204093979096e+16,3.880835788821288e+16,5.774651168244666e+16,7.68868363429389e+16,9.602716100343114e+16,1.058400665199146e+17,1.1565297203639806e+17,1.1077371412616877e+17,1.0589445621593947e+17,8.95985497800591e+16,7.330264334417875e+16,5.48573214215824e+16,3.6411999498986056e+16,2.4879543886780756e+16,1.3347088274575462e+16,1.0882565740933994e+16,8418043207292525.0,6676478346434957.0,4934913485577390.0,3022530597634962.5,1110147709692536.1,1961344238408882.0,2812540767125228.0,9035382845845942.0,1.5258224924566658e+16,2.5763775152267384e+16,3.6269325379968104e+16,4.713383193352662e+16,5.799833848708515e+16,6.563075665990951e+16,7.326317483273389e+16,7.468842393345627e+16,7.611367303417869e+16,7.506493738889066e+16,7.401620174360264e+16,7.623750945932462e+16,7.84588171750466e+16,7.878604365446632e+16,7.911327013388605e+16,7.308992573089158e+16,6.706658132789709e+16,5.852326117014331e+16,4.997994101238951e+16,4.361194542362314e+16,3.724394983485675e+16,3.1050965542172136e+16,2.4857981249487524e+16,1.8612582970720344e+16,1.236718469195316e+16,9950169637958696.0,7533154583964229.0,6721355317534948.0,5909556051105666.0,4539620661170438.0,3169685271235209.0,1584842635617604.5,0.0,0.0,0.0,0.0,0.0,0.0,0.0,0.0,0.0,0.0,0.0,0.0,0.0,0.0,0.0,0.0,0.0,0.0,0.0,0.0,0.0,0.0,0.0,0.0,0.0,0.0,0.0,0.0,0.0,0.0,0.0,0.0,0.0,0.0,0.0,0.0,0.0,0.0,0.0,0.0,0.0,0.0,0.0,0.0,0.0,0.0,0.0,0.0,0.0,0.0,0.0,0.0,0.0,0.0,0.0,0.0,0.0,0.0,0.0,0.0,0.0,0.0,0.0,0.0,0.0,0.0,0.0,0.0,0.0,0.0,0.0,0.0,0.0,0.0,0.0,0.0,0.0,0.0,0.0,0.0,0.0,0.0,0.0,0.0,0.0,0.0,0.0,0.0,0.0,0.0,0.0,0.0,0.0,0.0,0.0,0.0,0.0,0.0,0.0,0.0,0.0,0.0,0.0,0.0,0.0,0.0,0.0,0.0,0.0,0.0,0.0,0.0,0.0,0.0,0.0,0.0,0.0,0.0,0.0,0.0,0.0,0.0,0.0,0.0,0.0,0.0,0.0,0.0,0.0,0.0,0.0,0.0,0.0,0.0,0.0,0.0,0.0,0.0,0.0,0.0,0.0,0.0,0.0,0.0,0.0,0.0,0.0,0.0,0.0,0.0
31.4103008250333,103.870730052361,14.8927689400555,225.0,40.0,145.58071248751156,5.0,5.0,1.2233498960742286,9.519546150297453e+17,0.0,0.0,0.0,0.0,0.0,0.0,0.0,0.0,0.0,0.0,0.0,0.0,0.0,0.0,0.0,0.0,0.0,0.0,0.0,0.0,0.0,0.0,0.0,0.0,0.0,0.0,0.0,0.0,0.0,0.0,0.0,125296792789543.39,250593585579086.78,1.0362440719009846e+16,2.0474287852440604e+16,3.939351256456845e+16,5.831273727669628e+16,7.75102931548339e+16,9.670784903297154e+16,1.0673921432213133e+17,1.1677057961129112e+17,1.1350862702710582e+17,1.1024667444292056e+17,9.73226775158492e+16,8.439868058877784e+16,7.145398136017132e+16,5.850928213156479e+16,5.207691072725812e+16,4.564453932295144e+16,4.223025018008085e+16,3.8815961037210264e+16,3.4375323993055308e+16,2.993468694890036e+16,2.3032232808255628e+16,1.6129778667610892e+16,1.0068692700418552e+16,4007606733226214.5,6252227192002153.0,8496847650778091.0,1.6020462484046172e+16,2.3544077317314252e+16,3.072685841259872e+16,3.790963950788319e+16,4.093623307475411e+16,4.396282664162503e+16,4.163861592262204e+16,3.931440520361905e+16,3.570827947298491e+16,3.210215374235079e+16,3.1301323746061016e+16,3.0500493749771236e+16,2.7855331865784504e+16,2.5210169981797764e+16,1.9440397052882892e+16,1.3670624123968024e+16,8340441491805683.0,3010258859643345.0,1505129429821672.5,0.0,488273835876526.06,976547671753052.1,1550896675297961.2,2125245678842870.0,2535196065382597.5,2945146451922325.5,3597170615153289.0,4249194778384252.0,3991460608167722.0,3733726437951192.0,1866863218975596.0,0.0,0.0,0.0,0.0,0.0,0.0,0.0,0.0,0.0,0.0,0.0,0.0,0.0,0.0,0.0,0.0,0.0,0.0,0.0,0.0,0.0,0.0,0.0,0.0,0.0,0.0,0.0,0.0,0.0,0.0,0.0,0.0,0.0,0.0,0.0,0.0,0.0,0.0,0.0,0.0,0.0,0.0,0.0,0.0,0.0,0.0,0.0,0.0,0.0,0.0,0.0,0.0,0.0,0.0,0.0,0.0,0.0,0.0,0.0,0.0,0.0,0.0,0.0,0.0,0.0,0.0,0.0,0.0,0.0,0.0,0.0,0.0,0.0,0.0,0.0,0.0,0.0,0.0,0.0,0.0,0.0,0.0,0.0,0.0,0.0,0.0,0.0,0.0,0.0,0.0,0.0,0.0,0.0,0.0,0.0,0.0,0.0,0.0,0.0,0.0,0.0,0.0,0.0,0.0,0.0,0.0,0.0,0.0,0.0,0.0,0.0,0.0,0.0,0.0,0.0,0.0,0.0,0.0,0.0,0.0,0.0,0.0,0.0,0.0,0.0,0.0,0.0,0.0,0.0,0.0,0.0,0.0,0.0,0.0,0.0,0.0,0.0,0.0,0.0,0.0,0.0,0.0,0.0,0.0,0.0,0.0,0.0,0.0,0.0,0.0
31.4362473248184,103.840075707589,17.7497379642719,225.0,30.0,129.1953626974148,5.0,5.0,1.181304154543779,9.192365530748598e+17,0.0,0.0,0.0,0.0,0.0,0.0,0.0,0.0,0.0,0.0,0.0,0.0,0.0,0.0,0.0,0.0,0.0,0.0,0.0,0.0,0.0,0.0,0.0,0.0,0.0,0.0,0.0,0.0,0.0,0.0,0.0,214712417198791.03,429424834397582.06,1.0297389138530032e+16,2.0165353442662484e+16,3.749330358130823e+16,5.482125371995398e+16,7.136493400532706e+16,8.790861429070013e+16,9.705361892620154e+16,1.0619862356170291e+17,1.06187029860953e+17,1.0617543616020309e+17,1.0137347912841498e+17,9.657152209662686e+16,9.267492370634134e+16,8.87783253160558e+16,8.601423149450322e+16,8.325013767295061e+16,7.893974680026058e+16,7.462935592757053e+16,6.747539605797987e+16,6.032143618838922e+16,5.018613922380689e+16,4.005084225922456e+16,2.9835633918850984e+16,1.962042557847741e+16,1.2894514481689962e+16,6168603384902522.0,8383898791513973.0,1.0599194198125422e+16,1.4495858469376174e+16,1.8392522740626932e+16,1.8915487108274532e+16,1.9438451475922136e+16,1.5974478344785484e+16,1.2510505213648832e+16,8366401351435782.0,4222297489222734.0,2111148744611367.0,0.0,0.0,0.0,0.0,0.0,0.0,0.0,0.0,0.0,0.0,0.0,0.0,0.0,0.0,0.0,1625686861563267.8,3251373723126535.5,4492113761748063.0,5732853800369590.0,2866426900184795.0,0.0,0.0,0.0,0.0,0.0,0.0,0.0,0.0,0.0,0.0,0.0,0.0,0.0,0.0,0.0,0.0,0.0,0.0,0.0,0.0,0.0,0.0,0.0,0.0,0.0,0.0,0.0,0.0,0.0,0.0,0.0,0.0,0.0,0.0,0.0,0.0,0.0,0.0,0.0,0.0,0.0,0.0,0.0,0.0,0.0,0.0,0.0,0.0,0.0,0.0,0.0,0.0,0.0,0.0,0.0,0.0,0.0,0.0,0.0,0.0,0.0,0.0,0.0,0.0,0.0,0.0,0.0,0.0,0.0,0.0,0.0,0.0,0.0,0.0,0.0,0.0,0.0,0.0,0.0,0.0,0.0,0.0,0.0,0.0,0.0,0.0,0.0,0.0,0.0,0.0,0.0,0.0,0.0,0.0,0.0,0.0,0.0,0.0,0.0,0.0,0.0,0.0,0.0,0.0,0.0,0.0,0.0,0.0,0.0,0.0,0.0,0.0,0.0,0.0,0.0,0.0,0.0,0.0,0.0,0.0,0.0,0.0,0.0,0.0,0.0,0.0,0.0,0.0,0.0,0.0,0.0,0.0,0.0,0.0,0.0,0.0,0.0,0.0,0.0,0.0,0.0,0.0,0.0,0.0,0.0,0.0,0.0,0.0,0.0,0.0
31.4644237186425,103.806773421804,20.0562836186236,225.0,25.0,116.04756634889588,5.0,5.0,1.2208128733819186,9.499804206736334e+17,0.0,0.0,0.0,0.0,0.0,0.0,0.0,0.0,0.0,0.0,0.0,0.0,0.0,0.0,0.0,0.0,0.0,0.0,0.0,0.0,0.0,0.0,0.0,0.0,0.0,0.0,0.0,0.0,0.0,0.0,0.0,237539181680271.9,475078363360543.8,9277543806621524.0,1.8080009249882504e+16,3.2646737569257812e+16,4.721346588863312e+16,5.973684702129203e+16,7.226022815395096e+16,7.892771283443483e+16,8.559519751491874e+16,8.86496135933635e+16,9.170402967180827e+16,9.438866859137066e+16,9.707330751093307e+16,1.0062729301763344e+17,1.0418127852433384e+17,1.0441740934338715e+17,1.046535401624405e+17,1.0054953293097259e+17,9.644552569950472e+16,8.838453722285411e+16,8.032354874620349e+16,6.8761788477596136e+16,5.720002820898878e+16,4.566048625678478e+16,3.4120944304580796e+16,2.5957982785814308e+16,1.779502126704782e+16,1.3610747709168152e+16,9426474151288480.0,8682196783712944.0,7937919416137407.0,6883081795542955.0,5828244174948503.0,3335267346206827.5,842290517465152.6,421145258732576.3,0.0,0.0,0.0,0.0,0.0,0.0,0.0,0.0,0.0,0.0,0.0,0.0,0.0,0.0,0.0,0.0,0.0,2287486917783464.0,4574973835566928.0,6524404021787758.0,8473834208008589.0,7124657655819897.0,5775481103631203.0,2887740551815601.5,0.0,0.0,0.0,0.0,0.0,0.0,0.0,0.0,0.0,0.0,0.0,0.0,0.0,0.0,0.0,0.0,0.0,0.0,0.0,0.0,0.0,0.0,0.0,0.0,0.0,0.0,0.0,0.0,0.0,0.0,0.0,0.0,0.0,0.0,0.0,0.0,0.0,0.0,0.0,0.0,0.0,0.0,0.0,0.0,0.0,0.0,0.0,0.0,0.0,0.0,0.0,0.0,0.0,0.0,0.0,0.0,0.0,0.0,0.0,0.0,0.0,0.0,0.0,0.0,0.0,0.0,0.0,0.0,0.0,0.0,0.0,0.0,0.0,0.0,0.0,0.0,0.0,0.0,0.0,0.0,0.0,0.0,0.0,0.0,0.0,0.0,0.0,0.0,0.0,0.0,0.0,0.0,0.0,0.0,0.0,0.0,0.0,0.0,0.0,0.0,0.0,0.0,0.0,0.0,0.0,0.0,0.0,0.0,0.0,0.0,0.0,0.0,0.0,0.0,0.0,0.0,0.0,0.0,0.0,0.0,0.0,0.0,0.0,0.0,0.0,0.0,0.0,0.0,0.0,0.0,0.0,0.0,0.0,0.0,0.0,0.0,0.0,0.0,0.0,0.0,0.0,0.0,0.0,0.0,0.0,0.0,0.0,0.0
31.4937712672635,103.772073270787,21.9678796312896,225.0,20.0,108.44867322768037,5.0,5.0,0.9625520457143274,7.490137245807867e+17,0.0,0.0,0.0,0.0,0.0,0.0,0.0,0.0,0.0,0.0,0.0,0.0,0.0,0.0,0.0,0.0,0.0,0.0,0.0,0.0,0.0,0.0,0.0,0.0,0.0,0.0,0.0,0.0,0.0,0.0,0.0,264230513752055.34,528461027504110.7,6340554163574315.0,1.2152647299644518e+16,2.1420971286694896e+16,3.0689295273745268e+16,3.7602913875277544e+16,4.451653247680981e+16,4.764044406889972e+16,5.076435566098963e+16,5.51093686070701e+16,5.945438155315057e+16,6.649413830229333e+16,7.35338950514361e+16,8.021002306691443e+16,8.688615108239275e+16,8.92964288645166e+16,9.170670664664046e+16,8.87742532831988e+16,8.584179991975714e+16,7.872981654321781e+16,7.161783316667849e+16,6.157058862555488e+16,5.152334408443127e+16,4.1838089871005224e+16,3.2152835657579184e+16,2.5818703720520676e+16,1.948457178346217e+16,1.6270127717994492e+16,1.3055683652526818e+16,1.0482247805485516e+16,7908811958444213.0,5308461484196784.0,2708111009949357.0,1354055504974678.5,0.0,0.0,0.0,0.0,0.0,0.0,0.0,0.0,0.0,0.0,0.0,0.0,0.0,142554784315210.53,285109568630421.06,142554784315210.53,0.0,0.0,0.0,1588937370651288.0,3177874741302576.0,4792321237698498.0,6406767734094418.0,5512661482855961.0,4618555231617502.0,2309277615808751.0,0.0,0.0,0.0,0.0,0.0,0.0,0.0,0.0,0.0,0.0,0.0,0.0,0.0,0.0,0.0,0.0,0.0,0.0,0.0,0.0,0.0,0.0,0.0,0.0,0.0,0.0,0.0,0.0,0.0,0.0,0.0,0.0,0.0,0.0,0.0,0.0,0.0,0.0,0.0,0.0,0.0,0.0,0.0,0.0,0.0,0.0,0.0,0.0,0.0,0.0,0.0,0.0,0.0,0.0,0.0,0.0,0.0,0.0,0.0,0.0,0.0,0.0,0.0,0.0,0.0,0.0,0.0,0.0,0.0,0.0,0.0,0.0,0.0,0.0,0.0,0.0,0.0,0.0,0.0,0.0,0.0,0.0,0.0,0.0,0.0,0.0,0.0,0.0,0.0,0.0,0.0,0.0,0.0,0.0,0.0,0.0,0.0,0.0,0.0,0.0,0.0,0.0,0.0,0.0,0.0,0.0,0.0,0.0,0.0,0.0,0.0,0.0,0.0,0.0,0.0,0.0,0.0,0.0,0.0,0.0,0.0,0.0,0.0,0.0,0.0,0.0,0.0,0.0,0.0,0.0,0.0,0.0,0.0,0.0,0.0,0.0,0.0,0.0,0.0,0.0,0.0,0.0,0.0,0.0,0.0,0.0,0.0,0.0
31.5240666181159,103.736240225176,23.46997760236,225.0,15.0,103.67841603063708,5.0,5.0,0.4557515985759672,3.546449294382832e+17,0.0,0.0,0.0,0.0,0.0,0.0,0.0,0.0,0.0,0.0,0.0,0.0,0.0,0.0,0.0,0.0,0.0,0.0,0.0,0.0,0.0,0.0,0.0,0.0,0.0,0.0,0.0,0.0,0.0,0.0,0.0,84969071898786.14,169938143797572.28,2614040414648171.5,5058142685498770.0,8570091818788063.0,1.2082040952077358e+16,1.4477836564650414e+16,1.687363217722347e+16,1.750973396915023e+16,1.814583576107699e+16,2.052511148774234e+16,2.2904387214407692e+16,2.8026915682442444e+16,3.3149444150477204e+16,3.740091299701551e+16,4.1652381843553816e+16,4.329086138867887e+16,4.492934093380393e+16,4.38643224865224e+16,4.279930403924086e+16,3.937062000750128e+16,3.594193597576169e+16,3.09444854306647e+16,2.5947034885567708e+16,2.1339969267198548e+16,1.6732903648829392e+16,1.3921616954357408e+16,1.1110330259885422e+16,9788463572096596.0,8466596884307770.0,6939832739276102.0,5413068594244435.0,3257698720350875.5,1102328846457316.1,551164423228658.06,0.0,0.0,0.0,0.0,0.0,0.0,0.0,0.0,0.0,0.0,0.0,1014374717725262.9,2028749435450525.8,2621308634178437.0,3213867832906348.5,2323866877153424.0,1433865921400499.2,716932960700249.6,0.0,676786712205161.8,1353573424410323.5,1869665633292523.0,2385757842174722.0,2068112913952044.5,1750467985729367.5,875233992864683.8,0.0,0.0,0.0,0.0,0.0,0.0,0.0,0.0,0.0,0.0,0.0,0.0,0.0,0.0,0.0,0.0,0.0,0.0,0.0,0.0,0.0,0.0,0.0,0.0,0.0,0.0,0.0,0.0,0.0,0.0,0.0,0.0,0.0,0.0,0.0,0.0,0.0,0.0,0.0,0.0,0.0,0.0,0.0,0.0,0.0,0.0,0.0,0.0,0.0,0.0,0.0,0.0,0.0,0.0,0.0,0.0,0.0,0.0,0.0,0.0,0.0,0.0,0.0,0.0,0.0,0.0,0.0,0.0,0.0,0.0,0.0,0.0,0.0,0.0,0.0,0.0,0.0,0.0,0.0,0.0,0.0,0.0,0.0,0.0,0.0,0.0,0.0,0.0,0.0,0.0,0.0,0.0,0.0,0.0,0.0,0.0,0.0,0.0,0.0,0.0,0.0,0.0,0.0,0.0,0.0,0.0,0.0,0.0,0.0,0.0,0.0,0.0,0.0,0.0,0.0,0.0,0.0,0.0,0.0,0.0,0.0,0.0,0.0,0.0,0.0,0.0,0.0,0.0,0.0,0.0,0.0,0.0,0.0,0.0,0.0,0.0,0.0,0.0,0.0,0.0,0.0,0.0,0.0,0.0,0.0,0.0,0.0,0.0
31.5550792052869,103.699585875872,24.5511456592836,225.0,10.0,90.0,5.0,5.0,0.0,0.0,0.0,0.0,0.0,0.0,0.0,0.0,0.0,0.0,0.0,0.0,0.0,0.0,0.0,0.0,0.0,0.0,0.0,0.0,0.0,0.0,0.0,0.0,0.0,0.0,0.0,0.0,0.0,0.0,0.0,0.0,0.0,0.0,0.0,0.0,0.0,0.0,0.0,0.0,0.0,0.0,0.0,0.0,0.0,0.0,0.0,0.0,0.0,0.0,0.0,0.0,0.0,0.0,0.0,0.0,0.0,0.0,0.0,0.0,0.0,0.0,0.0,0.0,0.0,0.0,0.0,0.0,0.0,0.0,0.0,0.0,0.0,0.0,0.0,0.0,0.0,0.0,0.0,0.0,0.0,0.0,0.0,0.0,0.0,0.0,0.0,0.0,0.0,0.0,0.0,0.0,0.0,0.0,0.0,0.0,0.0,0.0,0.0,0.0,0.0,0.0,0.0,0.0,0.0,0.0,0.0,0.0,0.0,0.0,0.0,0.0,0.0,0.0,0.0,0.0,0.0,0.0,0.0,0.0,0.0,0.0,0.0,0.0,0.0,0.0,0.0,0.0,0.0,0.0,0.0,0.0,0.0,0.0,0.0,0.0,0.0,0.0,0.0,0.0,0.0,0.0,0.0,0.0,0.0,0.0,0.0,0.0,0.0,0.0,0.0,0.0,0.0,0.0,0.0,0.0,0.0,0.0,0.0,0.0,0.0,0.0,0.0,0.0,0.0,0.0,0.0,0.0,0.0,0.0,0.0,0.0,0.0,0.0,0.0,0.0,0.0,0.0,0.0,0.0,0.0,0.0,0.0,0.0,0.0,0.0,0.0,0.0,0.0,0.0,0.0,0.0,0.0,0.0,0.0,0.0,0.0,0.0,0.0,0.0,0.0,0.0,0.0,0.0,0.0,0.0,0.0,0.0,0.0,0.0,0.0,0.0,0.0,0.0,0.0,0.0,0.0,0.0,0.0,0.0,0.0,0.0,0.0,0.0,0.0,0.0,0.0,0.0,0.0,0.0,0.0,0.0,0.0,0.0,0.0,0.0,0.0,0.0,0.0,0.0,0.0,0.0
31.3296904022434,103.89095375275,2.46201938253052,225.0,80.0,147.97510530909543,5.0,5.0,1.7178486454538584,1.3367507948545016e+18,0.0,0.0,0.0,0.0,0.0,0.0,0.0,0.0,0.0,0.0,0.0,0.0,0.0,0.0,0.0,0.0,0.0,0.0,0.0,0.0,0.0,0.0,0.0,0.0,0.0,0.0,0.0,0.0,0.0,0.0,0.0,0.0,0.0,6127889771851048.0,1.2255779543702096e+16,2.5097266715250012e+16,3.793875388679793e+16,5.206926058830167e+16,6.619976728980541e+16,7.444084084545405e+16,8.268191440110269e+16,8.10847147859829e+16,7.94875151708631e+16,6.91495570395396e+16,5.88115989082161e+16,4.482998487374853e+16,3.084837083928095e+16,1.9959277243344536e+16,9070183647408118.0,8654765407840587.0,8239347168273059.0,8859394597085352.0,9479442025897644.0,7858137927650272.0,6236833829402898.0,4001570444866356.0,1766307060329813.2,4276020641103738.5,6785734221877663.0,1.5167415166265214e+16,2.354909611065276e+16,3.505558910701394e+16,4.656208210337512e+16,5.8250131471117864e+16,6.993818083886061e+16,7.822251867254874e+16,8.650685650623685e+16,9.000612926421755e+16,9.350540202219826e+16,9.819224927579346e+16,1.0287909652938862e+17,1.082998775516619e+17,1.1372065857393518e+17,1.1425068495956405e+17,1.147807113451929e+17,1.093127775461973e+17,1.0384484374720171e+17,9.34432297669593e+16,8.304161578671686e+16,6.918457085157289e+16,5.532752591642892e+16,4.1162473079632936e+16,2.6997420242836964e+16,1.6426013094837752e+16,5854605946838542.0,3147878569259679.5,441151191680817.25,220575595840408.62,0.0,0.0,0.0,0.0,0.0,0.0,0.0,0.0,0.0,0.0,0.0,0.0,0.0,0.0,0.0,0.0,0.0,0.0,0.0,0.0,0.0,0.0,0.0,0.0,0.0,0.0,0.0,0.0,0.0,0.0,0.0,0.0,0.0,0.0,0.0,0.0,0.0,0.0,0.0,0.0,0.0,0.0,0.0,0.0,0.0,0.0,0.0,0.0,0.0,0.0,0.0,0.0,0.0,0.0,0.0,0.0,0.0,0.0,0.0,0.0,0.0,0.0,0.0,0.0,0.0,0.0,0.0,0.0,0.0,0.0,0.0,0.0,0.0,0.0,0.0,0.0,0.0,0.0,0.0,0.0,0.0,0.0,0.0,0.0,0.0,0.0,0.0,0.0,0.0,0.0,0.0,0.0,0.0,0.0,0.0,0.0,0.0,0.0,0.0,0.0,0.0,0.0,0.0,0.0,0.0,0.0,0.0,0.0,0.0,0.0,0.0,0.0,0.0,0.0,0.0,0.0,0.0,0.0,0.0,0.0,0.0,0.0,0.0,0.0,0.0,0.0,0.0,0.0,0.0,0.0,0.0,0.0,0.0,0.0,0.0,0.0,0.0,0.0,0.0,0.0,0.0,0.0,0.0,0.0,0.0,0.0,0.0,0.0,0.0,0.0,0.0,0.0
31.3391697925227,103.879771544453,7.18980823265266,225.0,65.0,147.34595179441328,5.0,5.0,1.5057195521246738,1.1716816923640233e+18,0.0,0.0,0.0,0.0,0.0,0.0,0.0,0.0,0.0,0.0,0.0,0.0,0.0,0.0,0.0,0.0,0.0,0.0,0.0,0.0,0.0,0.0,0.0,0.0,0.0,0.0,0.0,0.0,0.0,0.0,0.0,0.0,0.0,6048591817715114.0,1.2097183635430228e+16,2.546117930233988e+16,3.882517496924953e+16,5.3526185373152104e+16,6.822719577705467e+16,7.675515288127461e+16,8.528310998549458e+16,8.295157490456768e+16,8.062003982364078e+16,6.9110734511364e+16,5.7601429199087224e+16,4.2752225936736824e+16,2.7903022674386424e+16,1.8168956708158604e+16,8434890741930781.0,9389326902121542.0,1.0343763062312302e+16,1.0420134387064834e+16,1.0496505711817368e+16,7847140939352125.0,5197776166886883.0,2598888083443441.5,0.0,2079955184954884.5,4159910369909769.0,1.0819482180835374e+16,1.7479053991760984e+16,2.774083541052844e+16,3.800261682929589e+16,4.84114440400489e+16,5.88202712508019e+16,6.6236110478276904e+16,7.365194970575194e+16,7.75373154462485e+16,8.142268118674509e+16,8.705154168790891e+16,9.268040218907274e+16,9.67651227262104e+16,1.0084984326334806e+17,9.80783382356984e+16,9.530683320804874e+16,8.795081508344091e+16,8.059479695883307e+16,7.114539358240138e+16,6.169599020596968e+16,5.1549329201941e+16,4.140266819791232e+16,3.021971267782826e+16,1.9036757157744196e+16,1.0292291629641202e+16,1547826101538207.8,773913050769103.9,0.0,0.0,0.0,0.0,0.0,0.0,0.0,0.0,0.0,0.0,0.0,0.0,0.0,0.0,0.0,0.0,0.0,0.0,0.0,0.0,0.0,0.0,0.0,0.0,0.0,0.0,0.0,0.0,0.0,0.0,0.0,0.0,0.0,0.0,0.0,0.0,0.0,0.0,0.0,0.0,0.0,0.0,0.0,0.0,0.0,0.0,0.0,0.0,0.0,0.0,0.0,0.0,0.0,0.0,0.0,0.0,0.0,0.0,0.0,0.0,0.0,0.0,0.0,0.0,0.0,0.0,0.0,0.0,0.0,0.0,0.0,0.0,0.0,0.0,0.0,0.0,0.0,0.0,0.0,0.0,0.0,0.0,0.0,0.0,0.0,0.0,0.0,0.0,0.0,0.0,0.0,0.0,0.0,0.0,0.0,0.0,0.0,0.0,0.0,0.0,0.0,0.0,0.0,0.0,0.0,0.0,0.0,0.0,0.0,0.0,0.0,0.0,0.0,0.0,0.0,0.0,0.0,0.0,0.0,0.0,0.0,0.0,0.0,0.0,0.0,0.0,0.0,0.0,0.0,0.0,0.0,0.0,0.0,0.0,0.0,0.0,0.0,0.0,0.0,0.0,0.0,0.0,0.0,0.0,0.0,0.0,0.0,0.0,0.0,0.0,0.0,0.0,0.0,0.0
31.3561075193403,103.859776701193,11.3706888080417,225.0,50.0,143.94068808951272,5.0,5.0,1.242735454831969,9.67039565119316e+17,0.0,0.0,0.0,0.0,0.0,0.0,0.0,0.0,0.0,0.0,0.0,0.0,0.0,0.0,0.0,0.0,0.0,0.0,0.0,0.0,0.0,0.0,0.0,0.0,0.0,0.0,0.0,0.0,0.0,0.0,0.0,0.0,0.0,6430356179853304.0,1.2860712359706608e+16,2.7792150507601316e+16,4.272358865549603e+16,5.923932616868983e+16,7.575506368188363e+16,8.520165434620414e+16,9.464824501052464e+16,9.184082580763502e+16,8.903340660474539e+16,7.64822832186756e+16,6.393115983260578e+16,5.109429894205357e+16,3.825743805150136e+16,3.4196886110987616e+16,3.0136334170473868e+16,3.012807167449436e+16,3.0119809178514856e+16,2.704964330417839e+16,2.3979477429841932e+16,1.7192546122317994e+16,1.0405614814794052e+16,5202807407397026.0,0.0,1180723068328790.5,2361446136657581.0,7445205389254809.0,1.2528964641852038e+16,2.0586249685303756e+16,2.864353472875547e+16,3.61388917460219e+16,4.363424876328833e+16,4.784227990729637e+16,5.205031105130441e+16,5.549496090324256e+16,5.893961075518071e+16,6.336463187669649e+16,6.778965299821226e+16,6.658504056452499e+16,6.538042813083774e+16,5.769702644610657e+16,5.0013624761375384e+16,4.172353717107187e+16,3.3433449580768364e+16,2.7601608914773e+16,2.1769768248777644e+16,1.7686426422107746e+16,1.3603084595437846e+16,9283202581740028.0,4963320568042206.0,2520295468390003.0,77270368737799.19,38635184368899.59,0.0,0.0,0.0,0.0,0.0,0.0,0.0,0.0,0.0,0.0,0.0,0.0,0.0,0.0,0.0,0.0,0.0,0.0,0.0,0.0,0.0,0.0,0.0,0.0,0.0,0.0,0.0,0.0,0.0,0.0,0.0,0.0,0.0,0.0,0.0,0.0,0.0,0.0,0.0,0.0,0.0,0.0,0.0,0.0,0.0,0.0,0.0,0.0,0.0,0.0,0.0,0.0,0.0,0.0,0.0,0.0,0.0,0.0,0.0,0.0,0.0,0.0,0.0,0.0,0.0,0.0,0.0,0.0,0.0,0.0,0.0,0.0,0.0,0.0,0.0,0.0,0.0,0.0,0.0,0.0,0.0,0.0,0.0,0.0,0.0,0.0,0.0,0.0,0.0,0.0,0.0,0.0,0.0,0.0,0.0,0.0,0.0,0.0,0.0,0.0,0.0,0.0,0.0,0.0,0.0,0.0,0.0,0.0,0.0,0.0,0.0,0.0,0.0,0.0,0.0,0.0,0.0,0.0,0.0,0.0,0.0,0.0,0.0,0.0,0.0,0.0,0.0,0.0,0.0,0.0,0.0,0.0,0.0,0.0,0.0,0.0,0.0,0.0,0.0,0.0,0.0,0.0,0.0,0.0,0.0,0.0,0.0,0.0,0.0,0.0,0.0,0.0,0.0,0.0
31.3785050047327,103.833319876118,14.8927689400555,225.0,40.0,133.3377982720392,5.0,5.0,1.1411548220423682,8.87994189391557e+17,0.0,0.0,0.0,0.0,0.0,0.0,0.0,0.0,0.0,0.0,0.0,0.0,0.0,0.0,0.0,0.0,0.0,0.0,0.0,0.0,0.0,0.0,0.0,0.0,0.0,0.0,0.0,0.0,0.0,0.0,0.0,0.0,0.0,7640278265985019.0,1.5280556531970038e+16,3.1391782619399096e+16,4.750300870682816e+16,6.427145960307513e+16,8.103991049932211e+16,9.092828536370606e+16,1.0081666022809003e+17,1.0026660081152754e+17,9.971654139496507e+16,9.24020969966294e+16,8.508765259829374e+16,7.955485224765486e+16,7.402205189701598e+16,7.2030307370754216e+16,7.0038562844492456e+16,6.686371569123229e+16,6.368886853797213e+16,5.629925721933596e+16,4.89096459006998e+16,3.71090093194382e+16,2.53083727381766e+16,1.5365356681220224e+16,5422340624263848.0,3092471461080700.5,762602297897553.9,4222175174822530.0,7681748051747506.0,1.3182348513064356e+16,1.868294897438121e+16,2.271563331533706e+16,2.6748317656292916e+16,2.7246090381448716e+16,2.774386310660452e+16,2.860053575134915e+16,2.9457208396093788e+16,2.953658997437336e+16,2.961597155265293e+16,2.577658523372697e+16,2.1937198914801e+16,1.5233678426898288e+16,8530157938995571.0,4265078969497785.5,0.0,0.0,0.0,0.0,0.0,0.0,0.0,0.0,0.0,0.0,0.0,0.0,0.0,0.0,0.0,0.0,0.0,0.0,0.0,0.0,0.0,0.0,0.0,0.0,0.0,0.0,0.0,0.0,0.0,0.0,0.0,0.0,0.0,0.0,0.0,0.0,0.0,0.0,0.0,0.0,0.0,0.0,0.0,0.0,0.0,0.0,0.0,0.0,0.0,0.0,0.0,0.0,0.0,0.0,0.0,0.0,0.0,0.0,0.0,0.0,0.0,0.0,0.0,0.0,0.0,0.0,0.0,0.0,0.0,0.0,0.0,0.0,0.0,0.0,0.0,0.0,0.0,0.0,0.0,0.0,0.0,0.0,0.0,0.0,0.0,0.0,0.0,0.0,0.0,0.0,0.0,0.0,0.0,0.0,0.0,0.0,0.0,0.0,0.0,0.0,0.0,0.0,0.0,0.0,0.0,0.0,0.0,0.0,0.0,0.0,0.0,0.0,0.0,0.0,0.0,0.0,0.0,0.0,0.0,0.0,0.0,0.0,0.0,0.0,0.0,0.0,0.0,0.0,0.0,0.0,0.0,0.0,0.0,0.0,0.0,0.0,0.0,0.0,0.0,0.0,0.0,0.0,0.0,0.0,0.0,0.0,0.0,0.0,0.0,0.0,0.0,0.0,0.0,0.0,0.0,0.0,0.0,0.0,0.0,0.0,0.0,0.0,0.0,0.0
31.4044515045178,103.802655740257,17.7497379642719,225.0,30.0,119.74680149030542,5.0,5.0,1.2528051696817517,9.748753540085338e+17,0.0,0.0,0.0,0.0,0.0,0.0,0.0,0.0,0.0,0.0,0.0,0.0,0.0,0.0,0.0,0.0,0.0,0.0,0.0,0.0,0.0,0.0,0.0,0.0,0.0,0.0,0.0,0.0,0.0,0.0,0.0,0.0,0.0,8527887928576598.0,1.7055775857153196e+16,3.2831568333466492e+16,4.8607360809779784e+16,6.378482564528061e+16,7.89622904807814e+16,8.814037370939173e+16,9.731845693800205e+16,1.0063809358235208e+17,1.0395773022670211e+17,1.0561129221339392e+17,1.0726485420008571e+17,1.0915504900224045e+17,1.1104524380439518e+17,1.1114119345161022e+17,1.1123714309882526e+17,1.0620281061053312e+17,1.01168478122241e+17,9.062133202147541e+16,8.00741859207098e+16,6.525558899055643e+16,5.043699206040308e+16,3.6153635246559736e+16,2.1870278432716384e+16,1.3715516269019548e+16,5560754105322710.0,4241834742338236.5,2922915379353763.5,6262985629358701.0,9603055879363638.0,1.1231243987416686e+16,1.2859432095469734e+16,1.1185704437191628e+16,9511976778913522.0,6931038604326240.0,4350100429738958.5,2709214909157740.5,1068329388576522.8,534164694288261.4,0.0,0.0,0.0,0.0,0.0,0.0,0.0,0.0,0.0,0.0,0.0,0.0,0.0,0.0,0.0,0.0,0.0,0.0,0.0,0.0,0.0,0.0,0.0,0.0,0.0,0.0,0.0,0.0,0.0,0.0,0.0,0.0,0.0,0.0,0.0,0.0,0.0,0.0,0.0,0.0,0.0,0.0,0.0,0.0,0.0,0.0,0.0,0.0,0.0,0.0,0.0,0.0,0.0,0.0,0.0,0.0,0.0,0.0,0.0,0.0,0.0,0.0,0.0,0.0,0.0,0.0,0.0,0.0,0.0,0.0,0.0,0.0,0.0,0.0,0.0,0.0,0.0,0.0,0.0,0.0,0.0,0.0,0.0,0.0,0.0,0.0,0.0,0.0,0.0,0.0,0.0,0.0,0.0,0.0,0.0,0.0,0.0,0.0,0.0,0.0,0.0,0.0,0.0,0.0,0.0,0.0,0.0,0.0,0.0,0.0,0.0,0.0,0.0,0.0,0.0,0.0,0.0,0.0,0.0,0.0,0.0,0.0,0.0,0.0,0.0,0.0,0.0,0.0,0.0,0.0,0.0,0.0,0.0,0.0,0.0,0.0,0.0,0.0,0.0,0.0,0.0,0.0,0.0,0.0,0.0,0.0,0.0,0.0,0.0,0.0,0.0,0.0,0.0,0.0,0.0,0.0,0.0,0.0,0.0,0.0,0.0,0.0,0.0,0.0,0.0,0.0,0.0,0.0
31.4326278983419,103.769342479356,20.0562836186236,225.0,25.0,110.11687735786951,5.0,5.0,1.3036470375026525,1.014438156820839e+18,0.0,0.0,0.0,0.0,0.0,0.0,0.0,0.0,0.0,0.0,0.0,0.0,0.0,0.0,0.0,0.0,0.0,0.0,0.0,0.0,0.0,0.0,0.0,0.0,0.0,0.0,0.0,0.0,0.0,0.0,0.0,0.0,0.0,8247493796086641.0,1.6494987592173282e+16,2.9998833252378236e+16,4.350267891258318e+16,5.450890547452462e+16,6.551513203646606e+16,7.1676432316787256e+16,7.783773259710846e+16,8.418216453816085e+16,9.052659647921325e+16,9.915896425426821e+16,1.0779133202932317e+17,1.1585653555105621e+17,1.2392173907278925e+17,1.2656675359354336e+17,1.2921176811429747e+17,1.2395363339875243e+17,1.1869549868320738e+17,1.0722684499703872e+17,9.575819131087006e+16,8.036081214240506e+16,6.496343297394003e+16,5.042597687221703e+16,3.588852077049402e+16,2.6488220846857976e+16,1.7087920923221926e+16,1.3446308770305578e+16,9804696617389228.0,9265853430419674.0,8727010243450122.0,7611875069606218.0,6496739895762314.0,3793849931065973.0,1090959966369631.2,545479983184815.6,0.0,0.0,0.0,0.0,0.0,0.0,0.0,0.0,0.0,0.0,0.0,0.0,0.0,0.0,0.0,0.0,0.0,0.0,0.0,561609301090125.3,1123218602180250.6,561609301090125.3,0.0,0.0,0.0,0.0,0.0,0.0,0.0,0.0,0.0,0.0,0.0,0.0,0.0,0.0,0.0,0.0,0.0,0.0,0.0,0.0,0.0,0.0,0.0,0.0,0.0,0.0,0.0,0.0,0.0,0.0,0.0,0.0,0.0,0.0,0.0,0.0,0.0,0.0,0.0,0.0,0.0,0.0,0.0,0.0,0.0,0.0,0.0,0.0,0.0,0.0,0.0,0.0,0.0,0.0,0.0,0.0,0.0,0.0,0.0,0.0,0.0,0.0,0.0,0.0,0.0,0.0,0.0,0.0,0.0,0.0,0.0,0.0,0.0,0.0,0.0,0.0,0.0,0.0,0.0,0.0,0.0,0.0,0.0,0.0,0.0,0.0,0.0,0.0,0.0,0.0,0.0,0.0,0.0,0.0,0.0,0.0,0.0,0.0,0.0,0.0,0.0,0.0,0.0,0.0,0.0,0.0,0.0,0.0,0.0,0.0,0.0,0.0,0.0,0.0,0.0,0.0,0.0,0.0,0.0,0.0,0.0,0.0,0.0,0.0,0.0,0.0,0.0,0.0,0.0,0.0,0.0,0.0,0.0,0.0,0.0,0.0,0.0,0.0,0.0,0.0,0.0,0.0,0.0,0.0,0.0,0.0,0.0,0.0,0.0,0.0
31.4619754469629,103.734630647636,21.9678796312896,225.0,20.0,103.76953642252589,5.0,5.0,1.0158835376400013,7.905138383487176e+17,0.0,0.0,0.0,0.0,0.0,0.0,0.0,0.0,0.0,0.0,0.0,0.0,0.0,0.0,0.0,0.0,0.0,0.0,0.0,0.0,0.0,0.0,0.0,0.0,0.0,0.0,0.0,0.0,0.0,0.0,0.0,190120093294114.7,380240186588229.4,6142269504909860.0,1.1904298823231492e+16,2.022597281747706e+16,2.8547646811722628e+16,3.4063310337770416e+16,3.95789738638182e+16,4.175931373756362e+16,4.393965361130903e+16,5.081190199215793e+16,5.7684150373006824e+16,6.929410486167563e+16,8.090405935034443e+16,9.08953804264835e+16,1.0088670150262258e+17,1.0432182345435467e+17,1.0775694540608675e+17,1.0400684737199856e+17,1.0025674933791037e+17,9.07915226642086e+16,8.132629599050685e+16,6.8691490018522504e+16,5.605668404653815e+16,4.454640956395271e+16,3.3036135081367268e+16,2.6172820070361868e+16,1.9309505059356468e+16,1.6699675490908174e+16,1.4089845922459876e+16,1.240713935500944e+16,1.0724432787559002e+16,7426324748945956.0,4128216710332909.0,2064108355166454.5,0.0,0.0,0.0,0.0,0.0,0.0,0.0,0.0,0.0,0.0,0.0,0.0,0.0,1651741978268.6416,3303483956537.283,1651741978268.6416,0.0,0.0,0.0,0.0,0.0,0.0,0.0,0.0,0.0,0.0,0.0,0.0,0.0,0.0,0.0,0.0,0.0,0.0,0.0,0.0,0.0,0.0,0.0,0.0,0.0,0.0,0.0,0.0,0.0,0.0,0.0,0.0,0.0,0.0,0.0,0.0,0.0,0.0,0.0,0.0,0.0,0.0,0.0,0.0,0.0,0.0,0.0,0.0,0.0,0.0,0.0,0.0,0.0,0.0,0.0,0.0,0.0,0.0,0.0,0.0,0.0,0.0,0.0,0.0,0.0,0.0,0.0,0.0,0.0,0.0,0.0,0.0,0.0,0.0,0.0,0.0,0.0,0.0,0.0,0.0,0.0,0.0,0.0,0.0,0.0,0.0,0.0,0.0,0.0,0.0,0.0,0.0,0.0,0.0,0.0,0.0,0.0,0.0,0.0,0.0,0.0,0.0,0.0,0.0,0.0,0.0,0.0,0.0,0.0,0.0,0.0,0.0,0.0,0.0,0.0,0.0,0.0,0.0,0.0,0.0,0.0,0.0,0.0,0.0,0.0,0.0,0.0,0.0,0.0,0.0,0.0,0.0,0.0,0.0,0.0,0.0,0.0,0.0,0.0,0.0,0.0,0.0,0.0,0.0,0.0,0.0,0.0,0.0,0.0,0.0,0.0,0.0,0.0,0.0,0.0,0.0,0.0,0.0
31.4922707978153,103.698785473447,23.46997760236,225.0,15.0,99.08950106276492,5.0,5.0,0.47957299756397015,3.731816463463936e+17,0.0,0.0,0.0,0.0,0.0,0.0,0.0,0.0,0.0,0.0,0.0,0.0,0.0,0.0,0.0,0.0,0.0,0.0,0.0,0.0,0.0,0.0,0.0,0.0,0.0,0.0,0.0,0.0,0.0,0.0,0.0,190071736747057.84,380143473494115.7,2770680906353092.0,5161218339212068.0,8132797800757754.0,1.1104377262303442e+16,1.2465261763760086e+16,1.3826146265216732e+16,1.3734191347475306e+16,1.364223642973388e+16,1.7399524518594236e+16,2.115681260745459e+16,2.8547000254117932e+16,3.593718790078127e+16,4.200781080941969e+16,4.807843371805811e+16,5.037626471392243e+16,5.267409570978673e+16,5.084557452853959e+16,4.9017053347292456e+16,4.423104870538829e+16,3.944504406348412e+16,3.3436713359536656e+16,2.7428382655589188e+16,2.2407558759517136e+16,1.7386734863445094e+16,1.4593934514342072e+16,1.1801134165239046e+16,1.0814753943287776e+16,9828373721336508.0,8522826459475166.0,7217279197613825.0,4841858481302648.0,2466437764991473.0,1233218882495736.5,0.0,0.0,0.0,0.0,0.0,0.0,0.0,0.0,0.0,0.0,0.0,769309883475436.9,1538619766950873.8,2409597665778430.5,3280575564605987.5,2545967547205003.0,1811359529804017.8,905679764902008.9,0.0,0.0,0.0,0.0,0.0,0.0,0.0,0.0,0.0,0.0,0.0,0.0,0.0,0.0,0.0,0.0,0.0,0.0,0.0,0.0,0.0,0.0,0.0,0.0,0.0,0.0,0.0,0.0,0.0,0.0,0.0,0.0,0.0,0.0,0.0,0.0,0.0,0.0,0.0,0.0,0.0,0.0,0.0,0.0,0.0,0.0,0.0,0.0,0.0,0.0,0.0,0.0,0.0,0.0,0.0,0.0,0.0,0.0,0.0,0.0,0.0,0.0,0.0,0.0,0.0,0.0,0.0,0.0,0.0,0.0,0.0,0.0,0.0,0.0,0.0,0.0,0.0,0.0,0.0,0.0,0.0,0.0,0.0,0.0,0.0,0.0,0.0,0.0,0.0,0.0,0.0,0.0,0.0,0.0,0.0,0.0,0.0,0.0,0.0,0.0,0.0,0.0,0.0,0.0,0.0,0.0,0.0,0.0,0.0,0.0,0.0,0.0,0.0,0.0,0.0,0.0,0.0,0.0,0.0,0.0,0.0,0.0,0.0,0.0,0.0,0.0,0.0,0.0,0.0,0.0,0.0,0.0,0.0,0.0,0.0,0.0,0.0,0.0,0.0,0.0,0.0,0.0,0.0,0.0,0.0,0.0,0.0,0.0,0.0,0.0,0.0,0.0,0.0,0.0,0.0,0.0
31.5232833849862,103.662121831662,24.5511456592836,225.0,10.0,90.0,5.0,5.0,0.0,0.0,0.0,0.0,0.0,0.0,0.0,0.0,0.0,0.0,0.0,0.0,0.0,0.0,0.0,0.0,0.0,0.0,0.0,0.0,0.0,0.0,0.0,0.0,0.0,0.0,0.0,0.0,0.0,0.0,0.0,0.0,0.0,0.0,0.0,0.0,0.0,0.0,0.0,0.0,0.0,0.0,0.0,0.0,0.0,0.0,0.0,0.0,0.0,0.0,0.0,0.0,0.0,0.0,0.0,0.0,0.0,0.0,0.0,0.0,0.0,0.0,0.0,0.0,0.0,0.0,0.0,0.0,0.0,0.0,0.0,0.0,0.0,0.0,0.0,0.0,0.0,0.0,0.0,0.0,0.0,0.0,0.0,0.0,0.0,0.0,0.0,0.0,0.0,0.0,0.0,0.0,0.0,0.0,0.0,0.0,0.0,0.0,0.0,0.0,0.0,0.0,0.0,0.0,0.0,0.0,0.0,0.0,0.0,0.0,0.0,0.0,0.0,0.0,0.0,0.0,0.0,0.0,0.0,0.0,0.0,0.0,0.0,0.0,0.0,0.0,0.0,0.0,0.0,0.0,0.0,0.0,0.0,0.0,0.0,0.0,0.0,0.0,0.0,0.0,0.0,0.0,0.0,0.0,0.0,0.0,0.0,0.0,0.0,0.0,0.0,0.0,0.0,0.0,0.0,0.0,0.0,0.0,0.0,0.0,0.0,0.0,0.0,0.0,0.0,0.0,0.0,0.0,0.0,0.0,0.0,0.0,0.0,0.0,0.0,0.0,0.0,0.0,0.0,0.0,0.0,0.0,0.0,0.0,0.0,0.0,0.0,0.0,0.0,0.0,0.0,0.0,0.0,0.0,0.0,0.0,0.0,0.0,0.0,0.0,0.0,0.0,0.0,0.0,0.0,0.0,0.0,0.0,0.0,0.0,0.0,0.0,0.0,0.0,0.0,0.0,0.0,0.0,0.0,0.0,0.0,0.0,0.0,0.0,0.0,0.0,0.0,0.0,0.0,0.0,0.0,0.0,0.0,0.0,0.0,0.0,0.0,0.0,0.0,0.0,0.0,0.0
31.2978945819427,103.853559348536,2.46201938253052,225.0,80.0,135.00541323980755,5.0,5.0,1.3786235312883721,1.0727814153661719e+18,0.0,0.0,0.0,0.0,0.0,0.0,0.0,0.0,0.0,0.0,0.0,0.0,0.0,0.0,0.0,0.0,0.0,0.0,0.0,0.0,0.0,0.0,0.0,0.0,0.0,0.0,0.0,0.0,0.0,0.0,0.0,0.0,0.0,2829803653883556.0,5659607307767112.0,1.4178725926266594e+16,2.269784454476607e+16,3.349994622794022e+16,4.4302047911114376e+16,5.147946735165114e+16,5.865688679218792e+16,5.839098207041072e+16,5.812507734863353e+16,5.049603549097312e+16,4.286699363331272e+16,3.3912900817683596e+16,2.495880800205447e+16,2.7437548145944708e+16,2.9916288289834948e+16,3.586619812377481e+16,4.1816107957714664e+16,4.2674129153553576e+16,4.35321503493925e+16,3.807376598402976e+16,3.2615381618667012e+16,2.3791788885379284e+16,1.4968196152091548e+16,8730111001581859.0,2492025851072170.5,4271302963920034.5,6050580076767899.0,1.3239643649567368e+16,2.042870722236683e+16,2.98344181008927e+16,3.924012897941857e+16,4.769357211951639e+16,5.61470152596142e+16,6.1965077050994e+16,6.778313884237381e+16,7.414240307794766e+16,8.05016673135215e+16,8.614220957895587e+16,9.178275184439022e+16,9.15379657515356e+16,9.129317965868096e+16,8.551348204802966e+16,7.973378443737835e+16,6.984324258477256e+16,5.995270073216677e+16,4.876980228831923e+16,3.75869038444717e+16,2.7310232598552836e+16,1.7033561352633978e+16,9836720698206020.0,2639880043778058.0,1319940021889029.0,0.0,0.0,0.0,0.0,0.0,0.0,0.0,0.0,0.0,0.0,0.0,0.0,0.0,0.0,0.0,0.0,0.0,0.0,0.0,0.0,0.0,0.0,0.0,0.0,0.0,0.0,0.0,0.0,0.0,0.0,0.0,0.0,0.0,0.0,0.0,0.0,0.0,0.0,0.0,0.0,0.0,0.0,0.0,0.0,0.0,0.0,0.0,0.0,0.0,0.0,0.0,0.0,0.0,0.0,0.0,0.0,0.0,0.0,0.0,0.0,0.0,0.0,0.0,0.0,0.0,0.0,0.0,0.0,0.0,0.0,0.0,0.0,0.0,0.0,0.0,0.0,0.0,0.0,0.0,0.0,0.0,0.0,0.0,0.0,0.0,0.0,0.0,0.0,0.0,0.0,0.0,0.0,0.0,0.0,0.0,0.0,0.0,0.0,0.0,0.0,0.0,0.0,0.0,0.0,0.0,0.0,0.0,0.0,0.0,0.0,0.0,0.0,0.0,0.0,0.0,0.0,0.0,0.0,0.0,0.0,0.0,0.0,0.0,0.0,0.0,0.0,0.0,0.0,0.0,0.0,0.0,0.0,0.0,0.0,0.0,0.0,0.0,0.0,0.0,0.0,0.0,0.0,0.0,0.0,0.0,0.0,0.0,0.0,0.0,0.0,0.0,0.0,0.0,0.0
31.3073739722221,103.842374666976,7.18980823265266,225.0,65.0,133.56384299972498,5.0,5.0,1.2665316412974044,9.855566628021404e+17,0.0,0.0,0.0,0.0,0.0,0.0,0.0,0.0,0.0,0.0,0.0,0.0,0.0,0.0,0.0,0.0,0.0,0.0,0.0,0.0,0.0,0.0,0.0,0.0,0.0,0.0,0.0,0.0,0.0,0.0,0.0,0.0,0.0,2495347555480249.0,4990695110960498.0,1.3849467645408566e+16,2.2708240179856636e+16,3.460229420146104e+16,4.649634822306545e+16,5.471265064623049e+16,6.292895306939554e+16,6.258004204650573e+16,6.223113102361591e+16,5.407032504014301e+16,4.5909519056670104e+16,3.718674363336509e+16,2.8463968210060076e+16,3.137170623525152e+16,3.427944426044296e+16,3.999865188047857e+16,4.571785950051417e+16,4.5415431775233e+16,4.511300404995183e+16,3.7580056249192504e+16,3.004710844843318e+16,2.008653254996786e+16,1.0125956651502534e+16,5062978325751267.0,0.0,1569920814898584.2,3139841629797168.5,9154187121973060.0,1.5168532614148952e+16,2.3917337953612356e+16,3.266614329307576e+16,4.070389008522252e+16,4.874163687736927e+16,5.508697949693379e+16,6.1432322116498296e+16,6.854377309781689e+16,7.565522407913546e+16,7.906606003499438e+16,8.247689599085331e+16,7.979359879814264e+16,7.711030160543195e+16,6.991684180225702e+16,6.272338199908209e+16,5.422687876624914e+16,4.5730375533416184e+16,3.7116781882960344e+16,2.8503188232504508e+16,2.0383674074104336e+16,1.2264159915704166e+16,6598295523179250.0,932431130654333.1,466215565327166.56,0.0,0.0,0.0,0.0,0.0,0.0,0.0,0.0,0.0,0.0,0.0,0.0,0.0,0.0,0.0,0.0,0.0,0.0,0.0,0.0,0.0,0.0,0.0,0.0,0.0,0.0,0.0,0.0,0.0,0.0,0.0,0.0,0.0,0.0,0.0,0.0,0.0,0.0,0.0,0.0,0.0,0.0,0.0,0.0,0.0,0.0,0.0,0.0,0.0,0.0,0.0,0.0,0.0,0.0,0.0,0.0,0.0,0.0,0.0,0.0,0.0,0.0,0.0,0.0,0.0,0.0,0.0,0.0,0.0,0.0,0.0,0.0,0.0,0.0,0.0,0.0,0.0,0.0,0.0,0.0,0.0,0.0,0.0,0.0,0.0,0.0,0.0,0.0,0.0,0.0,0.0,0.0,0.0,0.0,0.0,0.0,0.0,0.0,0.0,0.0,0.0,0.0,0.0,0.0,0.0,0.0,0.0,0.0,0.0,0.0,0.0,0.0,0.0,0.0,0.0,0.0,0.0,0.0,0.0,0.0,0.0,0.0,0.0,0.0,0.0,0.0,0.0,0.0,0.0,0.0,0.0,0.0,0.0,0.0,0.0,0.0,0.0,0.0,0.0,0.0,0.0,0.0,0.0,0.0,0.0,0.0,0.0,0.0,0.0,0.0,0.0,0.0,0.0,0.0
31.3243116990397,103.822374483164,11.3706888080417,225.0,50.0,128.22655082107735,5.0,5.0,1.2036812661393372,9.366493919713898e+17,0.0,0.0,0.0,0.0,0.0,0.0,0.0,0.0,0.0,0.0,0.0,0.0,0.0,0.0,0.0,0.0,0.0,0.0,0.0,0.0,0.0,0.0,0.0,0.0,0.0,0.0,0.0,0.0,0.0,0.0,0.0,0.0,0.0,2525555282201572.0,5051110564403144.0,1.5793950653355606e+16,2.6536790742308076e+16,4.061352330733461e+16,5.4690255872361144e+16,6.455481984190817e+16,7.441938381145517e+16,7.494298975237334e+16,7.546659569329149e+16,6.895708350302777e+16,6.244757131276406e+16,5.942166308808753e+16,5.639575486341101e+16,6.1218868445397224e+16,6.604198202738342e+16,6.944697819203079e+16,7.285197435667818e+16,6.8120764170861016e+16,6.338955398504386e+16,5.019849775360927e+16,3.7007441522174696e+16,2.3125311838497588e+16,9243182154820480.0,4621591077410240.0,0.0,804300903871795.4,1608601807743590.8,6320169917555584.0,1.1031738027367576e+16,1.7873838953651418e+16,2.4715939879935264e+16,3.047052771822655e+16,3.622511555651784e+16,4.285685998688911e+16,4.948860441726041e+16,5.482848417544386e+16,6.016836393362732e+16,5.844128211533252e+16,5.671420029703772e+16,4.943436191683157e+16,4.2154523536625416e+16,3.4233988410442628e+16,2.6313453284259844e+16,2.0572696186900164e+16,1.483193908954049e+16,1.1268669838775662e+16,7705400588010839.0,4927657617689818.0,2149914647368795.2,1074957323684397.6,0.0,0.0,0.0,0.0,0.0,0.0,0.0,0.0,0.0,0.0,0.0,0.0,0.0,0.0,0.0,0.0,0.0,0.0,0.0,0.0,0.0,0.0,0.0,0.0,0.0,0.0,0.0,0.0,0.0,0.0,0.0,0.0,0.0,0.0,0.0,0.0,0.0,0.0,0.0,0.0,0.0,0.0,0.0,0.0,0.0,0.0,0.0,0.0,0.0,0.0,0.0,0.0,0.0,0.0,0.0,0.0,0.0,0.0,0.0,0.0,0.0,0.0,0.0,0.0,0.0,0.0,0.0,0.0,0.0,0.0,0.0,0.0,0.0,0.0,0.0,0.0,0.0,0.0,0.0,0.0,0.0,0.0,0.0,0.0,0.0,0.0,0.0,0.0,0.0,0.0,0.0,0.0,0.0,0.0,0.0,0.0,0.0,0.0,0.0,0.0,0.0,0.0,0.0,0.0,0.0,0.0,0.0,0.0,0.0,0.0,0.0,0.0,0.0,0.0,0.0,0.0,0.0,0.0,0.0,0.0,0.0,0.0,0.0,0.0,0.0,0.0,0.0,0.0,0.0,0.0,0.0,0.0,0.0,0.0,0.0,0.0,0.0,0.0,0.0,0.0,0.0,0.0,0.0,0.0,0.0,0.0,0.0,0.0,0.0,0.0,0.0,0.0,0.0,0.0,0.0,0.0
31.346709184432,103.795909699875,14.8927689400555,225.0,40.0,120.12972826909501,5.0,5.0,1.2812489502428,9.970089956272357e+17,0.0,0.0,0.0,0.0,0.0,0.0,0.0,0.0,0.0,0.0,0.0,0.0,0.0,0.0,0.0,0.0,0.0,0.0,0.0,0.0,0.0,0.0,0.0,0.0,0.0,0.0,0.0,0.0,0.0,0.0,0.0,0.0,0.0,3930046175755659.5,7860092351511319.0,2.057094243096218e+16,3.3281792510413044e+16,4.857091187321208e+16,6.386003123601112e+16,7.47046964356844e+16,8.55493616353577e+16,8.967932631540434e+16,9.380929099545102e+16,9.45025368953334e+16,9.519578279521579e+16,9.869866434586598e+16,1.022015458965162e+17,1.0682140257177795e+17,1.1144125924703968e+17,1.1070498850312734e+17,1.0996871775921498e+17,9.956352743060552e+16,8.915833710199606e+16,7.017750903318614e+16,5.119668096437622e+16,3.296887504779515e+16,1.4741069131214084e+16,7370534565607042.0,0.0,448579339900800.4,897158679801600.8,4710981809420033.0,8524804939038465.0,1.3048670298454418e+16,1.7572535657870374e+16,2.032595758150097e+16,2.307937950513156e+16,2.6383769125252336e+16,2.9688158745373104e+16,3.0310798292105964e+16,3.0933437838838824e+16,2.6022328660217372e+16,2.1111219481595932e+16,1.4024779318432266e+16,6938339155268606.0,3469169577634303.0,0.0,0.0,0.0,0.0,0.0,0.0,0.0,0.0,0.0,0.0,0.0,0.0,0.0,0.0,0.0,0.0,0.0,0.0,0.0,0.0,0.0,0.0,0.0,0.0,0.0,0.0,0.0,0.0,0.0,0.0,0.0,0.0,0.0,0.0,0.0,0.0,0.0,0.0,0.0,0.0,0.0,0.0,0.0,0.0,0.0,0.0,0.0,0.0,0.0,0.0,0.0,0.0,0.0,0.0,0.0,0.0,0.0,0.0,0.0,0.0,0.0,0.0,0.0,0.0,0.0,0.0,0.0,0.0,0.0,0.0,0.0,0.0,0.0,0.0,0.0,0.0,0.0,0.0,0.0,0.0,0.0,0.0,0.0,0.0,0.0,0.0,0.0,0.0,0.0,0.0,0.0,0.0,0.0,0.0,0.0,0.0,0.0,0.0,0.0,0.0,0.0,0.0,0.0,0.0,0.0,0.0,0.0,0.0,0.0,0.0,0.0,0.0,0.0,0.0,0.0,0.0,0.0,0.0,0.0,0.0,0.0,0.0,0.0,0.0,0.0,0.0,0.0,0.0,0.0,0.0,0.0,0.0,0.0,0.0,0.0,0.0,0.0,0.0,0.0,0.0,0.0,0.0,0.0,0.0,0.0,0.0,0.0,0.0,0.0,0.0,0.0,0.0,0.0,0.0,0.0,0.0,0.0,0.0,0.0,0.0,0.0,0.0,0.0,0.0
31.3726556842172,103.765235772926,17.7497379642719,225.0,30.0,112.58896845272292,5.0,5.0,1.450096509139141,1.1283983989726591e+18,0.0,0.0,0.0,0.0,0.0,0.0,0.0,0.0,0.0,0.0,0.0,0.0,0.0,0.0,0.0,0.0,0.0,0.0,0.0,0.0,0.0,0.0,0.0,0.0,0.0,0.0,0.0,0.0,0.0,0.0,0.0,0.0,0.0,5265773130018324.0,1.0531546260036648e+16,2.4082049610160736e+16,3.763255296028483e+16,5.203344810944536e+16,6.643434325860587e+16,7.674628825992554e+16,8.70582332612452e+16,9.584712453903493e+16,1.0463601581682466e+17,1.1396185641783706e+17,1.2328769701884944e+17,1.326263551332083e+17,1.4196501324756718e+17,1.466104803814801e+17,1.5125594751539306e+17,1.4734686509531578e+17,1.4343778267523846e+17,1.2950385787834558e+17,1.1556993308145269e+17,9.37520326772461e+16,7.193413227303946e+16,5.0856725964750696e+16,2.9779319656461948e+16,1.7824521507945246e+16,5869723359428541.0,2934861679714270.5,0.0,3001661984940363.5,6003323969880727.0,8916753917750641.0,1.1830183865620556e+16,1.1561308407094652e+16,1.1292432948568744e+16,9162748723434370.0,7033064498299993.0,4940108902080597.0,2847153305861202.5,1423576652930601.2,0.0,0.0,0.0,0.0,0.0,0.0,0.0,0.0,0.0,0.0,0.0,0.0,0.0,0.0,0.0,0.0,0.0,0.0,0.0,0.0,0.0,0.0,0.0,0.0,0.0,0.0,0.0,0.0,0.0,0.0,0.0,0.0,0.0,0.0,0.0,0.0,0.0,0.0,0.0,0.0,0.0,0.0,0.0,0.0,0.0,0.0,0.0,0.0,0.0,0.0,0.0,0.0,0.0,0.0,0.0,0.0,0.0,0.0,0.0,0.0,0.0,0.0,0.0,0.0,0.0,0.0,0.0,0.0,0.0,0.0,0.0,0.0,0.0,0.0,0.0,0.0,0.0,0.0,0.0,0.0,0.0,0.0,0.0,0.0,0.0,0.0,0.0,0.0,0.0,0.0,0.0,0.0,0.0,0.0,0.0,0.0,0.0,0.0,0.0,0.0,0.0,0.0,0.0,0.0,0.0,0.0,0.0,0.0,0.0,0.0,0.0,0.0,0.0,0.0,0.0,0.0,0.0,0.0,0.0,0.0,0.0,0.0,0.0,0.0,0.0,0.0,0.0,0.0,0.0,0.0,0.0,0.0,0.0,0.0,0.0,0.0,0.0,0.0,0.0,0.0,0.0,0.0,0.0,0.0,0.0,0.0,0.0,0.0,0.0,0.0,0.0,0.0,0.0,0.0,0.0,0.0,0.0,0.0,0.0,0.0,0.0,0.0,0.0,0.0,0.0,0.0,0.0,0.0
31.4008320780413,103.731911536908,20.0562836186236,225.0,25.0,106.5474583260682,5.0,5.0,1.4546730564009378,1.1319596575306153e+18,0.0,0.0,0.0,0.0,0.0,0.0,0.0,0.0,0.0,0.0,0.0,0.0,0.0,0.0,0.0,0.0,0.0,0.0,0.0,0.0,0.0,0.0,0.0,0.0,0.0,0.0,0.0,0.0,0.0,0.0,0.0,0.0,0.0,5795967736911442.0,1.1591935473822884e+16,2.319393969370115e+16,3.4795943913579412e+16,4.484550731602492e+16,5.4895070718470424e+16,6.211473251942033e+16,6.933439432037023e+16,8.03676569365034e+16,9.140091955263656e+16,1.0649798482050435e+17,1.2159505008837214e+17,1.3486289744533246e+17,1.481307448022928e+17,1.5413997222068992e+17,1.6014919963908704e+17,1.5531877166007498e+17,1.5048834368106285e+17,1.3597521172105976e+17,1.2146207976105667e+17,1.0088670752566746e+17,8.031133529027826e+16,6.0667129393522536e+16,4.1022923496766824e+16,2.883191323258566e+16,1.66409029684045e+16,1.259747281320189e+16,8554042657999283.0,8783277439697126.0,9012512221394968.0,9145706455755490.0,9278900690116012.0,6287129472510241.0,3295358254904470.0,1647679127452235.0,0.0,0.0,0.0,0.0,0.0,0.0,0.0,0.0,0.0,0.0,0.0,0.0,0.0,0.0,0.0,0.0,0.0,0.0,0.0,0.0,0.0,0.0,0.0,0.0,0.0,0.0,0.0,0.0,0.0,0.0,0.0,0.0,0.0,0.0,0.0,0.0,0.0,0.0,0.0,0.0,0.0,0.0,0.0,0.0,0.0,0.0,0.0,0.0,0.0,0.0,0.0,0.0,0.0,0.0,0.0,0.0,0.0,0.0,0.0,0.0,0.0,0.0,0.0,0.0,0.0,0.0,0.0,0.0,0.0,0.0,0.0,0.0,0.0,0.0,0.0,0.0,0.0,0.0,0.0,0.0,0.0,0.0,0.0,0.0,0.0,0.0,0.0,0.0,0.0,0.0,0.0,0.0,0.0,0.0,0.0,0.0,0.0,0.0,0.0,0.0,0.0,0.0,0.0,0.0,0.0,0.0,0.0,0.0,0.0,0.0,0.0,0.0,0.0,0.0,0.0,0.0,0.0,0.0,0.0,0.0,0.0,0.0,0.0,0.0,0.0,0.0,0.0,0.0,0.0,0.0,0.0,0.0,0.0,0.0,0.0,0.0,0.0,0.0,0.0,0.0,0.0,0.0,0.0,0.0,0.0,0.0,0.0,0.0,0.0,0.0,0.0,0.0,0.0,0.0,0.0,0.0,0.0,0.0,0.0,0.0,0.0,0.0,0.0,0.0,0.0,0.0,0.0,0.0,0.0,0.0,0.0,0.0
31.4301796266623,103.697188024486,21.9678796312896,225.0,20.0,101.17611880116395,5.0,5.0,1.0876418276117943,8.463528387234282e+17,0.0,0.0,0.0,0.0,0.0,0.0,0.0,0.0,0.0,0.0,0.0,0.0,0.0,0.0,0.0,0.0,0.0,0.0,0.0,0.0,0.0,0.0,0.0,0.0,0.0,0.0,0.0,0.0,0.0,0.0,0.0,0.0,0.0,4322525597201406.0,8645051194402812.0,1.5691385812310588e+16,2.2737720430218364e+16,2.7497019880387764e+16,3.225631933055716e+16,3.495121299266461e+16,3.7646106654772056e+16,4.722803499779116e+16,5.680996334081026e+16,7.219220615283066e+16,8.757444896485106e+16,1.0114516276681066e+17,1.1471587656877027e+17,1.2053043618978555e+17,1.2634499581080086e+17,1.2226534827759402e+17,1.1818570074438714e+17,1.0624447932963003e+17,9.430325791487293e+16,7.842604894985118e+16,6.254883998482943e+16,4.8664523265553864e+16,3.4780206546278292e+16,2.680187783482791e+16,1.8823549123377536e+16,1.628646447103111e+16,1.3749379818684682e+16,1.2606176934321266e+16,1.1462974049957852e+16,8615711147907648.0,5768448245857443.0,2884224122928721.5,0.0,0.0,0.0,0.0,0.0,0.0,0.0,0.0,0.0,0.0,0.0,0.0,0.0,0.0,0.0,0.0,0.0,0.0,0.0,0.0,0.0,0.0,0.0,0.0,0.0,0.0,0.0,0.0,0.0,0.0,0.0,0.0,0.0,0.0,0.0,0.0,0.0,0.0,0.0,0.0,0.0,0.0,0.0,0.0,0.0,0.0,0.0,0.0,0.0,0.0,0.0,0.0,0.0,0.0,0.0,0.0,0.0,0.0,0.0,0.0,0.0,0.0,0.0,0.0,0.0,0.0,0.0,0.0,0.0,0.0,0.0,0.0,0.0,0.0,0.0,0.0,0.0,0.0,0.0,0.0,0.0,0.0,0.0,0.0,0.0,0.0,0.0,0.0,0.0,0.0,0.0,0.0,0.0,0.0,0.0,0.0,0.0,0.0,0.0,0.0,0.0,0.0,0.0,0.0,0.0,0.0,0.0,0.0,0.0,0.0,0.0,0.0,0.0,0.0,0.0,0.0,0.0,0.0,0.0,0.0,0.0,0.0,0.0,0.0,0.0,0.0,0.0,0.0,0.0,0.0,0.0,0.0,0.0,0.0,0.0,0.0,0.0,0.0,0.0,0.0,0.0,0.0,0.0,0.0,0.0,0.0,0.0,0.0,0.0,0.0,0.0,0.0,0.0,0.0,0.0,0.0,0.0,0.0,0.0,0.0,0.0,0.0,0.0,0.0,0.0,0.0,0.0,0.0,0.0,0.0,0.0,0.0,0.0,0.0
31.4604749775147,103.661330721719,23.46997760236,225.0,15.0,96.52124525703617,5.0,5.0,0.49834511993010183,3.8778924845408845e+17,0.0,0.0,0.0,0.0,0.0,0.0,0.0,0.0,0.0,0.0,0.0,0.0,0.0,0.0,0.0,0.0,0.0,0.0,0.0,0.0,0.0,0.0,0.0,0.0,0.0,0.0,0.0,0.0,0.0,0.0,0.0,0.0,0.0,1968769966648528.0,3937539933297056.0,6343984903662515.0,8750429874027974.0,9810646622711190.0,1.0870863371394406e+16,1.063477230626038e+16,1.0398681241126354e+16,1.5012824327390744e+16,1.9626967413655132e+16,2.8556801346264788e+16,3.748663527887444e+16,4.531818107624714e+16,5.314972687361983e+16,5.6457037844464616e+16,5.976434881530941e+16,5.770458807944503e+16,5.564482734358066e+16,4.960695536462823e+16,4.35690833856758e+16,3.6225116914714344e+16,2.8881150443752896e+16,2.2979732580821172e+16,1.7078314717889462e+16,1.4291413439399346e+16,1.1504512160909232e+16,1.0703672077253108e+16,9902831993596988.0,8943903631426706.0,7984975269256423.0,5450919750266380.0,2916864231276337.5,1458432115638168.8,0.0,0.0,0.0,0.0,0.0,0.0,0.0,0.0,0.0,0.0,0.0,611181904110749.5,1222363808221499.0,2186059899871550.0,3149755991521601.5,2548270111629449.5,1946784231737298.2,974688153551454.9,2592075365611.8066,1296037682805.9033,0.0,0.0,0.0,0.0,0.0,0.0,0.0,0.0,0.0,0.0,0.0,0.0,0.0,0.0,0.0,0.0,0.0,0.0,0.0,0.0,0.0,0.0,0.0,0.0,0.0,0.0,0.0,0.0,0.0,0.0,0.0,0.0,0.0,0.0,0.0,0.0,0.0,0.0,0.0,0.0,0.0,0.0,0.0,0.0,0.0,0.0,0.0,0.0,0.0,0.0,0.0,0.0,0.0,0.0,0.0,0.0,0.0,0.0,0.0,0.0,0.0,0.0,0.0,0.0,0.0,0.0,0.0,0.0,0.0,0.0,0.0,0.0,0.0,0.0,0.0,0.0,0.0,0.0,0.0,0.0,0.0,0.0,0.0,0.0,0.0,0.0,0.0,0.0,0.0,0.0,0.0,0.0,0.0,0.0,0.0,0.0,0.0,0.0,0.0,0.0,0.0,0.0,0.0,0.0,0.0,0.0,0.0,0.0,0.0,0.0,0.0,0.0,0.0,0.0,0.0,0.0,0.0,0.0,0.0,0.0,0.0,0.0,0.0,0.0,0.0,0.0,0.0,0.0,0.0,0.0,0.0,0.0,0.0,0.0,0.0,0.0,0.0,0.0,0.0,0.0,0.0,0.0,0.0,0.0,0.0,0.0,0.0,0.0,0.0,0.0,0.0,0.0,0.0,0.0
31.4914875646856,103.624657787451,24.5511456592836,225.0,10.0,90.0,5.0,5.0,0.0,0.0,0.0,0.0,0.0,0.0,0.0,0.0,0.0,0.0,0.0,0.0,0.0,0.0,0.0,0.0,0.0,0.0,0.0,0.0,0.0,0.0,0.0,0.0,0.0,0.0,0.0,0.0,0.0,0.0,0.0,0.0,0.0,0.0,0.0,0.0,0.0,0.0,0.0,0.0,0.0,0.0,0.0,0.0,0.0,0.0,0.0,0.0,0.0,0.0,0.0,0.0,0.0,0.0,0.0,0.0,0.0,0.0,0.0,0.0,0.0,0.0,0.0,0.0,0.0,0.0,0.0,0.0,0.0,0.0,0.0,0.0,0.0,0.0,0.0,0.0,0.0,0.0,0.0,0.0,0.0,0.0,0.0,0.0,0.0,0.0,0.0,0.0,0.0,0.0,0.0,0.0,0.0,0.0,0.0,0.0,0.0,0.0,0.0,0.0,0.0,0.0,0.0,0.0,0.0,0.0,0.0,0.0,0.0,0.0,0.0,0.0,0.0,0.0,0.0,0.0,0.0,0.0,0.0,0.0,0.0,0.0,0.0,0.0,0.0,0.0,0.0,0.0,0.0,0.0,0.0,0.0,0.0,0.0,0.0,0.0,0.0,0.0,0.0,0.0,0.0,0.0,0.0,0.0,0.0,0.0,0.0,0.0,0.0,0.0,0.0,0.0,0.0,0.0,0.0,0.0,0.0,0.0,0.0,0.0,0.0,0.0,0.0,0.0,0.0,0.0,0.0,0.0,0.0,0.0,0.0,0.0,0.0,0.0,0.0,0.0,0.0,0.0,0.0,0.0,0.0,0.0,0.0,0.0,0.0,0.0,0.0,0.0,0.0,0.0,0.0,0.0,0.0,0.0,0.0,0.0,0.0,0.0,0.0,0.0,0.0,0.0,0.0,0.0,0.0,0.0,0.0,0.0,0.0,0.0,0.0,0.0,0.0,0.0,0.0,0.0,0.0,0.0,0.0,0.0,0.0,0.0,0.0,0.0,0.0,0.0,0.0,0.0,0.0,0.0,0.0,0.0,0.0,0.0,0.0,0.0,0.0,0.0,0.0,0.0,0.0,0.0
31.2660987616421,103.816164944322,2.46201938253052,225.0,80.0,113.37537196189524,5.0,5.0,1.4912158366936885,1.1603955681865405e+18,0.0,0.0,0.0,0.0,0.0,0.0,0.0,0.0,0.0,0.0,0.0,0.0,0.0,0.0,0.0,0.0,0.0,0.0,0.0,0.0,0.0,0.0,0.0,0.0,0.0,0.0,0.0,0.0,0.0,0.0,0.0,0.0,0.0,686624517076202.2,1373249034152404.5,6160509909267887.0,1.0947770784383368e+16,1.8505617178097756e+16,2.6063463571812148e+16,3.1965304084418732e+16,3.786714459702532e+16,3.850656584764849e+16,3.9145987098271656e+16,3.711929318506815e+16,3.5092599271864636e+16,4.441958289337041e+16,5.374656651487618e+16,7.1157719095795144e+16,8.856887167671411e+16,1.0138552746236722e+17,1.1420218324802032e+17,1.1506770281235397e+17,1.1593322237668763e+17,1.0323544659274658e+17,9.053767080880547e+16,6.986981125538147e+16,4.920195170195747e+16,3.1604919918229384e+16,1.4007888134501308e+16,7263009298211628.0,518130461921950.0,3601127247499385.0,6684124033076820.0,1.311039014758859e+16,1.9536656262100356e+16,2.690588017155907e+16,3.4275104081017788e+16,4.132484988540944e+16,4.837459568980109e+16,5.720663135055246e+16,6.603866701130384e+16,7.311934499969394e+16,8.020002298808406e+16,8.024890328528949e+16,8.029778358249491e+16,7.357686249367774e+16,6.685594140486056e+16,5.6453251400158664e+16,4.605056139545677e+16,3.565106938156892e+16,2.525157736768107e+16,1.707054498089448e+16,8889512594107886.0,4811917544834691.0,734322495561496.1,367161247780748.06,0.0,0.0,0.0,0.0,0.0,0.0,0.0,0.0,0.0,0.0,0.0,0.0,0.0,0.0,0.0,0.0,0.0,0.0,0.0,0.0,0.0,0.0,0.0,0.0,0.0,0.0,0.0,0.0,0.0,0.0,0.0,0.0,0.0,0.0,0.0,0.0,0.0,0.0,0.0,0.0,0.0,0.0,0.0,0.0,0.0,0.0,0.0,0.0,0.0,0.0,0.0,0.0,0.0,0.0,0.0,0.0,0.0,0.0,0.0,0.0,0.0,0.0,0.0,0.0,0.0,0.0,0.0,0.0,0.0,0.0,0.0,0.0,0.0,0.0,0.0,0.0,0.0,0.0,0.0,0.0,0.0,0.0,0.0,0.0,0.0,0.0,0.0,0.0,0.0,0.0,0.0,0.0,0.0,0.0,0.0,0.0,0.0,0.0,0.0,0.0,0.0,0.0,0.0,0.0,0.0,0.0,0.0,0.0,0.0,0.0,0.0,0.0,0.0,0.0,0.0,0.0,0.0,0.0,0.0,0.0,0.0,0.0,0.0,0.0,0.0,0.0,0.0,0.0,0.0,0.0,0.0,0.0,0.0,0.0,0.0,0.0,0.0,0.0,0.0,0.0,0.0,0.0,0.0,0.0,0.0,0.0,0.0,0.0,0.0,0.0,0.0,0.0,0.0,0.0
31.2755781519214,103.804977789498,7.18980823265266,225.0,65.0,113.48850249450382,5.0,5.0,1.4385910768269468,1.1194454007971959e+18,0.0,0.0,0.0,0.0,0.0,0.0,0.0,0.0,0.0,0.0,0.0,0.0,0.0,0.0,0.0,0.0,0.0,0.0,0.0,0.0,0.0,0.0,0.0,74758573069223.6,149517146138447.2,74758573069223.6,0.0,0.0,0.0,0.0,0.0,0.0,0.0,186865613738976.84,373731227477953.7,5755408141685625.0,1.1137085055893294e+16,2.0078025400711736e+16,2.901896574553018e+16,3.6313045568094856e+16,4.360712539065954e+16,4.517541142686548e+16,4.674369746307145e+16,4.493332811181537e+16,4.312295876055928e+16,5.201990127870443e+16,6.0916843796849576e+16,7.821852485293822e+16,9.552020590902688e+16,1.0771236093406848e+17,1.199045159591101e+17,1.189052097241502e+17,1.1790590348919034e+17,1.0221433314992581e+17,8.652276281066125e+16,6.30851219785563e+16,3.964748114645134e+16,2.2194871014718948e+16,4742260882986546.0,2371130441493273.0,0.0,2177786985029958.0,4355573970059916.0,1.0257330481653054e+16,1.6159086993246192e+16,2.3579136695242812e+16,3.0999186397239436e+16,3.8918316437309624e+16,4.683744647737982e+16,5.608440280352308e+16,6.533135912966634e+16,6.999733151182935e+16,7.466330389399235e+16,7.170937317170664e+16,6.875544244942092e+16,6.106126383940493e+16,5.336708522938892e+16,4.4216301791702616e+16,3.5065518354016304e+16,2.6834482342494092e+16,1.8603446330971884e+16,1.2299171559589824e+16,5994896788207763.0,2997448394103881.5,0.0,0.0,0.0,0.0,0.0,0.0,0.0,0.0,0.0,0.0,0.0,0.0,0.0,0.0,0.0,0.0,0.0,0.0,0.0,0.0,0.0,0.0,0.0,0.0,0.0,0.0,0.0,0.0,0.0,0.0,0.0,0.0,0.0,0.0,0.0,0.0,0.0,0.0,0.0,0.0,0.0,0.0,0.0,0.0,0.0,0.0,0.0,0.0,0.0,0.0,0.0,0.0,0.0,0.0,0.0,0.0,0.0,0.0,0.0,0.0,0.0,0.0,0.0,0.0,0.0,0.0,0.0,0.0,0.0,0.0,0.0,0.0,0.0,0.0,0.0,0.0,0.0,0.0,0.0,0.0,0.0,0.0,0.0,0.0,0.0,0.0,0.0,0.0,0.0,0.0,0.0,0.0,0.0,0.0,0.0,0.0,0.0,0.0,0.0,0.0,0.0,0.0,0.0,0.0,0.0,0.0,0.0,0.0,0.0,0.0,0.0,0.0,0.0,0.0,0.0,0.0,0.0,0.0,0.0,0.0,0.0,0.0,0.0,0.0,0.0,0.0,0.0,0.0,0.0,0.0,0.0,0.0,0.0,0.0,0.0,0.0,0.0,0.0,0.0,0.0,0.0,0.0,0.0,0.0,0.0,0.0,0.0,0.0,0.0,0.0,0.0,0.0,0.0,0.0,0.0,0.0
31.292515878739,103.784972265135,11.3706888080417,225.0,50.0,112.57692524304824,5.0,5.0,1.4944399182750228,1.1629044001653821e+18,0.0,0.0,0.0,0.0,0.0,0.0,0.0,0.0,0.0,0.0,0.0,0.0,0.0,0.0,0.0,0.0,0.0,0.0,0.0,0.0,0.0,0.0,0.0,574003025569296.2,1148006051138592.5,574003025569296.2,0.0,0.0,0.0,0.0,0.0,0.0,0.0,58779904898906.125,117559809797812.25,6985490544222764.0,1.3853421278647716e+16,2.557021097494883e+16,3.728700067124995e+16,4.743998897068983e+16,5.7592977270129704e+16,6.2188637062424136e+16,6.678429685471857e+16,7.002913207885342e+16,7.327396730298827e+16,8.537502932719197e+16,9.747609135139568e+16,1.145539438538968e+17,1.3163179635639795e+17,1.4096800551047142e+17,1.503042146645449e+17,1.43627317915994e+17,1.3695042116744312e+17,1.1424185388240752e+17,9.153328659737195e+16,6.31045114467748e+16,3.4675736296177636e+16,1.7337868148088818e+16,0.0,0.0,0.0,1930271870235162.8,3860543740470325.5,9350272647013124.0,1.4840001553555922e+16,2.097113610035955e+16,2.7102270647163184e+16,3.51936681814028e+16,4.3285065715642424e+16,4.9819160923993896e+16,5.635325613234537e+16,5.467194759331375e+16,5.299063905428213e+16,4.5179101001708424e+16,3.736756294913472e+16,2.9437446136019556e+16,2.15073293229044e+16,1.5640399262722078e+16,9773469202539758.0,6484477688940906.0,3195486175342054.0,1597743087671027.0,0.0,0.0,0.0,0.0,0.0,0.0,0.0,0.0,0.0,0.0,0.0,0.0,0.0,0.0,0.0,0.0,0.0,0.0,0.0,0.0,0.0,0.0,0.0,0.0,0.0,0.0,0.0,0.0,0.0,0.0,0.0,0.0,0.0,0.0,0.0,0.0,0.0,0.0,0.0,0.0,0.0,0.0,0.0,0.0,0.0,0.0,0.0,0.0,0.0,0.0,0.0,0.0,0.0,0.0,0.0,0.0,0.0,0.0,0.0,0.0,0.0,0.0,0.0,0.0,0.0,0.0,0.0,0.0,0.0,0.0,0.0,0.0,0.0,0.0,0.0,0.0,0.0,0.0,0.0,0.0,0.0,0.0,0.0,0.0,0.0,0.0,0.0,0.0,0.0,0.0,0.0,0.0,0.0,0.0,0.0,0.0,0.0,0.0,0.0,0.0,0.0,0.0,0.0,0.0,0.0,0.0,0.0,0.0,0.0,0.0,0.0,0.0,0.0,0.0,0.0,0.0,0.0,0.0,0.0,0.0,0.0,0.0,0.0,0.0,0.0,0.0,0.0,0.0,0.0,0.0,0.0,0.0,0.0,0.0,0.0,0.0,0.0,0.0,0.0,0.0,0.0,0.0,0.0,0.0,0.0,0.0,0.0,0.0,0.0,0.0,0.0,0.0,0.0,0.0,0.0,0.0,0.0,0.0
31.3149133641314,103.758499523633,14.8927689400555,225.0,40.0,111.34353573631775,5.0,5.0,1.6494865763857403,1.2835545773608694e+18,0.0,0.0,0.0,0.0,0.0,0.0,0.0,0.0,0.0,0.0,0.0,0.0,0.0,0.0,0.0,0.0,0.0,0.0,0.0,0.0,0.0,0.0,0.0,198317608923161.06,396635217846322.1,198317608923161.06,0.0,0.0,0.0,0.0,0.0,0.0,0.0,975014968434722.0,1950029936869444.0,1.1460025689434398e+16,2.097002144199935e+16,3.4679528715699732e+16,4.838903598940011e+16,6.056308269945564e+16,7.273712940951115e+16,8.26416989429885e+16,9.254626847646584e+16,1.0360183545797627e+17,1.1465740243948672e+17,1.3071274713910826e+17,1.4676809183872976e+17,1.616860752024951e+17,1.766040585662604e+17,1.8000791839372634e+17,1.8341177822119226e+17,1.696307663715457e+17,1.558497545218991e+17,1.268382301377238e+17,9.78267057535485e+16,6.653150720088706e+16,3.52363086482256e+16,1.76181543241128e+16,0.0,0.0,0.0,3310069617337517.0,6620139234675034.0,1.153750822062413e+16,1.6454877206573224e+16,2.0288298540344132e+16,2.4121719874115044e+16,2.7586995021783696e+16,3.105227016945234e+16,3.1111724043785132e+16,3.117117791811791e+16,2.592810927075952e+16,2.068504062340113e+16,1.339558624825056e+16,6106131873099989.0,3053065936549994.5,0.0,0.0,0.0,0.0,0.0,0.0,0.0,0.0,0.0,0.0,0.0,0.0,0.0,0.0,0.0,0.0,0.0,0.0,0.0,0.0,0.0,0.0,0.0,0.0,0.0,0.0,0.0,0.0,0.0,0.0,0.0,0.0,0.0,0.0,0.0,0.0,0.0,0.0,0.0,0.0,0.0,0.0,0.0,0.0,0.0,0.0,0.0,0.0,0.0,0.0,0.0,0.0,0.0,0.0,0.0,0.0,0.0,0.0,0.0,0.0,0.0,0.0,0.0,0.0,0.0,0.0,0.0,0.0,0.0,0.0,0.0,0.0,0.0,0.0,0.0,0.0,0.0,0.0,0.0,0.0,0.0,0.0,0.0,0.0,0.0,0.0,0.0,0.0,0.0,0.0,0.0,0.0,0.0,0.0,0.0,0.0,0.0,0.0,0.0,0.0,0.0,0.0,0.0,0.0,0.0,0.0,0.0,0.0,0.0,0.0,0.0,0.0,0.0,0.0,0.0,0.0,0.0,0.0,0.0,0.0,0.0,0.0,0.0,0.0,0.0,0.0,0.0,0.0,0.0,0.0,0.0,0.0,0.0,0.0,0.0,0.0,0.0,0.0,0.0,0.0,0.0,0.0,0.0,0.0,0.0,0.0,0.0,0.0,0.0,0.0,0.0,0.0,0.0,0.0,0.0,0.0,0.0,0.0,0.0,0.0,0.0,0.0,0.0,0.0
31.3408598639165,103.727815805595,17.7497379642719,225.0,30.0,109.28644664492477,5.0,5.0,1.777515782066185,1.3831810158779302e+18,0.0,0.0,0.0,0.0,0.0,0.0,0.0,0.0,0.0,0.0,0.0,0.0,0.0,0.0,0.0,0.0,0.0,0.0,0.0,0.0,0.0,0.0,0.0,0.0,0.0,0.0,0.0,0.0,0.0,0.0,0.0,0.0,0.0,2538030086003598.0,5076060172007196.0,1.6340070835873888e+16,2.7604081499740584e+16,4.089463656024514e+16,5.418519162074968e+16,6.639223476124157e+16,7.859927790173346e+16,9.350420536948909e+16,1.0840913283724472e+17,1.2650450229108718e+17,1.4459987174492966e+17,1.630804682947204e+17,1.8156106484451114e+17,1.9349807720451427e+17,2.0543508956451738e+17,2.0311637297265933e+17,2.007976563808013e+17,1.8270531400712784e+17,1.6461297163345443e+17,1.3431147679383106e+17,1.0400998195420766e+17,7.329862855600491e+16,4.258727515780215e+16,2.460190217847299e+16,6616529199143842.0,3634844902351521.0,653160605559200.1,5116459244294880.0,9579757883030560.0,1.3595028126878716e+16,1.7610298370726872e+16,1.711914452551206e+16,1.6627990680297248e+16,1.3384351643941884e+16,1.014071260758652e+16,7307811913736600.0,4474911219886677.5,2237455609943338.8,0.0,0.0,0.0,0.0,0.0,0.0,0.0,0.0,0.0,0.0,0.0,0.0,0.0,0.0,0.0,0.0,0.0,0.0,0.0,0.0,0.0,0.0,0.0,0.0,0.0,0.0,0.0,0.0,0.0,0.0,0.0,0.0,0.0,0.0,0.0,0.0,0.0,0.0,0.0,0.0,0.0,0.0,0.0,0.0,0.0,0.0,0.0,0.0,0.0,0.0,0.0,0.0,0.0,0.0,0.0,0.0,0.0,0.0,0.0,0.0,0.0,0.0,0.0,0.0,0.0,0.0,0.0,0.0,0.0,0.0,0.0,0.0,0.0,0.0,0.0,0.0,0.0,0.0,0.0,0.0,0.0,0.0,0.0,0.0,0.0,0.0,0.0,0.0,0.0,0.0,0.0,0.0,0.0,0.0,0.0,0.0,0.0,0.0,0.0,0.0,0.0,0.0,0.0,0.0,0.0,0.0,0.0,0.0,0.0,0.0,0.0,0.0,0.0,0.0,0.0,0.0,0.0,0.0,0.0,0.0,0.0,0.0,0.0,0.0,0.0,0.0,0.0,0.0,0.0,0.0,0.0,0.0,0.0,0.0,0.0,0.0,0.0,0.0,0.0,0.0,0.0,0.0,0.0,0.0,0.0,0.0,0.0,0.0,0.0,0.0,0.0,0.0,0.0,0.0,0.0,0.0,0.0,0.0,0.0,0.0,0.0,0.0,0.0,0.0,0.0,0.0,0.0,0.0
31.3690362577406,103.694480594461,20.0562836186236,225.0,25.0,105.83269212251918,5.0,5.0,1.665672222705314,1.296149502787031e+18,0.0,0.0,0.0,0.0,0.0,0.0,0.0,0.0,0.0,0.0,0.0,0.0,0.0,0.0,0.0,0.0,0.0,0.0,0.0,0.0,0.0,0.0,0.0,0.0,0.0,0.0,0.0,0.0,0.0,0.0,0.0,0.0,0.0,3173984959653354.5,6347969919306709.0,1.5908662002239264e+16,2.546935408517182e+16,3.532966032196807e+16,4.518996655876433e+16,5.424677387869475e+16,6.330358119862516e+16,7.916893151684549e+16,9.50342818350658e+16,1.1650316801884686e+17,1.3797205420262795e+17,1.578251507555045e+17,1.776782473083811e+17,1.8800519405741424e+17,1.983321408064474e+17,1.9411748333665347e+17,1.8990282586685962e+17,1.714989675831203e+17,1.5309510929938102e+17,1.2570708086743562e+17,9.831905243549026e+16,7.237557211171592e+16,4.64320917879416e+16,3.090733494880435e+16,1.5382578109667096e+16,1.0909554349757296e+16,6436530589847496.0,9328673672948816.0,1.2220816756050138e+16,1.4049875775285442e+16,1.5878934794520746e+16,1.2333306519556922e+16,8787678244593101.0,4576983616441420.0,366288988289739.75,183144494144869.88,0.0,0.0,0.0,0.0,0.0,0.0,0.0,0.0,0.0,0.0,0.0,0.0,0.0,0.0,0.0,0.0,0.0,0.0,0.0,0.0,0.0,0.0,0.0,0.0,0.0,0.0,0.0,0.0,0.0,0.0,0.0,0.0,0.0,0.0,0.0,0.0,0.0,0.0,0.0,0.0,0.0,0.0,0.0,0.0,0.0,0.0,0.0,0.0,0.0,0.0,0.0,0.0,0.0,0.0,0.0,0.0,0.0,0.0,0.0,0.0,0.0,0.0,0.0,0.0,0.0,0.0,0.0,0.0,0.0,0.0,0.0,0.0,0.0,0.0,0.0,0.0,0.0,0.0,0.0,0.0,0.0,0.0,0.0,0.0,0.0,0.0,0.0,0.0,0.0,0.0,0.0,0.0,0.0,0.0,0.0,0.0,0.0,0.0,0.0,0.0,0.0,0.0,0.0,0.0,0.0,0.0,0.0,0.0,0.0,0.0,0.0,0.0,0.0,0.0,0.0,0.0,0.0,0.0,0.0,0.0,0.0,0.0,0.0,0.0,0.0,0.0,0.0,0.0,0.0,0.0,0.0,0.0,0.0,0.0,0.0,0.0,0.0,0.0,0.0,0.0,0.0,0.0,0.0,0.0,0.0,0.0,0.0,0.0,0.0,0.0,0.0,0.0,0.0,0.0,0.0,0.0,0.0,0.0,0.0,0.0,0.0,0.0,0.0,0.0,0.0,0.0,0.0,0.0,0.0,0.0
31.3983838063616,103.659745401335,21.9678796312896,225.0,20.0,101.00651673593119,5.0,5.0,1.1822500767968076,9.19972626259743e+17,0.0,0.0,0.0,0.0,0.0,0.0,0.0,0.0,0.0,0.0,0.0,0.0,0.0,0.0,0.0,0.0,0.0,0.0,0.0,0.0,0.0,0.0,0.0,0.0,0.0,0.0,0.0,0.0,0.0,0.0,0.0,0.0,0.0,2585677932495967.0,5171355864991934.0,1.0914836274747946e+16,1.665831668450396e+16,2.121931547991006e+16,2.5780314275316156e+16,2.9560993077235544e+16,3.3341671879154936e+16,4.576223540690049e+16,5.8182798934646056e+16,7.71438180671867e+16,9.610483719972736e+16,1.1326602131358592e+17,1.3042720542744445e+17,1.39042323462205e+17,1.4765744149696554e+17,1.4376076137863872e+17,1.3986408126031192e+17,1.2490233357738992e+17,1.0994058589446797e+17,9.00433045904699e+16,7.014602328647184e+16,5.288087779502515e+16,3.5615732303578464e+16,2.607927132786948e+16,1.6542810352160504e+16,1.390005312589504e+16,1.1257295899629578e+16,1.164155215251421e+16,1.202580840539884e+16,1.0494782881924506e+16,8963757358450170.0,5628173547486782.0,2292589736523396.0,1146294868261698.0,0.0,0.0,0.0,0.0,0.0,0.0,0.0,0.0,0.0,0.0,0.0,0.0,0.0,0.0,0.0,0.0,0.0,0.0,0.0,0.0,0.0,0.0,0.0,0.0,0.0,0.0,0.0,0.0,0.0,0.0,0.0,0.0,0.0,0.0,0.0,0.0,0.0,0.0,0.0,0.0,0.0,0.0,0.0,0.0,0.0,0.0,0.0,0.0,0.0,0.0,0.0,0.0,0.0,0.0,0.0,0.0,0.0,0.0,0.0,0.0,0.0,0.0,0.0,0.0,0.0,0.0,0.0,0.0,0.0,0.0,0.0,0.0,0.0,0.0,0.0,0.0,0.0,0.0,0.0,0.0,0.0,0.0,0.0,0.0,0.0,0.0,0.0,0.0,0.0,0.0,0.0,0.0,0.0,0.0,0.0,0.0,0.0,0.0,0.0,0.0,0.0,0.0,0.0,0.0,0.0,0.0,0.0,0.0,0.0,0.0,0.0,0.0,0.0,0.0,0.0,0.0,0.0,0.0,0.0,0.0,0.0,0.0,0.0,0.0,0.0,0.0,0.0,0.0,0.0,0.0,0.0,0.0,0.0,0.0,0.0,0.0,0.0,0.0,0.0,0.0,0.0,0.0,0.0,0.0,0.0,0.0,0.0,0.0,0.0,0.0,0.0,0.0,0.0,0.0,0.0,0.0,0.0,0.0,0.0,0.0,0.0,0.0,0.0,0.0,0.0,0.0,0.0,0.0,0.0,0.0,0.0,0.0
31.428679157214,103.62387596999,23.46997760236,225.0,15.0,95.80751793895016,5.0,5.0,0.5183819025985417,4.033809510346656e+17,0.0,0.0,0.0,0.0,0.0,0.0,0.0,0.0,0.0,0.0,0.0,0.0,0.0,0.0,0.0,0.0,0.0,0.0,0.0,0.0,0.0,0.0,0.0,0.0,0.0,0.0,0.0,0.0,0.0,0.0,0.0,0.0,0.0,1406647511407582.2,2813295022815164.5,4765397159237401.0,6717499295659638.0,7339591603149209.0,7961683910638779.0,8071434972746610.0,8181186034854442.0,1.4020947840883762e+16,1.986070964691308e+16,2.9987970333506844e+16,4.0115231020100616e+16,4.918442793607415e+16,5.825362485204768e+16,6.258392821883651e+16,6.691423158562536e+16,6.503539188794606e+16,6.3156552190266776e+16,5.571657996696019e+16,4.82766077436536e+16,3.892511822540839e+16,2.95736287071632e+16,2.260976075152821e+16,1.5645892795893222e+16,1.2547699101199164e+16,9449505406505108.0,8953300499193786.0,8457095591882463.0,8208163361286419.0,7959231130690376.0,6034726220131916.0,4110221309573455.0,2055110654786727.5,0.0,0.0,0.0,0.0,0.0,0.0,0.0,0.0,0.0,0.0,0.0,566695238861526.9,1133390477723053.8,2034394309180659.0,2935398140638263.5,2400682156329797.5,1865966172021331.5,932983086010665.8,0.0,0.0,0.0,0.0,0.0,0.0,0.0,0.0,0.0,0.0,0.0,0.0,0.0,0.0,0.0,0.0,0.0,0.0,0.0,0.0,0.0,0.0,0.0,0.0,0.0,0.0,0.0,0.0,0.0,0.0,0.0,0.0,0.0,0.0,0.0,0.0,0.0,0.0,0.0,0.0,0.0,0.0,0.0,0.0,0.0,0.0,0.0,0.0,0.0,0.0,0.0,0.0,0.0,0.0,0.0,0.0,0.0,0.0,0.0,0.0,0.0,0.0,0.0,0.0,0.0,0.0,0.0,0.0,0.0,0.0,0.0,0.0,0.0,0.0,0.0,0.0,0.0,0.0,0.0,0.0,0.0,0.0,0.0,0.0,0.0,0.0,0.0,0.0,0.0,0.0,0.0,0.0,0.0,0.0,0.0,0.0,0.0,0.0,0.0,0.0,0.0,0.0,0.0,0.0,0.0,0.0,0.0,0.0,0.0,0.0,0.0,0.0,0.0,0.0,0.0,0.0,0.0,0.0,0.0,0.0,0.0,0.0,0.0,0.0,0.0,0.0,0.0,0.0,0.0,0.0,0.0,0.0,0.0,0.0,0.0,0.0,0.0,0.0,0.0,0.0,0.0,0.0,0.0,0.0,0.0,0.0,0.0,0.0,0.0,0.0,0.0,0.0,0.0,0.0,0.0,0.0
31.459691744385,103.587193743241,24.5511456592836,225.0,10.0,90.0,5.0,5.0,0.0,0.0,0.0,0.0,0.0,0.0,0.0,0.0,0.0,0.0,0.0,0.0,0.0,0.0,0.0,0.0,0.0,0.0,0.0,0.0,0.0,0.0,0.0,0.0,0.0,0.0,0.0,0.0,0.0,0.0,0.0,0.0,0.0,0.0,0.0,0.0,0.0,0.0,0.0,0.0,0.0,0.0,0.0,0.0,0.0,0.0,0.0,0.0,0.0,0.0,0.0,0.0,0.0,0.0,0.0,0.0,0.0,0.0,0.0,0.0,0.0,0.0,0.0,0.0,0.0,0.0,0.0,0.0,0.0,0.0,0.0,0.0,0.0,0.0,0.0,0.0,0.0,0.0,0.0,0.0,0.0,0.0,0.0,0.0,0.0,0.0,0.0,0.0,0.0,0.0,0.0,0.0,0.0,0.0,0.0,0.0,0.0,0.0,0.0,0.0,0.0,0.0,0.0,0.0,0.0,0.0,0.0,0.0,0.0,0.0,0.0,0.0,0.0,0.0,0.0,0.0,0.0,0.0,0.0,0.0,0.0,0.0,0.0,0.0,0.0,0.0,0.0,0.0,0.0,0.0,0.0,0.0,0.0,0.0,0.0,0.0,0.0,0.0,0.0,0.0,0.0,0.0,0.0,0.0,0.0,0.0,0.0,0.0,0.0,0.0,0.0,0.0,0.0,0.0,0.0,0.0,0.0,0.0,0.0,0.0,0.0,0.0,0.0,0.0,0.0,0.0,0.0,0.0,0.0,0.0,0.0,0.0,0.0,0.0,0.0,0.0,0.0,0.0,0.0,0.0,0.0,0.0,0.0,0.0,0.0,0.0,0.0,0.0,0.0,0.0,0.0,0.0,0.0,0.0,0.0,0.0,0.0,0.0,0.0,0.0,0.0,0.0,0.0,0.0,0.0,0.0,0.0,0.0,0.0,0.0,0.0,0.0,0.0,0.0,0.0,0.0,0.0,0.0,0.0,0.0,0.0,0.0,0.0,0.0,0.0,0.0,0.0,0.0,0.0,0.0,0.0,0.0,0.0,0.0,0.0,0.0,0.0,0.0,0.0,0.0,0.0,0.0
31.2343029413415,103.778770540108,2.46201938253052,225.0,80.0,96.55847065700463,5.0,5.0,2.205295566870342,1.716059566542424e+18,0.0,0.0,0.0,0.0,0.0,0.0,0.0,0.0,0.0,0.0,0.0,0.0,0.0,0.0,0.0,0.0,0.0,0.0,0.0,0.0,0.0,0.0,0.0,104710758190837.45,209421516381674.9,1941082322526018.5,3672743128670362.5,4077262025309995.0,4481780921949627.0,4086985782423823.5,3692190642898019.0,2693256038881424.0,1694321434864829.2,847160717432414.6,0.0,1355066555304933.5,2710133110609867.0,6196058846579568.0,9681984582549270.0,1.3013746302533774e+16,1.6345508022518276e+16,1.9637479938524828e+16,2.292945185453138e+16,4.223486121916707e+16,6.154027058380276e+16,9.501712197039413e+16,1.2849397335698549e+17,1.6403251103686518e+17,1.9957104871674493e+17,2.2326411653931155e+17,2.4695718436187818e+17,2.4841792248877056e+17,2.4987866061566285e+17,2.2664711500379443e+17,2.0341556939192598e+17,1.643542042127161e+17,1.2529283903350619e+17,8.736015591161587e+16,4.942747278972553e+16,2.774256214069684e+16,6057651491668147.0,3155252196637712.0,252852901607277.06,3163323170895529.0,6073793440183781.0,1.0736963963325726e+16,1.5400134486467672e+16,2.293766822712373e+16,3.047520196777979e+16,4.439201781099008e+16,5.8308833654200376e+16,6.869972329408808e+16,7.909061293397578e+16,7.907425617680418e+16,7.90578994196326e+16,6.993489886942401e+16,6.0811898319215416e+16,4.807227199185674e+16,3.5332645664498064e+16,2.4169959380174384e+16,1.3007273095850696e+16,7601744098995005.0,2196215102139314.0,1098107551069657.0,0.0,0.0,0.0,0.0,0.0,0.0,0.0,0.0,0.0,0.0,0.0,0.0,0.0,0.0,0.0,0.0,0.0,0.0,0.0,0.0,0.0,0.0,0.0,0.0,0.0,0.0,0.0,0.0,0.0,0.0,0.0,0.0,0.0,0.0,0.0,0.0,0.0,0.0,0.0,0.0,0.0,0.0,0.0,0.0,0.0,0.0,0.0,0.0,0.0,0.0,0.0,0.0,0.0,0.0,0.0,0.0,0.0,0.0,0.0,0.0,0.0,0.0,0.0,0.0,0.0,0.0,0.0,0.0,0.0,0.0,0.0,0.0,0.0,0.0,0.0,0.0,0.0,0.0,0.0,0.0,0.0,0.0,0.0,0.0,0.0,0.0,0.0,0.0,0.0,0.0,0.0,0.0,0.0,0.0,0.0,0.0,0.0,0.0,0.0,0.0,0.0,0.0,0.0,0.0,0.0,0.0,0.0,0.0,0.0,0.0,0.0,0.0,0.0,0.0,0.0,0.0,0.0,0.0,0.0,0.0,0.0,0.0,0.0,0.0,0.0,0.0,0.0,0.0,0.0,0.0,0.0,0.0,0.0,0.0,0.0,0.0,0.0,0.0,0.0,0.0,0.0,0.0,0.0,0.0,0.0,0.0,0.0,0.0,0.0,0.0,0.0,0.0,0.0,0.0,0.0,0.0
31.2437823316208,103.76758091202,7.18980823265266,225.0,65.0,97.92502609825381,5.0,5.0,2.1291858689562977,1.6568345006718188e+18,0.0,0.0,0.0,0.0,0.0,0.0,0.0,0.0,0.0,0.0,0.0,0.0,0.0,0.0,0.0,0.0,0.0,0.0,0.0,0.0,0.0,0.0,0.0,0.0,0.0,0.0,0.0,0.0,0.0,0.0,0.0,0.0,0.0,0.0,0.0,1251328118795711.8,2502656237591423.5,7163832402714059.0,1.1825008567836696e+16,1.734575788048102e+16,2.2866507193125348e+16,2.752955697461743e+16,3.219260675610952e+16,4.984684132638263e+16,6.750107589665575e+16,1.0097669775268275e+17,1.3445231960870978e+17,1.7027615551846906e+17,2.060999914282283e+17,2.28970396754341e+17,2.5184080208045373e+17,2.506479001367837e+17,2.494549981931137e+17,2.2189496433251824e+17,1.9433493047192285e+17,1.5093202436047277e+17,1.075291182490227e+17,6.920398553344078e+16,3.0878852817858852e+16,1.5439426408929426e+16,0.0,0.0,0.0,2424120653007471.0,4848241306014942.0,1.0359942545031974e+16,1.5871643784049004e+16,2.4698225201411684e+16,3.3524806618774356e+16,4.62880871445853e+16,5.905136767039624e+16,6.670270040109875e+16,7.435403313180126e+16,7.206685810927842e+16,6.977968308675556e+16,6.026909798385976e+16,5.075851288096397e+16,3.935978899118395e+16,2.796106510140394e+16,1.858367234621732e+16,9206279591030700.0,4603139795515350.0,0.0,0.0,0.0,0.0,0.0,0.0,0.0,0.0,0.0,0.0,0.0,0.0,0.0,0.0,0.0,0.0,0.0,0.0,0.0,0.0,0.0,0.0,0.0,0.0,0.0,0.0,0.0,0.0,0.0,0.0,0.0,0.0,0.0,0.0,0.0,0.0,0.0,0.0,0.0,0.0,0.0,0.0,0.0,0.0,0.0,0.0,0.0,0.0,0.0,0.0,0.0,0.0,0.0,0.0,0.0,0.0,0.0,0.0,0.0,0.0,0.0,0.0,0.0,0.0,0.0,0.0,0.0,0.0,0.0,0.0,0.0,0.0,0.0,0.0,0.0,0.0,0.0,0.0,0.0,0.0,0.0,0.0,0.0,0.0,0.0,0.0,0.0,0.0,0.0,0.0,0.0,0.0,0.0,0.0,0.0,0.0,0.0,0.0,0.0,0.0,0.0,0.0,0.0,0.0,0.0,0.0,0.0,0.0,0.0,0.0,0.0,0.0,0.0,0.0,0.0,0.0,0.0,0.0,0.0,0.0,0.0,0.0,0.0,0.0,0.0,0.0,0.0,0.0,0.0,0.0,0.0,0.0,0.0,0.0,0.0,0.0,0.0,0.0,0.0,0.0,0.0,0.0,0.0,0.0,0.0,0.0,0.0,0.0,0.0,0.0,0.0,0.0,0.0,0.0,0.0,0.0,0.0,0.0
31.2607200584384,103.747570047106,11.3706888080417,225.0,50.0,102.2383743694929,5.0,5.0,2.1732026317438375,1.6910863207019942e+18,0.0,0.0,0.0,0.0,0.0,0.0,0.0,0.0,0.0,0.0,0.0,0.0,0.0,0.0,0.0,0.0,0.0,0.0,0.0,0.0,0.0,1041012463731819.9,2082024927463639.8,1671303683999027.0,1260582440534414.2,630291220267207.1,0.0,0.0,0.0,0.0,0.0,0.0,0.0,0.0,0.0,2436664606870279.0,4873329213740558.0,1.3238727490822774e+16,2.1604125767904988e+16,3.1821068100408068e+16,4.2038010432911144e+16,5.256498034771229e+16,6.309195026251343e+16,8.245951898809914e+16,1.0182708771368483e+17,1.3360604674249784e+17,1.6538500577131088e+17,1.9840701965979472e+17,2.3142903354827853e+17,2.4951738346784176e+17,2.67605733387405e+17,2.598684593745947e+17,2.5213118536178435e+17,2.1800797102678794e+17,1.838847566917915e+17,1.3679687592842762e+17,8.97089951650637e+16,5.352324464897207e+16,1.7337494132880422e+16,8668747066440211.0,0.0,747998462166150.4,1495996924332300.8,5804639781425825.0,1.0113282638519348e+16,1.6188242706345358e+16,2.226320277417137e+16,3.132722784577812e+16,4.039125291738486e+16,4.770290875712953e+16,5.5014564596874184e+16,5.4135530346073944e+16,5.325649609527371e+16,4.575433612348206e+16,3.825217615169042e+16,2.887674197182756e+16,1.95013077919647e+16,1.3020016893240234e+16,6538725994515768.0,3269362997257884.0,0.0,0.0,0.0,0.0,0.0,0.0,0.0,0.0,0.0,0.0,0.0,0.0,0.0,0.0,0.0,0.0,0.0,0.0,0.0,0.0,0.0,0.0,0.0,0.0,0.0,0.0,0.0,0.0,0.0,0.0,0.0,0.0,0.0,0.0,0.0,0.0,0.0,0.0,0.0,0.0,0.0,0.0,0.0,0.0,0.0,0.0,0.0,0.0,0.0,0.0,0.0,0.0,0.0,0.0,0.0,0.0,0.0,0.0,0.0,0.0,0.0,0.0,0.0,0.0,0.0,0.0,0.0,0.0,0.0,0.0,0.0,0.0,0.0,0.0,0.0,0.0,0.0,0.0,0.0,0.0,0.0,0.0,0.0,0.0,0.0,0.0,0.0,0.0,0.0,0.0,0.0,0.0,0.0,0.0,0.0,0.0,0.0,0.0,0.0,0.0,0.0,0.0,0.0,0.0,0.0,0.0,0.0,0.0,0.0,0.0,0.0,0.0,0.0,0.0,0.0,0.0,0.0,0.0,0.0,0.0,0.0,0.0,0.0,0.0,0.0,0.0,0.0,0.0,0.0,0.0,0.0,0.0,0.0,0.0,0.0,0.0,0.0,0.0,0.0,0.0,0.0,0.0,0.0,0.0,0.0,0.0,0.0,0.0,0.0,0.0,0.0,0.0,0.0,0.0,0.0,0.0,0.0,0.0,0.0,0.0
31.2831175438308,103.72108934739,14.8927689400555,225.0,40.0,106.59504261098988,5.0,5.0,2.2547081658312917,1.754510178074283e+18,0.0,0.0,0.0,0.0,0.0,0.0,0.0,0.0,0.0,0.0,0.0,0.0,0.0,0.0,0.0,0.0,0.0,0.0,0.0,0.0,0.0,989201060560881.1,1978402121121762.2,1854542549034637.8,1730682976947513.5,865341488473756.8,0.0,0.0,0.0,0.0,0.0,0.0,0.0,0.0,0.0,5517058622883869.0,1.1034117245767738e+16,2.276302133566324e+16,3.4491925425558744e+16,4.824598312594977e+16,6.2000040826340776e+16,7.911258719327509e+16,9.62251335602094e+16,1.2049215531625029e+17,1.447591770722912e+17,1.7563644007057917e+17,2.065137030688671e+17,2.336930407542864e+17,2.6087237843970566e+17,2.7004811467493526e+17,2.7922385091016486e+17,2.629099900006302e+17,2.465961290910956e+17,2.0782221565393936e+17,1.6904830221678314e+17,1.2287704703979168e+17,7.670579186280024e+16,4.468683921284142e+16,1.2667886562882618e+16,6549368102218767.0,430849641554916.56,4688171302107627.0,8945492962660336.0,1.4619492747695532e+16,2.0293492532730724e+16,2.407772376443942e+16,2.786195499614811e+16,3.0532368155335252e+16,3.3202781314522396e+16,3.2544298418477492e+16,3.188581552243259e+16,2.625304327915037e+16,2.0620271035868148e+16,1.4021134861848914e+16,7421998687829675.0,3710999343914837.5,0.0,0.0,0.0,0.0,0.0,0.0,0.0,0.0,0.0,0.0,0.0,0.0,0.0,0.0,0.0,0.0,0.0,0.0,0.0,0.0,0.0,0.0,0.0,0.0,0.0,0.0,0.0,0.0,0.0,0.0,0.0,0.0,0.0,0.0,0.0,0.0,0.0,0.0,0.0,0.0,0.0,0.0,0.0,0.0,0.0,0.0,0.0,0.0,0.0,0.0,0.0,0.0,0.0,0.0,0.0,0.0,0.0,0.0,0.0,0.0,0.0,0.0,0.0,0.0,0.0,0.0,0.0,0.0,0.0,0.0,0.0,0.0,0.0,0.0,0.0,0.0,0.0,0.0,0.0,0.0,0.0,0.0,0.0,0.0,0.0,0.0,0.0,0.0,0.0,0.0,0.0,0.0,0.0,0.0,0.0,0.0,0.0,0.0,0.0,0.0,0.0,0.0,0.0,0.0,0.0,0.0,0.0,0.0,0.0,0.0,0.0,0.0,0.0,0.0,0.0,0.0,0.0,0.0,0.0,0.0,0.0,0.0,0.0,0.0,0.0,0.0,0.0,0.0,0.0,0.0,0.0,0.0,0.0,0.0,0.0,0.0,0.0,0.0,0.0,0.0,0.0,0.0,0.0,0.0,0.0,0.0,0.0,0.0,0.0,0.0,0.0,0.0,0.0,0.0,0.0,0.0,0.0,0.0,0.0,0.0,0.0,0.0,0.0,0.0
31.3090640436159,103.690395838263,17.7497379642719,225.0,30.0,108.82520245904472,5.0,5.0,2.23674900123677,1.7405351823083976e+18,0.0,0.0,0.0,0.0,0.0,0.0,0.0,0.0,0.0,0.0,0.0,0.0,0.0,0.0,0.0,0.0,0.0,0.0,0.0,0.0,0.0,195137877820211.84,390275755640423.7,409894947675033.56,429514139709643.44,214757069854821.72,0.0,0.0,0.0,0.0,0.0,0.0,0.0,616260944783295.9,1232521889566591.8,9646671550788224.0,1.8060821212009856e+16,3.0515721119513012e+16,4.297062102701615e+16,5.7151723072976504e+16,7.133282511893687e+16,9.232203825714064e+16,1.1331125139534442e+17,1.4129808603086746e+17,1.6928492066639046e+17,1.9835497559915763e+17,2.2742503053192477e+17,2.477678365687842e+17,2.6811064260564362e+17,2.68949945260659e+17,2.6978924791567446e+17,2.482548502623402e+17,2.26720452609006e+17,1.8832047704057392e+17,1.4992050147214192e+17,1.0912125849982528e+17,6.8322015527508664e+16,4.177319340833293e+16,1.5224371289157192e+16,9434342154962384.0,3644313020767575.5,1.0745775058576746e+16,1.7847237096385918e+16,2.3158464634990736e+16,2.8469692173595548e+16,2.766247045436656e+16,2.6855248735137572e+16,2.1342584733261144e+16,1.5829920731384718e+16,1.0596839063419996e+16,5363757395455273.0,2681878697727636.5,0.0,0.0,0.0,0.0,0.0,0.0,0.0,0.0,0.0,0.0,0.0,0.0,0.0,0.0,0.0,0.0,0.0,0.0,0.0,0.0,0.0,0.0,0.0,0.0,0.0,0.0,0.0,0.0,0.0,0.0,0.0,0.0,0.0,0.0,0.0,0.0,0.0,0.0,0.0,0.0,0.0,0.0,0.0,0.0,0.0,0.0,0.0,0.0,0.0,0.0,0.0,0.0,0.0,0.0,0.0,0.0,0.0,0.0,0.0,0.0,0.0,0.0,0.0,0.0,0.0,0.0,0.0,0.0,0.0,0.0,0.0,0.0,0.0,0.0,0.0,0.0,0.0,0.0,0.0,0.0,0.0,0.0,0.0,0.0,0.0,0.0,0.0,0.0,0.0,0.0,0.0,0.0,0.0,0.0,0.0,0.0,0.0,0.0,0.0,0.0,0.0,0.0,0.0,0.0,0.0,0.0,0.0,0.0,0.0,0.0,0.0,0.0,0.0,0.0,0.0,0.0,0.0,0.0,0.0,0.0,0.0,0.0,0.0,0.0,0.0,0.0,0.0,0.0,0.0,0.0,0.0,0.0,0.0,0.0,0.0,0.0,0.0,0.0,0.0,0.0,0.0,0.0,0.0,0.0,0.0,0.0,0.0,0.0,0.0,0.0,0.0,0.0,0.0,0.0,0.0,0.0,0.0,0.0,0.0,0.0,0.0,0.0,0.0,0.0,0.0,0.0,0.0,0.0
31.33724043744,103.657049652013,20.0562836186236,225.0,25.0,107.62573144092278,5.0,5.0,1.9377694640864702,1.5078830595567432e+18,0.0,0.0,0.0,0.0,0.0,0.0,0.0,0.0,0.0,0.0,0.0,0.0,0.0,0.0,0.0,0.0,0.0,0.0,0.0,0.0,0.0,0.0,0.0,0.0,0.0,0.0,0.0,0.0,0.0,0.0,0.0,0.0,0.0,1247861447519676.2,2495722895039352.5,1.0407696992065832e+16,1.8319671089092316e+16,2.788839782006585e+16,3.745712455103938e+16,4.795677582096109e+16,5.845642709088281e+16,7.828583563121411e+16,9.811524417154539e+16,1.2550910852723285e+17,1.5290297288292032e+17,1.790819606654823e+17,2.0526094844804426e+17,2.2090275756422122e+17,2.365445666803982e+17,2.3353291622583136e+17,2.305212657712645e+17,2.0892352258568102e+17,1.873257794000975e+17,1.5496740751058112e+17,1.2260903562106477e+17,9.0748396138771e+16,5.888775665647728e+16,3.876639440994823e+16,1.86450321634192e+16,1.335085935053571e+16,8056686537652220.0,1.4777018483280974e+16,2.1497350428909724e+16,2.4647026980812036e+16,2.7796703532714348e+16,2.3092030623465376e+16,1.8387357714216404e+16,1.149538581809081e+16,4603413921965217.0,2301706960982608.5,0.0,0.0,0.0,0.0,0.0,0.0,0.0,0.0,0.0,0.0,0.0,0.0,0.0,0.0,0.0,0.0,0.0,0.0,0.0,0.0,0.0,0.0,0.0,0.0,0.0,0.0,0.0,0.0,0.0,0.0,0.0,0.0,0.0,0.0,0.0,0.0,0.0,0.0,0.0,0.0,0.0,0.0,0.0,0.0,0.0,0.0,0.0,0.0,0.0,0.0,0.0,0.0,0.0,0.0,0.0,0.0,0.0,0.0,0.0,0.0,0.0,0.0,0.0,0.0,0.0,0.0,0.0,0.0,0.0,0.0,0.0,0.0,0.0,0.0,0.0,0.0,0.0,0.0,0.0,0.0,0.0,0.0,0.0,0.0,0.0,0.0,0.0,0.0,0.0,0.0,0.0,0.0,0.0,0.0,0.0,0.0,0.0,0.0,0.0,0.0,0.0,0.0,0.0,0.0,0.0,0.0,0.0,0.0,0.0,0.0,0.0,0.0,0.0,0.0,0.0,0.0,0.0,0.0,0.0,0.0,0.0,0.0,0.0,0.0,0.0,0.0,0.0,0.0,0.0,0.0,0.0,0.0,0.0,0.0,0.0,0.0,0.0,0.0,0.0,0.0,0.0,0.0,0.0,0.0,0.0,0.0,0.0,0.0,0.0,0.0,0.0,0.0,0.0,0.0,0.0,0.0,0.0,0.0,0.0,0.0,0.0,0.0,0.0,0.0,0.0,0.0,0.0,0.0,0.0,0.0
31.366587986061,103.622302778184,21.9678796312896,225.0,20.0,103.79539096034877,5.0,5.0,1.2971878113429378,1.0094118841477524e+18,0.0,0.0,0.0,0.0,0.0,0.0,0.0,0.0,0.0,0.0,0.0,0.0,0.0,0.0,0.0,0.0,0.0,0.0,0.0,0.0,0.0,0.0,0.0,0.0,0.0,0.0,0.0,0.0,0.0,0.0,0.0,0.0,0.0,1673387001006662.0,3346774002013324.0,7815028372600274.0,1.2283282743187224e+16,1.6810285296115874e+16,2.1337287849044524e+16,2.6193044734912476e+16,3.104880162078042e+16,4.520464125033755e+16,5.936048087989468e+16,8.114900068845298e+16,1.0293752049701128e+17,1.2318595943227322e+17,1.4343439836753517e+17,1.540482416807928e+17,1.6466208499405046e+17,1.6115223064448694e+17,1.5764237629492346e+17,1.4128153647285696e+17,1.2492069665079046e+17,1.0206896925171378e+17,7.921724185263709e+16,5.8900456152964936e+16,3.858367045329279e+16,2.7501042440744972e+16,1.6418414428197146e+16,1.3427485353327546e+16,1.043655627845795e+16,1.370704691853977e+16,1.697753755862159e+16,1.7235284963253002e+16,1.749303236788442e+16,1.3280750173357296e+16,9068467978830176.0,4655863654715191.0,243259330600205.25,121629665300102.62,0.0,0.0,0.0,0.0,0.0,0.0,0.0,0.0,0.0,0.0,0.0,0.0,0.0,0.0,0.0,0.0,0.0,0.0,0.0,0.0,0.0,0.0,0.0,0.0,0.0,0.0,0.0,0.0,0.0,0.0,0.0,0.0,0.0,0.0,0.0,0.0,0.0,0.0,0.0,0.0,0.0,0.0,0.0,0.0,0.0,0.0,0.0,0.0,0.0,0.0,0.0,0.0,0.0,0.0,0.0,0.0,0.0,0.0,0.0,0.0,0.0,0.0,0.0,0.0,0.0,0.0,0.0,0.0,0.0,0.0,0.0,0.0,0.0,0.0,0.0,0.0,0.0,0.0,0.0,0.0,0.0,0.0,0.0,0.0,0.0,0.0,0.0,0.0,0.0,0.0,0.0,0.0,0.0,0.0,0.0,0.0,0.0,0.0,0.0,0.0,0.0,0.0,0.0,0.0,0.0,0.0,0.0,0.0,0.0,0.0,0.0,0.0,0.0,0.0,0.0,0.0,0.0,0.0,0.0,0.0,0.0,0.0,0.0,0.0,0.0,0.0,0.0,0.0,0.0,0.0,0.0,0.0,0.0,0.0,0.0,0.0,0.0,0.0,0.0,0.0,0.0,0.0,0.0,0.0,0.0,0.0,0.0,0.0,0.0,0.0,0.0,0.0,0.0,0.0,0.0,0.0,0.0,0.0,0.0,0.0,0.0,0.0,0.0,0.0,0.0,0.0,0.0,0.0,0.0,0.0
31.3968833369134,103.586421218262,23.46997760236,225.0,15.0,98.1770431975442,5.0,5.0,0.54030893786805,4.204435612377746e+17,0.0,0.0,0.0,0.0,0.0,0.0,0.0,0.0,0.0,0.0,0.0,0.0,0.0,0.0,0.0,0.0,0.0,0.0,0.0,0.0,0.0,0.0,0.0,0.0,0.0,0.0,0.0,0.0,0.0,0.0,0.0,0.0,0.0,1144437482265389.5,2288874964530779.0,3606320776322315.0,4923766588113851.0,5659122731246907.0,6394478874379963.0,6827327560112167.0,7260176245844374.0,1.374741143533745e+16,2.0234646624830532e+16,3.1078360091600732e+16,4.192207355837094e+16,5.172135555433726e+16,6.15206375503036e+16,6.632788631739183e+16,7.113513508448007e+16,6.952721631396656e+16,6.791929754345306e+16,6.010650288482748e+16,5.2293708226201896e+16,4.192042832906747e+16,3.1547148431933052e+16,2.3468108709292932e+16,1.538906898665282e+16,1.1768962239425484e+16,8148855492198147.0,7777212885194341.0,7405570278190535.0,8222525916117974.0,9039481554045414.0,7735511135806303.0,6431540717567192.0,4219408481507588.0,2007276245447983.8,1003638122723991.9,0.0,0.0,0.0,0.0,0.0,0.0,0.0,0.0,0.0,465110807471814.0,930221614943628.0,1679950384702550.2,2429679154461472.0,1825801328143373.0,1221923501825274.2,610961750912637.1,0.0,0.0,0.0,0.0,0.0,0.0,0.0,0.0,0.0,0.0,0.0,0.0,0.0,0.0,0.0,0.0,0.0,0.0,0.0,0.0,0.0,0.0,0.0,0.0,0.0,0.0,0.0,0.0,0.0,0.0,0.0,0.0,0.0,0.0,0.0,0.0,0.0,0.0,0.0,0.0,0.0,0.0,0.0,0.0,0.0,0.0,0.0,0.0,0.0,0.0,0.0,0.0,0.0,0.0,0.0,0.0,0.0,0.0,0.0,0.0,0.0,0.0,0.0,0.0,0.0,0.0,0.0,0.0,0.0,0.0,0.0,0.0,0.0,0.0,0.0,0.0,0.0,0.0,0.0,0.0,0.0,0.0,0.0,0.0,0.0,0.0,0.0,0.0,0.0,0.0,0.0,0.0,0.0,0.0,0.0,0.0,0.0,0.0,0.0,0.0,0.0,0.0,0.0,0.0,0.0,0.0,0.0,0.0,0.0,0.0,0.0,0.0,0.0,0.0,0.0,0.0,0.0,0.0,0.0,0.0,0.0,0.0,0.0,0.0,0.0,0.0,0.0,0.0,0.0,0.0,0.0,0.0,0.0,0.0,0.0,0.0,0.0,0.0,0.0,0.0,0.0,0.0,0.0,0.0,0.0,0.0,0.0,0.0,0.0,0.0,0.0,0.0,0.0,0.0,0.0,0.0
31.4278959240843,103.549729699031,24.5511456592836,225.0,10.0,90.0,5.0,5.0,0.0,0.0,0.0,0.0,0.0,0.0,0.0,0.0,0.0,0.0,0.0,0.0,0.0,0.0,0.0,0.0,0.0,0.0,0.0,0.0,0.0,0.0,0.0,0.0,0.0,0.0,0.0,0.0,0.0,0.0,0.0,0.0,0.0,0.0,0.0,0.0,0.0,0.0,0.0,0.0,0.0,0.0,0.0,0.0,0.0,0.0,0.0,0.0,0.0,0.0,0.0,0.0,0.0,0.0,0.0,0.0,0.0,0.0,0.0,0.0,0.0,0.0,0.0,0.0,0.0,0.0,0.0,0.0,0.0,0.0,0.0,0.0,0.0,0.0,0.0,0.0,0.0,0.0,0.0,0.0,0.0,0.0,0.0,0.0,0.0,0.0,0.0,0.0,0.0,0.0,0.0,0.0,0.0,0.0,0.0,0.0,0.0,0.0,0.0,0.0,0.0,0.0,0.0,0.0,0.0,0.0,0.0,0.0,0.0,0.0,0.0,0.0,0.0,0.0,0.0,0.0,0.0,0.0,0.0,0.0,0.0,0.0,0.0,0.0,0.0,0.0,0.0,0.0,0.0,0.0,0.0,0.0,0.0,0.0,0.0,0.0,0.0,0.0,0.0,0.0,0.0,0.0,0.0,0.0,0.0,0.0,0.0,0.0,0.0,0.0,0.0,0.0,0.0,0.0,0.0,0.0,0.0,0.0,0.0,0.0,0.0,0.0,0.0,0.0,0.0,0.0,0.0,0.0,0.0,0.0,0.0,0.0,0.0,0.0,0.0,0.0,0.0,0.0,0.0,0.0,0.0,0.0,0.0,0.0,0.0,0.0,0.0,0.0,0.0,0.0,0.0,0.0,0.0,0.0,0.0,0.0,0.0,0.0,0.0,0.0,0.0,0.0,0.0,0.0,0.0,0.0,0.0,0.0,0.0,0.0,0.0,0.0,0.0,0.0,0.0,0.0,0.0,0.0,0.0,0.0,0.0,0.0,0.0,0.0,0.0,0.0,0.0,0.0,0.0,0.0,0.0,0.0,0.0,0.0,0.0,0.0,0.0,0.0,0.0,0.0,0.0,0.0
31.2025071210408,103.741376135894,2.46201938253052,225.0,80.0,90.52895901017438,5.0,5.0,3.5190104118178334,2.7383320279976945e+18,0.0,0.0,0.0,0.0,0.0,0.0,0.0,0.0,0.0,0.0,0.0,0.0,0.0,0.0,0.0,0.0,0.0,0.0,0.0,0.0,0.0,937961193408674.4,1875922386817348.8,6535713805841554.0,1.1195505224865762e+16,1.6969018444556422e+16,2.2742531664247084e+16,2.498530028674315e+16,2.7228068909239228e+16,2.5817201462046924e+16,2.4406334014854624e+16,2.0429738803675216e+16,1.645314359249581e+16,1.128044627432471e+16,6107748956153609.0,3651966468209332.5,1196183980265054.2,598091990132527.1,0.0,2658951144705248.5,5317902289410497.0,2.3933836261129748e+16,4.254977023284901e+16,8.22286631481617e+16,1.2190755606347438e+17,1.7647285667471542e+17,2.3103815728595648e+17,2.857616991713232e+17,3.404852410566899e+17,3.7661825987097626e+17,4.127512786852625e+17,4.1623545965733306e+17,4.197196406294035e+17,3.8661532793945606e+17,3.535110152495086e+17,2.953242773803253e+17,2.37137539511142e+17,1.757220778343556e+17,1.143066161575691e+17,7.164135613227e+16,2.8976096106970896e+16,1.4488048053485448e+16,0.0,0.0,0.0,1093753152995073.2,2187506305990146.5,1.4824173938070836e+16,2.746084157015153e+16,4.392888415400663e+16,6.039692673786174e+16,7.153903419983897e+16,8.26811416618162e+16,7.995240404932802e+16,7.722366643683984e+16,6.3687398814159304e+16,5.015113119147875e+16,3.4737846643929844e+16,1.9324562096380936e+16,9662281048190468.0,0.0,0.0,0.0,0.0,0.0,0.0,0.0,0.0,0.0,0.0,0.0,0.0,0.0,0.0,0.0,0.0,0.0,0.0,0.0,0.0,0.0,0.0,0.0,0.0,0.0,0.0,0.0,0.0,0.0,0.0,0.0,0.0,0.0,0.0,0.0,0.0,0.0,0.0,0.0,0.0,0.0,0.0,0.0,0.0,0.0,0.0,0.0,0.0,0.0,0.0,0.0,0.0,0.0,0.0,0.0,0.0,0.0,0.0,0.0,0.0,0.0,0.0,0.0,0.0,0.0,0.0,0.0,0.0,0.0,0.0,0.0,0.0,0.0,0.0,0.0,0.0,0.0,0.0,0.0,0.0,0.0,0.0,0.0,0.0,0.0,0.0,0.0,0.0,0.0,0.0,0.0,0.0,0.0,0.0,0.0,0.0,0.0,0.0,0.0,0.0,0.0,0.0,0.0,0.0,0.0,0.0,0.0,0.0,0.0,0.0,0.0,0.0,0.0,0.0,0.0,0.0,0.0,0.0,0.0,0.0,0.0,0.0,0.0,0.0,0.0,0.0,0.0,0.0,0.0,0.0,0.0,0.0,0.0,0.0,0.0,0.0,0.0,0.0,0.0,0.0,0.0,0.0,0.0,0.0,0.0,0.0,0.0,0.0,0.0,0.0,0.0,0.0,0.0,0.0,0.0,0.0,0.0,0.0,0.0,0.0
31.2119865113202,103.730184034542,7.18980823265266,225.0,65.0,92.10278069951313,5.0,5.0,3.359619118125608,2.614301055245914e+18,0.0,0.0,0.0,0.0,0.0,0.0,0.0,0.0,0.0,0.0,0.0,0.0,0.0,0.0,0.0,0.0,0.0,0.0,0.0,0.0,0.0,0.0,0.0,2804768367942355.0,5609536735884710.0,9104681085573680.0,1.2599825435262652e+16,1.3088209552370628e+16,1.3576593669478604e+16,1.2205994495941686e+16,1.083539532240477e+16,8268009827042802.0,5700624331680834.0,2850312165840417.0,0.0,0.0,0.0,0.0,0.0,3014517778528277.0,6029035557056554.0,2.400418164742509e+16,4.197932773779362e+16,8.280160559258501e+16,1.2362388344737638e+17,1.7949376303841494e+17,2.3536364262945347e+17,2.917532076645534e+17,3.481427726996534e+17,3.8426618122985645e+17,4.203895897600595e+17,4.2069787936657824e+17,4.210061689730968e+17,3.823508226111876e+17,3.4369547624927834e+17,2.7946349272928682e+17,2.1523150920929523e+17,1.5118971453686797e+17,8.714791986444074e+16,4.885700158981115e+16,1.056608331518158e+16,5283041657590790.0,0.0,0.0,0.0,2502766116232104.5,5005532232464209.0,1.772478492998201e+16,3.0444037627499812e+16,4.6517130020211224e+16,6.259022241292266e+16,7.122525589114279e+16,7.986028936936293e+16,7.58787916758958e+16,7.1897293982428696e+16,5.882270009244268e+16,4.574810620245667e+16,3.1503147341919344e+16,1.7258188481382008e+16,8629094240691004.0,0.0,0.0,0.0,0.0,0.0,0.0,0.0,0.0,0.0,0.0,0.0,0.0,0.0,0.0,0.0,0.0,0.0,0.0,0.0,0.0,0.0,0.0,0.0,0.0,0.0,0.0,0.0,0.0,0.0,0.0,0.0,0.0,0.0,0.0,0.0,0.0,0.0,0.0,0.0,0.0,0.0,0.0,0.0,0.0,0.0,0.0,0.0,0.0,0.0,0.0,0.0,0.0,0.0,0.0,0.0,0.0,0.0,0.0,0.0,0.0,0.0,0.0,0.0,0.0,0.0,0.0,0.0,0.0,0.0,0.0,0.0,0.0,0.0,0.0,0.0,0.0,0.0,0.0,0.0,0.0,0.0,0.0,0.0,0.0,0.0,0.0,0.0,0.0,0.0,0.0,0.0,0.0,0.0,0.0,0.0,0.0,0.0,0.0,0.0,0.0,0.0,0.0,0.0,0.0,0.0,0.0,0.0,0.0,0.0,0.0,0.0,0.0,0.0,0.0,0.0,0.0,0.0,0.0,0.0,0.0,0.0,0.0,0.0,0.0,0.0,0.0,0.0,0.0,0.0,0.0,0.0,0.0,0.0,0.0,0.0,0.0,0.0,0.0,0.0,0.0,0.0,0.0,0.0,0.0,0.0,0.0,0.0,0.0,0.0,0.0,0.0,0.0,0.0,0.0,0.0,0.0,0.0,0.0,0.0,0.0
31.2289242381378,103.710167829078,11.3706888080417,225.0,50.0,98.50303198930234,5.0,5.0,3.1793104752492125,2.4739931635570755e+18,0.0,0.0,0.0,0.0,0.0,0.0,0.0,0.0,0.0,0.0,0.0,0.0,0.0,0.0,0.0,0.0,0.0,0.0,0.0,2022314725840066.8,4044629451680133.5,5062469150004520.0,6080308848328907.0,4642981457526730.0,3205654066724551.5,1602827033362275.8,0.0,244811056197423.94,489622112394847.9,244811056197423.94,0.0,0.0,0.0,0.0,0.0,0.0,0.0,4917258737857275.0,9834517475714550.0,2.0060475876339176e+16,3.0286434276963804e+16,5.0522528662782e+16,7.07586230486002e+16,1.0889954002918547e+17,1.4704045700977072e+17,1.9874145984886397e+17,2.5044246268795722e+17,3.008979442204954e+17,3.5135342575303366e+17,3.8019898256118784e+17,4.09044539369342e+17,4.020297053985029e+17,3.950148714276638e+17,3.507954352750885e+17,3.065759991225132e+17,2.40808099003506e+17,1.7504019888449885e+17,1.1608797740878757e+17,5.71357559330763e+16,2.856787796653815e+16,0.0,1072599184115694.1,2145198368231388.2,6453764699470883.0,1.0762331030710376e+16,1.6632986173382836e+16,2.2503641316055296e+16,3.210833736881187e+16,4.171303342156845e+16,4.94882203501947e+16,5.726340727882097e+16,5.774042071337311e+16,5.8217434147925256e+16,4.988937769119312e+16,4.156132123446099e+16,3.0541417081031624e+16,1.952151292760226e+16,1.1739648645520098e+16,3957784363437937.0,1978892181718968.5,0.0,0.0,0.0,0.0,0.0,0.0,0.0,0.0,0.0,0.0,0.0,0.0,0.0,0.0,0.0,0.0,0.0,0.0,0.0,0.0,0.0,0.0,0.0,0.0,0.0,0.0,0.0,0.0,0.0,0.0,0.0,0.0,0.0,0.0,0.0,0.0,0.0,0.0,0.0,0.0,0.0,0.0,0.0,0.0,0.0,0.0,0.0,0.0,0.0,0.0,0.0,0.0,0.0,0.0,0.0,0.0,0.0,0.0,0.0,0.0,0.0,0.0,0.0,0.0,0.0,0.0,0.0,0.0,0.0,0.0,0.0,0.0,0.0,0.0,0.0,0.0,0.0,0.0,0.0,0.0,0.0,0.0,0.0,0.0,0.0,0.0,0.0,0.0,0.0,0.0,0.0,0.0,0.0,0.0,0.0,0.0,0.0,0.0,0.0,0.0,0.0,0.0,0.0,0.0,0.0,0.0,0.0,0.0,0.0,0.0,0.0,0.0,0.0,0.0,0.0,0.0,0.0,0.0,0.0,0.0,0.0,0.0,0.0,0.0,0.0,0.0,0.0,0.0,0.0,0.0,0.0,0.0,0.0,0.0,0.0,0.0,0.0,0.0,0.0,0.0,0.0,0.0,0.0,0.0,0.0,0.0,0.0,0.0,0.0,0.0,0.0,0.0,0.0,0.0,0.0,0.0,0.0,0.0,0.0,0.0
31.2513217235301,103.683679171147,14.8927689400555,225.0,40.0,105.78242874224223,5.0,5.0,3.0449625726693603,2.3694498057729536e+18,0.0,0.0,0.0,0.0,0.0,0.0,0.0,0.0,0.0,0.0,0.0,0.0,0.0,0.0,0.0,0.0,0.0,0.0,0.0,2380557427931816.0,4761114855863632.0,6554968398226462.0,8348821940589292.0,6745407055327973.0,5141992170066651.0,2570996085033325.5,0.0,0.0,0.0,0.0,0.0,0.0,0.0,0.0,0.0,2219014645346612.2,4438029290693224.5,1.4363811898849494e+16,2.428959450700576e+16,3.9937536286048136e+16,5.5585478065090504e+16,8.081461123994243e+16,1.0604374441479434e+17,1.4387388615706856e+17,1.8170402789934275e+17,2.2671779106601264e+17,2.7173155423268246e+17,3.112734145511706e+17,3.508152748696589e+17,3.6735524031242816e+17,3.838952057551975e+17,3.672569426486178e+17,3.50618679542038e+17,3.036759058197534e+17,2.5673313209746886e+17,1.9628265444047034e+17,1.3583217678347179e+17,8.74749470857424e+16,3.9117717388013e+16,2.0795777138854932e+16,2473836889696861.0,8590644367555191.0,1.470745184541352e+16,2.203824050623812e+16,2.9369029167062724e+16,3.3187139952975656e+16,3.7005250738888584e+16,3.793355565487215e+16,3.8861860570855704e+16,3.6475118464482296e+16,3.408837635810889e+16,2.8753320844797264e+16,2.341826533148564e+16,1.6943728195475344e+16,1.0469191059465052e+16,5234595529732526.0,0.0,0.0,0.0,0.0,0.0,0.0,0.0,0.0,0.0,0.0,0.0,0.0,0.0,0.0,0.0,0.0,0.0,0.0,0.0,0.0,0.0,0.0,0.0,0.0,0.0,0.0,0.0,0.0,0.0,0.0,0.0,0.0,0.0,0.0,0.0,0.0,0.0,0.0,0.0,0.0,0.0,0.0,0.0,0.0,0.0,0.0,0.0,0.0,0.0,0.0,0.0,0.0,0.0,0.0,0.0,0.0,0.0,0.0,0.0,0.0,0.0,0.0,0.0,0.0,0.0,0.0,0.0,0.0,0.0,0.0,0.0,0.0,0.0,0.0,0.0,0.0,0.0,0.0,0.0,0.0,0.0,0.0,0.0,0.0,0.0,0.0,0.0,0.0,0.0,0.0,0.0,0.0,0.0,0.0,0.0,0.0,0.0,0.0,0.0,0.0,0.0,0.0,0.0,0.0,0.0,0.0,0.0,0.0,0.0,0.0,0.0,0.0,0.0,0.0,0.0,0.0,0.0,0.0,0.0,0.0,0.0,0.0,0.0,0.0,0.0,0.0,0.0,0.0,0.0,0.0,0.0,0.0,0.0,0.0,0.0,0.0,0.0,0.0,0.0,0.0,0.0,0.0,0.0,0.0,0.0,0.0,0.0,0.0,0.0,0.0,0.0,0.0,0.0,0.0,0.0,0.0,0.0,0.0,0.0,0.0,0.0,0.0,0.0,0.0
31.2772682233153,103.652975870932,17.7497379642719,225.0,30.0,110.5018664087369,5.0,5.0,2.778001637038557,2.1617130858681014e+18,0.0,0.0,0.0,0.0,0.0,0.0,0.0,0.0,0.0,0.0,0.0,0.0,0.0,0.0,0.0,0.0,0.0,0.0,0.0,1047214937027680.8,2094429874055361.5,3280395871239458.5,4466361868423555.0,3492421230486147.0,2518480592548739.5,1259240296274369.8,0.0,0.0,0.0,0.0,0.0,0.0,0.0,0.0,0.0,5919644506768915.0,1.183928901353783e+16,2.3576283013911548e+16,3.5313277014285268e+16,5.113650718409027e+16,6.695973735389527e+16,9.335624712091046e+16,1.1975275688792566e+17,1.5669277622170173e+17,1.9363279555547776e+17,2.3264555272376496e+17,2.716583098920522e+17,3.0023347018865696e+17,3.2880863048526176e+17,3.3385114306142355e+17,3.3889365563758534e+17,3.160518627863136e+17,2.932100699350419e+17,2.4875951978271734e+17,2.0430896963039277e+17,1.540304562568123e+17,1.0375194288323184e+17,6.680176490487031e+16,2.985158692650878e+16,1.911757795350791e+16,8383568980507039.0,1.849111050210027e+16,2.859865202369351e+16,3.594179362242792e+16,4.328493522116232e+16,4.220694574047486e+16,4.112895625978741e+16,3.3050284192313996e+16,2.4971612124840584e+16,1.6628339916363526e+16,8285067707886468.0,4142533853943234.0,0.0,0.0,0.0,0.0,0.0,0.0,0.0,0.0,0.0,0.0,0.0,0.0,0.0,0.0,0.0,0.0,0.0,0.0,0.0,0.0,0.0,0.0,0.0,0.0,0.0,0.0,0.0,0.0,0.0,0.0,0.0,0.0,0.0,0.0,0.0,0.0,0.0,0.0,0.0,0.0,0.0,0.0,0.0,0.0,0.0,0.0,0.0,0.0,0.0,0.0,0.0,0.0,0.0,0.0,0.0,0.0,0.0,0.0,0.0,0.0,0.0,0.0,0.0,0.0,0.0,0.0,0.0,0.0,0.0,0.0,0.0,0.0,0.0,0.0,0.0,0.0,0.0,0.0,0.0,0.0,0.0,0.0,0.0,0.0,0.0,0.0,0.0,0.0,0.0,0.0,0.0,0.0,0.0,0.0,0.0,0.0,0.0,0.0,0.0,0.0,0.0,0.0,0.0,0.0,0.0,0.0,0.0,0.0,0.0,0.0,0.0,0.0,0.0,0.0,0.0,0.0,0.0,0.0,0.0,0.0,0.0,0.0,0.0,0.0,0.0,0.0,0.0,0.0,0.0,0.0,0.0,0.0,0.0,0.0,0.0,0.0,0.0,0.0,0.0,0.0,0.0,0.0,0.0,0.0,0.0,0.0,0.0,0.0,0.0,0.0,0.0,0.0,0.0,0.0,0.0,0.0,0.0,0.0,0.0,0.0,0.0,0.0,0.0,0.0,0.0,0.0,0.0,0.0
31.3054446171394,103.619618709565,20.0562836186236,225.0,25.0,111.05148684157842,5.0,5.0,2.245656893923951,1.7474668946344983e+18,0.0,0.0,0.0,0.0,0.0,0.0,0.0,0.0,0.0,0.0,0.0,0.0,0.0,0.0,0.0,0.0,0.0,0.0,0.0,0.0,0.0,0.0,0.0,0.0,0.0,0.0,0.0,0.0,0.0,0.0,0.0,0.0,0.0,850762293097795.2,1701524586195590.5,8156428785389113.0,1.4611332984582636e+16,2.3825798637332544e+16,3.304026429008245e+16,4.421878271969828e+16,5.539730114931413e+16,7.751501423154184e+16,9.963272731376958e+16,1.3252331356002363e+17,1.6541389980627766e+17,1.9783694060596698e+17,2.302599814056564e+17,2.501003010474238e+17,2.6994062068919123e+17,2.6893950561304778e+17,2.679383905369043e+17,2.4557269460197226e+17,2.2320699866704026e+17,1.867688893181427e+17,1.5033077996924515e+17,1.1303781822439837e+17,7.574485647955162e+16,5.0512372789646904e+16,2.5279889099742204e+16,1.9519102216282584e+16,1.3758315332822962e+16,2.3516218668570652e+16,3.3274122004318332e+16,3.799987732072037e+16,4.272563263712241e+16,3.7666169799232696e+16,3.260670696134298e+16,2.260512884134062e+16,1.260355072133826e+16,6301775360669130.0,0.0,0.0,0.0,0.0,0.0,0.0,0.0,0.0,0.0,0.0,0.0,0.0,0.0,0.0,0.0,0.0,0.0,0.0,0.0,0.0,0.0,0.0,0.0,0.0,0.0,0.0,0.0,0.0,0.0,0.0,0.0,0.0,0.0,0.0,0.0,0.0,0.0,0.0,0.0,0.0,0.0,0.0,0.0,0.0,0.0,0.0,0.0,0.0,0.0,0.0,0.0,0.0,0.0,0.0,0.0,0.0,0.0,0.0,0.0,0.0,0.0,0.0,0.0,0.0,0.0,0.0,0.0,0.0,0.0,0.0,0.0,0.0,0.0,0.0,0.0,0.0,0.0,0.0,0.0,0.0,0.0,0.0,0.0,0.0,0.0,0.0,0.0,0.0,0.0,0.0,0.0,0.0,0.0,0.0,0.0,0.0,0.0,0.0,0.0,0.0,0.0,0.0,0.0,0.0,0.0,0.0,0.0,0.0,0.0,0.0,0.0,0.0,0.0,0.0,0.0,0.0,0.0,0.0,0.0,0.0,0.0,0.0,0.0,0.0,0.0,0.0,0.0,0.0,0.0,0.0,0.0,0.0,0.0,0.0,0.0,0.0,0.0,0.0,0.0,0.0,0.0,0.0,0.0,0.0,0.0,0.0,0.0,0.0,0.0,0.0,0.0,0.0,0.0,0.0,0.0,0.0,0.0,0.0,0.0,0.0,0.0,0.0,0.0,0.0,0.0,0.0,0.0,0.0,0.0,0.0
31.3347921657604,103.584860155033,21.9678796312896,225.0,20.0,108.56488135777325,5.0,5.0,1.4227718059124514,1.1071355718579977e+18,0.0,0.0,0.0,0.0,0.0,0.0,0.0,0.0,0.0,0.0,0.0,0.0,0.0,0.0,0.0,0.0,0.0,0.0,0.0,0.0,0.0,0.0,0.0,0.0,0.0,0.0,0.0,0.0,0.0,0.0,0.0,0.0,0.0,1392428591219195.8,2784857182438391.5,6759959942827854.0,1.0735062703217314e+16,1.5110098786671284e+16,1.9485134870125256e+16,2.4789295389220612e+16,3.0093455908315964e+16,4.459360433964097e+16,5.909375277096597e+16,8.299295835213886e+16,1.0689216393331176e+17,1.297389765149214e+17,1.5258578909653107e+17,1.650281952883267e+17,1.7747060148012237e+17,1.7451431539561997e+17,1.715580293111176e+17,1.547562711212805e+17,1.3795451293144342e+17,1.1373340047386202e+17,8.951228801628059e+16,6.735821727992491e+16,4.520414654356923e+16,3.121426945205412e+16,1.7224392360539018e+16,1.5120241357970556e+16,1.3016090355402098e+16,1.9349980217772348e+16,2.5683870080142596e+16,2.676223664260244e+16,2.7840603205062284e+16,2.2161887828543196e+16,1.648317245202411e+16,1.0000410554706422e+16,3517648657388732.5,1758824328694366.2,0.0,0.0,0.0,0.0,0.0,0.0,0.0,0.0,0.0,0.0,0.0,0.0,0.0,0.0,0.0,0.0,0.0,0.0,0.0,0.0,0.0,0.0,0.0,0.0,0.0,0.0,0.0,0.0,0.0,0.0,0.0,0.0,0.0,0.0,0.0,0.0,0.0,0.0,0.0,0.0,0.0,0.0,0.0,0.0,0.0,0.0,0.0,0.0,0.0,0.0,0.0,0.0,0.0,0.0,0.0,0.0,0.0,0.0,0.0,0.0,0.0,0.0,0.0,0.0,0.0,0.0,0.0,0.0,0.0,0.0,0.0,0.0,0.0,0.0,0.0,0.0,0.0,0.0,0.0,0.0,0.0,0.0,0.0,0.0,0.0,0.0,0.0,0.0,0.0,0.0,0.0,0.0,0.0,0.0,0.0,0.0,0.0,0.0,0.0,0.0,0.0,0.0,0.0,0.0,0.0,0.0,0.0,0.0,0.0,0.0,0.0,0.0,0.0,0.0,0.0,0.0,0.0,0.0,0.0,0.0,0.0,0.0,0.0,0.0,0.0,0.0,0.0,0.0,0.0,0.0,0.0,0.0,0.0,0.0,0.0,0.0,0.0,0.0,0.0,0.0,0.0,0.0,0.0,0.0,0.0,0.0,0.0,0.0,0.0,0.0,0.0,0.0,0.0,0.0,0.0,0.0,0.0,0.0,0.0,0.0,0.0,0.0,0.0,0.0,0.0,0.0,0.0,0.0,0.0,0.0
31.3650875166128,103.548966466534,23.46997760236,225.0,15.0,103.67234404137017,5.0,5.0,0.5591106882918062,4.3507421853702214e+17,0.0,0.0,0.0,0.0,0.0,0.0,0.0,0.0,0.0,0.0,0.0,0.0,0.0,0.0,0.0,0.0,0.0,0.0,0.0,0.0,0.0,0.0,0.0,0.0,0.0,0.0,0.0,0.0,0.0,0.0,0.0,0.0,0.0,910678802156298.6,1821357604312597.2,3048549954127003.5,4275742303941410.0,5086489759838206.0,5897237215735001.0,6653484463580466.0,7409731711425930.0,1.3271193422820654e+16,1.913265513421538e+16,3.0475958291953236e+16,4.1819261449691096e+16,5.236234307931077e+16,6.290542470893044e+16,6.8139864657154376e+16,7.33743046053783e+16,7.16071014243706e+16,6.98398982433629e+16,6.237658087615942e+16,5.491326350895596e+16,4.409965348645429e+16,3.3286043463952612e+16,2.453398569024391e+16,1.5781927916535212e+16,1.1512899393541092e+16,7243870870546974.0,7686838566364413.0,8129806262181852.0,1.0297094980199088e+16,1.2464383698216324e+16,1.1459495607619234e+16,1.0454607517022144e+16,7375351838453647.0,4296096159885152.5,2148048079942576.2,0.0,0.0,0.0,0.0,0.0,0.0,0.0,0.0,0.0,227324897915658.66,454649795831317.3,1014303081366489.1,1573956366901661.0,786978183450830.5,0.0,0.0,0.0,0.0,0.0,0.0,0.0,0.0,0.0,0.0,0.0,0.0,0.0,0.0,0.0,0.0,0.0,0.0,0.0,0.0,0.0,0.0,0.0,0.0,0.0,0.0,0.0,0.0,0.0,0.0,0.0,0.0,0.0,0.0,0.0,0.0,0.0,0.0,0.0,0.0,0.0,0.0,0.0,0.0,0.0,0.0,0.0,0.0,0.0,0.0,0.0,0.0,0.0,0.0,0.0,0.0,0.0,0.0,0.0,0.0,0.0,0.0,0.0,0.0,0.0,0.0,0.0,0.0,0.0,0.0,0.0,0.0,0.0,0.0,0.0,0.0,0.0,0.0,0.0,0.0,0.0,0.0,0.0,0.0,0.0,0.0,0.0,0.0,0.0,0.0,0.0,0.0,0.0,0.0,0.0,0.0,0.0,0.0,0.0,0.0,0.0,0.0,0.0,0.0,0.0,0.0,0.0,0.0,0.0,0.0,0.0,0.0,0.0,0.0,0.0,0.0,0.0,0.0,0.0,0.0,0.0,0.0,0.0,0.0,0.0,0.0,0.0,0.0,0.0,0.0,0.0,0.0,0.0,0.0,0.0,0.0,0.0,0.0,0.0,0.0,0.0,0.0,0.0,0.0,0.0,0.0,0.0,0.0,0.0,0.0,0.0,0.0,0.0,0.0,0.0,0.0,0.0,0.0
31.3961001037837,103.512265654821,24.5511456592836,225.0,10.0,90.0,5.0,5.0,0.0,0.0,0.0,0.0,0.0,0.0,0.0,0.0,0.0,0.0,0.0,0.0,0.0,0.0,0.0,0.0,0.0,0.0,0.0,0.0,0.0,0.0,0.0,0.0,0.0,0.0,0.0,0.0,0.0,0.0,0.0,0.0,0.0,0.0,0.0,0.0,0.0,0.0,0.0,0.0,0.0,0.0,0.0,0.0,0.0,0.0,0.0,0.0,0.0,0.0,0.0,0.0,0.0,0.0,0.0,0.0,0.0,0.0,0.0,0.0,0.0,0.0,0.0,0.0,0.0,0.0,0.0,0.0,0.0,0.0,0.0,0.0,0.0,0.0,0.0,0.0,0.0,0.0,0.0,0.0,0.0,0.0,0.0,0.0,0.0,0.0,0.0,0.0,0.0,0.0,0.0,0.0,0.0,0.0,0.0,0.0,0.0,0.0,0.0,0.0,0.0,0.0,0.0,0.0,0.0,0.0,0.0,0.0,0.0,0.0,0.0,0.0,0.0,0.0,0.0,0.0,0.0,0.0,0.0,0.0,0.0,0.0,0.0,0.0,0.0,0.0,0.0,0.0,0.0,0.0,0.0,0.0,0.0,0.0,0.0,0.0,0.0,0.0,0.0,0.0,0.0,0.0,0.0,0.0,0.0,0.0,0.0,0.0,0.0,0.0,0.0,0.0,0.0,0.0,0.0,0.0,0.0,0.0,0.0,0.0,0.0,0.0,0.0,0.0,0.0,0.0,0.0,0.0,0.0,0.0,0.0,0.0,0.0,0.0,0.0,0.0,0.0,0.0,0.0,0.0,0.0,0.0,0.0,0.0,0.0,0.0,0.0,0.0,0.0,0.0,0.0,0.0,0.0,0.0,0.0,0.0,0.0,0.0,0.0,0.0,0.0,0.0,0.0,0.0,0.0,0.0,0.0,0.0,0.0,0.0,0.0,0.0,0.0,0.0,0.0,0.0,0.0,0.0,0.0,0.0,0.0,0.0,0.0,0.0,0.0,0.0,0.0,0.0,0.0,0.0,0.0,0.0,0.0,0.0,0.0,0.0,0.0,0.0,0.0,0.0,0.0,0.0
31.1707113007402,103.70398173168,2.46201938253052,225.0,80.0,90.04630799372626,5.0,5.0,5.147110941091597,4.0052449672541906e+18,0.0,0.0,0.0,0.0,0.0,0.0,0.0,0.0,0.0,0.0,0.0,0.0,0.0,0.0,0.0,0.0,0.0,1463658097730673.5,2927316195461347.0,3617127698901162.0,4306939202340977.5,9284048566494824.0,1.4261157930648674e+16,2.4825828573110508e+16,3.539049921557234e+16,4.615774158179084e+16,5.692498394800935e+16,6.176814412610293e+16,6.661130430419649e+16,6.401223071621357e+16,6.1413157128230664e+16,5.2734121759709416e+16,4.405508639118815e+16,3.4393209840780036e+16,2.4731333290371924e+16,1.7284957707499556e+16,9838582124627190.0,7466409539126184.0,5094236953625178.0,1.2783649588137214e+16,2.0473062222649252e+16,4.9957449892303384e+16,7.94418375619575e+16,1.3353737591228854e+17,1.876329142626196e+17,2.592095571009658e+17,3.3078619993931194e+17,4.024209321230092e+17,4.740556643067064e+17,5.219551821145122e+17,5.6985469992231795e+17,5.762421018809443e+17,5.826295038395706e+17,5.433181193871275e+17,5.040067349346844e+17,4.309667354799831e+17,3.579267360252819e+17,2.7637152064835603e+17,1.9481630527143018e+17,1.3174287406151586e+17,6.866944285160152e+16,3.845881961219965e+16,8248196372797772.0,4124098186398886.0,0.0,5515018937180383.0,1.1030037874360766e+16,2.5837326541389024e+16,4.064461520841729e+16,5.614970354084313e+16,7.165479187326898e+16,7.79456581109093e+16,8.423652434854963e+16,7.462559407843616e+16,6.501466380832268e+16,4.679155187719619e+16,2.8568439946069708e+16,1.4284219973034854e+16,0.0,0.0,0.0,0.0,0.0,0.0,0.0,0.0,0.0,0.0,0.0,0.0,0.0,0.0,0.0,0.0,0.0,0.0,0.0,0.0,0.0,0.0,0.0,0.0,0.0,0.0,0.0,0.0,0.0,0.0,0.0,0.0,0.0,0.0,0.0,0.0,0.0,0.0,0.0,0.0,0.0,0.0,0.0,0.0,0.0,0.0,0.0,0.0,0.0,0.0,0.0,0.0,0.0,0.0,0.0,0.0,0.0,0.0,0.0,0.0,0.0,0.0,0.0,0.0,0.0,0.0,0.0,0.0,0.0,0.0,0.0,0.0,0.0,0.0,0.0,0.0,0.0,0.0,0.0,0.0,0.0,0.0,0.0,0.0,0.0,0.0,0.0,0.0,0.0,0.0,0.0,0.0,0.0,0.0,0.0,0.0,0.0,0.0,0.0,0.0,0.0,0.0,0.0,0.0,0.0,0.0,0.0,0.0,0.0,0.0,0.0,0.0,0.0,0.0,0.0,0.0,0.0,0.0,0.0,0.0,0.0,0.0,0.0,0.0,0.0,0.0,0.0,0.0,0.0,0.0,0.0,0.0,0.0,0.0,0.0,0.0,0.0,0.0,0.0,0.0,0.0,0.0,0.0,0.0,0.0,0.0,0.0,0.0,0.0,0.0,0.0,0.0,0.0,0.0,0.0,0.0,0.0,0.0,0.0,0.0,0.0,0.0
31.1801906910195,103.692787157064,7.18980823265266,225.0,65.0,92.22450308833847,5.0,5.0,4.838064769611135,3.7647594527319834e+18,0.0,0.0,0.0,0.0,0.0,0.0,0.0,0.0,0.0,0.0,0.0,0.0,0.0,0.0,0.0,0.0,0.0,0.0,0.0,1206651097227712.5,2413302194455425.0,3819199814429821.5,5225097434404218.0,1.3821367029522608e+16,2.241763662464099e+16,3.1057387368835876e+16,3.969713811303076e+16,4.2901427785547976e+16,4.610571745806518e+16,4.283167586238383e+16,3.955763426670249e+16,3.2416436288019204e+16,2.5275238309335924e+16,1.807904780193014e+16,1.0882857294524356e+16,6686017633532805.0,2489177972541253.5,1244588986270626.8,0.0,7134784688029839.0,1.4269569376059678e+16,4.418673960751332e+16,7.410390983896698e+16,1.2983125298892318e+17,1.8555859613887936e+17,2.5934648755290387e+17,3.3313437896692845e+17,4.068152009963422e+17,4.8049602302575584e+17,5.284496395538299e+17,5.764032560819039e+17,5.79575518624968e+17,5.827477811680317e+17,5.372047836974725e+17,4.916617862269131e+17,4.119322852555549e+17,3.322027842841966e+17,2.4716939049071712e+17,1.6213599669723766e+17,1.0195773116656059e+17,4.17794656358835e+16,2.088973281794175e+16,0.0,496255735588734.8,992511471177469.6,5570612073865946.0,1.0148712676554422e+16,2.4939096141302708e+16,3.9729479606051e+16,5.536353269053343e+16,7.099758577501588e+16,7.633213190947286e+16,8.166667804392987e+16,7.30936974529343e+16,6.452071686193873e+16,4.6333569025398744e+16,2.8146421188858756e+16,1.4073210594429378e+16,0.0,0.0,0.0,0.0,0.0,0.0,0.0,0.0,0.0,0.0,0.0,0.0,0.0,0.0,0.0,0.0,0.0,0.0,0.0,0.0,0.0,0.0,0.0,0.0,0.0,0.0,0.0,0.0,0.0,0.0,0.0,0.0,0.0,0.0,0.0,0.0,0.0,0.0,0.0,0.0,0.0,0.0,0.0,0.0,0.0,0.0,0.0,0.0,0.0,0.0,0.0,0.0,0.0,0.0,0.0,0.0,0.0,0.0,0.0,0.0,0.0,0.0,0.0,0.0,0.0,0.0,0.0,0.0,0.0,0.0,0.0,0.0,0.0,0.0,0.0,0.0,0.0,0.0,0.0,0.0,0.0,0.0,0.0,0.0,0.0,0.0,0.0,0.0,0.0,0.0,0.0,0.0,0.0,0.0,0.0,0.0,0.0,0.0,0.0,0.0,0.0,0.0,0.0,0.0,0.0,0.0,0.0,0.0,0.0,0.0,0.0,0.0,0.0,0.0,0.0,0.0,0.0,0.0,0.0,0.0,0.0,0.0,0.0,0.0,0.0,0.0,0.0,0.0,0.0,0.0,0.0,0.0,0.0,0.0,0.0,0.0,0.0,0.0,0.0,0.0,0.0,0.0,0.0,0.0,0.0,0.0,0.0,0.0,0.0,0.0,0.0,0.0,0.0,0.0,0.0,0.0,0.0,0.0,0.0,0.0,0.0,0.0
31.1971284178371,103.672765611049,11.3706888080417,225.0,50.0,99.75663349007976,5.0,5.0,4.328981382086165,3.368614178395878e+18,0.0,0.0,0.0,0.0,0.0,0.0,0.0,0.0,0.0,0.0,0.0,0.0,0.0,0.0,0.0,0.0,0.0,2083042641184507.8,4166085282369015.5,8663847279227621.0,1.3161609276086226e+16,1.421067955683031e+16,1.5259749837574398e+16,1.2550621208655606e+16,9841492579736816.0,1.0564646363758256e+16,1.1287800147779698e+16,1.2779683007034894e+16,1.427156586629009e+16,1.2210145619176444e+16,1.0148725372062796e+16,7047140034092785.0,3945554696122775.5,1972777348061387.8,0.0,0.0,0.0,4119067812151778.0,8238135624303556.0,2.0873383531283108e+16,3.3508631438262656e+16,6.281298337918329e+16,9.21173353201039e+16,1.440715773057598e+17,1.9602581929141568e+17,2.634068383865588e+17,3.307878574817019e+17,3.965235081528604e+17,4.6225915882401894e+17,5.0075254398946874e+17,5.3924592915491846e+17,5.333950630382257e+17,5.27544196921533e+17,4.763922237997399e+17,4.25240250677947e+17,3.454207188369206e+17,2.6560118699589427e+17,1.8778445603741795e+17,1.0996772507894165e+17,6.279117767108411e+16,1.5614630263226576e+16,1.0350452840190874e+16,5086275417155171.0,1.1445307914517542e+16,1.7804340411879914e+16,2.460887514540222e+16,3.1413409878924524e+16,4.0451755600547336e+16,4.949010132217014e+16,5.609954127970078e+16,6.270898123723143e+16,6.119474694540433e+16,5.968051265357723e+16,5.003676911374924e+16,4.039302557392124e+16,2.709855867232508e+16,1.380409177072893e+16,6902045885364465.0,0.0,0.0,0.0,0.0,0.0,0.0,0.0,0.0,0.0,0.0,0.0,0.0,0.0,0.0,0.0,0.0,0.0,0.0,0.0,0.0,0.0,0.0,0.0,0.0,0.0,0.0,0.0,0.0,0.0,0.0,0.0,0.0,0.0,0.0,0.0,0.0,0.0,0.0,0.0,0.0,0.0,0.0,0.0,0.0,0.0,0.0,0.0,0.0,0.0,0.0,0.0,0.0,0.0,0.0,0.0,0.0,0.0,0.0,0.0,0.0,0.0,0.0,0.0,0.0,0.0,0.0,0.0,0.0,0.0,0.0,0.0,0.0,0.0,0.0,0.0,0.0,0.0,0.0,0.0,0.0,0.0,0.0,0.0,0.0,0.0,0.0,0.0,0.0,0.0,0.0,0.0,0.0,0.0,0.0,0.0,0.0,0.0,0.0,0.0,0.0,0.0,0.0,0.0,0.0,0.0,0.0,0.0,0.0,0.0,0.0,0.0,0.0,0.0,0.0,0.0,0.0,0.0,0.0,0.0,0.0,0.0,0.0,0.0,0.0,0.0,0.0,0.0,0.0,0.0,0.0,0.0,0.0,0.0,0.0,0.0,0.0,0.0,0.0,0.0,0.0,0.0,0.0,0.0,0.0,0.0,0.0,0.0,0.0,0.0,0.0,0.0,0.0,0.0,0.0,0.0,0.0,0.0,0.0,0.0,0.0,0.0,0.0
31.2195259032295,103.646268994904,14.8927689400555,225.0,40.0,108.13509923495005,5.0,5.0,3.8719625329228147,3.0129831328440197e+18,0.0,0.0,0.0,0.0,0.0,0.0,0.0,0.0,0.0,0.0,0.0,0.0,0.0,0.0,0.0,0.0,0.0,1542820484932034.5,3085640969864069.0,8491950898098060.0,1.3898260826332052e+16,1.6468094384418246e+16,1.903792794250444e+16,1.5776647755236596e+16,1.2515367567968754e+16,7695166784549547.0,2874966001130341.0,1437483000565170.5,0.0,0.0,0.0,0.0,0.0,0.0,0.0,1312203493485200.2,2624406986970400.5,1.2453041984369848e+16,2.2281676981769296e+16,4.037081905143599e+16,5.845996112110268e+16,9.019341345639013e+16,1.2192686579167757e+17,1.6981467654865446e+17,2.177024873056313e+17,2.7464569387599114e+17,3.315889004463509e+17,3.817699240251954e+17,4.3195094760403974e+17,4.5449827559027846e+17,4.770456035765171e+17,4.604632515791827e+17,4.438808995818484e+17,3.9085574979902426e+17,3.378306000162003e+17,2.664810190883831e+17,1.951314381605659e+17,1.3314832683475128e+17,7.116521550893666e+16,3.930655267322992e+16,7447889837523185.0,1.4962178628912446e+16,2.2476467420301704e+16,3.2164093733248316e+16,4.1851720046194936e+16,4.6704232118105656e+16,5.155674419001637e+16,5.056816607076545e+16,4.957958795151452e+16,4.430489282111321e+16,3.9030197690711896e+16,3.22856684162223e+16,2.5541139141732704e+16,1.8655931652681708e+16,1.1770724163630714e+16,6249110088307240.0,727496012983763.2,363748006491881.6,0.0,0.0,0.0,0.0,0.0,0.0,0.0,0.0,0.0,0.0,0.0,0.0,0.0,0.0,0.0,0.0,0.0,0.0,0.0,0.0,0.0,0.0,0.0,0.0,0.0,0.0,0.0,0.0,0.0,0.0,0.0,0.0,0.0,0.0,0.0,0.0,0.0,0.0,0.0,0.0,0.0,0.0,0.0,0.0,0.0,0.0,0.0,0.0,0.0,0.0,0.0,0.0,0.0,0.0,0.0,0.0,0.0,0.0,0.0,0.0,0.0,0.0,0.0,0.0,0.0,0.0,0.0,0.0,0.0,0.0,0.0,0.0,0.0,0.0,0.0,0.0,0.0,0.0,0.0,0.0,0.0,0.0,0.0,0.0,0.0,0.0,0.0,0.0,0.0,0.0,0.0,0.0,0.0,0.0,0.0,0.0,0.0,0.0,0.0,0.0,0.0,0.0,0.0,0.0,0.0,0.0,0.0,0.0,0.0,0.0,0.0,0.0,0.0,0.0,0.0,0.0,0.0,0.0,0.0,0.0,0.0,0.0,0.0,0.0,0.0,0.0,0.0,0.0,0.0,0.0,0.0,0.0,0.0,0.0,0.0,0.0,0.0,0.0,0.0,0.0,0.0,0.0,0.0,0.0,0.0,0.0,0.0,0.0,0.0,0.0,0.0,0.0,0.0,0.0,0.0,0.0,0.0,0.0,0.0,0.0,0.0,0.0
31.2454724030146,103.615555903601,17.7497379642719,225.0,30.0,113.6196507731356,5.0,5.0,3.318294112118596,2.582143836521534e+18,0.0,0.0,0.0,0.0,0.0,0.0,0.0,0.0,0.0,0.0,0.0,0.0,0.0,0.0,0.0,0.0,0.0,0.0,0.0,3343127159758522.5,6686254319517045.0,9234584193394784.0,1.1782914067272522e+16,9609523691335032.0,7436133315397542.0,4178693719505367.5,921254123613193.0,460627061806596.5,0.0,0.0,0.0,0.0,0.0,0.0,0.0,4497757841415804.0,8995515682831608.0,2.027600532195072e+16,3.155649496106983e+16,4.954825328119093e+16,6.7540011601312024e+16,9.811896983374634e+16,1.2869792806618064e+17,1.7264797189048986e+17,2.1659801571479914e+17,2.6378598747049613e+17,3.1097395922619315e+17,3.466359314463603e+17,3.8229790366652755e+17,3.9089099231917344e+17,3.994840809718193e+17,3.757709644728189e+17,3.5205784797381843e+17,3.0281566063277395e+17,2.5357347329172944e+17,1.9568855220867942e+17,1.3780363112562944e+17,9.246443612404741e+16,4.712524112246535e+16,3.0686684584888644e+16,1.424812804731193e+16,2.6447891587397756e+16,3.864765512748358e+16,4.7885106641095176e+16,5.712255815470676e+16,5.652002344926541e+16,5.5917488743824056e+16,4.64582251695879e+16,3.699896159535176e+16,2.5696353273074064e+16,1.439374495079636e+16,7839192811339856.0,1284640671883352.0,642320335941676.0,0.0,0.0,0.0,0.0,0.0,0.0,0.0,0.0,0.0,0.0,0.0,0.0,0.0,0.0,0.0,0.0,0.0,0.0,0.0,0.0,0.0,0.0,0.0,0.0,0.0,0.0,0.0,0.0,0.0,0.0,0.0,0.0,0.0,0.0,0.0,0.0,0.0,0.0,0.0,0.0,0.0,0.0,0.0,0.0,0.0,0.0,0.0,0.0,0.0,0.0,0.0,0.0,0.0,0.0,0.0,0.0,0.0,0.0,0.0,0.0,0.0,0.0,0.0,0.0,0.0,0.0,0.0,0.0,0.0,0.0,0.0,0.0,0.0,0.0,0.0,0.0,0.0,0.0,0.0,0.0,0.0,0.0,0.0,0.0,0.0,0.0,0.0,0.0,0.0,0.0,0.0,0.0,0.0,0.0,0.0,0.0,0.0,0.0,0.0,0.0,0.0,0.0,0.0,0.0,0.0,0.0,0.0,0.0,0.0,0.0,0.0,0.0,0.0,0.0,0.0,0.0,0.0,0.0,0.0,0.0,0.0,0.0,0.0,0.0,0.0,0.0,0.0,0.0,0.0,0.0,0.0,0.0,0.0,0.0,0.0,0.0,0.0,0.0,0.0,0.0,0.0,0.0,0.0,0.0,0.0,0.0,0.0,0.0,0.0,0.0,0.0,0.0,0.0,0.0,0.0,0.0,0.0,0.0,0.0,0.0,0.0,0.0,0.0,0.0,0.0,0.0
31.2736487968387,103.582187767117,20.0562836186236,225.0,25.0,115.19228856831916,5.0,5.0,2.5321977567012155,1.9704398131680776e+18,0.0,0.0,0.0,0.0,0.0,0.0,0.0,0.0,0.0,0.0,0.0,0.0,0.0,0.0,0.0,0.0,0.0,0.0,0.0,0.0,0.0,1171703233918629.2,2343406467837258.5,1748609387948166.8,1153812308059074.5,576906154029537.2,0.0,0.0,0.0,0.0,0.0,0.0,0.0,698926848435223.2,1397853696870446.5,6677325195399734.0,1.1956796693929022e+16,2.084387009857631e+16,2.9730943503223596e+16,4.212767101044146e+16,5.452439851765931e+16,7.84291411208891e+16,1.023338837241189e+17,1.3899403344898008e+17,1.7565418317384128e+17,2.133603385376964e+17,2.5106649390155146e+17,2.7528151295807405e+17,2.994965320145967e+17,2.9997637608942515e+17,3.004562201642537e+17,2.7673243221764672e+17,2.5300864427103968e+17,2.135845168597433e+17,1.7416038944844688e+17,1.3287051354460843e+17,9.158063764076998e+16,6.217178222758123e+16,3.2762926814392492e+16,2.571968837629685e+16,1.86764499382012e+16,3.0957801990413148e+16,4.323915404262509e+16,4.968147276455716e+16,5.612379148648922e+16,5.078069743729408e+16,4.543760338809895e+16,3.3630008331212036e+16,2.182241327432513e+16,1.2667845986036798e+16,3513278697748464.5,1756639348874232.2,0.0,0.0,0.0,0.0,0.0,0.0,0.0,0.0,0.0,0.0,0.0,0.0,0.0,0.0,0.0,0.0,0.0,0.0,0.0,0.0,0.0,0.0,0.0,0.0,0.0,0.0,0.0,0.0,0.0,0.0,0.0,0.0,0.0,0.0,0.0,0.0,0.0,0.0,0.0,0.0,0.0,0.0,0.0,0.0,0.0,0.0,0.0,0.0,0.0,0.0,0.0,0.0,0.0,0.0,0.0,0.0,0.0,0.0,0.0,0.0,0.0,0.0,0.0,0.0,0.0,0.0,0.0,0.0,0.0,0.0,0.0,0.0,0.0,0.0,0.0,0.0,0.0,0.0,0.0,0.0,0.0,0.0,0.0,0.0,0.0,0.0,0.0,0.0,0.0,0.0,0.0,0.0,0.0,0.0,0.0,0.0,0.0,0.0,0.0,0.0,0.0,0.0,0.0,0.0,0.0,0.0,0.0,0.0,0.0,0.0,0.0,0.0,0.0,0.0,0.0,0.0,0.0,0.0,0.0,0.0,0.0,0.0,0.0,0.0,0.0,0.0,0.0,0.0,0.0,0.0,0.0,0.0,0.0,0.0,0.0,0.0,0.0,0.0,0.0,0.0,0.0,0.0,0.0,0.0,0.0,0.0,0.0,0.0,0.0,0.0,0.0,0.0,0.0,0.0,0.0,0.0,0.0,0.0,0.0,0.0,0.0,0.0,0.0,0.0,0.0,0.0,0.0,0.0
31.3029963454597,103.547417531882,21.9678796312896,225.0,20.0,113.53208072983132,5.0,5.0,1.5382525649458447,1.1969973864228687e+18,0.0,0.0,0.0,0.0,0.0,0.0,0.0,0.0,0.0,0.0,0.0,0.0,0.0,0.0,0.0,0.0,0.0,0.0,0.0,0.0,0.0,0.0,0.0,0.0,0.0,0.0,0.0,0.0,0.0,0.0,0.0,0.0,0.0,1097853811394737.2,2195707622789474.5,5537542298317457.0,8879376973845441.0,1.3058745889607482e+16,1.7238114805369524e+16,2.31784804984215e+16,2.911884619147348e+16,4.381285711684347e+16,5.8506868042213464e+16,8.382238953802448e+16,1.0913791103383552e+17,1.347488092325361e+17,1.603597074312367e+17,1.7476660806745606e+17,1.8917350870367546e+17,1.8676110234051872e+17,1.8434869597736195e+17,1.672456262927216e+17,1.5014255660808128e+17,1.2455470914247874e+17,9.89668616768762e+16,7.477061297858958e+16,5.057436428030297e+16,3.5499664793298924e+16,2.042496530629488e+16,1.885292723963764e+16,1.7280889172980396e+16,2.5235380358115536e+16,3.318987154325068e+16,3.47476250833181e+16,3.630537862338553e+16,3.0191490471410284e+16,2.4077602319435044e+16,1.557688121494787e+16,7076160110460697.0,3538080055230348.5,0.0,0.0,0.0,0.0,0.0,0.0,0.0,0.0,0.0,0.0,0.0,0.0,0.0,0.0,0.0,0.0,0.0,0.0,0.0,0.0,0.0,0.0,0.0,0.0,0.0,0.0,0.0,0.0,0.0,0.0,0.0,0.0,0.0,0.0,0.0,0.0,0.0,0.0,0.0,0.0,0.0,0.0,0.0,0.0,0.0,0.0,0.0,0.0,0.0,0.0,0.0,0.0,0.0,0.0,0.0,0.0,0.0,0.0,0.0,0.0,0.0,0.0,0.0,0.0,0.0,0.0,0.0,0.0,0.0,0.0,0.0,0.0,0.0,0.0,0.0,0.0,0.0,0.0,0.0,0.0,0.0,0.0,0.0,0.0,0.0,0.0,0.0,0.0,0.0,0.0,0.0,0.0,0.0,0.0,0.0,0.0,0.0,0.0,0.0,0.0,0.0,0.0,0.0,0.0,0.0,0.0,0.0,0.0,0.0,0.0,0.0,0.0,0.0,0.0,0.0,0.0,0.0,0.0,0.0,0.0,0.0,0.0,0.0,0.0,0.0,0.0,0.0,0.0,0.0,0.0,0.0,0.0,0.0,0.0,0.0,0.0,0.0,0.0,0.0,0.0,0.0,0.0,0.0,0.0,0.0,0.0,0.0,0.0,0.0,0.0,0.0,0.0,0.0,0.0,0.0,0.0,0.0,0.0,0.0,0.0,0.0,0.0,0.0,0.0,0.0,0.0,0.0,0.0,0.0,0.0
31.3332916963121,103.511511714805,23.46997760236,225.0,15.0,109.2652255674122,5.0,5.0,0.5788854074759239,4.504619953690201e+17,0.0,0.0,0.0,0.0,0.0,0.0,0.0,0.0,0.0,0.0,0.0,0.0,0.0,0.0,0.0,0.0,0.0,0.0,0.0,0.0,0.0,0.0,0.0,0.0,0.0,0.0,0.0,0.0,0.0,0.0,0.0,0.0,0.0,598986799838379.5,1197973599676759.0,2358587834519706.0,3519202069362653.0,4493873368050527.0,5468544666738402.0,6635467267514784.0,7802389868291166.0,1.2895254701397132e+16,1.7988119534503102e+16,2.9153605824412964e+16,4.0319092114322824e+16,5.1725150649188856e+16,6.31312091840549e+16,6.925996225867948e+16,7.538871533330406e+16,7.419486363781606e+16,7.300101194232808e+16,6.5022292022300824e+16,5.704357210227357e+16,4.6143094665884904e+16,3.5242617229496236e+16,2.6097873206701444e+16,1.6953129183906652e+16,1.2452497359326804e+16,7951865534746958.0,8891650489535412.0,9831435444323866.0,1.2679268023752708e+16,1.552710060318155e+16,1.4715322826855968e+16,1.3903545050530386e+16,9984283869223484.0,6065022687916582.0,3032511343958291.0,0.0,0.0,0.0,0.0,0.0,0.0,0.0,0.0,0.0,63724610031209.09,127449220062418.19,63724610031209.09,0.0,0.0,0.0,0.0,0.0,0.0,0.0,0.0,0.0,0.0,0.0,0.0,0.0,0.0,0.0,0.0,0.0,0.0,0.0,0.0,0.0,0.0,0.0,0.0,0.0,0.0,0.0,0.0,0.0,0.0,0.0,0.0,0.0,0.0,0.0,0.0,0.0,0.0,0.0,0.0,0.0,0.0,0.0,0.0,0.0,0.0,0.0,0.0,0.0,0.0,0.0,0.0,0.0,0.0,0.0,0.0,0.0,0.0,0.0,0.0,0.0,0.0,0.0,0.0,0.0,0.0,0.0,0.0,0.0,0.0,0.0,0.0,0.0,0.0,0.0,0.0,0.0,0.0,0.0,0.0,0.0,0.0,0.0,0.0,0.0,0.0,0.0,0.0,0.0,0.0,0.0,0.0,0.0,0.0,0.0,0.0,0.0,0.0,0.0,0.0,0.0,0.0,0.0,0.0,0.0,0.0,0.0,0.0,0.0,0.0,0.0,0.0,0.0,0.0,0.0,0.0,0.0,0.0,0.0,0.0,0.0,0.0,0.0,0.0,0.0,0.0,0.0,0.0,0.0,0.0,0.0,0.0,0.0,0.0,0.0,0.0,0.0,0.0,0.0,0.0,0.0,0.0,0.0,0.0,0.0,0.0,0.0,0.0,0.0,0.0,0.0,0.0,0.0,0.0,0.0,0.0,0.0,0.0,0.0,0.0
31.3643042834831,103.474801610611,24.5511456592836,225.0,10.0,90.0,5.0,5.0,0.0,0.0,0.0,0.0,0.0,0.0,0.0,0.0,0.0,0.0,0.0,0.0,0.0,0.0,0.0,0.0,0.0,0.0,0.0,0.0,0.0,0.0,0.0,0.0,0.0,0.0,0.0,0.0,0.0,0.0,0.0,0.0,0.0,0.0,0.0,0.0,0.0,0.0,0.0,0.0,0.0,0.0,0.0,0.0,0.0,0.0,0.0,0.0,0.0,0.0,0.0,0.0,0.0,0.0,0.0,0.0,0.0,0.0,0.0,0.0,0.0,0.0,0.0,0.0,0.0,0.0,0.0,0.0,0.0,0.0,0.0,0.0,0.0,0.0,0.0,0.0,0.0,0.0,0.0,0.0,0.0,0.0,0.0,0.0,0.0,0.0,0.0,0.0,0.0,0.0,0.0,0.0,0.0,0.0,0.0,0.0,0.0,0.0,0.0,0.0,0.0,0.0,0.0,0.0,0.0,0.0,0.0,0.0,0.0,0.0,0.0,0.0,0.0,0.0,0.0,0.0,0.0,0.0,0.0,0.0,0.0,0.0,0.0,0.0,0.0,0.0,0.0,0.0,0.0,0.0,0.0,0.0,0.0,0.0,0.0,0.0,0.0,0.0,0.0,0.0,0.0,0.0,0.0,0.0,0.0,0.0,0.0,0.0,0.0,0.0,0.0,0.0,0.0,0.0,0.0,0.0,0.0,0.0,0.0,0.0,0.0,0.0,0.0,0.0,0.0,0.0,0.0,0.0,0.0,0.0,0.0,0.0,0.0,0.0,0.0,0.0,0.0,0.0,0.0,0.0,0.0,0.0,0.0,0.0,0.0,0.0,0.0,0.0,0.0,0.0,0.0,0.0,0.0,0.0,0.0,0.0,0.0,0.0,0.0,0.0,0.0,0.0,0.0,0.0,0.0,0.0,0.0,0.0,0.0,0.0,0.0,0.0,0.0,0.0,0.0,0.0,0.0,0.0,0.0,0.0,0.0,0.0,0.0,0.0,0.0,0.0,0.0,0.0,0.0,0.0,0.0,0.0,0.0,0.0,0.0,0.0,0.0,0.0,0.0,0.0,0.0,0.0
31.1389154804396,103.666587327466,2.46201938253052,225.0,80.0,91.92233105666666,5.0,5.0,6.5934396903107535,5.130711468774074e+18,0.0,0.0,0.0,0.0,0.0,0.0,0.0,0.0,0.0,0.0,0.0,0.0,0.0,0.0,0.0,4345552846989505.0,8691105693979010.0,9669521770703266.0,1.064793784742752e+16,1.1922622351748046e+16,1.3197306856068574e+16,2.2950450535979436e+16,3.2703594215890296e+16,4.8471920873316e+16,6.424024753074169e+16,7.905170371736851e+16,9.386315990399533e+16,1.0107047189160832e+17,1.082777838792213e+17,1.0483225357952333e+17,1.0138672327982536e+17,8.98718810576903e+16,7.835703883555525e+16,6.388736195954087e+16,4.941768508352649e+16,3.801400122893949e+16,2.6610317374352496e+16,2.164439802915388e+16,1.667847868395527e+16,2.72272583069089e+16,3.777603792986253e+16,7.414441195036157e+16,1.105127859708606e+17,1.7493696973406733e+17,2.3936115349727402e+17,3.233840154455707e+17,4.074068773938673e+17,4.9153360302475744e+17,5.7566032865564755e+17,6.331105378573545e+17,6.905607470590612e+17,7.008852037636049e+17,7.112096604681485e+17,6.687336853044705e+17,6.262577101407924e+17,5.433362334392523e+17,4.6041475673771206e+17,3.647609107909452e+17,2.691070648441783e+17,1.908851416218838e+17,1.126632183995893e+17,6.914010842770211e+16,2.561699845581492e+16,1.5200513475331824e+16,4784028494848724.0,1.1692957498043702e+16,1.8601886501238684e+16,3.4379291582913212e+16,5.015669666458774e+16,6.297415142595185e+16,7.579160618731595e+16,7.458677684198227e+16,7.338194749664858e+16,5.537926609436772e+16,3.737658469208686e+16,1.868829234604343e+16,0.0,0.0,0.0,0.0,0.0,0.0,0.0,0.0,0.0,0.0,0.0,0.0,0.0,0.0,0.0,0.0,0.0,0.0,0.0,0.0,0.0,0.0,0.0,0.0,0.0,0.0,0.0,0.0,0.0,0.0,0.0,0.0,0.0,0.0,0.0,0.0,0.0,0.0,0.0,0.0,0.0,0.0,0.0,0.0,0.0,0.0,0.0,0.0,0.0,0.0,0.0,0.0,0.0,0.0,0.0,0.0,0.0,0.0,0.0,0.0,0.0,0.0,0.0,0.0,0.0,0.0,0.0,0.0,0.0,0.0,0.0,0.0,0.0,0.0,0.0,0.0,0.0,0.0,0.0,0.0,0.0,0.0,0.0,0.0,0.0,0.0,0.0,0.0,0.0,0.0,0.0,0.0,0.0,0.0,0.0,0.0,0.0,0.0,0.0,0.0,0.0,0.0,0.0,0.0,0.0,0.0,0.0,0.0,0.0,0.0,0.0,0.0,0.0,0.0,0.0,0.0,0.0,0.0,0.0,0.0,0.0,0.0,0.0,0.0,0.0,0.0,0.0,0.0,0.0,0.0,0.0,0.0,0.0,0.0,0.0,0.0,0.0,0.0,0.0,0.0,0.0,0.0,0.0,0.0,0.0,0.0,0.0,0.0,0.0,0.0,0.0,0.0,0.0,0.0,0.0,0.0,0.0,0.0,0.0,0.0,0.0,0.0,0.0,0.0
31.1483948707189,103.655390279586,7.18980823265266,225.0,65.0,95.19390083045356,5.0,5.0,6.069244165269618,4.722806624181214e+18,0.0,0.0,0.0,0.0,0.0,0.0,0.0,0.0,0.0,0.0,0.0,0.0,0.0,0.0,0.0,0.0,0.0,2320182028427452.0,4640364056854904.0,7325241132775567.0,1.001011820869623e+16,1.3850472260371962e+16,1.7690826312047698e+16,3.0571054414678724e+16,4.345128251730975e+16,5.6531070171023224e+16,6.961085782473672e+16,7.473419020454328e+16,7.985752258434982e+16,7.55506417341615e+16,7.124376088397317e+16,6.110018228529274e+16,5.095660368661231e+16,3.946151187119352e+16,2.7966420055774744e+16,1.958042721207482e+16,1.11944343683749e+16,7894910796838432.0,4595387225301963.0,1.7742031420970066e+16,3.0888675616638164e+16,6.749376677035372e+16,1.040988579240693e+17,1.6868033812414266e+17,2.3326181832421603e+17,3.186531223387868e+17,4.040444263533576e+17,4.8942907113107e+17,5.7481371590878246e+17,6.316938867094065e+17,6.885740575100306e+17,6.95112245439655e+17,7.016504333692797e+17,6.532559761929513e+17,6.048615190166228e+17,5.163479485608766e+17,4.2783437810513024e+17,3.292923402176455e+17,2.307503023301607e+17,1.5454145121952278e+17,7.833260010888494e+16,4.232788342510857e+16,6323166741332200.0,5945436914724565.0,5567707088116929.0,1.2294232989678298e+16,1.9020758891239668e+16,3.3125319767839348e+16,4.722988064443902e+16,5.854546553456405e+16,6.986105042468906e+16,6.887585509493249e+16,6.789065976517593e+16,5.223784905009637e+16,3.65850383350168e+16,1.82925191675084e+16,0.0,0.0,0.0,0.0,0.0,0.0,0.0,0.0,0.0,0.0,0.0,0.0,0.0,0.0,0.0,0.0,0.0,0.0,0.0,0.0,0.0,0.0,0.0,0.0,0.0,0.0,0.0,0.0,0.0,0.0,0.0,0.0,0.0,0.0,0.0,0.0,0.0,0.0,0.0,0.0,0.0,0.0,0.0,0.0,0.0,0.0,0.0,0.0,0.0,0.0,0.0,0.0,0.0,0.0,0.0,0.0,0.0,0.0,0.0,0.0,0.0,0.0,0.0,0.0,0.0,0.0,0.0,0.0,0.0,0.0,0.0,0.0,0.0,0.0,0.0,0.0,0.0,0.0,0.0,0.0,0.0,0.0,0.0,0.0,0.0,0.0,0.0,0.0,0.0,0.0,0.0,0.0,0.0,0.0,0.0,0.0,0.0,0.0,0.0,0.0,0.0,0.0,0.0,0.0,0.0,0.0,0.0,0.0,0.0,0.0,0.0,0.0,0.0,0.0,0.0,0.0,0.0,0.0,0.0,0.0,0.0,0.0,0.0,0.0,0.0,0.0,0.0,0.0,0.0,0.0,0.0,0.0,0.0,0.0,0.0,0.0,0.0,0.0,0.0,0.0,0.0,0.0,0.0,0.0,0.0,0.0,0.0,0.0,0.0,0.0,0.0,0.0,0.0,0.0,0.0,0.0,0.0,0.0,0.0,0.0,0.0,0.0,0.0,0.0
31.1653325975365,103.63536339302,11.3706888080417,225.0,50.0,103.62686356562155,5.0,5.0,5.228206926279933,4.0683501325124347e+18,0.0,0.0,0.0,0.0,0.0,0.0,0.0,0.0,0.0,0.0,0.0,0.0,0.0,0.0,0.0,0.0,0.0,5629577392739333.0,1.1259154785478666e+16,1.826199300403535e+16,2.526483122259204e+16,2.682476325260064e+16,2.838469528260923e+16,2.5117806108265948e+16,2.1850916933922664e+16,2.380187424092934e+16,2.575283154793602e+16,2.7768989690189916e+16,2.978514783244381e+16,2.694200287608273e+16,2.4098857919721644e+16,1.8087291192479444e+16,1.2075724465237242e+16,7607269970297881.0,3138815475358517.5,1569407737679258.8,0.0,6440977464151756.0,1.2881954928303512e+16,3.0700902664610496e+16,4.851985040091747e+16,8.270228496384542e+16,1.1688471952677338e+17,1.7522773531434102e+17,2.3357075110190874e+17,3.099573156568335e+17,3.863438802117581e+17,4.607754595045391e+17,5.3520703879732e+17,5.79823550716095e+17,6.244400626348701e+17,6.209442056049348e+17,6.174483485749993e+17,5.6382927999778054e+17,5.102102114205618e+17,4.231879856546791e+17,3.3616575988879654e+17,2.4712682404442928e+17,1.5808788820006198e+17,9.802016299988978e+16,3.795243779971758e+16,2.399544132810802e+16,1.0038444856498448e+16,1.831734918853767e+16,2.6596253520576896e+16,3.499873788786636e+16,4.340122225515583e+16,4.981813632599412e+16,5.62350503968324e+16,5.83503745874802e+16,6.0465698778128e+16,5.440892819822828e+16,4.835215761832854e+16,3.614479187697753e+16,2.3937426135626516e+16,1.1968713067813258e+16,0.0,0.0,0.0,0.0,0.0,0.0,0.0,0.0,0.0,0.0,0.0,0.0,0.0,0.0,0.0,0.0,0.0,0.0,0.0,0.0,0.0,0.0,0.0,0.0,0.0,0.0,0.0,0.0,0.0,0.0,0.0,0.0,0.0,0.0,0.0,0.0,0.0,0.0,0.0,0.0,0.0,0.0,0.0,0.0,0.0,0.0,0.0,0.0,0.0,0.0,0.0,0.0,0.0,0.0,0.0,0.0,0.0,0.0,0.0,0.0,0.0,0.0,0.0,0.0,0.0,0.0,0.0,0.0,0.0,0.0,0.0,0.0,0.0,0.0,0.0,0.0,0.0,0.0,0.0,0.0,0.0,0.0,0.0,0.0,0.0,0.0,0.0,0.0,0.0,0.0,0.0,0.0,0.0,0.0,0.0,0.0,0.0,0.0,0.0,0.0,0.0,0.0,0.0,0.0,0.0,0.0,0.0,0.0,0.0,0.0,0.0,0.0,0.0,0.0,0.0,0.0,0.0,0.0,0.0,0.0,0.0,0.0,0.0,0.0,0.0,0.0,0.0,0.0,0.0,0.0,0.0,0.0,0.0,0.0,0.0,0.0,0.0,0.0,0.0,0.0,0.0,0.0,0.0,0.0,0.0,0.0,0.0,0.0,0.0,0.0,0.0,0.0,0.0,0.0,0.0,0.0,0.0,0.0,0.0,0.0,0.0,0.0,0.0,0.0
31.1877300829289,103.608858818661,14.8927689400555,225.0,40.0,112.38787250782936,5.0,5.0,4.488827353238485,3.49299896023194e+18,0.0,0.0,0.0,0.0,0.0,0.0,0.0,0.0,0.0,0.0,0.0,0.0,0.0,0.0,0.0,0.0,0.0,4346127874928508.5,8692255749857017.0,1.6361257480273626e+16,2.4030259210690236e+16,2.7250030368037924e+16,3.0469801525385612e+16,2.6264355008586404e+16,2.2058908491787204e+16,1.5066046320678164e+16,8073184149569124.0,4036592074784562.0,0.0,0.0,0.0,0.0,0.0,0.0,0.0,1333004339003807.0,2666008678007614.0,1.335915721227744e+16,2.4052305746547264e+16,4.552667715615721e+16,6.700104856576715e+16,1.0242602652142571e+17,1.3785100447708429e+17,1.9079703409710685e+17,2.4374306371712938e+17,3.075747406790283e+17,3.714064176409272e+17,4.2787505347982566e+17,4.843436893187241e+17,5.105915366409774e+17,5.368393839632308e+17,5.208917193286455e+17,5.0494405469406035e+17,4.498779042504377e+17,3.948117538068152e+17,3.180919926615181e+17,2.413722315162209e+17,1.7087942734900794e+17,1.0038662318179494e+17,5.972240548501372e+16,1.9058187788232508e+16,2.4088119017533164e+16,2.911805024683382e+16,4.08067867064904e+16,5.2495523166146984e+16,5.780630217798529e+16,6.3117081189823576e+16,6.039778711611405e+16,5.767849304240451e+16,4.9108833587809064e+16,4.05391741332136e+16,3.0799384547446844e+16,2.105959496168009e+16,1.4125228115843296e+16,7190861270006503.0,3595430635003251.5,0.0,0.0,0.0,0.0,0.0,0.0,0.0,0.0,0.0,0.0,0.0,0.0,0.0,0.0,0.0,0.0,0.0,0.0,0.0,0.0,0.0,0.0,0.0,0.0,0.0,0.0,0.0,0.0,0.0,0.0,0.0,0.0,0.0,0.0,0.0,0.0,0.0,0.0,0.0,0.0,0.0,0.0,0.0,0.0,0.0,0.0,0.0,0.0,0.0,0.0,0.0,0.0,0.0,0.0,0.0,0.0,0.0,0.0,0.0,0.0,0.0,0.0,0.0,0.0,0.0,0.0,0.0,0.0,0.0,0.0,0.0,0.0,0.0,0.0,0.0,0.0,0.0,0.0,0.0,0.0,0.0,0.0,0.0,0.0,0.0,0.0,0.0,0.0,0.0,0.0,0.0,0.0,0.0,0.0,0.0,0.0,0.0,0.0,0.0,0.0,0.0,0.0,0.0,0.0,0.0,0.0,0.0,0.0,0.0,0.0,0.0,0.0,0.0,0.0,0.0,0.0,0.0,0.0,0.0,0.0,0.0,0.0,0.0,0.0,0.0,0.0,0.0,0.0,0.0,0.0,0.0,0.0,0.0,0.0,0.0,0.0,0.0,0.0,0.0,0.0,0.0,0.0,0.0,0.0,0.0,0.0,0.0,0.0,0.0,0.0,0.0,0.0,0.0,0.0,0.0,0.0,0.0,0.0,0.0,0.0,0.0,0.0,0.0,0.0
31.213676582714,103.578135936269,17.7497379642719,225.0,30.0,117.82946417385648,5.0,5.0,3.7052145302033104,2.883227507535827e+18,0.0,0.0,0.0,0.0,0.0,0.0,0.0,0.0,0.0,0.0,0.0,0.0,0.0,0.0,0.0,772874903151707.2,1545749806303414.5,1922016855377407.5,2298283904451400.0,7317147979086819.0,1.2336012053722238e+16,1.5427407719321882e+16,1.851880338492153e+16,1.6082186785139924e+16,1.3645570185358318e+16,9010209988010754.0,4374849790663188.5,2187424895331594.2,0.0,0.0,0.0,0.0,0.0,0.0,0.0,3319239487312214.5,6638478974624429.0,1.799177428487042e+16,2.9345069595116412e+16,4.946016913473713e+16,6.957526867435785e+16,1.024825950424028e+17,1.3538992141044771e+17,1.830524329229741e+17,2.307149444355005e+17,2.833946663899624e+17,3.360743883444243e+17,3.7598598304111974e+17,4.158975777378152e+17,4.2640560053924646e+17,4.3691362334067776e+17,4.127378080738281e+17,3.885619928069785e+17,3.3741994872543917e+17,2.8627790464389987e+17,2.248034428561022e+17,1.6332898106830454e+17,1.1311884216405091e+17,6.290870325979727e+16,4.1490772979983864e+16,2.0072842700170464e+16,3.3045401613108628e+16,4.601796052604678e+16,5.657966693654689e+16,6.7141373347046984e+16,6.658774433716061e+16,6.6034115327274216e+16,5.58274372398018e+16,4.562075915232939e+16,3.2926247647934904e+16,2.023173614354042e+16,1.1997166532797522e+16,3762596922054625.5,1881298461027312.8,0.0,0.0,0.0,0.0,0.0,0.0,0.0,0.0,0.0,0.0,0.0,0.0,0.0,0.0,0.0,0.0,0.0,0.0,0.0,0.0,0.0,0.0,0.0,0.0,0.0,0.0,0.0,0.0,0.0,0.0,0.0,0.0,0.0,0.0,0.0,0.0,0.0,0.0,0.0,0.0,0.0,0.0,0.0,0.0,0.0,0.0,0.0,0.0,0.0,0.0,0.0,0.0,0.0,0.0,0.0,0.0,0.0,0.0,0.0,0.0,0.0,0.0,0.0,0.0,0.0,0.0,0.0,0.0,0.0,0.0,0.0,0.0,0.0,0.0,0.0,0.0,0.0,0.0,0.0,0.0,0.0,0.0,0.0,0.0,0.0,0.0,0.0,0.0,0.0,0.0,0.0,0.0,0.0,0.0,0.0,0.0,0.0,0.0,0.0,0.0,0.0,0.0,0.0,0.0,0.0,0.0,0.0,0.0,0.0,0.0,0.0,0.0,0.0,0.0,0.0,0.0,0.0,0.0,0.0,0.0,0.0,0.0,0.0,0.0,0.0,0.0,0.0,0.0,0.0,0.0,0.0,0.0,0.0,0.0,0.0,0.0,0.0,0.0,0.0,0.0,0.0,0.0,0.0,0.0,0.0,0.0,0.0,0.0,0.0,0.0,0.0,0.0,0.0,0.0,0.0,0.0,0.0,0.0,0.0,0.0,0.0,0.0,0.0,0.0,0.0,0.0
31.2418529765381,103.544756824669,20.0562836186236,225.0,25.0,119.27657986136231,5.0,5.0,2.7083619118759685,2.1075226551739325e+18,0.0,0.0,0.0,0.0,0.0,0.0,0.0,0.0,0.0,0.0,0.0,0.0,0.0,0.0,0.0,1460289536828270.5,2920579073656541.0,1460289536828270.5,0.0,969667697224438.2,1939335394448876.5,3787779475972062.0,5636223557495247.0,4597248027733332.0,3558272497971419.5,1779136248985709.8,0.0,0.0,0.0,0.0,0.0,0.0,0.0,193422412850670.25,386844825701340.5,4230861562685447.5,8074878299669555.0,1.6401427084990046e+16,2.4727975870310536e+16,3.869072435062889e+16,5.265347283094725e+16,7.747930525739506e+16,1.0230513768384285e+17,1.4133847571550557e+17,1.8037181374716826e+17,2.2169683155256966e+17,2.6302184935797104e+17,2.901711128368097e+17,3.173203763156484e+17,3.1847123553236205e+17,3.196220947490757e+17,2.949941586104337e+17,2.703662224717918e+17,2.2989244897704538e+17,1.8941867548229885e+17,1.4631198428554198e+17,1.0320529308878512e+17,7.158461748448288e+16,3.996394188018063e+16,3.1438265863659332e+16,2.291258984713804e+16,3.5825957827003256e+16,4.873932580686847e+16,5.575341495067406e+16,6.276750409447965e+16,5.762861555304124e+16,5.2489727011602824e+16,4.008433556399941e+16,2.7678944116396e+16,1.7560260643440098e+16,7441577170484198.0,3720788585242099.0,0.0,0.0,0.0,0.0,0.0,0.0,0.0,0.0,0.0,0.0,0.0,0.0,0.0,0.0,0.0,0.0,0.0,0.0,0.0,0.0,0.0,0.0,0.0,0.0,0.0,0.0,0.0,0.0,0.0,0.0,0.0,0.0,0.0,0.0,0.0,0.0,0.0,0.0,0.0,0.0,0.0,0.0,0.0,0.0,0.0,0.0,0.0,0.0,0.0,0.0,0.0,0.0,0.0,0.0,0.0,0.0,0.0,0.0,0.0,0.0,0.0,0.0,0.0,0.0,0.0,0.0,0.0,0.0,0.0,0.0,0.0,0.0,0.0,0.0,0.0,0.0,0.0,0.0,0.0,0.0,0.0,0.0,0.0,0.0,0.0,0.0,0.0,0.0,0.0,0.0,0.0,0.0,0.0,0.0,0.0,0.0,0.0,0.0,0.0,0.0,0.0,0.0,0.0,0.0,0.0,0.0,0.0,0.0,0.0,0.0,0.0,0.0,0.0,0.0,0.0,0.0,0.0,0.0,0.0,0.0,0.0,0.0,0.0,0.0,0.0,0.0,0.0,0.0,0.0,0.0,0.0,0.0,0.0,0.0,0.0,0.0,0.0,0.0,0.0,0.0,0.0,0.0,0.0,0.0,0.0,0.0,0.0,0.0,0.0,0.0,0.0,0.0,0.0,0.0,0.0,0.0,0.0,0.0,0.0,0.0,0.0,0.0,0.0,0.0,0.0,0.0,0.0,0.0
31.2712005251591,103.509974908731,21.9678796312896,225.0,20.0,117.53363035174564,5.0,5.0,1.5914909727879258,1.2384250664388157e+18,0.0,0.0,0.0,0.0,0.0,0.0,0.0,0.0,0.0,0.0,0.0,0.0,0.0,0.0,0.0,1211105268202653.0,2422210536405306.0,1211105268202653.0,0.0,0.0,0.0,0.0,0.0,0.0,0.0,0.0,0.0,0.0,0.0,0.0,0.0,0.0,0.0,667051834080502.1,1334103668161004.2,3672019477950893.5,6009935287740782.0,9695038111546120.0,1.3380140935351458e+16,2.0065073961129988e+16,2.675000698690851e+16,4.1289656497062104e+16,5.5829306007215704e+16,8.221478317281075e+16,1.0860026033840581e+17,1.3620009704679078e+17,1.6379993375517578e+17,1.7981922888788307e+17,1.9583852402059037e+17,1.937487399713888e+17,1.9165895592218717e+17,1.7328421027812026e+17,1.5490946463405328e+17,1.2917754329219986e+17,1.0344562195034643e+17,7.952860908849451e+16,5.561159622664259e+16,4.0006821019179544e+16,2.44020458117165e+16,2.2069029360540216e+16,1.9736012909363932e+16,2.796585941037496e+16,3.619570591138598e+16,3.8590940724534856e+16,4.098617553768373e+16,3.4418598782177268e+16,2.785102202667082e+16,1.875753299974071e+16,9664043972810604.0,4832021986405302.0,0.0,0.0,0.0,0.0,0.0,0.0,0.0,0.0,0.0,0.0,0.0,0.0,0.0,0.0,0.0,0.0,0.0,0.0,0.0,0.0,0.0,0.0,0.0,0.0,0.0,0.0,0.0,0.0,0.0,0.0,0.0,0.0,0.0,0.0,0.0,0.0,0.0,0.0,0.0,0.0,0.0,0.0,0.0,0.0,0.0,0.0,0.0,0.0,0.0,0.0,0.0,0.0,0.0,0.0,0.0,0.0,0.0,0.0,0.0,0.0,0.0,0.0,0.0,0.0,0.0,0.0,0.0,0.0,0.0,0.0,0.0,0.0,0.0,0.0,0.0,0.0,0.0,0.0,0.0,0.0,0.0,0.0,0.0,0.0,0.0,0.0,0.0,0.0,0.0,0.0,0.0,0.0,0.0,0.0,0.0,0.0,0.0,0.0,0.0,0.0,0.0,0.0,0.0,0.0,0.0,0.0,0.0,0.0,0.0,0.0,0.0,0.0,0.0,0.0,0.0,0.0,0.0,0.0,0.0,0.0,0.0,0.0,0.0,0.0,0.0,0.0,0.0,0.0,0.0,0.0,0.0,0.0,0.0,0.0,0.0,0.0,0.0,0.0,0.0,0.0,0.0,0.0,0.0,0.0,0.0,0.0,0.0,0.0,0.0,0.0,0.0,0.0,0.0,0.0,0.0,0.0,0.0,0.0,0.0,0.0,0.0,0.0,0.0,0.0,0.0,0.0,0.0,0.0,0.0,0.0
31.3014958760115,103.474056963077,23.46997760236,225.0,15.0,113.10837438915486,5.0,5.0,0.5886788321379032,4.580827879434379e+17,0.0,0.0,0.0,0.0,0.0,0.0,0.0,0.0,0.0,0.0,0.0,0.0,0.0,0.0,0.0,0.0,0.0,0.0,0.0,0.0,0.0,0.0,0.0,0.0,0.0,0.0,0.0,0.0,0.0,0.0,0.0,0.0,0.0,361687868640154.2,723375737280308.4,1470108820363203.0,2216841903446097.8,3061434514688638.0,3906027125931178.5,5144730705535804.0,6383434285140429.0,1.1443333708215594e+16,1.6503233131290758e+16,2.7879683323564344e+16,3.925613351583793e+16,5.154765310376107e+16,6.383917269168423e+16,7.059228914682137e+16,7.73454056019585e+16,7.595598021885698e+16,7.456655483575546e+16,6.611726889852114e+16,5.766798296128684e+16,4.692551481151321e+16,3.618304666173958e+16,2.7626582810730204e+16,1.907011895972082e+16,1.469172903258893e+16,1.031333910545704e+16,1.0507884210551892e+16,1.0702429315646744e+16,1.3659919803564186e+16,1.6617410291481628e+16,1.5967181487977846e+16,1.5316952684474066e+16,1.1394140909890166e+16,7471329135306270.0,3735664567653135.0,0.0,0.0,0.0,0.0,0.0,0.0,0.0,0.0,0.0,0.0,0.0,0.0,0.0,0.0,0.0,0.0,0.0,0.0,0.0,0.0,0.0,0.0,0.0,0.0,0.0,0.0,0.0,0.0,0.0,0.0,0.0,0.0,0.0,0.0,0.0,0.0,0.0,0.0,0.0,0.0,0.0,0.0,0.0,0.0,0.0,0.0,0.0,0.0,0.0,0.0,0.0,0.0,0.0,0.0,0.0,0.0,0.0,0.0,0.0,0.0,0.0,0.0,0.0,0.0,0.0,0.0,0.0,0.0,0.0,0.0,0.0,0.0,0.0,0.0,0.0,0.0,0.0,0.0,0.0,0.0,0.0,0.0,0.0,0.0,0.0,0.0,0.0,0.0,0.0,0.0,0.0,0.0,0.0,0.0,0.0,0.0,0.0,0.0,0.0,0.0,0.0,0.0,0.0,0.0,0.0,0.0,0.0,0.0,0.0,0.0,0.0,0.0,0.0,0.0,0.0,0.0,0.0,0.0,0.0,0.0,0.0,0.0,0.0,0.0,0.0,0.0,0.0,0.0,0.0,0.0,0.0,0.0,0.0,0.0,0.0,0.0,0.0,0.0,0.0,0.0,0.0,0.0,0.0,0.0,0.0,0.0,0.0,0.0,0.0,0.0,0.0,0.0,0.0,0.0,0.0,0.0,0.0,0.0,0.0,0.0,0.0,0.0,0.0,0.0,0.0,0.0,0.0,0.0,0.0,0.0,0.0,0.0
31.3325084631824,103.437337566401,24.5511456592836,225.0,10.0,90.0,5.0,5.0,0.0,0.0,0.0,0.0,0.0,0.0,0.0,0.0,0.0,0.0,0.0,0.0,0.0,0.0,0.0,0.0,0.0,0.0,0.0,0.0,0.0,0.0,0.0,0.0,0.0,0.0,0.0,0.0,0.0,0.0,0.0,0.0,0.0,0.0,0.0,0.0,0.0,0.0,0.0,0.0,0.0,0.0,0.0,0.0,0.0,0.0,0.0,0.0,0.0,0.0,0.0,0.0,0.0,0.0,0.0,0.0,0.0,0.0,0.0,0.0,0.0,0.0,0.0,0.0,0.0,0.0,0.0,0.0,0.0,0.0,0.0,0.0,0.0,0.0,0.0,0.0,0.0,0.0,0.0,0.0,0.0,0.0,0.0,0.0,0.0,0.0,0.0,0.0,0.0,0.0,0.0,0.0,0.0,0.0,0.0,0.0,0.0,0.0,0.0,0.0,0.0,0.0,0.0,0.0,0.0,0.0,0.0,0.0,0.0,0.0,0.0,0.0,0.0,0.0,0.0,0.0,0.0,0.0,0.0,0.0,0.0,0.0,0.0,0.0,0.0,0.0,0.0,0.0,0.0,0.0,0.0,0.0,0.0,0.0,0.0,0.0,0.0,0.0,0.0,0.0,0.0,0.0,0.0,0.0,0.0,0.0,0.0,0.0,0.0,0.0,0.0,0.0,0.0,0.0,0.0,0.0,0.0,0.0,0.0,0.0,0.0,0.0,0.0,0.0,0.0,0.0,0.0,0.0,0.0,0.0,0.0,0.0,0.0,0.0,0.0,0.0,0.0,0.0,0.0,0.0,0.0,0.0,0.0,0.0,0.0,0.0,0.0,0.0,0.0,0.0,0.0,0.0,0.0,0.0,0.0,0.0,0.0,0.0,0.0,0.0,0.0,0.0,0.0,0.0,0.0,0.0,0.0,0.0,0.0,0.0,0.0,0.0,0.0,0.0,0.0,0.0,0.0,0.0,0.0,0.0,0.0,0.0,0.0,0.0,0.0,0.0,0.0,0.0,0.0,0.0,0.0,0.0,0.0,0.0,0.0,0.0,0.0,0.0,0.0,0.0,0.0,0.0
31.1071196601389,103.629192923252,2.46201938253052,225.0,80.0,98.47391333700314,5.0,5.0,7.3064494124757395,5.685542836115646e+18,0.0,0.0,0.0,0.0,0.0,0.0,0.0,0.0,0.0,0.0,0.0,0.0,0.0,4458917393348163.5,8917834786696327.0,1.3363948079976716e+16,1.7810061373257104e+16,1.9173087208623984e+16,2.053611304399086e+16,2.534133122914998e+16,3.01465494143091e+16,4.07725150542808e+16,5.13984806942525e+16,6.789956747916269e+16,8.440065426407291e+16,9.987885643455875e+16,1.153570586050446e+17,1.2236813191610002e+17,1.2937920522715546e+17,1.2559188960738646e+17,1.2180457398761744e+17,1.096704291180545e+17,9.753628424849154e+16,8.13289448784703e+16,6.512160550844906e+16,5.0967316659779416e+16,3.681302781110977e+16,3.3428211732309736e+16,3.0043395653509696e+16,4.7356808615588616e+16,6.4670221577667544e+16,1.0273504986240485e+17,1.4079987814714214e+17,2.044440938827827e+17,2.680883096184232e+17,3.528481401619087e+17,4.3760797070539424e+17,5.2417178470155066e+17,6.107355986977069e+17,6.720617321601888e+17,7.333878656226706e+17,7.466271167097471e+17,7.598663677968234e+17,7.17936027647674e+17,6.760056874985245e+17,5.910737508418079e+17,5.061418141850912e+17,4.06410959817283e+17,3.066801054494749e+17,2.2257467199746845e+17,1.3846923854546203e+17,8.825744275668806e+16,3.804564696791413e+16,2.454262931311059e+16,1.103961165830706e+16,1.8248390373318412e+16,2.5457169088329764e+16,3.780998268276212e+16,5.016279627719447e+16,5.6437673844119976e+16,6.271255141104549e+16,5.4559854830781736e+16,4.640715825051797e+16,2.3203579125258984e+16,0.0,0.0,0.0,0.0,0.0,0.0,0.0,0.0,0.0,0.0,0.0,0.0,0.0,0.0,0.0,0.0,0.0,0.0,0.0,0.0,0.0,0.0,0.0,0.0,0.0,0.0,0.0,0.0,0.0,0.0,0.0,0.0,0.0,0.0,0.0,0.0,0.0,0.0,0.0,0.0,0.0,0.0,0.0,0.0,0.0,0.0,0.0,0.0,0.0,0.0,0.0,0.0,0.0,0.0,0.0,0.0,0.0,0.0,0.0,0.0,0.0,0.0,0.0,0.0,0.0,0.0,0.0,0.0,0.0,0.0,0.0,0.0,0.0,0.0,0.0,0.0,0.0,0.0,0.0,0.0,0.0,0.0,0.0,0.0,0.0,0.0,0.0,0.0,0.0,0.0,0.0,0.0,0.0,0.0,0.0,0.0,0.0,0.0,0.0,0.0,0.0,0.0,0.0,0.0,0.0,0.0,0.0,0.0,0.0,0.0,0.0,0.0,0.0,0.0,0.0,0.0,0.0,0.0,0.0,0.0,0.0,0.0,0.0,0.0,0.0,0.0,0.0,0.0,0.0,0.0,0.0,0.0,0.0,0.0,0.0,0.0,0.0,0.0,0.0,0.0,0.0,0.0,0.0,0.0,0.0,0.0,0.0,0.0,0.0,0.0,0.0,0.0,0.0,0.0,0.0,0.0,0.0,0.0,0.0,0.0,0.0,0.0,0.0,0.0,0.0,0.0
31.1165990504183,103.617993402108,7.18980823265266,225.0,65.0,101.78413601248924,5.0,5.0,6.636048522517257,5.163867701990894e+18,0.0,0.0,0.0,0.0,0.0,0.0,0.0,0.0,0.0,0.0,0.0,0.0,0.0,3008076649270556.5,6016153298541113.0,5231143260812548.0,4446133223083984.5,1.1484674749787122e+16,1.852321627649026e+16,2.4981624362148028e+16,3.1440032447805796e+16,3.5891511650472764e+16,4.0342990853139736e+16,5.051024782478598e+16,6.067750479643223e+16,7.347243383414978e+16,8.626736287186733e+16,9.125168103872077e+16,9.62359992055742e+16,9.174902442980538e+16,8.726204965403658e+16,7.62440595256648e+16,6.5226069397293e+16,5.146538689956006e+16,3.770470440182714e+16,2.7022945861526172e+16,1.6341187321225212e+16,1.811631992092746e+16,1.9891452520629704e+16,4.0508561871242984e+16,6.1125671221856264e+16,9.816303376510173e+16,1.3520039630834718e+17,1.9724698198305808e+17,2.59293567657769e+17,3.429027760945956e+17,4.2651198453142214e+17,5.1257853630465056e+17,5.98645088077879e+17,6.580575960927124e+17,7.174701041075461e+17,7.267303559822006e+17,7.359906078568552e+17,6.888726584852922e+17,6.417547091137294e+17,5.5228688705625856e+17,4.628190649987879e+17,3.612942329914051e+17,2.5976940098402253e+17,1.7905608253629696e+17,9.83427640885714e+16,5.65268207033733e+16,1.4710877318175206e+16,1.4568179684403648e+16,1.4425482050632088e+16,2.231475692919205e+16,3.020403180775201e+16,3.887635588003574e+16,4.754867995231949e+16,5.09015682208813e+16,5.4254456489443096e+16,4.484020782364116e+16,3.5425959157839212e+16,1.7712979578919606e+16,0.0,0.0,0.0,0.0,0.0,0.0,0.0,0.0,0.0,0.0,0.0,0.0,0.0,0.0,0.0,0.0,0.0,0.0,0.0,0.0,0.0,0.0,0.0,0.0,0.0,0.0,0.0,0.0,0.0,0.0,0.0,0.0,0.0,0.0,0.0,0.0,0.0,0.0,0.0,0.0,0.0,0.0,0.0,0.0,0.0,0.0,0.0,0.0,0.0,0.0,0.0,0.0,0.0,0.0,0.0,0.0,0.0,0.0,0.0,0.0,0.0,0.0,0.0,0.0,0.0,0.0,0.0,0.0,0.0,0.0,0.0,0.0,0.0,0.0,0.0,0.0,0.0,0.0,0.0,0.0,0.0,0.0,0.0,0.0,0.0,0.0,0.0,0.0,0.0,0.0,0.0,0.0,0.0,0.0,0.0,0.0,0.0,0.0,0.0,0.0,0.0,0.0,0.0,0.0,0.0,0.0,0.0,0.0,0.0,0.0,0.0,0.0,0.0,0.0,0.0,0.0,0.0,0.0,0.0,0.0,0.0,0.0,0.0,0.0,0.0,0.0,0.0,0.0,0.0,0.0,0.0,0.0,0.0,0.0,0.0,0.0,0.0,0.0,0.0,0.0,0.0,0.0,0.0,0.0,0.0,0.0,0.0,0.0,0.0,0.0,0.0,0.0,0.0,0.0,0.0,0.0,0.0,0.0,0.0,0.0,0.0,0.0,0.0,0.0,0.0,0.0
31.1335367772358,103.597961174991,11.3706888080417,225.0,50.0,109.6042931160961,5.0,5.0,5.620570268873645,4.373669237005102e+18,0.0,0.0,0.0,0.0,0.0,0.0,0.0,0.0,0.0,0.0,0.0,0.0,0.0,5032724144498369.0,1.0065448288996738e+16,6775808252631826.0,3486168216266915.0,1.2142061655950358e+16,2.07979550956338e+16,3.052242879538275e+16,4.0246902495131704e+16,4.378267703077161e+16,4.731845156641152e+16,4.360424203866715e+16,3.989003251092278e+16,3.822245842580296e+16,3.655488434068313e+16,3.722651633270685e+16,3.789814832473058e+16,3.438031550935664e+16,3.086248269398272e+16,2.4480800542952028e+16,1.809911839192134e+16,1.180051823602434e+16,5501918080127339.0,2750959040063669.5,0.0,1.1242286902889724e+16,2.248457380577945e+16,4.6279347344894904e+16,7.007412088401036e+16,1.0611833782018075e+17,1.4216255475635115e+17,1.981220492145327e+17,2.5408154367271434e+17,3.2847598669952595e+17,4.028704297263376e+17,4.77265649261782e+17,5.5166086879722643e+17,5.98411300659596e+17,6.451617325219653e+17,6.439301744157338e+17,6.42698616309502e+17,5.901227861728449e+17,5.37546956036188e+17,4.499738202328822e+17,3.624006844295762e+17,2.7076245478918192e+17,1.7912422514878768e+17,1.1420448872403498e+17,4.928475229928223e+16,3.1495001942754336e+16,1.3705251586226442e+16,2.366969159063696e+16,3.3634131595047476e+16,4.17889675522875e+16,4.9943803509527544e+16,5.216875202674289e+16,5.439370054395823e+16,5.035039604170618e+16,4.630709153945413e+16,3.585989068890654e+16,2.5412689838358956e+16,1.2706344919179478e+16,0.0,0.0,0.0,0.0,0.0,0.0,0.0,0.0,0.0,0.0,0.0,0.0,0.0,0.0,0.0,0.0,0.0,0.0,0.0,0.0,0.0,0.0,0.0,0.0,0.0,0.0,0.0,0.0,0.0,0.0,0.0,0.0,0.0,0.0,0.0,0.0,0.0,0.0,0.0,0.0,0.0,0.0,0.0,0.0,0.0,0.0,0.0,0.0,0.0,0.0,0.0,0.0,0.0,0.0,0.0,0.0,0.0,0.0,0.0,0.0,0.0,0.0,0.0,0.0,0.0,0.0,0.0,0.0,0.0,0.0,0.0,0.0,0.0,0.0,0.0,0.0,0.0,0.0,0.0,0.0,0.0,0.0,0.0,0.0,0.0,0.0,0.0,0.0,0.0,0.0,0.0,0.0,0.0,0.0,0.0,0.0,0.0,0.0,0.0,0.0,0.0,0.0,0.0,0.0,0.0,0.0,0.0,0.0,0.0,0.0,0.0,0.0,0.0,0.0,0.0,0.0,0.0,0.0,0.0,0.0,0.0,0.0,0.0,0.0,0.0,0.0,0.0,0.0,0.0,0.0,0.0,0.0,0.0,0.0,0.0,0.0,0.0,0.0,0.0,0.0,0.0,0.0,0.0,0.0,0.0,0.0,0.0,0.0,0.0,0.0,0.0,0.0,0.0,0.0,0.0,0.0,0.0,0.0,0.0,0.0,0.0,0.0,0.0,0.0,0.0,0.0
31.1559342626282,103.571448642419,14.8927689400555,225.0,40.0,117.37496700074865,5.0,5.0,4.72337489661633,3.675513069301584e+18,0.0,0.0,0.0,0.0,0.0,0.0,0.0,0.0,0.0,0.0,0.0,0.0,0.0,8883911806654138.0,1.7767823613308276e+16,1.1115328402436616e+16,4462833191564951.5,9849342579195898.0,1.5235851966826842e+16,2.448483983759994e+16,3.3733827708373044e+16,3.8152530178464184e+16,4.2571232648555336e+16,3.8302076771115096e+16,3.4032920893674852e+16,2.445813893016109e+16,1.4883356966647328e+16,8178061879442487.0,1472766792237646.5,736383396118823.2,0.0,0.0,0.0,0.0,0.0,940021065602009.9,1880042131204019.8,1.4192927489787228e+16,2.6505812848370436e+16,5.176095347005317e+16,7.70160940917359e+16,1.138383680410509e+17,1.506606419903659e+17,2.027708541073388e+17,2.5488106622431178e+17,3.178887286330681e+17,3.8089639104182445e+17,4.37557695979949e+17,4.942190009180736e+17,5.2195582515388595e+17,5.4969264938969824e+17,5.3537929692156096e+17,5.2106594445342394e+17,4.669251727476815e+17,4.127844010419391e+17,3.352731194921329e+17,2.5776183794232685e+17,1.8502445205641818e+17,1.1228706617050947e+17,6.8535042213939e+16,2.4783018257368532e+16,2.803204270432496e+16,3.12810671512814e+16,4.346856272336031e+16,5.565605829543922e+16,6.043172050687849e+16,6.520738271831775e+16,5.934663073331288e+16,5.348587874830798e+16,4.129563363819313e+16,2.9105388528078268e+16,2.0644051052948624e+16,1.2182713577818984e+16,6091356788909492.0,0.0,0.0,0.0,0.0,0.0,0.0,0.0,0.0,0.0,0.0,0.0,0.0,0.0,0.0,0.0,0.0,0.0,0.0,0.0,0.0,0.0,0.0,0.0,0.0,0.0,0.0,0.0,0.0,0.0,0.0,0.0,0.0,0.0,0.0,0.0,0.0,0.0,0.0,0.0,0.0,0.0,0.0,0.0,0.0,0.0,0.0,0.0,0.0,0.0,0.0,0.0,0.0,0.0,0.0,0.0,0.0,0.0,0.0,0.0,0.0,0.0,0.0,0.0,0.0,0.0,0.0,0.0,0.0,0.0,0.0,0.0,0.0,0.0,0.0,0.0,0.0,0.0,0.0,0.0,0.0,0.0,0.0,0.0,0.0,0.0,0.0,0.0,0.0,0.0,0.0,0.0,0.0,0.0,0.0,0.0,0.0,0.0,0.0,0.0,0.0,0.0,0.0,0.0,0.0,0.0,0.0,0.0,0.0,0.0,0.0,0.0,0.0,0.0,0.0,0.0,0.0,0.0,0.0,0.0,0.0,0.0,0.0,0.0,0.0,0.0,0.0,0.0,0.0,0.0,0.0,0.0,0.0,0.0,0.0,0.0,0.0,0.0,0.0,0.0,0.0,0.0,0.0,0.0,0.0,0.0,0.0,0.0,0.0,0.0,0.0,0.0,0.0,0.0,0.0,0.0,0.0,0.0,0.0,0.0,0.0,0.0,0.0,0.0,0.0,0.0,0.0
31.1818807624134,103.540715968938,17.7497379642719,225.0,30.0,121.53110693046301,5.0,5.0,3.8219210229895095,2.9740431317233787e+18,0.0,0.0,0.0,0.0,0.0,0.0,0.0,0.0,0.0,0.0,0.0,0.0,0.0,1.25997216719185e+16,2.5199443343837e+16,1.845139304944023e+16,1.1703342755043468e+16,8622236595045689.0,5541130435047909.0,1.1411109823824196e+16,1.7281089212600484e+16,2.045882486562922e+16,2.363656051865795e+16,2.1311350558197824e+16,1.8986140597737696e+16,1.2879483399437552e+16,6772826201137407.0,3386413100568703.5,0.0,0.0,0.0,0.0,0.0,0.0,0.0,1982380435346874.0,3964760870693748.0,1.522804570617474e+16,2.6491330541655732e+16,4.853463807841632e+16,7.057794561517691e+16,1.043264344984271e+17,1.3807492338167733e+17,1.858367151360685e+17,2.335985068904597e+17,2.8685456608130954e+17,3.401106252721594e+17,3.807709295230236e+17,4.214312337738878e+17,4.3239961920589766e+17,4.4336800463790746e+17,4.189949716142191e+17,3.946219385905307e+17,3.438137351638363e+17,2.93005531737142e+17,2.3111148265550947e+17,1.69217433573877e+17,1.174791769777288e+17,6.5740920381580616e+16,4.290855703748596e+16,2.0076193693391296e+16,3.313172516260281e+16,4.618725663181432e+16,5.664471695548492e+16,6.710217727915552e+16,6.636861743951191e+16,6.56350575998683e+16,5.4767465533609624e+16,4.389987346735095e+16,3.1113813723359444e+16,1.8327753979367944e+16,1.0909442360493936e+16,3491130741619929.0,1745565370809964.5,0.0,0.0,0.0,0.0,0.0,0.0,0.0,0.0,0.0,0.0,0.0,0.0,0.0,0.0,0.0,0.0,0.0,0.0,0.0,0.0,0.0,0.0,0.0,0.0,0.0,0.0,0.0,0.0,0.0,0.0,0.0,0.0,0.0,0.0,0.0,0.0,0.0,0.0,0.0,0.0,0.0,0.0,0.0,0.0,0.0,0.0,0.0,0.0,0.0,0.0,0.0,0.0,0.0,0.0,0.0,0.0,0.0,0.0,0.0,0.0,0.0,0.0,0.0,0.0,0.0,0.0,0.0,0.0,0.0,0.0,0.0,0.0,0.0,0.0,0.0,0.0,0.0,0.0,0.0,0.0,0.0,0.0,0.0,0.0,0.0,0.0,0.0,0.0,0.0,0.0,0.0,0.0,0.0,0.0,0.0,0.0,0.0,0.0,0.0,0.0,0.0,0.0,0.0,0.0,0.0,0.0,0.0,0.0,0.0,0.0,0.0,0.0,0.0,0.0,0.0,0.0,0.0,0.0,0.0,0.0,0.0,0.0,0.0,0.0,0.0,0.0,0.0,0.0,0.0,0.0,0.0,0.0,0.0,0.0,0.0,0.0,0.0,0.0,0.0,0.0,0.0,0.0,0.0,0.0,0.0,0.0,0.0,0.0,0.0,0.0,0.0,0.0,0.0,0.0,0.0,0.0,0.0,0.0,0.0,0.0,0.0,0.0,0.0,0.0,0.0,0.0
31.2100571562374,103.507325882222,20.0562836186236,225.0,25.0,121.77574599550964,5.0,5.0,2.7213677696294765,2.1176432154082557e+18,0.0,0.0,0.0,0.0,0.0,0.0,0.0,0.0,0.0,0.0,0.0,0.0,0.0,1.202183722373788e+16,2.404367444747576e+16,2.0286005348373468e+16,1.6528336249271176e+16,8264168124635588.0,0.0,1938808088720527.2,3877616177441054.5,5308128749779395.0,6738641322117735.0,5868465764308907.0,4998290206500079.0,2499145103250039.5,0.0,0.0,0.0,0.0,0.0,0.0,0.0,0.0,0.0,1991330028842292.0,3982660057684584.0,1.1644447171475244e+16,1.9306234285265904e+16,3.4373487167646628e+16,4.944074005002734e+16,7.426492403019482e+16,9.908910801036229e+16,1.3812053120977734e+17,1.7715195440919242e+17,2.1946173776969165e+17,2.617715211301909e+17,2.8958357556185043e+17,3.173956299935099e+17,3.1841438756471123e+17,3.1943314513591264e+17,2.9441942790736736e+17,2.6940571067882205e+17,2.291701937363408e+17,1.8893467679385952e+17,1.4617763008031648e+17,1.0342058336677346e+17,7.168628201709273e+16,3.995198066741199e+16,3.0780565714251428e+16,2.160915076109086e+16,3.4088408172640932e+16,4.6567665584191016e+16,5.324947143723942e+16,5.993127729028782e+16,5.4915666562766696e+16,4.9900055835245544e+16,3.8398381701440904e+16,2.689670756763626e+16,1.7082281477810854e+16,7267855387985448.0,3633927693992724.0,0.0,0.0,0.0,0.0,0.0,0.0,0.0,0.0,0.0,0.0,0.0,0.0,0.0,0.0,0.0,0.0,0.0,0.0,0.0,0.0,0.0,0.0,0.0,0.0,0.0,0.0,0.0,0.0,0.0,0.0,0.0,0.0,0.0,0.0,0.0,0.0,0.0,0.0,0.0,0.0,0.0,0.0,0.0,0.0,0.0,0.0,0.0,0.0,0.0,0.0,0.0,0.0,0.0,0.0,0.0,0.0,0.0,0.0,0.0,0.0,0.0,0.0,0.0,0.0,0.0,0.0,0.0,0.0,0.0,0.0,0.0,0.0,0.0,0.0,0.0,0.0,0.0,0.0,0.0,0.0,0.0,0.0,0.0,0.0,0.0,0.0,0.0,0.0,0.0,0.0,0.0,0.0,0.0,0.0,0.0,0.0,0.0,0.0,0.0,0.0,0.0,0.0,0.0,0.0,0.0,0.0,0.0,0.0,0.0,0.0,0.0,0.0,0.0,0.0,0.0,0.0,0.0,0.0,0.0,0.0,0.0,0.0,0.0,0.0,0.0,0.0,0.0,0.0,0.0,0.0,0.0,0.0,0.0,0.0,0.0,0.0,0.0,0.0,0.0,0.0,0.0,0.0,0.0,0.0,0.0,0.0,0.0,0.0,0.0,0.0,0.0,0.0,0.0,0.0,0.0,0.0,0.0,0.0,0.0,0.0,0.0,0.0,0.0,0.0,0.0,0.0,0.0,0.0
31.2394047048585,103.47253228558,21.9678796312896,225.0,20.0,118.8252151581976,5.0,5.0,1.5561318874293941,1.2109102527307328e+18,0.0,0.0,0.0,0.0,0.0,0.0,0.0,0.0,0.0,0.0,0.0,0.0,0.0,6819847376948820.0,1.363969475389764e+16,1.2659850703847716e+16,1.1680006653797792e+16,6076212128952193.0,472417604106592.7,236208802053296.34,0.0,0.0,0.0,0.0,0.0,0.0,0.0,0.0,0.0,0.0,0.0,0.0,0.0,242597449614593.5,485194899229187.0,1698684307506334.5,2912173715783482.0,5811839885282447.0,8711506054781411.0,1.561945452716759e+16,2.2527402999553772e+16,3.676646496253745e+16,5.1005526925521144e+16,7.742885599153762e+16,1.0385218505755406e+17,1.324402924512825e+17,1.6102839984501094e+17,1.7754927668974074e+17,1.9407015353447056e+17,1.9147107120271568e+17,1.8887198887096083e+17,1.702019843413554e+17,1.5153197981175e+17,1.2614613475160325e+17,1.007602896914565e+17,7.72327898409273e+16,5.370528999039811e+16,3.777678873244102e+16,2.1848287474483932e+16,1.949884818881924e+16,1.7149408903154554e+16,2.5319940641651948e+16,3.3490472380149344e+16,3.5759713158962684e+16,3.802895393777603e+16,3.203721476435357e+16,2.604547559093111e+16,1.7569459813448562e+16,9093444035966014.0,4546722017983007.0,0.0,0.0,0.0,0.0,0.0,0.0,0.0,0.0,0.0,0.0,0.0,0.0,0.0,0.0,0.0,0.0,0.0,0.0,0.0,0.0,0.0,0.0,0.0,0.0,0.0,0.0,0.0,0.0,0.0,0.0,0.0,0.0,0.0,0.0,0.0,0.0,0.0,0.0,0.0,0.0,0.0,0.0,0.0,0.0,0.0,0.0,0.0,0.0,0.0,0.0,0.0,0.0,0.0,0.0,0.0,0.0,0.0,0.0,0.0,0.0,0.0,0.0,0.0,0.0,0.0,0.0,0.0,0.0,0.0,0.0,0.0,0.0,0.0,0.0,0.0,0.0,0.0,0.0,0.0,0.0,0.0,0.0,0.0,0.0,0.0,0.0,0.0,0.0,0.0,0.0,0.0,0.0,0.0,0.0,0.0,0.0,0.0,0.0,0.0,0.0,0.0,0.0,0.0,0.0,0.0,0.0,0.0,0.0,0.0,0.0,0.0,0.0,0.0,0.0,0.0,0.0,0.0,0.0,0.0,0.0,0.0,0.0,0.0,0.0,0.0,0.0,0.0,0.0,0.0,0.0,0.0,0.0,0.0,0.0,0.0,0.0,0.0,0.0,0.0,0.0,0.0,0.0,0.0,0.0,0.0,0.0,0.0,0.0,0.0,0.0,0.0,0.0,0.0,0.0,0.0,0.0,0.0,0.0,0.0,0.0,0.0,0.0,0.0,0.0,0.0,0.0,0.0,0.0,0.0,0.0
31.2697000557108,103.436602211349,23.46997760236,225.0,15.0,113.98188724669996,5.0,5.0,0.5603296804153614,4.360227821339351e+17,0.0,0.0,0.0,0.0,0.0,0.0,0.0,0.0,0.0,0.0,0.0,0.0,0.0,0.0,0.0,1698156273545805.8,3396312547091611.5,2048257003869795.8,700201460647980.0,350100730323990.0,0.0,0.0,0.0,0.0,0.0,0.0,0.0,0.0,0.0,0.0,0.0,0.0,0.0,127065535951344.83,254131071902689.66,625104577620634.0,996078083338578.4,1398266308091146.0,1800454532843713.8,3164327325023687.5,4528200117203661.0,9163088362620468.0,1.3797976608037274e+16,2.517256194713557e+16,3.6547147286233864e+16,4.9141036989671736e+16,6.173492669310962e+16,6.874356303482639e+16,7.575219937654318e+16,7.422008690073368e+16,7.268797442492416e+16,6.413847010404249e+16,5.558896578316079e+16,4.49514521709541e+16,3.431393855874741e+16,2.629754064342694e+16,1.828114272810647e+16,1.3798123694060954e+16,9315104660015436.0,9335464292122492.0,9355823924229544.0,1.2212982831820216e+16,1.5070141739410886e+16,1.4712282137533464e+16,1.435442253565604e+16,1.0793830323380348e+16,7233238111104654.0,3773820001366102.0,314401891627549.25,157200945813774.62,0.0,0.0,0.0,0.0,0.0,0.0,0.0,0.0,0.0,0.0,0.0,0.0,0.0,0.0,0.0,0.0,0.0,0.0,0.0,0.0,0.0,0.0,0.0,0.0,0.0,0.0,0.0,0.0,0.0,0.0,0.0,0.0,0.0,0.0,0.0,0.0,0.0,0.0,0.0,0.0,0.0,0.0,0.0,0.0,0.0,0.0,0.0,0.0,0.0,0.0,0.0,0.0,0.0,0.0,0.0,0.0,0.0,0.0,0.0,0.0,0.0,0.0,0.0,0.0,0.0,0.0,0.0,0.0,0.0,0.0,0.0,0.0,0.0,0.0,0.0,0.0,0.0,0.0,0.0,0.0,0.0,0.0,0.0,0.0,0.0,0.0,0.0,0.0,0.0,0.0,0.0,0.0,0.0,0.0,0.0,0.0,0.0,0.0,0.0,0.0,0.0,0.0,0.0,0.0,0.0,0.0,0.0,0.0,0.0,0.0,0.0,0.0,0.0,0.0,0.0,0.0,0.0,0.0,0.0,0.0,0.0,0.0,0.0,0.0,0.0,0.0,0.0,0.0,0.0,0.0,0.0,0.0,0.0,0.0,0.0,0.0,0.0,0.0,0.0,0.0,0.0,0.0,0.0,0.0,0.0,0.0,0.0,0.0,0.0,0.0,0.0,0.0,0.0,0.0,0.0,0.0,0.0,0.0,0.0,0.0,0.0,0.0,0.0,0.0,0.0,0.0,0.0,0.0,0.0,0.0
31.3007126428818,103.399873522191,24.5511456592836,225.0,10.0,90.0,5.0,5.0,0.0,0.0,0.0,0.0,0.0,0.0,0.0,0.0,0.0,0.0,0.0,0.0,0.0,0.0,0.0,0.0,0.0,0.0,0.0,0.0,0.0,0.0,0.0,0.0,0.0,0.0,0.0,0.0,0.0,0.0,0.0,0.0,0.0,0.0,0.0,0.0,0.0,0.0,0.0,0.0,0.0,0.0,0.0,0.0,0.0,0.0,0.0,0.0,0.0,0.0,0.0,0.0,0.0,0.0,0.0,0.0,0.0,0.0,0.0,0.0,0.0,0.0,0.0,0.0,0.0,0.0,0.0,0.0,0.0,0.0,0.0,0.0,0.0,0.0,0.0,0.0,0.0,0.0,0.0,0.0,0.0,0.0,0.0,0.0,0.0,0.0,0.0,0.0,0.0,0.0,0.0,0.0,0.0,0.0,0.0,0.0,0.0,0.0,0.0,0.0,0.0,0.0,0.0,0.0,0.0,0.0,0.0,0.0,0.0,0.0,0.0,0.0,0.0,0.0,0.0,0.0,0.0,0.0,0.0,0.0,0.0,0.0,0.0,0.0,0.0,0.0,0.0,0.0,0.0,0.0,0.0,0.0,0.0,0.0,0.0,0.0,0.0,0.0,0.0,0.0,0.0,0.0,0.0,0.0,0.0,0.0,0.0,0.0,0.0,0.0,0.0,0.0,0.0,0.0,0.0,0.0,0.0,0.0,0.0,0.0,0.0,0.0,0.0,0.0,0.0,0.0,0.0,0.0,0.0,0.0,0.0,0.0,0.0,0.0,0.0,0.0,0.0,0.0,0.0,0.0,0.0,0.0,0.0,0.0,0.0,0.0,0.0,0.0,0.0,0.0,0.0,0.0,0.0,0.0,0.0,0.0,0.0,0.0,0.0,0.0,0.0,0.0,0.0,0.0,0.0,0.0,0.0,0.0,0.0,0.0,0.0,0.0,0.0,0.0,0.0,0.0,0.0,0.0,0.0,0.0,0.0,0.0,0.0,0.0,0.0,0.0,0.0,0.0,0.0,0.0,0.0,0.0,0.0,0.0,0.0,0.0,0.0,0.0,0.0,0.0,0.0,0.0
31.0753238398383,103.591798519038,2.46201938253052,225.0,80.0,106.78065740742582,5.0,5.0,7.04112369660204,5.479078569005663e+18,0.0,0.0,0.0,0.0,0.0,0.0,0.0,0.0,0.0,0.0,0.0,0.0,0.0,8703467283229305.0,1.740693456645861e+16,1.889188007977685e+16,2.037682559309509e+16,2.6362047478764264e+16,3.234726936443343e+16,4.09402946354977e+16,4.953331990656196e+16,5.848135765334485e+16,6.742939540012775e+16,7.845716768143555e+16,8.948493996274338e+16,1.0096378699149462e+17,1.1244263402024584e+17,1.1713894055447894e+17,1.2183524708871203e+17,1.1730014747447462e+17,1.127650478602372e+17,1.0155219142937437e+17,9.033933499851154e+16,7.555587446032037e+16,6.07724139221292e+16,4.800064651760953e+16,3.522887911308984e+16,4.006250217877826e+16,4.489612524446667e+16,6.951135557986319e+16,9.41265859152597e+16,1.3047524795994794e+17,1.6682391000463613e+17,2.1927320617857165e+17,2.717225023525071e+17,3.4287792349231264e+17,4.140333446321182e+17,4.914125020802951e+17,5.6879165952847194e+17,6.258162610528059e+17,6.828408625771398e+17,6.965403682440934e+17,7.10239873911047e+17,6.721365162834388e+17,6.340331586558308e+17,5.553745875662279e+17,4.7671601647662496e+17,3.8351571324138784e+17,2.903154100061507e+17,2.110951303310683e+17,1.3187485065598587e+17,8.454660272280131e+16,3.721835478961677e+16,2.7148491173858596e+16,1.7078627558100416e+16,2.4232929797692076e+16,3.1387232037283732e+16,3.7077178327123304e+16,4.276712461696288e+16,4.02915244314318e+16,3.781592424590071e+16,2.7125344123557404e+16,1.6434764001214094e+16,8217382000607047.0,0.0,0.0,0.0,0.0,0.0,0.0,0.0,0.0,0.0,0.0,0.0,0.0,0.0,0.0,0.0,0.0,0.0,0.0,0.0,0.0,0.0,0.0,0.0,0.0,0.0,0.0,0.0,0.0,0.0,0.0,0.0,0.0,0.0,0.0,0.0,0.0,0.0,0.0,0.0,0.0,0.0,0.0,0.0,0.0,0.0,0.0,0.0,0.0,0.0,0.0,0.0,0.0,0.0,0.0,0.0,0.0,0.0,0.0,0.0,0.0,0.0,0.0,0.0,0.0,0.0,0.0,0.0,0.0,0.0,0.0,0.0,0.0,0.0,0.0,0.0,0.0,0.0,0.0,0.0,0.0,0.0,0.0,0.0,0.0,0.0,0.0,0.0,0.0,0.0,0.0,0.0,0.0,0.0,0.0,0.0,0.0,0.0,0.0,0.0,0.0,0.0,0.0,0.0,0.0,0.0,0.0,0.0,0.0,0.0,0.0,0.0,0.0,0.0,0.0,0.0,0.0,0.0,0.0,0.0,0.0,0.0,0.0,0.0,0.0,0.0,0.0,0.0,0.0,0.0,0.0,0.0,0.0,0.0,0.0,0.0,0.0,0.0,0.0,0.0,0.0,0.0,0.0,0.0,0.0,0.0,0.0,0.0,0.0,0.0,0.0,0.0,0.0,0.0,0.0,0.0,0.0,0.0,0.0,0.0,0.0,0.0,0.0,0.0,0.0,0.0,0.0
31.0848032301176,103.580596524631,7.18980823265266,225.0,65.0,109.32239509139852,5.0,5.0,6.440388661896182,5.011614198809162e+18,0.0,0.0,0.0,0.0,0.0,0.0,0.0,0.0,0.0,0.0,0.0,1.0563162178005892e+16,2.1126324356011784e+16,1.959579324552032e+16,1.8065262135028856e+16,1.3945825617210006e+16,9826389099391160.0,1.9390784251167976e+16,2.8955179402944796e+16,3.93751200424563e+16,4.97950606819678e+16,5.554975109576768e+16,6.130444150956757e+16,6.665428530572037e+16,7.200412910187317e+16,7.922911059282128e+16,8.64540920837694e+16,8.859224549730387e+16,9.073039891083832e+16,8.536468181992936e+16,7.999896472902037e+16,7.015099754263692e+16,6.030303035625346e+16,4.7975681237406856e+16,3.564833211856024e+16,2.6115703845712356e+16,1.6583075572864482e+16,2.6287609483201636e+16,3.599214339353879e+16,6.304092146038014e+16,9.00896995272215e+16,1.262265413350127e+17,1.6236338314280387e+17,2.1306024860364058e+17,2.6375711406447722e+17,3.342056822814937e+17,4.046542504985102e+17,4.812739791170731e+17,5.578937077356358e+17,6.129989495462984e+17,6.68104191356961e+17,6.77899362676148e+17,6.87694533995335e+17,6.443639431876623e+17,6.010333523799898e+17,5.18147419181381e+17,4.3526148598277235e+17,3.407178690963982e+17,2.4617425221002394e+17,1.701041863410137e+17,9.40341204720034e+16,5.44280469803216e+16,1.482197348863982e+16,1.6908725778001544e+16,1.8995478067363264e+16,2.6582322039037852e+16,3.416916601071244e+16,3.657700767286776e+16,3.898484933502308e+16,3.289033321254099e+16,2.679581709005891e+16,1.3397908545029456e+16,0.0,0.0,0.0,0.0,0.0,0.0,0.0,0.0,0.0,0.0,0.0,0.0,0.0,0.0,0.0,0.0,0.0,0.0,0.0,0.0,0.0,0.0,0.0,0.0,0.0,0.0,0.0,0.0,0.0,0.0,0.0,0.0,0.0,0.0,0.0,0.0,0.0,0.0,0.0,0.0,0.0,0.0,0.0,0.0,0.0,0.0,0.0,0.0,0.0,0.0,0.0,0.0,0.0,0.0,0.0,0.0,0.0,0.0,0.0,0.0,0.0,0.0,0.0,0.0,0.0,0.0,0.0,0.0,0.0,0.0,0.0,0.0,0.0,0.0,0.0,0.0,0.0,0.0,0.0,0.0,0.0,0.0,0.0,0.0,0.0,0.0,0.0,0.0,0.0,0.0,0.0,0.0,0.0,0.0,0.0,0.0,0.0,0.0,0.0,0.0,0.0,0.0,0.0,0.0,0.0,0.0,0.0,0.0,0.0,0.0,0.0,0.0,0.0,0.0,0.0,0.0,0.0,0.0,0.0,0.0,0.0,0.0,0.0,0.0,0.0,0.0,0.0,0.0,0.0,0.0,0.0,0.0,0.0,0.0,0.0,0.0,0.0,0.0,0.0,0.0,0.0,0.0,0.0,0.0,0.0,0.0,0.0,0.0,0.0,0.0,0.0,0.0,0.0,0.0,0.0,0.0,0.0,0.0,0.0,0.0,0.0,0.0,0.0,0.0,0.0,0.0,0.0,0.0
31.1017409569352,103.560558956963,11.3706888080417,225.0,50.0,115.58555182167571,5.0,5.0,5.505550998976895,4.2841665320578673e+18,0.0,0.0,0.0,0.0,0.0,0.0,0.0,0.0,0.0,0.0,0.0,2.630562062053452e+16,5.261124124106904e+16,4.575023189176177e+16,3.8889222542454504e+16,2.262197156554477e+16,6354720588635038.0,1.635573066181372e+16,2.6356740734992404e+16,3.8613033839614456e+16,5.086932694423652e+16,5.606439128765824e+16,6.125945563107996e+16,5.7837071503007624e+16,5.441468737493528e+16,4.9169229706698776e+16,4.392377203846227e+16,4.020675763784193e+16,3.648974323722157e+16,3.192894342480134e+16,2.73681436123811e+16,2.1284410005546436e+16,1.520067639871177e+16,9721440320063400.0,4242204241415029.0,2840106085138769.0,1438007928862508.8,1.5578710169256532e+16,2.9719412409650556e+16,5.866708052393682e+16,8.76147486382231e+16,1.249691757653967e+17,1.623236028925703e+17,2.105630657433247e+17,2.588025285940791e+17,3.2248668515144915e+17,3.861708417088192e+17,4.5267311156877606e+17,5.1917538142873286e+17,5.627203245543348e+17,6.062652676799366e+17,6.055254945366191e+17,6.047857213933015e+17,5.556555289233773e+17,5.0652533645345306e+17,4.24105925456752e+17,3.4168651446005094e+17,2.5533930328659792e+17,1.689920921131449e+17,1.0785575167546493e+17,4.671941123778497e+16,3.002947524407307e+16,1.3339539250361178e+16,2.2374305875892504e+16,3.1409072501423828e+16,3.756394732884792e+16,4.371882215627202e+16,4.106749850457923e+16,3.841617485288644e+16,2.8750148312802804e+16,1.908412177271916e+16,9542060886359580.0,0.0,0.0,0.0,0.0,0.0,0.0,0.0,0.0,0.0,0.0,0.0,0.0,0.0,0.0,0.0,0.0,0.0,0.0,0.0,0.0,0.0,0.0,0.0,0.0,0.0,0.0,0.0,0.0,0.0,0.0,0.0,0.0,0.0,0.0,0.0,0.0,0.0,0.0,0.0,0.0,0.0,0.0,0.0,0.0,0.0,0.0,0.0,0.0,0.0,0.0,0.0,0.0,0.0,0.0,0.0,0.0,0.0,0.0,0.0,0.0,0.0,0.0,0.0,0.0,0.0,0.0,0.0,0.0,0.0,0.0,0.0,0.0,0.0,0.0,0.0,0.0,0.0,0.0,0.0,0.0,0.0,0.0,0.0,0.0,0.0,0.0,0.0,0.0,0.0,0.0,0.0,0.0,0.0,0.0,0.0,0.0,0.0,0.0,0.0,0.0,0.0,0.0,0.0,0.0,0.0,0.0,0.0,0.0,0.0,0.0,0.0,0.0,0.0,0.0,0.0,0.0,0.0,0.0,0.0,0.0,0.0,0.0,0.0,0.0,0.0,0.0,0.0,0.0,0.0,0.0,0.0,0.0,0.0,0.0,0.0,0.0,0.0,0.0,0.0,0.0,0.0,0.0,0.0,0.0,0.0,0.0,0.0,0.0,0.0,0.0,0.0,0.0,0.0,0.0,0.0,0.0,0.0,0.0,0.0,0.0,0.0,0.0,0.0,0.0,0.0,0.0,0.0,0.0
31.1241384423276,103.534038466176,14.8927689400555,225.0,40.0,120.20515424312572,5.0,5.0,4.684271929349238,3.645084938910827e+18,0.0,0.0,0.0,0.0,0.0,0.0,0.0,0.0,0.0,1.9876542907237176e+16,3.975308581447435e+16,6.113145757452926e+16,8.250982933458416e+16,7.379468081519186e+16,6.5079532295799576e+16,4.051090820435914e+16,1.5942284112918696e+16,1.7003285519504524e+16,1.8064286926090348e+16,2.8218824107027948e+16,3.837336128796555e+16,4.3591262265229896e+16,4.880916324249423e+16,4.4755419749465064e+16,4.070167625643588e+16,3.082320572264331e+16,2.094473518885074e+16,1.276309175636178e+16,4581448323872825.0,2290724161936412.5,0.0,0.0,0.0,0.0,0.0,470792241003272.2,941584482006544.4,1.3286668982523046e+16,2.5631753483039544e+16,5.301470917077139e+16,8.039766485850325e+16,1.1828591620960824e+17,1.561741675607132e+17,2.0391511457899674e+17,2.516560615972803e+17,3.078963918057451e+17,3.6413672201421e+17,4.1587925846979226e+17,4.676217949253745e+17,4.9393982742923526e+17,5.202578599330959e+17,5.065267189590783e+17,4.9279557798506074e+17,4.4113012930817536e+17,3.8946468063129e+17,3.1601967651003565e+17,2.425746723887814e+17,1.7318681932733632e+17,1.0379896626589128e+17,6.231553396405397e+16,2.0832101662216644e+16,2.336162373792864e+16,2.589114581364063e+16,3.5998308968215372e+16,4.610547212279011e+16,4.8386669802698984e+16,5.066786748260787e+16,4.102265520172347e+16,3.137744292083906e+16,1.568872146041953e+16,0.0,0.0,0.0,0.0,0.0,0.0,0.0,0.0,0.0,0.0,0.0,0.0,0.0,0.0,0.0,0.0,0.0,0.0,0.0,0.0,0.0,0.0,0.0,0.0,0.0,0.0,0.0,0.0,0.0,0.0,0.0,0.0,0.0,0.0,0.0,0.0,0.0,0.0,0.0,0.0,0.0,0.0,0.0,0.0,0.0,0.0,0.0,0.0,0.0,0.0,0.0,0.0,0.0,0.0,0.0,0.0,0.0,0.0,0.0,0.0,0.0,0.0,0.0,0.0,0.0,0.0,0.0,0.0,0.0,0.0,0.0,0.0,0.0,0.0,0.0,0.0,0.0,0.0,0.0,0.0,0.0,0.0,0.0,0.0,0.0,0.0,0.0,0.0,0.0,0.0,0.0,0.0,0.0,0.0,0.0,0.0,0.0,0.0,0.0,0.0,0.0,0.0,0.0,0.0,0.0,0.0,0.0,0.0,0.0,0.0,0.0,0.0,0.0,0.0,0.0,0.0,0.0,0.0,0.0,0.0,0.0,0.0,0.0,0.0,0.0,0.0,0.0,0.0,0.0,0.0,0.0,0.0,0.0,0.0,0.0,0.0,0.0,0.0,0.0,0.0,0.0,0.0,0.0,0.0,0.0,0.0,0.0,0.0,0.0,0.0,0.0,0.0,0.0,0.0,0.0,0.0,0.0,0.0,0.0,0.0,0.0,0.0,0.0,0.0,0.0,0.0,0.0,0.0,0.0,0.0
31.1500849421127,103.503296001607,17.7497379642719,225.0,30.0,122.36851102172825,5.0,5.0,3.726138443543126,2.899509534396858e+18,0.0,0.0,0.0,0.0,0.0,0.0,0.0,0.0,0.0,0.0,0.0,4.060573646243151e+16,8.121147292486302e+16,8.12399924790777e+16,8.126851203329238e+16,5.67300348161275e+16,3.219155759896263e+16,1.941170919023428e+16,6631860781505927.0,1.237867055896758e+16,1.812548033642924e+16,2.111629733390228e+16,2.4107114331375316e+16,2.1927689139744412e+16,1.9748263948113508e+16,1.336900512539631e+16,6989746302679112.0,3494873151339556.0,0.0,0.0,0.0,0.0,0.0,0.0,0.0,287222714966237.1,574445429932474.2,1.0137566519947934e+16,1.970068760996339e+16,4.249695922817409e+16,6.5293230846384776e+16,9.888218490416006e+16,1.3247113896193536e+17,1.7730356765950966e+17,2.2213599635708394e+17,2.7194101535416547e+17,3.217460343512469e+17,3.5998171232778355e+17,3.982173903043201e+17,4.0834649348526125e+17,4.184755966662023e+17,3.9517385312676934e+17,3.718721095873365e+17,3.231146086003237e+17,2.7435710761331098e+17,2.1577900691802566e+17,1.5720090622274038e+17,1.084119700392314e+17,5.962303385572238e+16,3.7254381540226504e+16,1.4885729224730618e+16,2.5404869542808584e+16,3.592400986088655e+16,4.453703353547728e+16,5.3150057210068024e+16,5.150108086987849e+16,4.985210452968894e+16,3.916922810232024e+16,2.848635167495154e+16,1.6877973754041496e+16,5269595833131452.0,2634797916565726.0,0.0,0.0,0.0,0.0,0.0,0.0,0.0,0.0,0.0,0.0,0.0,0.0,0.0,0.0,0.0,0.0,0.0,0.0,0.0,0.0,0.0,0.0,0.0,0.0,0.0,0.0,0.0,0.0,0.0,0.0,0.0,0.0,0.0,0.0,0.0,0.0,0.0,0.0,0.0,0.0,0.0,0.0,0.0,0.0,0.0,0.0,0.0,0.0,0.0,0.0,0.0,0.0,0.0,0.0,0.0,0.0,0.0,0.0,0.0,0.0,0.0,0.0,0.0,0.0,0.0,0.0,0.0,0.0,0.0,0.0,0.0,0.0,0.0,0.0,0.0,0.0,0.0,0.0,0.0,0.0,0.0,0.0,0.0,0.0,0.0,0.0,0.0,0.0,0.0,0.0,0.0,0.0,0.0,0.0,0.0,0.0,0.0,0.0,0.0,0.0,0.0,0.0,0.0,0.0,0.0,0.0,0.0,0.0,0.0,0.0,0.0,0.0,0.0,0.0,0.0,0.0,0.0,0.0,0.0,0.0,0.0,0.0,0.0,0.0,0.0,0.0,0.0,0.0,0.0,0.0,0.0,0.0,0.0,0.0,0.0,0.0,0.0,0.0,0.0,0.0,0.0,0.0,0.0,0.0,0.0,0.0,0.0,0.0,0.0,0.0,0.0,0.0,0.0,0.0,0.0,0.0,0.0,0.0,0.0,0.0,0.0,0.0,0.0,0.0,0.0,0.0,0.0,0.0
31.1782613359368,103.469894939774,20.0562836186236,225.0,25.0,120.44492811408028,5.0,5.0,2.610553223506985,2.0314124330848543e+18,0.0,0.0,0.0,0.0,0.0,0.0,0.0,0.0,0.0,0.0,0.0,2.7589157977061844e+16,5.517831595412369e+16,6.4682470885533144e+16,7.418662581694262e+16,5.678951133382271e+16,3.939239685070281e+16,2.0760061339672812e+16,2127725828642812.5,2389145348846155.0,2650564869049498.0,3686889542304702.5,4723214215559908.0,3716480712955512.0,2709747210351115.5,1354873605175557.8,0.0,0.0,0.0,0.0,0.0,0.0,0.0,0.0,0.0,26732493016896.137,53464986033792.27,5444584407091690.0,1.0835703828149588e+16,2.5631483649417036e+16,4.04272634706845e+16,6.460928481944558e+16,8.879130616820667e+16,1.2588078606800357e+17,1.6297026596780045e+17,2.0378630313716157e+17,2.446023403065227e+17,2.711420551476462e+17,2.976817699887697e+17,2.9884533023984384e+17,3.00008890490918e+17,2.759017535200778e+17,2.517946165492376e+17,2.1328304267073043e+17,1.7477146879222326e+17,1.3472241028632811e+17,9.467335178043294e+16,6.473566268692607e+16,3.47979735934192e+16,2.4960213758283784e+16,1.5122453923148362e+16,2.483494633813036e+16,3.4547438753112364e+16,3.968868847093806e+16,4.482993818876375e+16,4.037705021456185e+16,3.5924162240359948e+16,2.6101208675637404e+16,1.6278255110914854e+16,9305716655849626.0,2333178200784396.5,1166589100392198.2,0.0,0.0,0.0,0.0,0.0,0.0,0.0,0.0,0.0,0.0,0.0,0.0,0.0,0.0,0.0,0.0,0.0,0.0,0.0,0.0,0.0,0.0,0.0,0.0,0.0,0.0,0.0,0.0,0.0,0.0,0.0,0.0,0.0,0.0,0.0,0.0,0.0,0.0,0.0,0.0,0.0,0.0,0.0,0.0,0.0,0.0,0.0,0.0,0.0,0.0,0.0,0.0,0.0,0.0,0.0,0.0,0.0,0.0,0.0,0.0,0.0,0.0,0.0,0.0,0.0,0.0,0.0,0.0,0.0,0.0,0.0,0.0,0.0,0.0,0.0,0.0,0.0,0.0,0.0,0.0,0.0,0.0,0.0,0.0,0.0,0.0,0.0,0.0,0.0,0.0,0.0,0.0,0.0,0.0,0.0,0.0,0.0,0.0,0.0,0.0,0.0,0.0,0.0,0.0,0.0,0.0,0.0,0.0,0.0,0.0,0.0,0.0,0.0,0.0,0.0,0.0,0.0,0.0,0.0,0.0,0.0,0.0,0.0,0.0,0.0,0.0,0.0,0.0,0.0,0.0,0.0,0.0,0.0,0.0,0.0,0.0,0.0,0.0,0.0,0.0,0.0,0.0,0.0,0.0,0.0,0.0,0.0,0.0,0.0,0.0,0.0,0.0,0.0,0.0,0.0,0.0,0.0,0.0,0.0,0.0,0.0,0.0,0.0,0.0,0.0,0.0,0.0,0.0
31.2076088845578,103.43508966243,21.9678796312896,225.0,20.0,116.28078209420855,5.0,5.0,1.4403045953723548,1.1207787821073793e+18,0.0,0.0,0.0,0.0,0.0,0.0,0.0,0.0,0.0,0.0,0.0,0.0,0.0,2.0446674929410016e+16,4.089334985882003e+16,3.662248900656831e+16,3.2351628154316588e+16,1.9482327572005564e+16,6613026989694537.0,3306513494847268.5,0.0,0.0,0.0,0.0,0.0,0.0,0.0,0.0,0.0,0.0,0.0,0.0,0.0,0.0,0.0,0.0,0.0,1557193298635074.0,3114386597270148.0,9236890226541388.0,1.5359393855812628e+16,2.869432711591306e+16,4.202926037601349e+16,6.717916675740914e+16,9.23290731388048e+16,1.2028930849258182e+17,1.4824954384635888e+17,1.6457447525019594e+17,1.8089940665403302e+17,1.7899220801354022e+17,1.770850093730475e+17,1.595444321088771e+17,1.420038548447067e+17,1.1752224853054442e+17,9.304064221638213e+16,6.999863373430057e+16,4.6956625252219e+16,3.2239287579007028e+16,1.7521949905795046e+16,1.4558628887326924e+16,1.15953078688588e+16,1.7462893805440512e+16,2.3330479742022224e+16,2.4510244307093224e+16,2.5690008872164224e+16,2.1261339159890756e+16,1.683266944761728e+16,1.0857917280529804e+16,4883165113442329.0,2441582556721164.5,0.0,0.0,0.0,0.0,0.0,0.0,0.0,0.0,0.0,0.0,0.0,0.0,0.0,0.0,0.0,0.0,0.0,0.0,0.0,0.0,0.0,0.0,0.0,0.0,0.0,0.0,0.0,0.0,0.0,0.0,0.0,0.0,0.0,0.0,0.0,0.0,0.0,0.0,0.0,0.0,0.0,0.0,0.0,0.0,0.0,0.0,0.0,0.0,0.0,0.0,0.0,0.0,0.0,0.0,0.0,0.0,0.0,0.0,0.0,0.0,0.0,0.0,0.0,0.0,0.0,0.0,0.0,0.0,0.0,0.0,0.0,0.0,0.0,0.0,0.0,0.0,0.0,0.0,0.0,0.0,0.0,0.0,0.0,0.0,0.0,0.0,0.0,0.0,0.0,0.0,0.0,0.0,0.0,0.0,0.0,0.0,0.0,0.0,0.0,0.0,0.0,0.0,0.0,0.0,0.0,0.0,0.0,0.0,0.0,0.0,0.0,0.0,0.0,0.0,0.0,0.0,0.0,0.0,0.0,0.0,0.0,0.0,0.0,0.0,0.0,0.0,0.0,0.0,0.0,0.0,0.0,0.0,0.0,0.0,0.0,0.0,0.0,0.0,0.0,0.0,0.0,0.0,0.0,0.0,0.0,0.0,0.0,0.0,0.0,0.0,0.0,0.0,0.0,0.0,0.0,0.0,0.0,0.0,0.0,0.0,0.0,0.0,0.0,0.0,0.0,0.0,0.0,0.0,0.0,0.0
31.2379042354102,103.39914745962,23.46997760236,225.0,15.0,108.49425172219921,5.0,5.0,0.532326810478151,4.142322368808151e+17,0.0,0.0,0.0,0.0,0.0,0.0,0.0,0.0,0.0,0.0,0.0,0.0,0.0,7277971823175631.0,1.4555943646351262e+16,1.4634980527491958e+16,1.4714017408632658e+16,9403870133791340.0,4093722858950024.5,2046861429475012.2,0.0,0.0,0.0,0.0,0.0,0.0,0.0,0.0,0.0,0.0,0.0,0.0,0.0,0.0,0.0,0.0,0.0,0.0,0.0,661824133414016.6,1323648266828033.2,5470902809783396.0,9618157352738756.0,2.088799881658504e+16,3.215784028043132e+16,4.4755400456382856e+16,5.73529606323344e+16,6.4352948468396584e+16,7.1352936304458776e+16,7.012216552456476e+16,6.889139474467074e+16,6.115266931483174e+16,5.341394388499274e+16,4.3280928719238584e+16,3.314791355348445e+16,2.461066244164922e+16,1.6073411329813988e+16,1.1918858346866946e+16,7764305363919901.0,7302888630972328.0,6841471898024756.0,8610656277737838.0,1.037984065745092e+16,9699084492254010.0,9018328327057100.0,6275364348866206.0,3532400370675312.0,1766200185337656.0,0.0,0.0,0.0,0.0,0.0,0.0,0.0,0.0,0.0,0.0,0.0,0.0,0.0,0.0,0.0,0.0,0.0,0.0,0.0,0.0,0.0,0.0,0.0,0.0,0.0,0.0,0.0,0.0,0.0,0.0,0.0,0.0,0.0,0.0,0.0,0.0,0.0,0.0,0.0,0.0,0.0,0.0,0.0,0.0,0.0,0.0,0.0,0.0,0.0,0.0,0.0,0.0,0.0,0.0,0.0,0.0,0.0,0.0,0.0,0.0,0.0,0.0,0.0,0.0,0.0,0.0,0.0,0.0,0.0,0.0,0.0,0.0,0.0,0.0,0.0,0.0,0.0,0.0,0.0,0.0,0.0,0.0,0.0,0.0,0.0,0.0,0.0,0.0,0.0,0.0,0.0,0.0,0.0,0.0,0.0,0.0,0.0,0.0,0.0,0.0,0.0,0.0,0.0,0.0,0.0,0.0,0.0,0.0,0.0,0.0,0.0,0.0,0.0,0.0,0.0,0.0,0.0,0.0,0.0,0.0,0.0,0.0,0.0,0.0,0.0,0.0,0.0,0.0,0.0,0.0,0.0,0.0,0.0,0.0,0.0,0.0,0.0,0.0,0.0,0.0,0.0,0.0,0.0,0.0,0.0,0.0,0.0,0.0,0.0,0.0,0.0,0.0,0.0,0.0,0.0,0.0,0.0,0.0,0.0,0.0,0.0,0.0,0.0,0.0,0.0,0.0,0.0,0.0,0.0,0.0,0.0,0.0
31.2689168225811,103.362409477981,24.5511456592836,225.0,10.0,90.0,5.0,5.0,0.0,0.0,0.0,0.0,0.0,0.0,0.0,0.0,0.0,0.0,0.0,0.0,0.0,0.0,0.0,0.0,0.0,0.0,0.0,0.0,0.0,0.0,0.0,0.0,0.0,0.0,0.0,0.0,0.0,0.0,0.0,0.0,0.0,0.0,0.0,0.0,0.0,0.0,0.0,0.0,0.0,0.0,0.0,0.0,0.0,0.0,0.0,0.0,0.0,0.0,0.0,0.0,0.0,0.0,0.0,0.0,0.0,0.0,0.0,0.0,0.0,0.0,0.0,0.0,0.0,0.0,0.0,0.0,0.0,0.0,0.0,0.0,0.0,0.0,0.0,0.0,0.0,0.0,0.0,0.0,0.0,0.0,0.0,0.0,0.0,0.0,0.0,0.0,0.0,0.0,0.0,0.0,0.0,0.0,0.0,0.0,0.0,0.0,0.0,0.0,0.0,0.0,0.0,0.0,0.0,0.0,0.0,0.0,0.0,0.0,0.0,0.0,0.0,0.0,0.0,0.0,0.0,0.0,0.0,0.0,0.0,0.0,0.0,0.0,0.0,0.0,0.0,0.0,0.0,0.0,0.0,0.0,0.0,0.0,0.0,0.0,0.0,0.0,0.0,0.0,0.0,0.0,0.0,0.0,0.0,0.0,0.0,0.0,0.0,0.0,0.0,0.0,0.0,0.0,0.0,0.0,0.0,0.0,0.0,0.0,0.0,0.0,0.0,0.0,0.0,0.0,0.0,0.0,0.0,0.0,0.0,0.0,0.0,0.0,0.0,0.0,0.0,0.0,0.0,0.0,0.0,0.0,0.0,0.0,0.0,0.0,0.0,0.0,0.0,0.0,0.0,0.0,0.0,0.0,0.0,0.0,0.0,0.0,0.0,0.0,0.0,0.0,0.0,0.0,0.0,0.0,0.0,0.0,0.0,0.0,0.0,0.0,0.0,0.0,0.0,0.0,0.0,0.0,0.0,0.0,0.0,0.0,0.0,0.0,0.0,0.0,0.0,0.0,0.0,0.0,0.0,0.0,0.0,0.0,0.0,0.0,0.0,0.0,0.0,0.0,0.0,0.0
31.0435280195376,103.554404114824,2.46201938253052,225.0,80.0,113.8013379333784,5.0,5.0,6.070047948882446,4.723432091614671e+18,0.0,0.0,0.0,0.0,0.0,0.0,0.0,0.0,0.0,0.0,0.0,1.5128956242784844e+16,3.025791248556969e+16,2.9916947383056384e+16,2.9575982280543068e+16,2.4661468662995304e+16,1.9746955045447536e+16,2.632202232877025e+16,3.289708961209295e+16,4.406787431615449e+16,5.5238659020216024e+16,6.40393754559659e+16,7.284009189171579e+16,7.896595095504051e+16,8.509181001836523e+16,9.016210111253574e+16,9.523239220670624e+16,9.550395787596462e+16,9.577552354522302e+16,9.063101261968933e+16,8.54865016941556e+16,7.633766079128306e+16,6.71888198884105e+16,5.616797224090778e+16,4.5147124593405064e+16,3.5647780130549308e+16,2.6148435667693544e+16,3.775246444876114e+16,4.935649322982873e+16,7.856504157864638e+16,1.0777358992746408e+17,1.4274958758464842e+17,1.7772558524183274e+17,2.1765820455859814e+17,2.575908238753635e+17,3.0939158801923194e+17,3.611923521631004e+17,4.217156798426967e+17,4.82239007522293e+17,5.293346529138387e+17,5.7643029830538464e+17,5.879811233169651e+17,5.995319483285457e+17,5.6654185137566266e+17,5.335517544227797e+17,4.658359621731913e+17,3.981201699236029e+17,3.185267081710071e+17,2.389332464184113e+17,1.715392524219858e+17,1.041452584255603e+17,6.456655689963369e+16,2.4987855373707056e+16,1.8263690705520384e+16,1.1539526037333714e+16,1.7081716919858046e+16,2.2623907802382376e+16,2.3476332607826412e+16,2.4328757413270444e+16,1.8531488333768468e+16,1.2734219254266488e+16,6367109627133244.0,0.0,0.0,0.0,0.0,0.0,0.0,0.0,0.0,0.0,0.0,0.0,0.0,0.0,0.0,0.0,0.0,0.0,0.0,0.0,0.0,0.0,0.0,0.0,0.0,0.0,0.0,0.0,0.0,0.0,0.0,0.0,0.0,0.0,0.0,0.0,0.0,0.0,0.0,0.0,0.0,0.0,0.0,0.0,0.0,0.0,0.0,0.0,0.0,0.0,0.0,0.0,0.0,0.0,0.0,0.0,0.0,0.0,0.0,0.0,0.0,0.0,0.0,0.0,0.0,0.0,0.0,0.0,0.0,0.0,0.0,0.0,0.0,0.0,0.0,0.0,0.0,0.0,0.0,0.0,0.0,0.0,0.0,0.0,0.0,0.0,0.0,0.0,0.0,0.0,0.0,0.0,0.0,0.0,0.0,0.0,0.0,0.0,0.0,0.0,0.0,0.0,0.0,0.0,0.0,0.0,0.0,0.0,0.0,0.0,0.0,0.0,0.0,0.0,0.0,0.0,0.0,0.0,0.0,0.0,0.0,0.0,0.0,0.0,0.0,0.0,0.0,0.0,0.0,0.0,0.0,0.0,0.0,0.0,0.0,0.0,0.0,0.0,0.0,0.0,0.0,0.0,0.0,0.0,0.0,0.0,0.0,0.0,0.0,0.0,0.0,0.0,0.0,0.0,0.0,0.0,0.0,0.0,0.0,0.0,0.0,0.0,0.0,0.0,0.0,0.0,0.0,0.0,0.0
31.053007409817,103.543199647153,7.18980823265266,225.0,65.0,115.56197170422114,5.0,5.0,5.752955750087085,4.4766855287532657e+18,0.0,0.0,0.0,0.0,0.0,0.0,0.0,0.0,0.0,2.5082183011400836e+16,5.016436602280167e+16,6.158473238705752e+16,7.300509875131338e+16,5.901385403412463e+16,4.502260931693589e+16,2.719649584160241e+16,9370382366268928.0,1.902504929666278e+16,2.867971622705663e+16,4.1301687860363064e+16,5.39236594936695e+16,6.113950784817988e+16,6.835535620269024e+16,7.179682587549935e+16,7.523829554830845e+16,7.62890964909784e+16,7.733989743364835e+16,7.447866517942398e+16,7.161743292519963e+16,6.569397682837734e+16,5.977052073155506e+16,5.19944886179801e+16,4.421845650440513e+16,3.5890806026713772e+16,2.756315554902241e+16,2.0343434002131836e+16,1.3123712455241262e+16,2.6664123027620796e+16,4.020453360000032e+16,7.1258050249165656e+16,1.0231156689833102e+17,1.3902379425894139e+17,1.7573602161955174e+17,2.1524219112588554e+17,2.5474836063221933e+17,3.0639204100827514e+17,3.5803572138433094e+17,4.182472801821477e+17,4.784588389799644e+17,5.242250534913222e+17,5.699912680026798e+17,5.78262826021021e+17,5.86534384039362e+17,5.486610294523907e+17,5.1078767486541926e+17,4.385803331695e+17,3.6637299147358074e+17,2.8478699994923686e+17,2.03201008424893e+17,1.3857748037737192e+17,7.395395232985085e+16,4.198408544507477e+16,1.0014218560298686e+16,1.0529715050366128e+16,1.104521154043357e+16,1.5843354945434962e+16,2.064149835043635e+16,1.8948558437116876e+16,1.7255618523797408e+16,8627809261898704.0,0.0,0.0,0.0,0.0,0.0,0.0,0.0,0.0,0.0,0.0,0.0,0.0,0.0,0.0,0.0,0.0,0.0,0.0,0.0,0.0,0.0,0.0,0.0,0.0,0.0,0.0,0.0,0.0,0.0,0.0,0.0,0.0,0.0,0.0,0.0,0.0,0.0,0.0,0.0,0.0,0.0,0.0,0.0,0.0,0.0,0.0,0.0,0.0,0.0,0.0,0.0,0.0,0.0,0.0,0.0,0.0,0.0,0.0,0.0,0.0,0.0,0.0,0.0,0.0,0.0,0.0,0.0,0.0,0.0,0.0,0.0,0.0,0.0,0.0,0.0,0.0,0.0,0.0,0.0,0.0,0.0,0.0,0.0,0.0,0.0,0.0,0.0,0.0,0.0,0.0,0.0,0.0,0.0,0.0,0.0,0.0,0.0,0.0,0.0,0.0,0.0,0.0,0.0,0.0,0.0,0.0,0.0,0.0,0.0,0.0,0.0,0.0,0.0,0.0,0.0,0.0,0.0,0.0,0.0,0.0,0.0,0.0,0.0,0.0,0.0,0.0,0.0,0.0,0.0,0.0,0.0,0.0,0.0,0.0,0.0,0.0,0.0,0.0,0.0,0.0,0.0,0.0,0.0,0.0,0.0,0.0,0.0,0.0,0.0,0.0,0.0,0.0,0.0,0.0,0.0,0.0,0.0,0.0,0.0,0.0,0.0,0.0,0.0,0.0,0.0,0.0,0.0,0.0,0.0,0.0
31.0699451366346,103.523156738934,11.3706888080417,225.0,50.0,119.56502640557763,5.0,5.0,5.141212910723031,4.0006553913307694e+18,0.0,0.0,0.0,0.0,0.0,0.0,0.0,0.0,0.0,5.806525707523274e+16,1.1613051415046547e+17,1.3052459057053187e+17,1.449186669905983e+17,1.1393160398667957e+17,8.294454098276086e+16,4.7804335765283064e+16,1.2664130547805276e+16,1.827645753887093e+16,2.3888784529936584e+16,3.7095089757021736e+16,5.030139498410688e+16,5.7462575847374824e+16,6.462375671064275e+16,6.252881497034418e+16,6.043387323004559e+16,5.285948999974233e+16,4.5285106769439064e+16,3.708396000367779e+16,2.888281323791652e+16,2.3585779724717084e+16,1.8288746211517652e+16,1.3783614843644416e+16,9278483475771178.0,5513102052613797.0,1747720629456417.5,873860314728208.8,0.0,1.444504165327078e+16,2.889008330654156e+16,5.992225682244748e+16,9.09544303383534e+16,1.30049754046598e+17,1.6914507775484266e+17,2.100451409177092e+17,2.5094520408057578e+17,2.997742295856804e+17,3.4860325509078496e+17,4.014396958048514e+17,4.542761365189179e+17,4.902757480221801e+17,5.2627535952544224e+17,5.2474000478399514e+17,5.232046500425481e+17,4.7869830105501094e+17,4.341919520674738e+17,3.6132538067657824e+17,2.884588092856825e+17,2.1308374434856986e+17,1.3770867941145714e+17,8.549581200332971e+16,3.3282944595202276e+16,1.944421811842672e+16,5605491641651167.0,1.1108621130087454e+16,1.6611750618523742e+16,1.8726325862251524e+16,2.0840901105979304e+16,1.655651730115479e+16,1.2272133496330272e+16,6136066748165136.0,0.0,0.0,0.0,0.0,0.0,0.0,0.0,0.0,0.0,0.0,0.0,0.0,0.0,0.0,0.0,0.0,0.0,0.0,0.0,0.0,0.0,0.0,0.0,0.0,0.0,0.0,0.0,0.0,0.0,0.0,0.0,0.0,0.0,0.0,0.0,0.0,0.0,0.0,0.0,0.0,0.0,0.0,0.0,0.0,0.0,0.0,0.0,0.0,0.0,0.0,0.0,0.0,0.0,0.0,0.0,0.0,0.0,0.0,0.0,0.0,0.0,0.0,0.0,0.0,0.0,0.0,0.0,0.0,0.0,0.0,0.0,0.0,0.0,0.0,0.0,0.0,0.0,0.0,0.0,0.0,0.0,0.0,0.0,0.0,0.0,0.0,0.0,0.0,0.0,0.0,0.0,0.0,0.0,0.0,0.0,0.0,0.0,0.0,0.0,0.0,0.0,0.0,0.0,0.0,0.0,0.0,0.0,0.0,0.0,0.0,0.0,0.0,0.0,0.0,0.0,0.0,0.0,0.0,0.0,0.0,0.0,0.0,0.0,0.0,0.0,0.0,0.0,0.0,0.0,0.0,0.0,0.0,0.0,0.0,0.0,0.0,0.0,0.0,0.0,0.0,0.0,0.0,0.0,0.0,0.0,0.0,0.0,0.0,0.0,0.0,0.0,0.0,0.0,0.0,0.0,0.0,0.0,0.0,0.0,0.0,0.0,0.0,0.0,0.0,0.0,0.0,0.0,0.0,0.0,0.0
31.092342622027,103.496628289933,14.8927689400555,225.0,40.0,120.26026738460192,5.0,5.0,4.584412344045057,3.5673788031680374e+18,0.0,0.0,0.0,0.0,0.0,0.0,0.0,3.0945145511197424e+16,6.189029102239485e+16,1.195807609398976e+17,1.772712308574004e+17,1.912093806281421e+17,2.0514753039888387e+17,1.6765947583795773e+17,1.3017142127703158e+17,8.249747749783296e+16,3.4823533718634364e+16,2.4358663379713244e+16,1.389379304079212e+16,2.4193683602805852e+16,3.449357416481959e+16,4.0479567805327464e+16,4.646556144583535e+16,4.371855600416175e+16,4.097155056248815e+16,3.1891959549107684e+16,2.281236853572721e+16,1.4564054497778506e+16,6315740459829804.0,3157870229914902.0,0.0,0.0,0.0,0.0,0.0,0.0,0.0,9552099533052804.0,1.910419906610561e+16,4.643953993359886e+16,7.377488080109211e+16,1.126114632264185e+17,1.514480456517449e+17,1.9397382549724774e+17,2.3649960534275056e+17,2.8261989095930147e+17,3.287401765758524e+17,3.708748788020646e+17,4.130095810282768e+17,4.341792723945869e+17,4.55348963760897e+17,4.4149578335140096e+17,4.27642602941905e+17,3.804694258092665e+17,3.3329624867662803e+17,2.6796891835424013e+17,2.0264158803185226e+17,1.4182348371316266e+17,8.100537939447304e+16,4.616185604445129e+16,1.1318332694429532e+16,1.2008266331516744e+16,1.2698199968603956e+16,1.8776123583690824e+16,2.4854047198777692e+16,2.329720187479447e+16,2.174035655081125e+16,1.0870178275405624e+16,0.0,0.0,0.0,0.0,0.0,0.0,0.0,0.0,0.0,0.0,0.0,0.0,0.0,0.0,0.0,0.0,0.0,0.0,0.0,0.0,0.0,0.0,0.0,0.0,0.0,0.0,0.0,0.0,0.0,0.0,0.0,0.0,0.0,0.0,0.0,0.0,0.0,0.0,0.0,0.0,0.0,0.0,0.0,0.0,0.0,0.0,0.0,0.0,0.0,0.0,0.0,0.0,0.0,0.0,0.0,0.0,0.0,0.0,0.0,0.0,0.0,0.0,0.0,0.0,0.0,0.0,0.0,0.0,0.0,0.0,0.0,0.0,0.0,0.0,0.0,0.0,0.0,0.0,0.0,0.0,0.0,0.0,0.0,0.0,0.0,0.0,0.0,0.0,0.0,0.0,0.0,0.0,0.0,0.0,0.0,0.0,0.0,0.0,0.0,0.0,0.0,0.0,0.0,0.0,0.0,0.0,0.0,0.0,0.0,0.0,0.0,0.0,0.0,0.0,0.0,0.0,0.0,0.0,0.0,0.0,0.0,0.0,0.0,0.0,0.0,0.0,0.0,0.0,0.0,0.0,0.0,0.0,0.0,0.0,0.0,0.0,0.0,0.0,0.0,0.0,0.0,0.0,0.0,0.0,0.0,0.0,0.0,0.0,0.0,0.0,0.0,0.0,0.0,0.0,0.0,0.0,0.0,0.0,0.0,0.0,0.0,0.0,0.0,0.0,0.0,0.0,0.0,0.0,0.0,0.0,0.0,0.0
31.1182891218121,103.465876034275,17.7497379642719,225.0,30.0,119.32631881940944,5.0,5.0,3.6563772520200004,2.845224584168371e+18,0.0,0.0,0.0,0.0,0.0,0.0,0.0,0.0,0.0,7.645967516014846e+16,1.5291935032029693e+17,1.8351330475083904e+17,2.1410725918138112e+17,1.8703815053319616e+17,1.5996904188501117e+17,1.1085787679006437e+17,6.1746711695117544e+16,3.259330488108032e+16,3439898067043104.0,7897237830567818.0,1.2354577594092532e+16,1.566008597549648e+16,1.8965594356900424e+16,1.7238646071957592e+16,1.551169778701476e+16,1.0448916818727736e+16,5386135850440713.0,2693067925220356.5,0.0,0.0,0.0,0.0,0.0,0.0,0.0,0.0,0.0,5271856009651169.0,1.0543712019302338e+16,3.143691479475477e+16,5.233011757020719e+16,8.53412976496186e+16,1.1835247772903002e+17,1.5896907941899213e+17,1.9958568110895424e+17,2.423862102324821e+17,2.8518673935601005e+17,3.178742540778488e+17,3.505617687996875e+17,3.588491887612342e+17,3.671366087227808e+17,3.451278158797105e+17,3.2311902303664026e+17,2.791998189088605e+17,2.3528061478108077e+17,1.834528650016497e+17,1.3162511522221851e+17,8.85968042787085e+16,4.556849333519846e+16,2.5457687280995844e+16,5346881226793228.0,1.194003998371816e+16,1.8533198740643092e+16,2.3560206505088544e+16,2.8587214269533988e+16,2.5369562104786624e+16,2.2151909940039264e+16,1.4533335756496172e+16,6914761572953081.0,3457380786476540.5,0.0,0.0,0.0,0.0,0.0,0.0,0.0,0.0,0.0,0.0,0.0,0.0,0.0,0.0,0.0,0.0,0.0,0.0,0.0,0.0,0.0,0.0,0.0,0.0,0.0,0.0,0.0,0.0,0.0,0.0,0.0,0.0,0.0,0.0,0.0,0.0,0.0,0.0,0.0,0.0,0.0,0.0,0.0,0.0,0.0,0.0,0.0,0.0,0.0,0.0,0.0,0.0,0.0,0.0,0.0,0.0,0.0,0.0,0.0,0.0,0.0,0.0,0.0,0.0,0.0,0.0,0.0,0.0,0.0,0.0,0.0,0.0,0.0,0.0,0.0,0.0,0.0,0.0,0.0,0.0,0.0,0.0,0.0,0.0,0.0,0.0,0.0,0.0,0.0,0.0,0.0,0.0,0.0,0.0,0.0,0.0,0.0,0.0,0.0,0.0,0.0,0.0,0.0,0.0,0.0,0.0,0.0,0.0,0.0,0.0,0.0,0.0,0.0,0.0,0.0,0.0,0.0,0.0,0.0,0.0,0.0,0.0,0.0,0.0,0.0,0.0,0.0,0.0,0.0,0.0,0.0,0.0,0.0,0.0,0.0,0.0,0.0,0.0,0.0,0.0,0.0,0.0,0.0,0.0,0.0,0.0,0.0,0.0,0.0,0.0,0.0,0.0,0.0,0.0,0.0,0.0,0.0,0.0,0.0,0.0,0.0,0.0,0.0,0.0,0.0,0.0,0.0,0.0,0.0,0.0
31.1464655156362,103.432463997326,20.0562836186236,225.0,25.0,115.03209732112845,5.0,5.0,2.599546326799138,2.0228473723840566e+18,0.0,0.0,0.0,0.0,0.0,0.0,0.0,0.0,0.0,4.8727297772391736e+16,9.745459554478347e+16,1.3143050251402515e+17,1.6540640948326685e+17,1.563450879809793e+17,1.472837664786917e+17,1.1024601625643014e+17,7.320826603416859e+16,4.160442398105804e+16,1.0000581927947508e+16,5000290963973754.0,0.0,645736436678056.9,1291472873356113.8,645736436678056.9,0.0,0.0,0.0,0.0,0.0,0.0,0.0,0.0,0.0,0.0,0.0,0.0,0.0,1392556937559953.0,2785113875119906.0,1.4731228914616192e+16,2.667734395411248e+16,4.971839404330615e+16,7.27594441324998e+16,1.061662200895923e+17,1.3957299604668477e+17,1.764659177146237e+17,2.1335883938256262e+17,2.3761840600763706e+17,2.6187797263271142e+17,2.6305948398011072e+17,2.6424099532751008e+17,2.427426481875047e+17,2.2124430104749942e+17,1.866049797459635e+17,1.5196565844442762e+17,1.1630386981599293e+17,8.064208118755826e+16,5.463107991205968e+16,2.8620078636561116e+16,1.7579874262449942e+16,6539669888338767.0,1.1487944142069298e+16,1.643621839579983e+16,1.9194724317352216e+16,2.195323023890461e+16,1.8617981491186376e+16,1.5282732743468142e+16,9764168425775644.0,4245604108083147.0,2122802054041573.5,0.0,0.0,0.0,0.0,0.0,0.0,0.0,0.0,0.0,0.0,0.0,0.0,0.0,0.0,0.0,0.0,0.0,0.0,0.0,0.0,0.0,0.0,0.0,0.0,0.0,0.0,0.0,0.0,0.0,0.0,0.0,0.0,0.0,0.0,0.0,0.0,0.0,0.0,0.0,0.0,0.0,0.0,0.0,0.0,0.0,0.0,0.0,0.0,0.0,0.0,0.0,0.0,0.0,0.0,0.0,0.0,0.0,0.0,0.0,0.0,0.0,0.0,0.0,0.0,0.0,0.0,0.0,0.0,0.0,0.0,0.0,0.0,0.0,0.0,0.0,0.0,0.0,0.0,0.0,0.0,0.0,0.0,0.0,0.0,0.0,0.0,0.0,0.0,0.0,0.0,0.0,0.0,0.0,0.0,0.0,0.0,0.0,0.0,0.0,0.0,0.0,0.0,0.0,0.0,0.0,0.0,0.0,0.0,0.0,0.0,0.0,0.0,0.0,0.0,0.0,0.0,0.0,0.0,0.0,0.0,0.0,0.0,0.0,0.0,0.0,0.0,0.0,0.0,0.0,0.0,0.0,0.0,0.0,0.0,0.0,0.0,0.0,0.0,0.0,0.0,0.0,0.0,0.0,0.0,0.0,0.0,0.0,0.0,0.0,0.0,0.0,0.0,0.0,0.0,0.0,0.0,0.0,0.0,0.0,0.0,0.0,0.0,0.0,0.0,0.0,0.0,0.0,0.0,0.0,0.0
31.1758130642572,103.397647039279,21.9678796312896,225.0,20.0,109.54739025369992,5.0,5.0,1.416494105134503,1.102250553886834e+18,0.0,0.0,0.0,0.0,0.0,0.0,0.0,0.0,0.0,0.0,0.0,3.459946269248405e+16,6.91989253849681e+16,8.258086906092595e+16,9.596281273688378e+16,7.930829367109034e+16,6.265377460529691e+16,3.959254043730496e+16,1.653130626931302e+16,8265653134656510.0,0.0,0.0,0.0,0.0,0.0,0.0,0.0,0.0,0.0,0.0,0.0,0.0,0.0,0.0,0.0,0.0,0.0,0.0,0.0,3367045658086574.0,6734091316173148.0,1.8362231650673296e+16,2.999037198517344e+16,5.273940761449624e+16,7.548844324381906e+16,1.0179890434067414e+17,1.2810936543752923e+17,1.4400090670085822e+17,1.5989244796418723e+17,1.5924535473312547e+17,1.5859826150206378e+17,1.4337234544862614e+17,1.2814642939518854e+17,1.058383347965423e+17,8.353024019789608e+16,6.2659772561661096e+16,4.178930492542611e+16,2.8842258379740244e+16,1.5895211834054382e+16,1.0841894185407794e+16,5788576536761208.0,7558125792608203.0,9327675048455198.0,9685203814359946.0,1.0042732580264696e+16,7306657751822402.0,4570582923380110.0,2285291461690055.0,0.0,0.0,0.0,0.0,0.0,0.0,0.0,0.0,0.0,0.0,0.0,0.0,0.0,0.0,0.0,0.0,0.0,0.0,0.0,0.0,0.0,0.0,0.0,0.0,0.0,0.0,0.0,0.0,0.0,0.0,0.0,0.0,0.0,0.0,0.0,0.0,0.0,0.0,0.0,0.0,0.0,0.0,0.0,0.0,0.0,0.0,0.0,0.0,0.0,0.0,0.0,0.0,0.0,0.0,0.0,0.0,0.0,0.0,0.0,0.0,0.0,0.0,0.0,0.0,0.0,0.0,0.0,0.0,0.0,0.0,0.0,0.0,0.0,0.0,0.0,0.0,0.0,0.0,0.0,0.0,0.0,0.0,0.0,0.0,0.0,0.0,0.0,0.0,0.0,0.0,0.0,0.0,0.0,0.0,0.0,0.0,0.0,0.0,0.0,0.0,0.0,0.0,0.0,0.0,0.0,0.0,0.0,0.0,0.0,0.0,0.0,0.0,0.0,0.0,0.0,0.0,0.0,0.0,0.0,0.0,0.0,0.0,0.0,0.0,0.0,0.0,0.0,0.0,0.0,0.0,0.0,0.0,0.0,0.0,0.0,0.0,0.0,0.0,0.0,0.0,0.0,0.0,0.0,0.0,0.0,0.0,0.0,0.0,0.0,0.0,0.0,0.0,0.0,0.0,0.0,0.0,0.0,0.0,0.0,0.0,0.0,0.0,0.0,0.0,0.0,0.0,0.0,0.0,0.0,0.0,0.0,0.0
31.2061084151096,103.361692707892,23.46997760236,225.0,15.0,101.16501678947768,5.0,5.0,0.5183364953972457,4.0334561723934835e+17,0.0,0.0,0.0,0.0,0.0,0.0,0.0,0.0,0.0,0.0,0.0,0.0,0.0,1.7807498567900704e+16,3.561499713580141e+16,3.3292804750004812e+16,3.0970612364208228e+16,2.0550611429847172e+16,1.0130610495486108e+16,5065305247743054.0,0.0,0.0,0.0,0.0,0.0,0.0,0.0,0.0,0.0,0.0,0.0,0.0,0.0,0.0,0.0,0.0,0.0,0.0,0.0,0.0,0.0,2454647533296174.0,4909295066592348.0,1.521655832977019e+16,2.552382159294803e+16,3.750101241123552e+16,4.947820322952299e+16,5.658299756789235e+16,6.3687791906261736e+16,6.346206705073237e+16,6.3236342195202984e+16,5.670630426011244e+16,5.01762663250219e+16,4.077821717643509e+16,3.1380168027848268e+16,2.3703763063504372e+16,1.602735809916048e+16,1.2351751292530242e+16,8676144485900003.0,7573943625700896.0,6471742765501787.0,5676936294845691.0,4882129824189595.0,3531131774946020.5,2180133725702446.2,1090066862851223.1,0.0,0.0,0.0,0.0,0.0,0.0,0.0,0.0,0.0,0.0,0.0,0.0,0.0,0.0,0.0,0.0,0.0,0.0,0.0,0.0,0.0,0.0,0.0,0.0,0.0,0.0,0.0,0.0,0.0,0.0,0.0,0.0,0.0,0.0,0.0,0.0,0.0,0.0,0.0,0.0,0.0,0.0,0.0,0.0,0.0,0.0,0.0,0.0,0.0,0.0,0.0,0.0,0.0,0.0,0.0,0.0,0.0,0.0,0.0,0.0,0.0,0.0,0.0,0.0,0.0,0.0,0.0,0.0,0.0,0.0,0.0,0.0,0.0,0.0,0.0,0.0,0.0,0.0,0.0,0.0,0.0,0.0,0.0,0.0,0.0,0.0,0.0,0.0,0.0,0.0,0.0,0.0,0.0,0.0,0.0,0.0,0.0,0.0,0.0,0.0,0.0,0.0,0.0,0.0,0.0,0.0,0.0,0.0,0.0,0.0,0.0,0.0,0.0,0.0,0.0,0.0,0.0,0.0,0.0,0.0,0.0,0.0,0.0,0.0,0.0,0.0,0.0,0.0,0.0,0.0,0.0,0.0,0.0,0.0,0.0,0.0,0.0,0.0,0.0,0.0,0.0,0.0,0.0,0.0,0.0,0.0,0.0,0.0,0.0,0.0,0.0,0.0,0.0,0.0,0.0,0.0,0.0,0.0,0.0,0.0,0.0,0.0,0.0,0.0,0.0,0.0,0.0,0.0,0.0,0.0,0.0,0.0,0.0,0.0
31.2371210022805,103.32494543377,24.5511456592836,225.0,10.0,90.0,5.0,5.0,0.0,0.0,0.0,0.0,0.0,0.0,0.0,0.0,0.0,0.0,0.0,0.0,0.0,0.0,0.0,0.0,0.0,0.0,0.0,0.0,0.0,0.0,0.0,0.0,0.0,0.0,0.0,0.0,0.0,0.0,0.0,0.0,0.0,0.0,0.0,0.0,0.0,0.0,0.0,0.0,0.0,0.0,0.0,0.0,0.0,0.0,0.0,0.0,0.0,0.0,0.0,0.0,0.0,0.0,0.0,0.0,0.0,0.0,0.0,0.0,0.0,0.0,0.0,0.0,0.0,0.0,0.0,0.0,0.0,0.0,0.0,0.0,0.0,0.0,0.0,0.0,0.0,0.0,0.0,0.0,0.0,0.0,0.0,0.0,0.0,0.0,0.0,0.0,0.0,0.0,0.0,0.0,0.0,0.0,0.0,0.0,0.0,0.0,0.0,0.0,0.0,0.0,0.0,0.0,0.0,0.0,0.0,0.0,0.0,0.0,0.0,0.0,0.0,0.0,0.0,0.0,0.0,0.0,0.0,0.0,0.0,0.0,0.0,0.0,0.0,0.0,0.0,0.0,0.0,0.0,0.0,0.0,0.0,0.0,0.0,0.0,0.0,0.0,0.0,0.0,0.0,0.0,0.0,0.0,0.0,0.0,0.0,0.0,0.0,0.0,0.0,0.0,0.0,0.0,0.0,0.0,0.0,0.0,0.0,0.0,0.0,0.0,0.0,0.0,0.0,0.0,0.0,0.0,0.0,0.0,0.0,0.0,0.0,0.0,0.0,0.0,0.0,0.0,0.0,0.0,0.0,0.0,0.0,0.0,0.0,0.0,0.0,0.0,0.0,0.0,0.0,0.0,0.0,0.0,0.0,0.0,0.0,0.0,0.0,0.0,0.0,0.0,0.0,0.0,0.0,0.0,0.0,0.0,0.0,0.0,0.0,0.0,0.0,0.0,0.0,0.0,0.0,0.0,0.0,0.0,0.0,0.0,0.0,0.0,0.0,0.0,0.0,0.0,0.0,0.0,0.0,0.0,0.0,0.0,0.0,0.0,0.0,0.0,0.0,0.0,0.0,0.0
31.011732199237,103.51700971061,2.46201938253052,225.0,80.0,122.6848527088235,5.0,5.0,4.836408053729708,3.7634702726419876e+18,0.0,0.0,0.0,0.0,0.0,0.0,0.0,0.0,0.0,2.110568122276793e+16,4.221136244553586e+16,5.24361698044487e+16,6.2660977163361544e+16,5.185705845563126e+16,4.1053139747900984e+16,2.8688149983162636e+16,1.632316021842429e+16,2.288779408928973e+16,2.945242796015517e+16,4.160728533977159e+16,5.376214271938802e+16,6.275944632312027e+16,7.175674992685253e+16,7.55105366328706e+16,7.926432333888866e+16,7.763305814187272e+16,7.600179294485678e+16,7.0673068823754936e+16,6.534434470265307e+16,5.865545245835106e+16,5.196656021404906e+16,4.581857753134096e+16,3.967059484863286e+16,3.3291154892381476e+16,2.6911714936130084e+16,2.1629388170736024e+16,1.6347061405341968e+16,3.1865894740434824e+16,4.738472807552767e+16,7.740432287027448e+16,1.0742391766502128e+17,1.4169247402997291e+17,1.759610303949245e+17,2.0709465206358742e+17,2.382282737322504e+17,2.6989903120573574e+17,3.0156978867922106e+17,3.391944030469019e+17,3.768190174145828e+17,4.083091864813284e+17,4.39799355548074e+17,4.4618512197127443e+17,4.525708883944749e+17,4.2487398859152634e+17,3.971770887885777e+17,3.4295560295234835e+17,2.8873411711611904e+17,2.268232049788432e+17,1.6491229284156736e+17,1.1476766656991136e+17,6.4623040298255384e+16,3.845352133844782e+16,1.228400237864027e+16,8358947722504083.0,4433893066367896.0,7298313988462203.0,1.0162734910556512e+16,9411242838106318.0,8659750765656128.0,4329875382828064.0,0.0,0.0,0.0,0.0,0.0,0.0,0.0,0.0,0.0,0.0,0.0,0.0,0.0,0.0,0.0,0.0,0.0,0.0,0.0,0.0,0.0,0.0,0.0,0.0,0.0,0.0,0.0,0.0,0.0,0.0,0.0,0.0,0.0,0.0,0.0,0.0,0.0,0.0,0.0,0.0,0.0,0.0,0.0,0.0,0.0,0.0,0.0,0.0,0.0,0.0,0.0,0.0,0.0,0.0,0.0,0.0,0.0,0.0,0.0,0.0,0.0,0.0,0.0,0.0,0.0,0.0,0.0,0.0,0.0,0.0,0.0,0.0,0.0,0.0,0.0,0.0,0.0,0.0,0.0,0.0,0.0,0.0,0.0,0.0,0.0,0.0,0.0,0.0,0.0,0.0,0.0,0.0,0.0,0.0,0.0,0.0,0.0,0.0,0.0,0.0,0.0,0.0,0.0,0.0,0.0,0.0,0.0,0.0,0.0,0.0,0.0,0.0,0.0,0.0,0.0,0.0,0.0,0.0,0.0,0.0,0.0,0.0,0.0,0.0,0.0,0.0,0.0,0.0,0.0,0.0,0.0,0.0,0.0,0.0,0.0,0.0,0.0,0.0,0.0,0.0,0.0,0.0,0.0,0.0,0.0,0.0,0.0,0.0,0.0,0.0,0.0,0.0,0.0,0.0,0.0,0.0,0.0,0.0,0.0,0.0,0.0,0.0,0.0,0.0,0.0,0.0,0.0,0.0,0.0,0.0
31.0212115895164,103.505802769675,7.18980823265266,225.0,65.0,122.49257630500023,5.0,5.0,4.9084893660589595,3.8195606341562435e+18,0.0,0.0,0.0,0.0,0.0,0.0,0.0,3.695234657319882e+16,7.390469314639763e+16,1.0247936715049358e+17,1.310540411545895e+17,1.2951231530452379e+17,1.2797058945445806e+17,9.827569025905883e+16,6.858079106365961e+16,4.049843791550507e+16,1.2416084767350536e+16,1.9393425896676196e+16,2.6370767026001856e+16,3.922648565208611e+16,5.208220427817037e+16,6.1184821090232424e+16,7.028743790229447e+16,7.246898750999862e+16,7.465053711770277e+16,7.043585276435284e+16,6.622116841100292e+16,5.783836327209194e+16,4.9455558133180936e+16,4.253058561829019e+16,3.5605613103399464e+16,3.0836765748462276e+16,2.6067918393525084e+16,2.1726320087826172e+16,1.7384721782127258e+16,1.306944225961504e+16,8754162737102823.0,2.370726648376343e+16,3.866037023042405e+16,6.989407013469675e+16,1.0112777003896949e+17,1.379866205156506e+17,1.748454709923317e+17,2.0785708908255507e+17,2.408687071727785e+17,2.731124817958251e+17,3.0535625641887174e+17,3.429915242846546e+17,3.8062679215043744e+17,4.112271931642834e+17,4.4182759417812915e+17,4.457487828782877e+17,4.496699715784463e+17,4.175101204512834e+17,3.853502693241206e+17,3.266800061863904e+17,2.6800974304866022e+17,2.0416154703188355e+17,1.4031335101510683e+17,9.231699738798472e+16,4.432064376086261e+16,2.363341727471573e+16,2946190788568848.0,2100881767243505.5,1255572745918163.0,2415607493786528.0,3575642241654893.5,1787821120827446.8,0.0,0.0,0.0,0.0,0.0,0.0,0.0,0.0,0.0,0.0,0.0,0.0,0.0,0.0,0.0,0.0,0.0,0.0,0.0,0.0,0.0,0.0,0.0,0.0,0.0,0.0,0.0,0.0,0.0,0.0,0.0,0.0,0.0,0.0,0.0,0.0,0.0,0.0,0.0,0.0,0.0,0.0,0.0,0.0,0.0,0.0,0.0,0.0,0.0,0.0,0.0,0.0,0.0,0.0,0.0,0.0,0.0,0.0,0.0,0.0,0.0,0.0,0.0,0.0,0.0,0.0,0.0,0.0,0.0,0.0,0.0,0.0,0.0,0.0,0.0,0.0,0.0,0.0,0.0,0.0,0.0,0.0,0.0,0.0,0.0,0.0,0.0,0.0,0.0,0.0,0.0,0.0,0.0,0.0,0.0,0.0,0.0,0.0,0.0,0.0,0.0,0.0,0.0,0.0,0.0,0.0,0.0,0.0,0.0,0.0,0.0,0.0,0.0,0.0,0.0,0.0,0.0,0.0,0.0,0.0,0.0,0.0,0.0,0.0,0.0,0.0,0.0,0.0,0.0,0.0,0.0,0.0,0.0,0.0,0.0,0.0,0.0,0.0,0.0,0.0,0.0,0.0,0.0,0.0,0.0,0.0,0.0,0.0,0.0,0.0,0.0,0.0,0.0,0.0,0.0,0.0,0.0,0.0,0.0,0.0,0.0,0.0,0.0,0.0,0.0,0.0,0.0,0.0,0.0,0.0,0.0,0.0
31.0381493163339,103.485754520905,11.3706888080417,225.0,50.0,121.73882130133273,5.0,5.0,4.913635880046676,3.823565414601841e+18,0.0,0.0,0.0,0.0,0.0,3.608714433757563e+16,7.217428867515126e+16,1.2527873315651189e+17,1.7838317763787254e+17,2.1908071979534077e+17,2.59778261952809e+17,2.4687647162837514e+17,2.3397468130394134e+17,1.7840519548591786e+17,1.2283570966789434e+17,7.27603089287094e+16,2.2684908189524476e+16,2.1271690948528104e+16,1.985847370753173e+16,3.2593867271715652e+16,4.5329260835899576e+16,5.396372281576919e+16,6.259818479563879e+16,6.2421836062694184e+16,6.224548732974958e+16,5.447583921156588e+16,4.6706191093382184e+16,3.5335170684539252e+16,2.3964150275696308e+16,1.5799589518071138e+16,7635028760445965.0,4899576624881292.0,2164124489316618.5,1082062244658309.2,0.0,0.0,0.0,1.231800652294795e+16,2.46360130458959e+16,5.435579041283793e+16,8.407556777977997e+16,1.2370663707743302e+17,1.633377063750861e+17,2.005009090598218e+17,2.3766411174455744e+17,2.71371716297012e+17,3.0507932084946656e+17,3.3848954479735686e+17,3.718997687452471e+17,3.9458005221635584e+17,4.1726033568746464e+17,4.1241901957322e+17,4.075777034589753e+17,3.693219164947623e+17,3.310661295305494e+17,2.7099961561075952e+17,2.1093310169096963e+17,1.513907098659846e+17,9.184831804099957e+16,5.387592320398625e+16,1.590352836697291e+16,7951764183486455.0,0.0,975940285511466.9,1951880571022933.8,975940285511466.9,0.0,0.0,0.0,0.0,0.0,0.0,0.0,0.0,0.0,0.0,0.0,0.0,0.0,0.0,0.0,0.0,0.0,0.0,0.0,0.0,0.0,0.0,0.0,0.0,0.0,0.0,0.0,0.0,0.0,0.0,0.0,0.0,0.0,0.0,0.0,0.0,0.0,0.0,0.0,0.0,0.0,0.0,0.0,0.0,0.0,0.0,0.0,0.0,0.0,0.0,0.0,0.0,0.0,0.0,0.0,0.0,0.0,0.0,0.0,0.0,0.0,0.0,0.0,0.0,0.0,0.0,0.0,0.0,0.0,0.0,0.0,0.0,0.0,0.0,0.0,0.0,0.0,0.0,0.0,0.0,0.0,0.0,0.0,0.0,0.0,0.0,0.0,0.0,0.0,0.0,0.0,0.0,0.0,0.0,0.0,0.0,0.0,0.0,0.0,0.0,0.0,0.0,0.0,0.0,0.0,0.0,0.0,0.0,0.0,0.0,0.0,0.0,0.0,0.0,0.0,0.0,0.0,0.0,0.0,0.0,0.0,0.0,0.0,0.0,0.0,0.0,0.0,0.0,0.0,0.0,0.0,0.0,0.0,0.0,0.0,0.0,0.0,0.0,0.0,0.0,0.0,0.0,0.0,0.0,0.0,0.0,0.0,0.0,0.0,0.0,0.0,0.0,0.0,0.0,0.0,0.0,0.0,0.0,0.0,0.0,0.0,0.0,0.0,0.0,0.0,0.0,0.0,0.0,0.0,0.0,0.0,0.0,0.0,0.0
31.0605468017263,103.45921811369,14.8927689400555,225.0,40.0,118.10635023567569,5.0,5.0,4.741016826165432,3.6892412073479357e+18,0.0,0.0,0.0,0.0,0.0,5.46009881219471e+16,1.092019762438942e+17,1.828015982878677e+17,2.5640122033184112e+17,3.0442699944613094e+17,3.524527785604208e+17,3.375802150455284e+17,3.2270765153063597e+17,2.5670740027741178e+17,1.907071490241877e+17,1.2199057219589962e+17,5.3273995367611544e+16,3.115877363510203e+16,9043551902592520.0,1.858905546099695e+16,2.8134559019401384e+16,3.4843033520627988e+16,4.155150802185459e+16,4.0517544955336104e+16,3.948358188881762e+16,3.1775983155318144e+16,2.4068384421818676e+16,1.5869187261061728e+16,7669990100304778.0,3834995050152389.0,0.0,0.0,0.0,0.0,0.0,0.0,0.0,6044652235786184.0,1.2089304471572368e+16,3.714327504059943e+16,6.21972456096265e+16,1.011170439743212e+17,1.4003684233901592e+17,1.7976635062196778e+17,2.1949585890491965e+17,2.5462831985954605e+17,2.8976078081417254e+17,3.1883397462478054e+17,3.479071684353887e+17,3.599798767886099e+17,3.7205258514183123e+17,3.564765885149757e+17,3.409005918881202e+17,2.9936001507078317e+17,2.578194382534462e+17,2.0361165888964397e+17,1.4940387952584173e+17,1.0124282742697099e+17,5.3081775328100264e+16,2.7778424169150868e+16,2475073010201474.5,2327264913092197.0,2179456815982919.5,3662158606159175.0,5144860396335431.0,2572430198167715.5,0.0,0.0,0.0,0.0,0.0,0.0,0.0,0.0,0.0,0.0,0.0,0.0,0.0,0.0,0.0,0.0,0.0,0.0,0.0,0.0,0.0,0.0,0.0,0.0,0.0,0.0,0.0,0.0,0.0,0.0,0.0,0.0,0.0,0.0,0.0,0.0,0.0,0.0,0.0,0.0,0.0,0.0,0.0,0.0,0.0,0.0,0.0,0.0,0.0,0.0,0.0,0.0,0.0,0.0,0.0,0.0,0.0,0.0,0.0,0.0,0.0,0.0,0.0,0.0,0.0,0.0,0.0,0.0,0.0,0.0,0.0,0.0,0.0,0.0,0.0,0.0,0.0,0.0,0.0,0.0,0.0,0.0,0.0,0.0,0.0,0.0,0.0,0.0,0.0,0.0,0.0,0.0,0.0,0.0,0.0,0.0,0.0,0.0,0.0,0.0,0.0,0.0,0.0,0.0,0.0,0.0,0.0,0.0,0.0,0.0,0.0,0.0,0.0,0.0,0.0,0.0,0.0,0.0,0.0,0.0,0.0,0.0,0.0,0.0,0.0,0.0,0.0,0.0,0.0,0.0,0.0,0.0,0.0,0.0,0.0,0.0,0.0,0.0,0.0,0.0,0.0,0.0,0.0,0.0,0.0,0.0,0.0,0.0,0.0,0.0,0.0,0.0,0.0,0.0,0.0,0.0,0.0,0.0,0.0,0.0,0.0,0.0,0.0,0.0,0.0,0.0,0.0,0.0,0.0,0.0,0.0,0.0,0.0,0.0
31.0864933015114,103.428456066944,17.7497379642719,225.0,30.0,113.64605208635142,5.0,5.0,4.028731867918363,3.1349738179481457e+18,0.0,0.0,0.0,0.0,0.0,4.079559101910933e+16,8.159118203821866e+16,1.501298509932323e+17,2.1866851994824595e+17,2.818105617328839e+17,3.449526035175219e+17,3.464256982061729e+17,3.4789879289482406e+17,2.918237900024971e+17,2.357487871101701e+17,1.623963263374087e+17,8.904386556464731e+16,4.55412399246586e+16,2038614284669893.8,4736909758230722.0,7435205231791551.0,1.1001671897476404e+16,1.4568138563161258e+16,1.3559848572425862e+16,1.2551558581690466e+16,8516628552626880.0,4481698523563293.5,2240849261781646.8,0.0,0.0,0.0,0.0,0.0,0.0,0.0,0.0,0.0,1331821813930399.2,2663643627860798.5,2.057730181696787e+16,3.849096000607494e+16,7.1172798743017384e+16,1.0385463747995982e+17,1.4156457431683597e+17,1.7927451115371213e+17,2.1473167244859882e+17,2.501888337434855e+17,2.750339185044977e+17,2.998790032655099e+17,3.0363287200217325e+17,3.0738674073883654e+17,2.8609389379189235e+17,2.648010468449482e+17,2.2613547067802458e+17,1.87469894511101e+17,1.4376503584996314e+17,1.000601771888253e+17,6.523433872603285e+16,3.0408500263240412e+16,1.5204250131620206e+16,0.0,2271631771590656.5,4543263543181313.0,5758451433043631.0,6973639322905951.0,3486819661452975.5,0.0,0.0,0.0,0.0,0.0,0.0,0.0,0.0,0.0,0.0,0.0,0.0,0.0,0.0,0.0,0.0,0.0,0.0,0.0,0.0,0.0,0.0,0.0,0.0,0.0,0.0,0.0,0.0,0.0,0.0,0.0,0.0,0.0,0.0,0.0,0.0,0.0,0.0,0.0,0.0,0.0,0.0,0.0,0.0,0.0,0.0,0.0,0.0,0.0,0.0,0.0,0.0,0.0,0.0,0.0,0.0,0.0,0.0,0.0,0.0,0.0,0.0,0.0,0.0,0.0,0.0,0.0,0.0,0.0,0.0,0.0,0.0,0.0,0.0,0.0,0.0,0.0,0.0,0.0,0.0,0.0,0.0,0.0,0.0,0.0,0.0,0.0,0.0,0.0,0.0,0.0,0.0,0.0,0.0,0.0,0.0,0.0,0.0,0.0,0.0,0.0,0.0,0.0,0.0,0.0,0.0,0.0,0.0,0.0,0.0,0.0,0.0,0.0,0.0,0.0,0.0,0.0,0.0,0.0,0.0,0.0,0.0,0.0,0.0,0.0,0.0,0.0,0.0,0.0,0.0,0.0,0.0,0.0,0.0,0.0,0.0,0.0,0.0,0.0,0.0,0.0,0.0,0.0,0.0,0.0,0.0,0.0,0.0,0.0,0.0,0.0,0.0,0.0,0.0,0.0,0.0,0.0,0.0,0.0,0.0,0.0,0.0,0.0,0.0,0.0,0.0,0.0,0.0,0.0,0.0,0.0,0.0,0.0,0.0
31.1146696953355,103.395033054878,20.0562836186236,225.0,25.0,109.13115304209119,5.0,5.0,2.8893551269349,2.2483632494449e+18,0.0,0.0,0.0,0.0,0.0,0.0,0.0,6.190002377296691e+16,1.2380004754593382e+17,1.8655298432490285e+17,2.4930592110387184e+17,2.689897408931455e+17,2.8867356068241914e+17,2.560325761079001e+17,2.2339159153338112e+17,1.6523328716893606e+17,1.0707498280449104e+17,6.136869831366659e+16,1.5662413822842144e+16,7831206911421072.0,0.0,0.0,0.0,0.0,0.0,0.0,0.0,0.0,0.0,0.0,0.0,0.0,0.0,0.0,0.0,0.0,0.0,0.0,0.0,8305163930856401.0,1.6610327861712802e+16,3.809116728668209e+16,5.957200671165138e+16,9.019271556933803e+16,1.2081342442702469e+17,1.5283804236978058e+17,1.848626603125365e+17,2.0520030254517555e+17,2.255379447778146e+17,2.254435738175498e+17,2.2534920285728502e+17,2.0564083009027072e+17,1.8593245732325648e+17,1.5595038032790147e+17,1.2596830333254643e+17,9.544544502466443e+16,6.4922586716782424e+16,4.25774422112987e+16,2.023229770581498e+16,1.0731294332143018e+16,1230290958471055.8,2146856424020961.8,3063421889570868.0,4050269523149906.5,5037117156728945.0,3179903538746931.5,1322689920764918.0,661344960382459.0,0.0,0.0,0.0,0.0,0.0,0.0,0.0,0.0,0.0,0.0,0.0,0.0,0.0,0.0,0.0,0.0,0.0,0.0,0.0,0.0,0.0,0.0,0.0,0.0,0.0,0.0,0.0,0.0,0.0,0.0,0.0,0.0,0.0,0.0,0.0,0.0,0.0,0.0,0.0,0.0,0.0,0.0,0.0,0.0,0.0,0.0,0.0,0.0,0.0,0.0,0.0,0.0,0.0,0.0,0.0,0.0,0.0,0.0,0.0,0.0,0.0,0.0,0.0,0.0,0.0,0.0,0.0,0.0,0.0,0.0,0.0,0.0,0.0,0.0,0.0,0.0,0.0,0.0,0.0,0.0,0.0,0.0,0.0,0.0,0.0,0.0,0.0,0.0,0.0,0.0,0.0,0.0,0.0,0.0,0.0,0.0,0.0,0.0,0.0,0.0,0.0,0.0,0.0,0.0,0.0,0.0,0.0,0.0,0.0,0.0,0.0,0.0,0.0,0.0,0.0,0.0,0.0,0.0,0.0,0.0,0.0,0.0,0.0,0.0,0.0,0.0,0.0,0.0,0.0,0.0,0.0,0.0,0.0,0.0,0.0,0.0,0.0,0.0,0.0,0.0,0.0,0.0,0.0,0.0,0.0,0.0,0.0,0.0,0.0,0.0,0.0,0.0,0.0,0.0,0.0,0.0,0.0,0.0,0.0,0.0,0.0,0.0,0.0,0.0,0.0,0.0,0.0,0.0,0.0,0.0,0.0,0.0
31.1440172439566,103.360204416128,21.9678796312896,225.0,20.0,103.60667101098657,5.0,5.0,1.6026082832232933,1.2470760460233385e+18,0.0,0.0,0.0,0.0,0.0,0.0,0.0,0.0,0.0,4.608386854614022e+16,9.216773709228045e+16,1.279156752443317e+17,1.6366361339638294e+17,1.61038557319212e+17,1.5841350124204102e+17,1.2622081084972178e+17,9.402812045740258e+16,6.0108443504943176e+16,2.6188766552483788e+16,1.3094383276241894e+16,0.0,0.0,0.0,0.0,0.0,0.0,0.0,0.0,0.0,0.0,0.0,0.0,0.0,0.0,0.0,0.0,0.0,0.0,0.0,558623992502365.0,1117247985004730.0,1.047926017424871e+16,1.984127236349269e+16,4.05270782014092e+16,6.12128840393257e+16,8.522881218221357e+16,1.0924474032510146e+17,1.2394598545489418e+17,1.3864723058468688e+17,1.383044306374734e+17,1.3796163069025994e+17,1.2475114096487107e+17,1.1154065123948222e+17,9.24710148359796e+16,7.340137843247694e+16,5.5396807978025624e+16,3.7392237523574296e+16,2.5918792212839264e+16,1.4445346902104226e+16,9999522526532874.0,5553698150961520.0,3644082229802495.0,1734466308643469.5,1127994523138537.8,521522737633605.8,260761368816802.9,0.0,0.0,0.0,0.0,0.0,0.0,0.0,0.0,0.0,0.0,0.0,0.0,0.0,0.0,0.0,0.0,0.0,0.0,0.0,0.0,0.0,0.0,0.0,0.0,0.0,0.0,0.0,0.0,0.0,0.0,0.0,0.0,0.0,0.0,0.0,0.0,0.0,0.0,0.0,0.0,0.0,0.0,0.0,0.0,0.0,0.0,0.0,0.0,0.0,0.0,0.0,0.0,0.0,0.0,0.0,0.0,0.0,0.0,0.0,0.0,0.0,0.0,0.0,0.0,0.0,0.0,0.0,0.0,0.0,0.0,0.0,0.0,0.0,0.0,0.0,0.0,0.0,0.0,0.0,0.0,0.0,0.0,0.0,0.0,0.0,0.0,0.0,0.0,0.0,0.0,0.0,0.0,0.0,0.0,0.0,0.0,0.0,0.0,0.0,0.0,0.0,0.0,0.0,0.0,0.0,0.0,0.0,0.0,0.0,0.0,0.0,0.0,0.0,0.0,0.0,0.0,0.0,0.0,0.0,0.0,0.0,0.0,0.0,0.0,0.0,0.0,0.0,0.0,0.0,0.0,0.0,0.0,0.0,0.0,0.0,0.0,0.0,0.0,0.0,0.0,0.0,0.0,0.0,0.0,0.0,0.0,0.0,0.0,0.0,0.0,0.0,0.0,0.0,0.0,0.0,0.0,0.0,0.0,0.0,0.0,0.0,0.0,0.0,0.0,0.0,0.0,0.0,0.0,0.0,0.0,0.0,0.0,0.0,0.0
31.1743125948089,103.324237956164,23.46997760236,225.0,15.0,96.15967785292196,5.0,5.0,0.606144361442546,4.7167365943396294e+17,0.0,0.0,0.0,0.0,0.0,0.0,0.0,0.0,0.0,0.0,0.0,2.331831423702086e+16,4.663662847404172e+16,5.709569086930614e+16,6.755475326457057e+16,5.793201504674261e+16,4.830927682891465e+16,3.295512834064292e+16,1.7600979852371196e+16,8800489926185598.0,0.0,0.0,0.0,0.0,0.0,0.0,0.0,0.0,0.0,0.0,0.0,0.0,0.0,0.0,0.0,0.0,0.0,0.0,0.0,0.0,0.0,390436487215544.5,780872974431089.0,1.0278361285322928e+16,1.977584959621477e+16,3.1268421557436384e+16,4.276099351865799e+16,4.966235710293805e+16,5.6563720687218104e+16,5.6803868754945096e+16,5.704401682267209e+16,5.150065679749088e+16,4.595729677230969e+16,3.806392099486596e+16,3.0170545217422236e+16,2.3747742566882268e+16,1.732493991634231e+16,1.3650418393664916e+16,9975896870987524.0,8346804790577908.0,6717712710168291.0,5252857014820170.0,3788001319472048.5,2250087963820347.8,712174608168646.2,356087304084323.1,0.0,0.0,0.0,0.0,0.0,0.0,0.0,0.0,0.0,0.0,0.0,0.0,0.0,0.0,0.0,0.0,0.0,0.0,0.0,0.0,0.0,0.0,0.0,0.0,0.0,0.0,0.0,0.0,0.0,0.0,0.0,0.0,0.0,0.0,0.0,0.0,0.0,0.0,0.0,0.0,0.0,0.0,0.0,0.0,0.0,0.0,0.0,0.0,0.0,0.0,0.0,0.0,0.0,0.0,0.0,0.0,0.0,0.0,0.0,0.0,0.0,0.0,0.0,0.0,0.0,0.0,0.0,0.0,0.0,0.0,0.0,0.0,0.0,0.0,0.0,0.0,0.0,0.0,0.0,0.0,0.0,0.0,0.0,0.0,0.0,0.0,0.0,0.0,0.0,0.0,0.0,0.0,0.0,0.0,0.0,0.0,0.0,0.0,0.0,0.0,0.0,0.0,0.0,0.0,0.0,0.0,0.0,0.0,0.0,0.0,0.0,0.0,0.0,0.0,0.0,0.0,0.0,0.0,0.0,0.0,0.0,0.0,0.0,0.0,0.0,0.0,0.0,0.0,0.0,0.0,0.0,0.0,0.0,0.0,0.0,0.0,0.0,0.0,0.0,0.0,0.0,0.0,0.0,0.0,0.0,0.0,0.0,0.0,0.0,0.0,0.0,0.0,0.0,0.0,0.0,0.0,0.0,0.0,0.0,0.0,0.0,0.0,0.0,0.0,0.0,0.0,0.0,0.0,0.0,0.0,0.0,0.0,0.0,0.0
31.2053251819799,103.28748138956,24.5511456592836,225.0,10.0,90.0,5.0,5.0,0.0,0.0,0.0,0.0,0.0,0.0,0.0,0.0,0.0,0.0,0.0,0.0,0.0,0.0,0.0,0.0,0.0,0.0,0.0,0.0,0.0,0.0,0.0,0.0,0.0,0.0,0.0,0.0,0.0,0.0,0.0,0.0,0.0,0.0,0.0,0.0,0.0,0.0,0.0,0.0,0.0,0.0,0.0,0.0,0.0,0.0,0.0,0.0,0.0,0.0,0.0,0.0,0.0,0.0,0.0,0.0,0.0,0.0,0.0,0.0,0.0,0.0,0.0,0.0,0.0,0.0,0.0,0.0,0.0,0.0,0.0,0.0,0.0,0.0,0.0,0.0,0.0,0.0,0.0,0.0,0.0,0.0,0.0,0.0,0.0,0.0,0.0,0.0,0.0,0.0,0.0,0.0,0.0,0.0,0.0,0.0,0.0,0.0,0.0,0.0,0.0,0.0,0.0,0.0,0.0,0.0,0.0,0.0,0.0,0.0,0.0,0.0,0.0,0.0,0.0,0.0,0.0,0.0,0.0,0.0,0.0,0.0,0.0,0.0,0.0,0.0,0.0,0.0,0.0,0.0,0.0,0.0,0.0,0.0,0.0,0.0,0.0,0.0,0.0,0.0,0.0,0.0,0.0,0.0,0.0,0.0,0.0,0.0,0.0,0.0,0.0,0.0,0.0,0.0,0.0,0.0,0.0,0.0,0.0,0.0,0.0,0.0,0.0,0.0,0.0,0.0,0.0,0.0,0.0,0.0,0.0,0.0,0.0,0.0,0.0,0.0,0.0,0.0,0.0,0.0,0.0,0.0,0.0,0.0,0.0,0.0,0.0,0.0,0.0,0.0,0.0,0.0,0.0,0.0,0.0,0.0,0.0,0.0,0.0,0.0,0.0,0.0,0.0,0.0,0.0,0.0,0.0,0.0,0.0,0.0,0.0,0.0,0.0,0.0,0.0,0.0,0.0,0.0,0.0,0.0,0.0,0.0,0.0,0.0,0.0,0.0,0.0,0.0,0.0,0.0,0.0,0.0,0.0,0.0,0.0,0.0,0.0,0.0,0.0,0.0,0.0,0.0
30.9799363789364,103.479615306395,2.46201938253052,225.0,80.0,139.46244732181515,5.0,5.0,3.6024596541477956,2.803268389713724e+18,0.0,0.0,0.0,0.0,0.0,0.0,0.0,0.0,0.0,3.1394479433847376e+16,6.278895886769475e+16,6.690600027034707e+16,7.102304167299941e+16,5.334528150742391e+16,3.566752134184841e+16,2.4238483347995172e+16,1.2809445354141932e+16,2.1305668595643892e+16,2.9801891837145852e+16,4.127439321125266e+16,5.274689458535946e+16,6.255734813743508e+16,7.23678016895107e+16,7.498283902097656e+16,7.759787635244243e+16,7.262049233792682e+16,6.764310832341117e+16,5.708214899737605e+16,4.652118967134094e+16,3.585554336771579e+16,2.5189897064090644e+16,1.8709169041901904e+16,1.2228441019713158e+16,9162473741393548.0,6096506463073935.0,8600114830574907.0,1.110372319807588e+16,2.80116370603166e+16,4.491955092255732e+16,7.275366044928341e+16,1.0058776997600949e+17,1.3277009844284317e+17,1.6495242690967683e+17,1.918161181257693e+17,2.1867980934186186e+17,2.361905101536568e+17,2.5370121096545174e+17,2.6783110119554976e+17,2.819609914256477e+17,2.9349410074381914e+17,3.050272100619906e+17,3.023940713263137e+17,2.9976093259063686e+17,2.7573557558247152e+17,2.5171021857430624e+17,2.10979775979833e+17,1.702493333853598e+17,1.2739308391906469e+17,8.453683445276957e+16,5.374261202610337e+16,2.294838959943715e+16,1.2561426166927002e+16,2174462734416852.2,3990254472000666.5,5806046209584481.0,6591081989111585.0,7376117768638689.0,6333452561584286.0,5290787354529883.0,2645393677264941.5,0.0,0.0,0.0,0.0,0.0,0.0,0.0,0.0,0.0,0.0,0.0,0.0,0.0,0.0,0.0,0.0,0.0,0.0,0.0,0.0,0.0,0.0,0.0,0.0,0.0,0.0,0.0,0.0,0.0,0.0,0.0,0.0,0.0,0.0,0.0,0.0,0.0,0.0,0.0,0.0,0.0,0.0,0.0,0.0,0.0,0.0,0.0,0.0,0.0,0.0,0.0,0.0,0.0,0.0,0.0,0.0,0.0,0.0,0.0,0.0,0.0,0.0,0.0,0.0,0.0,0.0,0.0,0.0,0.0,0.0,0.0,0.0,0.0,0.0,0.0,0.0,0.0,0.0,0.0,0.0,0.0,0.0,0.0,0.0,0.0,0.0,0.0,0.0,0.0,0.0,0.0,0.0,0.0,0.0,0.0,0.0,0.0,0.0,0.0,0.0,0.0,0.0,0.0,0.0,0.0,0.0,0.0,0.0,0.0,0.0,0.0,0.0,0.0,0.0,0.0,0.0,0.0,0.0,0.0,0.0,0.0,0.0,0.0,0.0,0.0,0.0,0.0,0.0,0.0,0.0,0.0,0.0,0.0,0.0,0.0,0.0,0.0,0.0,0.0,0.0,0.0,0.0,0.0,0.0,0.0,0.0,0.0,0.0,0.0,0.0,0.0,0.0,0.0,0.0,0.0,0.0,0.0,0.0,0.0,0.0,0.0,0.0,0.0,0.0,0.0,0.0,0.0,0.0,0.0,0.0
30.9894157692157,103.468405892197,7.18980823265266,225.0,65.0,133.25649784485643,5.0,5.0,4.069405098545075,3.1666238550532444e+18,0.0,0.0,0.0,0.0,0.0,2.6623003282819604e+16,5.324600656563921e+16,9.257639369558587e+16,1.3190678082553253e+17,1.571303952681102e+17,1.8235400971068794e+17,1.6833012053574685e+17,1.5430623136080573e+17,1.1289730596573058e+17,7.148838057065543e+16,4.034670978783497e+16,9205039005014516.0,1.7780681191916286e+16,2.6356323378818064e+16,3.890099037064289e+16,5.144565736246772e+16,6.172497125899508e+16,7.200428515552246e+16,7.480564502190094e+16,7.760700488827942e+16,7.144041564447995e+16,6.527382640068049e+16,5.369912348174698e+16,4.2124420562813464e+16,3.066302538240343e+16,1.92016302019934e+16,1.387306762821446e+16,8544505054435526.0,6683870922349762.0,4823236790263999.0,5282073532638626.0,5740910275013254.0,2.1326867431816532e+16,3.691282458861981e+16,6.518069242899662e+16,9.344856026937344e+16,1.2834216876825691e+17,1.6323577726714038e+17,1.9328032568990275e+17,2.2332487411266515e+17,2.4304980193602413e+17,2.627747297593831e+17,2.775111815366034e+17,2.922476333138236e+17,3.0307793613014925e+17,3.139082389464749e+17,3.0989595476182374e+17,3.058836705771726e+17,2.7808605784227466e+17,2.5028844510737667e+17,2.056857440440019e+17,1.6108304298062723e+17,1.165919912997606e+17,7.210093961889402e+16,4.322684628141671e+16,1.435275294393942e+16,7281480804688014.0,210208665436604.88,717058729565434.9,1223908793694264.8,611954396847132.4,0.0,0.0,0.0,0.0,0.0,0.0,0.0,0.0,0.0,0.0,0.0,0.0,0.0,0.0,0.0,0.0,0.0,0.0,0.0,0.0,0.0,0.0,0.0,0.0,0.0,0.0,0.0,0.0,0.0,0.0,0.0,0.0,0.0,0.0,0.0,0.0,0.0,0.0,0.0,0.0,0.0,0.0,0.0,0.0,0.0,0.0,0.0,0.0,0.0,0.0,0.0,0.0,0.0,0.0,0.0,0.0,0.0,0.0,0.0,0.0,0.0,0.0,0.0,0.0,0.0,0.0,0.0,0.0,0.0,0.0,0.0,0.0,0.0,0.0,0.0,0.0,0.0,0.0,0.0,0.0,0.0,0.0,0.0,0.0,0.0,0.0,0.0,0.0,0.0,0.0,0.0,0.0,0.0,0.0,0.0,0.0,0.0,0.0,0.0,0.0,0.0,0.0,0.0,0.0,0.0,0.0,0.0,0.0,0.0,0.0,0.0,0.0,0.0,0.0,0.0,0.0,0.0,0.0,0.0,0.0,0.0,0.0,0.0,0.0,0.0,0.0,0.0,0.0,0.0,0.0,0.0,0.0,0.0,0.0,0.0,0.0,0.0,0.0,0.0,0.0,0.0,0.0,0.0,0.0,0.0,0.0,0.0,0.0,0.0,0.0,0.0,0.0,0.0,0.0,0.0,0.0,0.0,0.0,0.0,0.0,0.0,0.0,0.0,0.0,0.0,0.0,0.0,0.0,0.0,0.0,0.0,0.0,0.0,0.0
31.0063534960333,103.448352302877,11.3706888080417,225.0,50.0,126.13385022012103,5.0,5.0,4.588271075128264,3.570381490195359e+18,0.0,0.0,0.0,0.0,0.0,7.277006399018768e+16,1.4554012798037536e+17,2.2013062030999725e+17,2.9472111263961914e+17,3.235648437471453e+17,3.5240857485467136e+17,3.1881052531323584e+17,2.8521247577180016e+17,2.1369813181904288e+17,1.4218378786628557e+17,8.281192796963819e+16,2.3440068072990828e+16,2.1250316769257372e+16,1.9060565465523916e+16,3.155241942077624e+16,4.404427337602857e+16,5.37990103632842e+16,6.355374735053984e+16,6.546418157003792e+16,6.7374615789536e+16,6.02090677075716e+16,5.30435196256072e+16,4.132093367292207e+16,2.959834772023693e+16,1.9587760060227748e+16,9577172400218568.0,4788586200109284.0,0.0,0.0,0.0,0.0,0.0,1.0732367568640864e+16,2.146473513728173e+16,4.844649708027858e+16,7.542825902327542e+16,1.1306491541262677e+17,1.507015718019781e+17,1.8602079798155808e+17,2.2134002416113805e+17,2.45000922197221e+17,2.6866182023330397e+17,2.836535889462411e+17,2.986453576591783e+17,3.0533065219162496e+17,3.1201594672407155e+17,3.01191259774337e+17,2.903665728246026e+17,2.5697373918271683e+17,2.2358090554083114e+17,1.768242421204023e+17,1.3006757869997347e+17,8.827891648806981e+16,4.649025427616616e+16,2.4175164738145824e+16,1860075200125493.5,930037600062746.8,0.0,0.0,0.0,0.0,0.0,0.0,0.0,0.0,0.0,0.0,0.0,0.0,0.0,0.0,0.0,0.0,0.0,0.0,0.0,0.0,0.0,0.0,0.0,0.0,0.0,0.0,0.0,0.0,0.0,0.0,0.0,0.0,0.0,0.0,0.0,0.0,0.0,0.0,0.0,0.0,0.0,0.0,0.0,0.0,0.0,0.0,0.0,0.0,0.0,0.0,0.0,0.0,0.0,0.0,0.0,0.0,0.0,0.0,0.0,0.0,0.0,0.0,0.0,0.0,0.0,0.0,0.0,0.0,0.0,0.0,0.0,0.0,0.0,0.0,0.0,0.0,0.0,0.0,0.0,0.0,0.0,0.0,0.0,0.0,0.0,0.0,0.0,0.0,0.0,0.0,0.0,0.0,0.0,0.0,0.0,0.0,0.0,0.0,0.0,0.0,0.0,0.0,0.0,0.0,0.0,0.0,0.0,0.0,0.0,0.0,0.0,0.0,0.0,0.0,0.0,0.0,0.0,0.0,0.0,0.0,0.0,0.0,0.0,0.0,0.0,0.0,0.0,0.0,0.0,0.0,0.0,0.0,0.0,0.0,0.0,0.0,0.0,0.0,0.0,0.0,0.0,0.0,0.0,0.0,0.0,0.0,0.0,0.0,0.0,0.0,0.0,0.0,0.0,0.0,0.0,0.0,0.0,0.0,0.0,0.0,0.0,0.0,0.0,0.0,0.0,0.0,0.0,0.0,0.0,0.0,0.0,0.0,0.0,0.0,0.0,0.0,0.0,0.0
31.0287509814257,103.421807937448,14.8927689400555,225.0,40.0,118.21384480539332,5.0,5.0,4.856208277289423,3.7788778958058737e+18,0.0,0.0,0.0,1.412723354169039e+16,2.825446708338078e+16,1.1643409549494678e+17,2.046137239065128e+17,3.0126838380920435e+17,3.97923043711896e+17,4.3703560391562944e+17,4.761481641193629e+17,4.3806211801632736e+17,3.999760719132918e+17,3.129443701135358e+17,2.259126683137797e+17,1.4497186713648547e+17,6.403106595919121e+16,3.616541242519486e+16,8299758891198524.0,1.7741382064745828e+16,2.7183005238293132e+16,3.503572950942153e+16,4.288845378054992e+16,4.2663828047534984e+16,4.2439202314520056e+16,3.5730806903815104e+16,2.902241149311015e+16,2.074768658892327e+16,1.2472961684736392e+16,7008007957573019.0,1543054230409645.5,771527115204822.8,0.0,0.0,0.0,0.0,0.0,4324079496514418.0,8648158993028836.0,3.1462193257933644e+16,5.427622752283845e+16,9.176571237174629e+16,1.2925519722065414e+17,1.675958294018798e+17,2.059364615831055e+17,2.3366063099594838e+17,2.6138480040879136e+17,2.7724601564805968e+17,2.9310723088732794e+17,2.9455746425487066e+17,2.960076976224133e+17,2.7730760301408826e+17,2.5860750840576314e+17,2.2161627965178554e+17,1.8462505089780794e+17,1.411438295833092e+17,9.766260826881051e+16,6.3160754811955016e+16,2.865890135509952e+16,1.432945067754976e+16,0.0,0.0,0.0,0.0,0.0,0.0,0.0,0.0,0.0,0.0,0.0,0.0,0.0,0.0,0.0,0.0,0.0,0.0,0.0,0.0,0.0,0.0,0.0,0.0,0.0,0.0,0.0,0.0,0.0,0.0,0.0,0.0,0.0,0.0,0.0,0.0,0.0,0.0,0.0,0.0,0.0,0.0,0.0,0.0,0.0,0.0,0.0,0.0,0.0,0.0,0.0,0.0,0.0,0.0,0.0,0.0,0.0,0.0,0.0,0.0,0.0,0.0,0.0,0.0,0.0,0.0,0.0,0.0,0.0,0.0,0.0,0.0,0.0,0.0,0.0,0.0,0.0,0.0,0.0,0.0,0.0,0.0,0.0,0.0,0.0,0.0,0.0,0.0,0.0,0.0,0.0,0.0,0.0,0.0,0.0,0.0,0.0,0.0,0.0,0.0,0.0,0.0,0.0,0.0,0.0,0.0,0.0,0.0,0.0,0.0,0.0,0.0,0.0,0.0,0.0,0.0,0.0,0.0,0.0,0.0,0.0,0.0,0.0,0.0,0.0,0.0,0.0,0.0,0.0,0.0,0.0,0.0,0.0,0.0,0.0,0.0,0.0,0.0,0.0,0.0,0.0,0.0,0.0,0.0,0.0,0.0,0.0,0.0,0.0,0.0,0.0,0.0,0.0,0.0,0.0,0.0,0.0,0.0,0.0,0.0,0.0,0.0,0.0,0.0,0.0,0.0,0.0,0.0,0.0,0.0,0.0,0.0,0.0,0.0,0.0,0.0,0.0,0.0,0.0,0.0
31.0546974812108,103.391036099613,17.7497379642719,225.0,30.0,111.89221432947178,5.0,5.0,4.364236499385879,3.3960480889431194e+18,0.0,0.0,0.0,0.0,0.0,8.771587430423766e+16,1.7543174860847533e+17,2.7409858300939546e+17,3.727654174103156e+17,4.269442231307008e+17,4.81123028851086e+17,4.6079045613548826e+17,4.404578834198905e+17,3.624751203739777e+17,2.8449235732806486e+17,1.9656331345575168e+17,1.0863426958343853e+17,5.6687591311785944e+16,4740913040133370.0,6429266917344513.0,8117620794555656.0,1.19249367460018e+16,1.5732252697447942e+16,1.5296325647586636e+16,1.4860398597725328e+16,1.0492483991993886e+16,6124569386262446.0,3062284693131223.0,0.0,0.0,0.0,0.0,0.0,0.0,0.0,0.0,0.0,0.0,0.0,1.6260107755959782e+16,3.2520215511919564e+16,6.457970031961035e+16,9.663918512730115e+16,1.3304994699558605e+17,1.694607088638709e+17,1.9885127075433085e+17,2.282418326447908e+17,2.4449834400075843e+17,2.6075485535672605e+17,2.5796147255943776e+17,2.5516808976214954e+17,2.3254866802542394e+17,2.0992924628869834e+17,1.754574848592049e+17,1.4098572342971146e+17,1.058624553376216e+17,7.073918724553175e+16,4.4933886120278104e+16,1.9128584995024468e+16,9564292497512234.0,0.0,0.0,0.0,0.0,0.0,0.0,0.0,0.0,0.0,0.0,0.0,0.0,0.0,0.0,0.0,0.0,0.0,0.0,0.0,0.0,0.0,0.0,0.0,0.0,0.0,0.0,0.0,0.0,0.0,0.0,0.0,0.0,0.0,0.0,0.0,0.0,0.0,0.0,0.0,0.0,0.0,0.0,0.0,0.0,0.0,0.0,0.0,0.0,0.0,0.0,0.0,0.0,0.0,0.0,0.0,0.0,0.0,0.0,0.0,0.0,0.0,0.0,0.0,0.0,0.0,0.0,0.0,0.0,0.0,0.0,0.0,0.0,0.0,0.0,0.0,0.0,0.0,0.0,0.0,0.0,0.0,0.0,0.0,0.0,0.0,0.0,0.0,0.0,0.0,0.0,0.0,0.0,0.0,0.0,0.0,0.0,0.0,0.0,0.0,0.0,0.0,0.0,0.0,0.0,0.0,0.0,0.0,0.0,0.0,0.0,0.0,0.0,0.0,0.0,0.0,0.0,0.0,0.0,0.0,0.0,0.0,0.0,0.0,0.0,0.0,0.0,0.0,0.0,0.0,0.0,0.0,0.0,0.0,0.0,0.0,0.0,0.0,0.0,0.0,0.0,0.0,0.0,0.0,0.0,0.0,0.0,0.0,0.0,0.0,0.0,0.0,0.0,0.0,0.0,0.0,0.0,0.0,0.0,0.0,0.0,0.0,0.0,0.0,0.0,0.0,0.0,0.0,0.0,0.0,0.0,0.0,0.0,0.0,0.0,0.0,0.0,0.0,0.0,0.0,0.0
31.0828738750349,103.35760211243,20.0562836186236,225.0,25.0,106.92789768936187,5.0,5.0,3.268903911336569,2.5437106542221967e+18,0.0,0.0,0.0,0.0,0.0,4.223103227374429e+16,8.446206454748858e+16,1.5564448702231645e+17,2.2682690949714435e+17,2.941051488473394e+17,3.613833881975345e+17,3.691477482986911e+17,3.7691210839984755e+17,3.276965031971025e+17,2.7848089799435744e+17,2.0391524481376346e+17,1.2934959163316947e+17,7.451577159080307e+16,1.968195154843665e+16,9840975774218324.0,0.0,23529387497187.527,47058774994375.055,23529387497187.527,0.0,0.0,0.0,0.0,0.0,0.0,0.0,0.0,0.0,0.0,0.0,0.0,0.0,0.0,0.0,6759269562307662.0,1.3518539124615324e+16,3.4831755350940468e+16,5.614497157726561e+16,8.544121735296526e+16,1.1473746312866488e+17,1.418238394516621e+17,1.689102157746593e+17,1.8410903092565843e+17,1.9930784607665747e+17,1.9572290181837053e+17,1.9213795756008368e+17,1.7212513889156435e+17,1.5211232022304506e+17,1.2603057809375227e+17,9.994883596445946e+16,7.550715705214126e+16,5.106547813982304e+16,3.3704416196594052e+16,1.6343354253365068e+16,8980895371329004.0,1618436489292937.5,1024293257047878.6,430150024802819.7,360632658646099.06,291115292489378.44,145557646244689.22,0.0,0.0,0.0,0.0,0.0,0.0,0.0,0.0,0.0,0.0,0.0,0.0,0.0,0.0,0.0,0.0,0.0,0.0,0.0,0.0,0.0,0.0,0.0,0.0,0.0,0.0,0.0,0.0,0.0,0.0,0.0,0.0,0.0,0.0,0.0,0.0,0.0,0.0,0.0,0.0,0.0,0.0,0.0,0.0,0.0,0.0,0.0,0.0,0.0,0.0,0.0,0.0,0.0,0.0,0.0,0.0,0.0,0.0,0.0,0.0,0.0,0.0,0.0,0.0,0.0,0.0,0.0,0.0,0.0,0.0,0.0,0.0,0.0,0.0,0.0,0.0,0.0,0.0,0.0,0.0,0.0,0.0,0.0,0.0,0.0,0.0,0.0,0.0,0.0,0.0,0.0,0.0,0.0,0.0,0.0,0.0,0.0,0.0,0.0,0.0,0.0,0.0,0.0,0.0,0.0,0.0,0.0,0.0,0.0,0.0,0.0,0.0,0.0,0.0,0.0,0.0,0.0,0.0,0.0,0.0,0.0,0.0,0.0,0.0,0.0,0.0,0.0,0.0,0.0,0.0,0.0,0.0,0.0,0.0,0.0,0.0,0.0,0.0,0.0,0.0,0.0,0.0,0.0,0.0,0.0,0.0,0.0,0.0,0.0,0.0,0.0,0.0,0.0,0.0,0.0,0.0,0.0,0.0,0.0,0.0,0.0,0.0,0.0,0.0,0.0,0.0,0.0,0.0,0.0,0.0,0.0,0.0,0.0,0.0
31.1122214236559,103.322761792977,21.9678796312896,225.0,20.0,102.76401645393041,5.0,5.0,1.7682539250146223,1.3759738647658284e+18,0.0,0.0,0.0,0.0,0.0,0.0,0.0,0.0,0.0,7.70576399101477e+16,1.541152798202954e+17,1.9246119142113424e+17,2.30807103021973e+17,2.1708259748100304e+17,2.033580919400331e+17,1.598236424599265e+17,1.1628919297981992e+17,7.455835257167554e+16,3.282751216353118e+16,1.641375608176559e+16,0.0,0.0,0.0,0.0,0.0,0.0,0.0,0.0,0.0,0.0,0.0,0.0,0.0,0.0,0.0,0.0,0.0,0.0,0.0,239448437185316.53,478896874370633.06,9857832003132454.0,1.923676713189427e+16,3.796840196369953e+16,5.670003679550478e+16,7.786591387441462e+16,9.903179095332445e+16,1.1128878245538192e+17,1.2354577395743941e+17,1.2170674947205472e+17,1.1986772498667006e+17,1.0750425417897102e+17,9.514078337127198e+16,7.942826872714446e+16,6.371575408301694e+16,4.940380055702519e+16,3.5091847031033436e+16,2.5400140191457804e+16,1.5708433351882168e+16,1.1291540184090088e+16,6874647016298006.0,4896008429835426.0,2917369843372846.5,1592114643734905.5,266859444096964.3,133429722048482.16,0.0,0.0,0.0,0.0,0.0,0.0,0.0,0.0,0.0,0.0,0.0,0.0,0.0,0.0,0.0,0.0,0.0,0.0,0.0,0.0,0.0,0.0,0.0,0.0,0.0,0.0,0.0,0.0,0.0,0.0,0.0,0.0,0.0,0.0,0.0,0.0,0.0,0.0,0.0,0.0,0.0,0.0,0.0,0.0,0.0,0.0,0.0,0.0,0.0,0.0,0.0,0.0,0.0,0.0,0.0,0.0,0.0,0.0,0.0,0.0,0.0,0.0,0.0,0.0,0.0,0.0,0.0,0.0,0.0,0.0,0.0,0.0,0.0,0.0,0.0,0.0,0.0,0.0,0.0,0.0,0.0,0.0,0.0,0.0,0.0,0.0,0.0,0.0,0.0,0.0,0.0,0.0,0.0,0.0,0.0,0.0,0.0,0.0,0.0,0.0,0.0,0.0,0.0,0.0,0.0,0.0,0.0,0.0,0.0,0.0,0.0,0.0,0.0,0.0,0.0,0.0,0.0,0.0,0.0,0.0,0.0,0.0,0.0,0.0,0.0,0.0,0.0,0.0,0.0,0.0,0.0,0.0,0.0,0.0,0.0,0.0,0.0,0.0,0.0,0.0,0.0,0.0,0.0,0.0,0.0,0.0,0.0,0.0,0.0,0.0,0.0,0.0,0.0,0.0,0.0,0.0,0.0,0.0,0.0,0.0,0.0,0.0,0.0,0.0,0.0,0.0,0.0,0.0,0.0,0.0,0.0,0.0,0.0,0.0
31.1425167745083,103.286783204435,23.46997760236,225.0,15.0,96.48628235699807,5.0,5.0,0.6708236740019765,5.22004125219334e+17,0.0,0.0,0.0,0.0,0.0,0.0,0.0,0.0,0.0,0.0,0.0,3.767223867791951e+16,7.534447735583902e+16,8.241169404293194e+16,8.947891073002483e+16,7.520992453182435e+16,6.094093833362385e+16,4.110620157730103e+16,2.12714648209782e+16,1.06357324104891e+16,0.0,0.0,0.0,0.0,0.0,0.0,0.0,0.0,0.0,0.0,0.0,0.0,0.0,0.0,0.0,0.0,0.0,0.0,0.0,0.0,0.0,547165612662846.56,1094331225325693.1,9978643262578544.0,1.8862955299831396e+16,2.9059638739971972e+16,3.925632218011256e+16,4.526566415526764e+16,5.127500613042272e+16,5.110331277370266e+16,5.093161941698257e+16,4.598141247923976e+16,4.103120554149695e+16,3.48156641138674e+16,2.860012268623785e+16,2.3455521905473108e+16,1.8310921124708376e+16,1.5018534958164164e+16,1.1726148791619958e+16,9990952020911706.0,8255755250203458.0,6250344528973832.0,4244933807744206.0,2811973165963304.5,1379012524182402.8,689506262091201.4,0.0,0.0,0.0,0.0,0.0,0.0,0.0,0.0,0.0,0.0,0.0,0.0,0.0,0.0,0.0,0.0,0.0,0.0,0.0,0.0,0.0,0.0,0.0,0.0,0.0,0.0,0.0,0.0,0.0,0.0,0.0,0.0,0.0,0.0,0.0,0.0,0.0,0.0,0.0,0.0,0.0,0.0,0.0,0.0,0.0,0.0,0.0,0.0,0.0,0.0,0.0,0.0,0.0,0.0,0.0,0.0,0.0,0.0,0.0,0.0,0.0,0.0,0.0,0.0,0.0,0.0,0.0,0.0,0.0,0.0,0.0,0.0,0.0,0.0,0.0,0.0,0.0,0.0,0.0,0.0,0.0,0.0,0.0,0.0,0.0,0.0,0.0,0.0,0.0,0.0,0.0,0.0,0.0,0.0,0.0,0.0,0.0,0.0,0.0,0.0,0.0,0.0,0.0,0.0,0.0,0.0,0.0,0.0,0.0,0.0,0.0,0.0,0.0,0.0,0.0,0.0,0.0,0.0,0.0,0.0,0.0,0.0,0.0,0.0,0.0,0.0,0.0,0.0,0.0,0.0,0.0,0.0,0.0,0.0,0.0,0.0,0.0,0.0,0.0,0.0,0.0,0.0,0.0,0.0,0.0,0.0,0.0,0.0,0.0,0.0,0.0,0.0,0.0,0.0,0.0,0.0,0.0,0.0,0.0,0.0,0.0,0.0,0.0,0.0,0.0,0.0,0.0,0.0,0.0,0.0,0.0,0.0,0.0,0.0
31.1735293616792,103.25001734535,24.5511456592836,225.0,10.0,90.0,5.0,5.0,0.0,0.0,0.0,0.0,0.0,0.0,0.0,0.0,0.0,0.0,0.0,0.0,0.0,0.0,0.0,0.0,0.0,0.0,0.0,0.0,0.0,0.0,0.0,0.0,0.0,0.0,0.0,0.0,0.0,0.0,0.0,0.0,0.0,0.0,0.0,0.0,0.0,0.0,0.0,0.0,0.0,0.0,0.0,0.0,0.0,0.0,0.0,0.0,0.0,0.0,0.0,0.0,0.0,0.0,0.0,0.0,0.0,0.0,0.0,0.0,0.0,0.0,0.0,0.0,0.0,0.0,0.0,0.0,0.0,0.0,0.0,0.0,0.0,0.0,0.0,0.0,0.0,0.0,0.0,0.0,0.0,0.0,0.0,0.0,0.0,0.0,0.0,0.0,0.0,0.0,0.0,0.0,0.0,0.0,0.0,0.0,0.0,0.0,0.0,0.0,0.0,0.0,0.0,0.0,0.0,0.0,0.0,0.0,0.0,0.0,0.0,0.0,0.0,0.0,0.0,0.0,0.0,0.0,0.0,0.0,0.0,0.0,0.0,0.0,0.0,0.0,0.0,0.0,0.0,0.0,0.0,0.0,0.0,0.0,0.0,0.0,0.0,0.0,0.0,0.0,0.0,0.0,0.0,0.0,0.0,0.0,0.0,0.0,0.0,0.0,0.0,0.0,0.0,0.0,0.0,0.0,0.0,0.0,0.0,0.0,0.0,0.0,0.0,0.0,0.0,0.0,0.0,0.0,0.0,0.0,0.0,0.0,0.0,0.0,0.0,0.0,0.0,0.0,0.0,0.0,0.0,0.0,0.0,0.0,0.0,0.0,0.0,0.0,0.0,0.0,0.0,0.0,0.0,0.0,0.0,0.0,0.0,0.0,0.0,0.0,0.0,0.0,0.0,0.0,0.0,0.0,0.0,0.0,0.0,0.0,0.0,0.0,0.0,0.0,0.0,0.0,0.0,0.0,0.0,0.0,0.0,0.0,0.0,0.0,0.0,0.0,0.0,0.0,0.0,0.0,0.0,0.0,0.0,0.0,0.0,0.0,0.0,0.0,0.0,0.0,0.0,0.0
30.9481405586357,103.442220902181,2.46201938253052,225.0,80.0,153.25741761652554,5.0,5.0,2.5825326201070697,2.0096080884667968e+18,0.0,0.0,0.0,0.0,0.0,0.0,0.0,1.0651890467457428e+16,2.1303780934914856e+16,4.540506599070376e+16,6.950635104649266e+16,6.820303336055879e+16,6.689971567462493e+16,4.651662704368717e+16,2.6133538412749396e+16,1.6930249861957366e+16,7726961311165334.0,1.4628192480381054e+16,2.1529423649596772e+16,3.1105770178127188e+16,4.06821167066576e+16,5.031250872154158e+16,5.9942900736425576e+16,6.369429798808783e+16,6.744569523975011e+16,6.318498864720597e+16,5.892428205466181e+16,4.893628535083534e+16,3.894828864700887e+16,2.8137598492333916e+16,1.7326908337658962e+16,1.077255390593427e+16,4218199474209579.0,2136307819761432.8,54416165313285.89,3286718036197383.0,6519019907081479.0,1.921964507092296e+16,3.192027023476444e+16,5.521391469351731e+16,7.850755915227019e+16,1.0709436594279294e+17,1.3568117273331566e+17,1.610490951800889e+17,1.864170176268621e+17,1.9956077442119107e+17,2.1270453121552003e+17,2.1400329189151178e+17,2.1530205256750346e+17,2.1003382569108675e+17,2.0476559881467005e+17,1.927925556585251e+17,1.808195125023802e+17,1.586957900443109e+17,1.3657206758624163e+17,1.081628939683819e+17,7.975372035052218e+16,5.452916469882022e+16,2.930460904711827e+16,1.5409145598274116e+16,1513682149429963.0,1513866664599039.5,1514051179768116.5,2753780934264447.0,3993510688760777.5,3835322504059570.5,3677134319358364.5,1838567159679182.2,0.0,0.0,0.0,0.0,0.0,0.0,0.0,0.0,0.0,0.0,0.0,0.0,0.0,0.0,0.0,0.0,0.0,0.0,0.0,0.0,0.0,0.0,0.0,0.0,0.0,0.0,0.0,0.0,0.0,0.0,0.0,0.0,0.0,0.0,0.0,0.0,0.0,0.0,0.0,0.0,0.0,0.0,0.0,0.0,0.0,0.0,0.0,0.0,0.0,0.0,0.0,0.0,0.0,0.0,0.0,0.0,0.0,0.0,0.0,0.0,0.0,0.0,0.0,0.0,0.0,0.0,0.0,0.0,0.0,0.0,0.0,0.0,0.0,0.0,0.0,0.0,0.0,0.0,0.0,0.0,0.0,0.0,0.0,0.0,0.0,0.0,0.0,0.0,0.0,0.0,0.0,0.0,0.0,0.0,0.0,0.0,0.0,0.0,0.0,0.0,0.0,0.0,0.0,0.0,0.0,0.0,0.0,0.0,0.0,0.0,0.0,0.0,0.0,0.0,0.0,0.0,0.0,0.0,0.0,0.0,0.0,0.0,0.0,0.0,0.0,0.0,0.0,0.0,0.0,0.0,0.0,0.0,0.0,0.0,0.0,0.0,0.0,0.0,0.0,0.0,0.0,0.0,0.0,0.0,0.0,0.0,0.0,0.0,0.0,0.0,0.0,0.0,0.0,0.0,0.0,0.0,0.0,0.0,0.0,0.0,0.0,0.0,0.0,0.0,0.0,0.0,0.0,0.0,0.0,0.0,0.0,0.0
30.9576199489151,103.431009014719,7.18980823265266,225.0,65.0,143.85118197649854,5.0,5.0,3.2799856838539987,2.5523339798337244e+18,0.0,0.0,0.0,0.0,0.0,3.4741748861639284e+16,6.948349772327857e+16,1.118905169957057e+17,1.542975362681328e+17,1.7335620225767462e+17,1.9241486824721645e+17,1.7260861150499286e+17,1.5280235476276925e+17,1.091170992779712e+17,6.543184379317314e+16,3.612847425240652e+16,6825104711639911.0,1.5079248639839256e+16,2.33333925680386e+16,3.469535747568642e+16,4.605732238333423e+16,5.638123452653862e+16,6.670514666974301e+16,7.071668767073381e+16,7.472822867172462e+16,7.02364801047531e+16,6.574473153778159e+16,5.490431227770635e+16,4.406389301763111e+16,3.2239082549988044e+16,2.0414272082344972e+16,1.2899171456018414e+16,5384070829691857.0,2692035414845928.5,0.0,2068329784798183.8,4136659569596367.5,1.6303140016481592e+16,2.8469620463366812e+16,5.2427560487170024e+16,7.638550051097322e+16,1.072761442321179e+17,1.381667879532626e+17,1.663856420344289e+17,1.946044961155952e+17,2.106360862628503e+17,2.266676764101054e+17,2.2902184053899363e+17,2.3137600466788192e+17,2.2598515365051446e+17,2.20594302633147e+17,2.0716771303693738e+17,1.937411234407277e+17,1.6825965717179094e+17,1.4277819090285414e+17,1.104591611467454e+17,7.814013139063666e+16,5.1093183209378984e+16,2.4046235028121324e+16,1.2023117514060662e+16,0.0,1066124922345391.5,2132249844690783.0,2770493740477908.5,3408737636265034.0,1704368818132517.0,0.0,0.0,0.0,0.0,0.0,0.0,0.0,0.0,0.0,0.0,0.0,0.0,0.0,0.0,0.0,0.0,0.0,0.0,0.0,0.0,0.0,0.0,0.0,0.0,0.0,0.0,0.0,0.0,0.0,0.0,0.0,0.0,0.0,0.0,0.0,0.0,0.0,0.0,0.0,0.0,0.0,0.0,0.0,0.0,0.0,0.0,0.0,0.0,0.0,0.0,0.0,0.0,0.0,0.0,0.0,0.0,0.0,0.0,0.0,0.0,0.0,0.0,0.0,0.0,0.0,0.0,0.0,0.0,0.0,0.0,0.0,0.0,0.0,0.0,0.0,0.0,0.0,0.0,0.0,0.0,0.0,0.0,0.0,0.0,0.0,0.0,0.0,0.0,0.0,0.0,0.0,0.0,0.0,0.0,0.0,0.0,0.0,0.0,0.0,0.0,0.0,0.0,0.0,0.0,0.0,0.0,0.0,0.0,0.0,0.0,0.0,0.0,0.0,0.0,0.0,0.0,0.0,0.0,0.0,0.0,0.0,0.0,0.0,0.0,0.0,0.0,0.0,0.0,0.0,0.0,0.0,0.0,0.0,0.0,0.0,0.0,0.0,0.0,0.0,0.0,0.0,0.0,0.0,0.0,0.0,0.0,0.0,0.0,0.0,0.0,0.0,0.0,0.0,0.0,0.0,0.0,0.0,0.0,0.0,0.0,0.0,0.0,0.0,0.0,0.0,0.0,0.0,0.0,0.0,0.0,0.0,0.0,0.0,0.0
30.9745576757327,103.410950084848,11.3706888080417,225.0,50.0,130.69946712933134,5.0,5.0,4.167020075421739,3.242583339769728e+18,0.0,0.0,0.0,1.2207964771663838e+16,2.4415929543327676e+16,9.839678103257318e+16,1.7237763252181872e+17,2.493950071600016e+17,3.264123817981845e+17,3.507228065508062e+17,3.7503323130342803e+17,3.3449263226407974e+17,2.939520332247316e+17,2.173786812096362e+17,1.4080532919454074e+17,8.130851564623518e+16,2.1811702097929668e+16,1.9858593555979548e+16,1.7905485014029432e+16,3.0022097955068372e+16,4.2138710896107304e+16,5.26553440046063e+16,6.317197711310532e+16,6.6627979829932456e+16,7.008398254675958e+16,6.4691571385055256e+16,5.929916022335093e+16,4.811686405544268e+16,3.693456788753444e+16,2.5845619294579244e+16,1.4756670701624048e+16,8603332135959211.0,2449993570294374.0,1224996785147187.0,0.0,0.0,0.0,8840541481104916.0,1.7681082962209832e+16,4.123509164652437e+16,6.47891003308389e+16,9.86148517206319e+16,1.324406031104249e+17,1.653170751513405e+17,1.9819354719225616e+17,2.1868970908559178e+17,2.3918587097892733e+17,2.445122778610899e+17,2.498386847432524e+17,2.4434007124238368e+17,2.3884145774151498e+17,2.2196481869898672e+17,2.0508817965645846e+17,1.748931228876384e+17,1.4469806611881827e+17,1.0841597076482534e+17,7.213387541083242e+16,4.48324405109846e+16,1.7531005611136772e+16,8765502805568386.0,0.0,306539138145719.94,613078276291439.9,306539138145719.94,0.0,0.0,0.0,0.0,0.0,0.0,0.0,0.0,0.0,0.0,0.0,0.0,0.0,0.0,0.0,0.0,0.0,0.0,0.0,0.0,0.0,0.0,0.0,0.0,0.0,0.0,0.0,0.0,0.0,0.0,0.0,0.0,0.0,0.0,0.0,0.0,0.0,0.0,0.0,0.0,0.0,0.0,0.0,0.0,0.0,0.0,0.0,0.0,0.0,0.0,0.0,0.0,0.0,0.0,0.0,0.0,0.0,0.0,0.0,0.0,0.0,0.0,0.0,0.0,0.0,0.0,0.0,0.0,0.0,0.0,0.0,0.0,0.0,0.0,0.0,0.0,0.0,0.0,0.0,0.0,0.0,0.0,0.0,0.0,0.0,0.0,0.0,0.0,0.0,0.0,0.0,0.0,0.0,0.0,0.0,0.0,0.0,0.0,0.0,0.0,0.0,0.0,0.0,0.0,0.0,0.0,0.0,0.0,0.0,0.0,0.0,0.0,0.0,0.0,0.0,0.0,0.0,0.0,0.0,0.0,0.0,0.0,0.0,0.0,0.0,0.0,0.0,0.0,0.0,0.0,0.0,0.0,0.0,0.0,0.0,0.0,0.0,0.0,0.0,0.0,0.0,0.0,0.0,0.0,0.0,0.0,0.0,0.0,0.0,0.0,0.0,0.0,0.0,0.0,0.0,0.0,0.0,0.0,0.0,0.0,0.0,0.0,0.0,0.0,0.0,0.0,0.0,0.0,0.0,0.0,0.0,0.0,0.0,0.0,0.0,0.0
30.9969551611251,103.384397761205,14.8927689400555,225.0,40.0,120.53881940053421,5.0,5.0,4.716503342216181,3.67016594175889e+18,0.0,1483275362210170.8,2966550724420341.5,2.80357641273845e+16,5.3104977530348664e+16,1.452598494614069e+17,2.3741472139246518e+17,3.369985877533998e+17,4.3658245411433446e+17,4.726395263465231e+17,5.086965985787118e+17,4.637682603254278e+17,4.188399220721437e+17,3.2600034108486784e+17,2.3316076009759203e+17,1.492209133287566e+17,6.528106655992115e+16,3.771465027634725e+16,1.014823399277333e+16,2.034056966647473e+16,3.0532905340176132e+16,3.875109743382183e+16,4.6969289527467544e+16,4.847077804162934e+16,4.997226655579115e+16,4.343956471346831e+16,3.690686287114549e+16,2.7683768009129172e+16,1.846067314711286e+16,1.170445095856515e+16,4948228770017440.0,2474114385008720.0,0.0,0.0,0.0,0.0,0.0,3999203351685905.0,7998406703371810.0,2.879625579987253e+16,4.959410489637324e+16,8.459480133194714e+16,1.19595497767521e+17,1.555053958948435e+17,1.9141529402216605e+17,2.156668814678204e+17,2.3991846891347475e+17,2.4811476751403242e+17,2.5631106611459005e+17,2.4971366137288355e+17,2.4311625663117702e+17,2.216031960034379e+17,2.000901353756987e+17,1.665617506103825e+17,1.3303336584506634e+17,9.749703011431576e+16,6.1960694383565176e+16,3.755391710751486e+16,1.3147139831464542e+16,6573569915732271.0,0.0,0.0,0.0,0.0,0.0,0.0,0.0,0.0,0.0,0.0,0.0,0.0,0.0,0.0,0.0,0.0,0.0,0.0,0.0,0.0,0.0,0.0,0.0,0.0,0.0,0.0,0.0,0.0,0.0,0.0,0.0,0.0,0.0,0.0,0.0,0.0,0.0,0.0,0.0,0.0,0.0,0.0,0.0,0.0,0.0,0.0,0.0,0.0,0.0,0.0,0.0,0.0,0.0,0.0,0.0,0.0,0.0,0.0,0.0,0.0,0.0,0.0,0.0,0.0,0.0,0.0,0.0,0.0,0.0,0.0,0.0,0.0,0.0,0.0,0.0,0.0,0.0,0.0,0.0,0.0,0.0,0.0,0.0,0.0,0.0,0.0,0.0,0.0,0.0,0.0,0.0,0.0,0.0,0.0,0.0,0.0,0.0,0.0,0.0,0.0,0.0,0.0,0.0,0.0,0.0,0.0,0.0,0.0,0.0,0.0,0.0,0.0,0.0,0.0,0.0,0.0,0.0,0.0,0.0,0.0,0.0,0.0,0.0,0.0,0.0,0.0,0.0,0.0,0.0,0.0,0.0,0.0,0.0,0.0,0.0,0.0,0.0,0.0,0.0,0.0,0.0,0.0,0.0,0.0,0.0,0.0,0.0,0.0,0.0,0.0,0.0,0.0,0.0,0.0,0.0,0.0,0.0,0.0,0.0,0.0,0.0,0.0,0.0,0.0,0.0,0.0,0.0,0.0,0.0,0.0,0.0,0.0,0.0,0.0,0.0,0.0,0.0,0.0,0.0,0.0
31.0229016609102,103.353616132281,17.7497379642719,225.0,30.0,113.19004458897298,5.0,5.0,4.458246556972561,3.4692023912944266e+18,0.0,0.0,0.0,1.4301921891786514e+16,2.8603843783573028e+16,1.2121242079162536e+17,2.138209977996777e+17,3.185742824736273e+17,4.2332756714757696e+17,4.735095161509661e+17,5.2369146515435526e+17,4.952640850498465e+17,4.6683670494533786e+17,3.8353987782010515e+17,3.002430506948725e+17,2.0753267974509408e+17,1.1482230879531565e+17,6.16689383695605e+16,8515567943805346.0,1.0804763677723086e+16,1.3093959411640824e+16,1.7568817619440886e+16,2.2043675827240944e+16,2.1414594270991984e+16,2.078551271474302e+16,1.59434423266247e+16,1.1101371938506376e+16,6639812490440250.0,2178253042374122.0,1089126521187061.0,0.0,0.0,0.0,0.0,0.0,0.0,0.0,575971176111027.8,1151942352222055.5,1.7211766493370544e+16,3.327159063451904e+16,6.454252941405608e+16,9.58134681935931e+16,1.3035468754797706e+17,1.64895906902361e+17,1.9030390777132022e+17,2.157119086402795e+17,2.257413596941143e+17,2.3577081074794912e+17,2.282632400201241e+17,2.2075566929229914e+17,1.9723076286825286e+17,1.7370585644420662e+17,1.4207036898198784e+17,1.1043488151976906e+17,8.17600980257513e+16,5.308531453173352e+16,3.378274234798202e+16,1.4480170164230524e+16,7240085082115262.0,0.0,530296336122145.1,1060592672244290.2,530296336122145.1,0.0,0.0,0.0,0.0,0.0,0.0,0.0,0.0,0.0,0.0,0.0,0.0,0.0,0.0,0.0,0.0,0.0,0.0,0.0,0.0,0.0,0.0,0.0,0.0,0.0,0.0,0.0,0.0,0.0,0.0,0.0,0.0,0.0,0.0,0.0,0.0,0.0,0.0,0.0,0.0,0.0,0.0,0.0,0.0,0.0,0.0,0.0,0.0,0.0,0.0,0.0,0.0,0.0,0.0,0.0,0.0,0.0,0.0,0.0,0.0,0.0,0.0,0.0,0.0,0.0,0.0,0.0,0.0,0.0,0.0,0.0,0.0,0.0,0.0,0.0,0.0,0.0,0.0,0.0,0.0,0.0,0.0,0.0,0.0,0.0,0.0,0.0,0.0,0.0,0.0,0.0,0.0,0.0,0.0,0.0,0.0,0.0,0.0,0.0,0.0,0.0,0.0,0.0,0.0,0.0,0.0,0.0,0.0,0.0,0.0,0.0,0.0,0.0,0.0,0.0,0.0,0.0,0.0,0.0,0.0,0.0,0.0,0.0,0.0,0.0,0.0,0.0,0.0,0.0,0.0,0.0,0.0,0.0,0.0,0.0,0.0,0.0,0.0,0.0,0.0,0.0,0.0,0.0,0.0,0.0,0.0,0.0,0.0,0.0,0.0,0.0,0.0,0.0,0.0,0.0,0.0,0.0,0.0,0.0,0.0,0.0,0.0,0.0,0.0,0.0,0.0,0.0,0.0,0.0,0.0,0.0,0.0,0.0,0.0,0.0,0.0
31.0510780547343,103.320171169983,20.0562836186236,225.0,25.0,108.11057499464103,5.0,5.0,3.447491088025633,2.682678980111498e+18,0.0,0.0,0.0,0.0,0.0,5.827014875473779e+16,1.1654029750947558e+17,1.9833608872850915e+17,2.8013187994754272e+17,3.420487573936272e+17,4.039656348397118e+17,4.058657389683104e+17,4.07765843096909e+17,3.5191768765610336e+17,2.960695322152977e+17,2.178017672906508e+17,1.3953400236600398e+17,8.217783699298427e+16,2.4821671619964556e+16,1.35361247650261e+16,2250577910087646.8,3014566565186447.0,3778555220285247.0,3113940833802372.0,2449326447319497.0,1224663223659748.5,0.0,0.0,0.0,0.0,0.0,0.0,0.0,0.0,0.0,0.0,0.0,0.0,0.0,8388678609825995.0,1.677735721965199e+16,3.896844456390824e+16,6.115953190816448e+16,8.916179720513435e+16,1.171640625021042e+17,1.4040816544886029e+17,1.6365226839561642e+17,1.7408252491535046e+17,1.845127814350845e+17,1.7742844434621e+17,1.7034410725733542e+17,1.5042122783126243e+17,1.3049834840518944e+17,1.0728711576263925e+17,8.407588312008906e+16,6.5193160642982184e+16,4.631043816587532e+16,3.303248207152995e+16,1.9754525977184576e+16,1.2728027426053122e+16,5701528874921673.0,4526191955502436.0,3350855036083200.5,2710412838841782.5,2069970641600365.8,1034985320800182.9,0.0,0.0,0.0,0.0,0.0,0.0,0.0,0.0,0.0,0.0,0.0,0.0,0.0,0.0,0.0,0.0,0.0,0.0,0.0,0.0,0.0,0.0,0.0,0.0,0.0,0.0,0.0,0.0,0.0,0.0,0.0,0.0,0.0,0.0,0.0,0.0,0.0,0.0,0.0,0.0,0.0,0.0,0.0,0.0,0.0,0.0,0.0,0.0,0.0,0.0,0.0,0.0,0.0,0.0,0.0,0.0,0.0,0.0,0.0,0.0,0.0,0.0,0.0,0.0,0.0,0.0,0.0,0.0,0.0,0.0,0.0,0.0,0.0,0.0,0.0,0.0,0.0,0.0,0.0,0.0,0.0,0.0,0.0,0.0,0.0,0.0,0.0,0.0,0.0,0.0,0.0,0.0,0.0,0.0,0.0,0.0,0.0,0.0,0.0,0.0,0.0,0.0,0.0,0.0,0.0,0.0,0.0,0.0,0.0,0.0,0.0,0.0,0.0,0.0,0.0,0.0,0.0,0.0,0.0,0.0,0.0,0.0,0.0,0.0,0.0,0.0,0.0,0.0,0.0,0.0,0.0,0.0,0.0,0.0,0.0,0.0,0.0,0.0,0.0,0.0,0.0,0.0,0.0,0.0,0.0,0.0,0.0,0.0,0.0,0.0,0.0,0.0,0.0,0.0,0.0,0.0,0.0,0.0,0.0,0.0,0.0,0.0,0.0,0.0,0.0,0.0,0.0,0.0,0.0,0.0,0.0,0.0,0.0,0.0
31.0804256033553,103.285319169826,21.9678796312896,225.0,20.0,104.50516833356576,5.0,5.0,1.9503702328802006,1.5176883981966597e+18,0.0,0.0,0.0,0.0,0.0,0.0,0.0,3.1092846579659716e+16,6.218569315931943e+16,1.2751182411578661e+17,1.9283795507225376e+17,2.236010915663726e+17,2.543642280604914e+17,2.3647772530371248e+17,2.185912225469335e+17,1.71801692642115e+17,1.2501216273729648e+17,8.03040432446244e+16,3.5595923751952316e+16,1.7797961875976158e+16,0.0,0.0,0.0,0.0,0.0,0.0,0.0,0.0,0.0,0.0,0.0,0.0,0.0,0.0,0.0,0.0,0.0,0.0,0.0,2053395013298905.8,4106790026597811.5,1.5442581100884458e+16,2.67783721751711e+16,4.457857246128935e+16,6.237877274740759e+16,7.977508812859803e+16,9.717140350978845e+16,1.060740682071448e+17,1.1497673290450112e+17,1.1124894945090834e+17,1.0752116599731554e+17,9.559812717142742e+16,8.36750883455393e+16,7.065209475291452e+16,5.762910116028977e+16,4.710425490052834e+16,3.6579408640766904e+16,2.8857955177163264e+16,2.1136501713559624e+16,1.6124771552717574e+16,1.1113041391875526e+16,7854817429428850.0,4596593466982174.0,3017417127800099.5,1438240788618025.8,719120394309012.9,0.0,0.0,0.0,0.0,0.0,0.0,0.0,0.0,0.0,0.0,0.0,0.0,0.0,0.0,0.0,0.0,0.0,0.0,0.0,0.0,0.0,0.0,0.0,0.0,0.0,0.0,0.0,0.0,0.0,0.0,0.0,0.0,0.0,0.0,0.0,0.0,0.0,0.0,0.0,0.0,0.0,0.0,0.0,0.0,0.0,0.0,0.0,0.0,0.0,0.0,0.0,0.0,0.0,0.0,0.0,0.0,0.0,0.0,0.0,0.0,0.0,0.0,0.0,0.0,0.0,0.0,0.0,0.0,0.0,0.0,0.0,0.0,0.0,0.0,0.0,0.0,0.0,0.0,0.0,0.0,0.0,0.0,0.0,0.0,0.0,0.0,0.0,0.0,0.0,0.0,0.0,0.0,0.0,0.0,0.0,0.0,0.0,0.0,0.0,0.0,0.0,0.0,0.0,0.0,0.0,0.0,0.0,0.0,0.0,0.0,0.0,0.0,0.0,0.0,0.0,0.0,0.0,0.0,0.0,0.0,0.0,0.0,0.0,0.0,0.0,0.0,0.0,0.0,0.0,0.0,0.0,0.0,0.0,0.0,0.0,0.0,0.0,0.0,0.0,0.0,0.0,0.0,0.0,0.0,0.0,0.0,0.0,0.0,0.0,0.0,0.0,0.0,0.0,0.0,0.0,0.0,0.0,0.0,0.0,0.0,0.0,0.0,0.0,0.0,0.0,0.0,0.0,0.0,0.0,0.0,0.0,0.0,0.0,0.0
31.1107209542077,103.249328452707,23.46997760236,225.0,15.0,99.31675884143294,5.0,5.0,0.7443104653663041,5.79188165866651e+17,0.0,0.0,0.0,0.0,0.0,0.0,0.0,0.0,0.0,1.6625272140963404e+16,3.325054428192681e+16,6.107910126041438e+16,8.890765823890195e+16,9.321993335231846e+16,9.7532208465735e+16,8.080323027844901e+16,6.4074252091163016e+16,4.354584915260366e+16,2.3017446214044304e+16,1.1508723107022152e+16,0.0,0.0,0.0,0.0,0.0,0.0,0.0,0.0,0.0,0.0,0.0,0.0,0.0,0.0,0.0,0.0,0.0,0.0,0.0,0.0,0.0,2945038750714948.0,5890077501429896.0,1.355081937117584e+16,2.1211561240921784e+16,2.96801786118411e+16,3.814879598276042e+16,4.258492991934772e+16,4.702106385593502e+16,4.615286955640633e+16,4.528467525687765e+16,4.103641312999608e+16,3.678815100311451e+16,3.210972050837678e+16,2.743129001363905e+16,2.3811143188637004e+16,2.0190996363634956e+16,1.757290770553789e+16,1.4954819047440816e+16,1.2602991663652214e+16,1.0251164279863608e+16,7547577360488114.0,4843990441112619.0,2616731014631074.5,389471588149530.25,194735794074765.12,0.0,0.0,0.0,0.0,0.0,0.0,0.0,0.0,0.0,0.0,0.0,0.0,0.0,0.0,0.0,0.0,0.0,0.0,0.0,0.0,0.0,0.0,0.0,0.0,0.0,0.0,0.0,0.0,0.0,0.0,0.0,0.0,0.0,0.0,0.0,0.0,0.0,0.0,0.0,0.0,0.0,0.0,0.0,0.0,0.0,0.0,0.0,0.0,0.0,0.0,0.0,0.0,0.0,0.0,0.0,0.0,0.0,0.0,0.0,0.0,0.0,0.0,0.0,0.0,0.0,0.0,0.0,0.0,0.0,0.0,0.0,0.0,0.0,0.0,0.0,0.0,0.0,0.0,0.0,0.0,0.0,0.0,0.0,0.0,0.0,0.0,0.0,0.0,0.0,0.0,0.0,0.0,0.0,0.0,0.0,0.0,0.0,0.0,0.0,0.0,0.0,0.0,0.0,0.0,0.0,0.0,0.0,0.0,0.0,0.0,0.0,0.0,0.0,0.0,0.0,0.0,0.0,0.0,0.0,0.0,0.0,0.0,0.0,0.0,0.0,0.0,0.0,0.0,0.0,0.0,0.0,0.0,0.0,0.0,0.0,0.0,0.0,0.0,0.0,0.0,0.0,0.0,0.0,0.0,0.0,0.0,0.0,0.0,0.0,0.0,0.0,0.0,0.0,0.0,0.0,0.0,0.0,0.0,0.0,0.0,0.0,0.0,0.0,0.0,0.0,0.0,0.0,0.0,0.0,0.0,0.0,0.0,0.0,0.0
31.1417335413786,103.21255330114,24.5511456592836,225.0,10.0,90.0,5.0,5.0,0.0,0.0,0.0,0.0,0.0,0.0,0.0,0.0,0.0,0.0,0.0,0.0,0.0,0.0,0.0,0.0,0.0,0.0,0.0,0.0,0.0,0.0,0.0,0.0,0.0,0.0,0.0,0.0,0.0,0.0,0.0,0.0,0.0,0.0,0.0,0.0,0.0,0.0,0.0,0.0,0.0,0.0,0.0,0.0,0.0,0.0,0.0,0.0,0.0,0.0,0.0,0.0,0.0,0.0,0.0,0.0,0.0,0.0,0.0,0.0,0.0,0.0,0.0,0.0,0.0,0.0,0.0,0.0,0.0,0.0,0.0,0.0,0.0,0.0,0.0,0.0,0.0,0.0,0.0,0.0,0.0,0.0,0.0,0.0,0.0,0.0,0.0,0.0,0.0,0.0,0.0,0.0,0.0,0.0,0.0,0.0,0.0,0.0,0.0,0.0,0.0,0.0,0.0,0.0,0.0,0.0,0.0,0.0,0.0,0.0,0.0,0.0,0.0,0.0,0.0,0.0,0.0,0.0,0.0,0.0,0.0,0.0,0.0,0.0,0.0,0.0,0.0,0.0,0.0,0.0,0.0,0.0,0.0,0.0,0.0,0.0,0.0,0.0,0.0,0.0,0.0,0.0,0.0,0.0,0.0,0.0,0.0,0.0,0.0,0.0,0.0,0.0,0.0,0.0,0.0,0.0,0.0,0.0,0.0,0.0,0.0,0.0,0.0,0.0,0.0,0.0,0.0,0.0,0.0,0.0,0.0,0.0,0.0,0.0,0.0,0.0,0.0,0.0,0.0,0.0,0.0,0.0,0.0,0.0,0.0,0.0,0.0,0.0,0.0,0.0,0.0,0.0,0.0,0.0,0.0,0.0,0.0,0.0,0.0,0.0,0.0,0.0,0.0,0.0,0.0,0.0,0.0,0.0,0.0,0.0,0.0,0.0,0.0,0.0,0.0,0.0,0.0,0.0,0.0,0.0,0.0,0.0,0.0,0.0,0.0,0.0,0.0,0.0,0.0,0.0,0.0,0.0,0.0,0.0,0.0,0.0,0.0,0.0,0.0,0.0,0.0,0.0
30.9163447383351,103.404826497967,2.46201938253052,225.0,80.0,162.6981199238351,5.0,5.0,1.495175163739176,1.1634765343642947e+18,0.0,0.0,0.0,0.0,0.0,0.0,0.0,0.0,0.0,2.653421333570614e+16,5.306842667141228e+16,5.220370388539068e+16,5.133898109936909e+16,3.4275929762914924e+16,1.7212878426460764e+16,8606439213230382.0,0.0,2577807999693712.0,5155615999387424.0,1.1770037284201064e+16,1.83844585690147e+16,2.628394900331824e+16,3.4183439437621784e+16,3.813152557748243e+16,4.207961171734307e+16,3.942445602758561e+16,3.6769300337828136e+16,2.9102052106618804e+16,2.143480387540948e+16,1.3477899057346576e+16,5520994239283673.0,2760497119641836.5,0.0,0.0,0.0,0.0,0.0,5370824271036227.0,1.0741648542072454e+16,2.6472738005121212e+16,4.220382746816997e+16,6.4323306916018424e+16,8.644278636386688e+16,1.086680373516249e+17,1.3089328833938288e+17,1.429904825497424e+17,1.5508767676010192e+17,1.536601364234064e+17,1.5223259608671088e+17,1.3998822544678877e+17,1.2774385480686666e+17,1.1015597720477606e+17,9.256809960268546e+16,7.368948652909963e+16,5.48108734555138e+16,3.853766792372498e+16,2.226446239193615e+16,1.2801686282896662e+16,3338910173857168.5,1669455086928584.2,0.0,0.0,0.0,0.0,0.0,0.0,0.0,0.0,0.0,0.0,0.0,0.0,0.0,0.0,0.0,0.0,0.0,0.0,0.0,0.0,0.0,0.0,0.0,0.0,0.0,0.0,0.0,0.0,0.0,0.0,0.0,0.0,0.0,0.0,0.0,0.0,0.0,0.0,0.0,0.0,0.0,0.0,0.0,0.0,0.0,0.0,0.0,0.0,0.0,0.0,0.0,0.0,0.0,0.0,0.0,0.0,0.0,0.0,0.0,0.0,0.0,0.0,0.0,0.0,0.0,0.0,0.0,0.0,0.0,0.0,0.0,0.0,0.0,0.0,0.0,0.0,0.0,0.0,0.0,0.0,0.0,0.0,0.0,0.0,0.0,0.0,0.0,0.0,0.0,0.0,0.0,0.0,0.0,0.0,0.0,0.0,0.0,0.0,0.0,0.0,0.0,0.0,0.0,0.0,0.0,0.0,0.0,0.0,0.0,0.0,0.0,0.0,0.0,0.0,0.0,0.0,0.0,0.0,0.0,0.0,0.0,0.0,0.0,0.0,0.0,0.0,0.0,0.0,0.0,0.0,0.0,0.0,0.0,0.0,0.0,0.0,0.0,0.0,0.0,0.0,0.0,0.0,0.0,0.0,0.0,0.0,0.0,0.0,0.0,0.0,0.0,0.0,0.0,0.0,0.0,0.0,0.0,0.0,0.0,0.0,0.0,0.0,0.0,0.0,0.0,0.0,0.0,0.0,0.0,0.0,0.0,0.0,0.0,0.0,0.0,0.0,0.0,0.0,0.0,0.0
30.9258241286145,103.393612137241,7.18980823265266,225.0,65.0,150.78267513284607,5.0,5.0,2.3162846997177313,1.8024262042241516e+18,0.0,0.0,0.0,0.0,0.0,2.3946617501183584e+16,4.789323500236717e+16,8.336070176139165e+16,1.1882816852041614e+17,1.3951346572363174e+17,1.6019876292684736e+17,1.4306784568779667e+17,1.2593692844874603e+17,8.759278554399027e+16,4.924864263923452e+16,2.594513772044563e+16,2641632801656747.0,7981644597227654.0,1.3321656392798564e+16,2.2088300023827228e+16,3.0854943654855884e+16,3.993220812249539e+16,4.900947259013489e+16,5.328562840357306e+16,5.7561784217011224e+16,5.479841603772356e+16,5.2035047858435896e+16,4.347594378452259e+16,3.491683971060928e+16,2.528747207374946e+16,1.5658104436889644e+16,9612115088183650.0,3566125739477662.0,1783062869738831.0,0.0,576127823662930.5,1152255647325861.0,8057241537392147.0,1.496222742745843e+16,3.2185211658718236e+16,4.940819588997804e+16,7.36951073893641e+16,9.798201888875014e+16,1.220910054533811e+17,1.4619999201801206e+17,1.6052985647080586e+17,1.748597209235996e+17,1.7495015529593446e+17,1.750405896682693e+17,1.6368714757828042e+17,1.5233370548829155e+17,1.3460215465052763e+17,1.168706038127637e+17,9.467330709565008e+16,7.247601037853645e+16,5.0764442440545784e+16,2.9052874502555116e+16,1.6375234349017244e+16,3697594195479364.0,2320040797189172.0,942487398898980.2,1590944430587263.5,2239401462275546.8,2888291522375911.0,3537181582476274.5,1768590791238137.2,0.0,0.0,0.0,0.0,0.0,0.0,0.0,0.0,0.0,0.0,0.0,0.0,0.0,0.0,0.0,0.0,0.0,0.0,0.0,0.0,0.0,0.0,0.0,0.0,0.0,0.0,0.0,0.0,0.0,0.0,0.0,0.0,0.0,0.0,0.0,0.0,0.0,0.0,0.0,0.0,0.0,0.0,0.0,0.0,0.0,0.0,0.0,0.0,0.0,0.0,0.0,0.0,0.0,0.0,0.0,0.0,0.0,0.0,0.0,0.0,0.0,0.0,0.0,0.0,0.0,0.0,0.0,0.0,0.0,0.0,0.0,0.0,0.0,0.0,0.0,0.0,0.0,0.0,0.0,0.0,0.0,0.0,0.0,0.0,0.0,0.0,0.0,0.0,0.0,0.0,0.0,0.0,0.0,0.0,0.0,0.0,0.0,0.0,0.0,0.0,0.0,0.0,0.0,0.0,0.0,0.0,0.0,0.0,0.0,0.0,0.0,0.0,0.0,0.0,0.0,0.0,0.0,0.0,0.0,0.0,0.0,0.0,0.0,0.0,0.0,0.0,0.0,0.0,0.0,0.0,0.0,0.0,0.0,0.0,0.0,0.0,0.0,0.0,0.0,0.0,0.0,0.0,0.0,0.0,0.0,0.0,0.0,0.0,0.0,0.0,0.0,0.0,0.0,0.0,0.0,0.0,0.0,0.0,0.0,0.0,0.0,0.0,0.0,0.0,0.0,0.0,0.0,0.0,0.0,0.0,0.0,0.0,0.0,0.0
30.942761855432,103.373547866819,11.3706888080417,225.0,50.0,134.83996597470988,5.0,5.0,3.3524504869354947,2.608722756210803e+18,0.0,0.0,0.0,0.0,0.0,6.782907039864904e+16,1.3565814079729808e+17,2.0431095551174013e+17,2.7296377022618218e+17,2.99081773716417e+17,3.251997772066519e+17,2.927931733278253e+17,2.6038656944899866e+17,1.9262749559614694e+17,1.2486842174329518e+17,7.05641298404642e+16,1.6259837937633216e+16,1.4596800463128904e+16,1.293376298862459e+16,2.36886644991083e+16,3.444356600959201e+16,4.432636913287004e+16,5.420917225614808e+16,5.838012636340769e+16,6.2551080470667304e+16,5.903358963632129e+16,5.5516098801975256e+16,4.562088604670204e+16,3.572567329142882e+16,2.512800043126625e+16,1.4530327571103672e+16,8463713662799677.0,2397099754495681.5,1198549877247840.8,0.0,0.0,0.0,5492429442173711.0,1.0984858884347422e+16,2.915658422988515e+16,4.732830957542288e+16,7.527304355527376e+16,1.0321777753512464e+17,1.3166583944982232e+17,1.6011390136452e+17,1.7873096679020966e+17,1.973480322158994e+17,2.00599447600693e+17,2.0385086298548662e+17,1.94508891926426e+17,1.851669208673654e+17,1.6676167311028333e+17,1.4835642535320128e+17,1.224140827604109e+17,9.64717401676205e+16,6.8424868141566824e+16,4.037799611551313e+16,2.245578396236829e+16,4533571809223452.0,2276459121988412.5,19346434753372.387,633652863498583.0,1247959292243793.5,1654857199115078.0,2061755105986362.2,1030877552993181.1,0.0,0.0,0.0,0.0,0.0,0.0,0.0,0.0,0.0,0.0,0.0,0.0,0.0,0.0,0.0,0.0,0.0,0.0,0.0,0.0,0.0,0.0,0.0,0.0,0.0,0.0,0.0,0.0,0.0,0.0,0.0,0.0,0.0,0.0,0.0,0.0,0.0,0.0,0.0,0.0,0.0,0.0,0.0,0.0,0.0,0.0,0.0,0.0,0.0,0.0,0.0,0.0,0.0,0.0,0.0,0.0,0.0,0.0,0.0,0.0,0.0,0.0,0.0,0.0,0.0,0.0,0.0,0.0,0.0,0.0,0.0,0.0,0.0,0.0,0.0,0.0,0.0,0.0,0.0,0.0,0.0,0.0,0.0,0.0,0.0,0.0,0.0,0.0,0.0,0.0,0.0,0.0,0.0,0.0,0.0,0.0,0.0,0.0,0.0,0.0,0.0,0.0,0.0,0.0,0.0,0.0,0.0,0.0,0.0,0.0,0.0,0.0,0.0,0.0,0.0,0.0,0.0,0.0,0.0,0.0,0.0,0.0,0.0,0.0,0.0,0.0,0.0,0.0,0.0,0.0,0.0,0.0,0.0,0.0,0.0,0.0,0.0,0.0,0.0,0.0,0.0,0.0,0.0,0.0,0.0,0.0,0.0,0.0,0.0,0.0,0.0,0.0,0.0,0.0,0.0,0.0,0.0,0.0,0.0,0.0,0.0,0.0,0.0,0.0,0.0,0.0,0.0,0.0,0.0,0.0,0.0,0.0,0.0,0.0
30.9651593408244,103.346987584962,14.8927689400555,225.0,40.0,123.2987420594773,5.0,5.0,4.097634809464843,3.1885909175243054e+18,0.0,0.0,0.0,1.3685806754621558e+16,2.7371613509243116e+16,1.1164778113646326e+17,1.9592394876368342e+17,2.8713901518669453e+17,3.783540816097056e+17,4.1538860351328186e+17,4.5242312541685805e+17,4.1710486311212646e+17,3.817866008073947e+17,2.986427942424464e+17,2.1549898767749805e+17,1.377787259554468e+17,6.005846423339554e+16,3.486664452112765e+16,9674824808859768.0,1.9576141886552556e+16,2.9477458964245336e+16,3.740073548315123e+16,4.532401200205713e+16,4.723313011944006e+16,4.914224823682299e+16,4.408005720421731e+16,3.901786617161163e+16,3.0204016069834212e+16,2.1390165968056788e+16,1.4024425934485086e+16,6658685900913383.0,3329342950456691.5,0.0,0.0,0.0,0.0,0.0,2869857794162075.5,5739715588324151.0,2.333500655209346e+16,4.093029751586277e+16,7.075876739148725e+16,1.0058723726711171e+17,1.3280074448609128e+17,1.6501425170507085e+17,1.8714303821141043e+17,2.0927182471774998e+17,2.1552036639837e+17,2.2176890807899005e+17,2.1350382986350442e+17,2.0523875164801875e+17,1.8485991957459546e+17,1.6448108750117213e+17,1.3563390057842869e+17,1.0678671365568523e+17,7.717735107609016e+16,4.756798849649507e+16,2.778254201030158e+16,7997095524108089.0,3998547762054044.5,0.0,552480877685388.75,1104961755370777.5,552480877685388.75,0.0,0.0,0.0,0.0,0.0,0.0,0.0,0.0,0.0,0.0,0.0,0.0,0.0,0.0,0.0,0.0,0.0,0.0,0.0,0.0,0.0,0.0,0.0,0.0,0.0,0.0,0.0,0.0,0.0,0.0,0.0,0.0,0.0,0.0,0.0,0.0,0.0,0.0,0.0,0.0,0.0,0.0,0.0,0.0,0.0,0.0,0.0,0.0,0.0,0.0,0.0,0.0,0.0,0.0,0.0,0.0,0.0,0.0,0.0,0.0,0.0,0.0,0.0,0.0,0.0,0.0,0.0,0.0,0.0,0.0,0.0,0.0,0.0,0.0,0.0,0.0,0.0,0.0,0.0,0.0,0.0,0.0,0.0,0.0,0.0,0.0,0.0,0.0,0.0,0.0,0.0,0.0,0.0,0.0,0.0,0.0,0.0,0.0,0.0,0.0,0.0,0.0,0.0,0.0,0.0,0.0,0.0,0.0,0.0,0.0,0.0,0.0,0.0,0.0,0.0,0.0,0.0,0.0,0.0,0.0,0.0,0.0,0.0,0.0,0.0,0.0,0.0,0.0,0.0,0.0,0.0,0.0,0.0,0.0,0.0,0.0,0.0,0.0,0.0,0.0,0.0,0.0,0.0,0.0,0.0,0.0,0.0,0.0,0.0,0.0,0.0,0.0,0.0,0.0,0.0,0.0,0.0,0.0,0.0,0.0,0.0,0.0,0.0,0.0,0.0,0.0,0.0,0.0,0.0,0.0,0.0,0.0,0.0,0.0,0.0,0.0
30.9911058406095,103.31619616495,17.7497379642719,225.0,30.0,116.3289168937678,5.0,5.0,4.022915409559542,3.130447717610396e+18,0.0,0.0,0.0,0.0,0.0,8.656472209603291e+16,1.7312944419206582e+17,2.6792036824556685e+17,3.627112922990679e+17,4.149875705789936e+17,4.672638488589193e+17,4.4890845329715866e+17,4.3055305773539814e+17,3.553042318246929e+17,2.8005540591398774e+17,1.9477299595427168e+17,1.0949058599455566e+17,5.969247345733518e+16,9894360920114712.0,1.3408317104413448e+16,1.6922273288712188e+16,2.109451131734897e+16,2.526674934598575e+16,2.4864043559253388e+16,2.4461337772521024e+16,1.9850619405059932e+16,1.5239901037598836e+16,1.0461959524320958e+16,5684018011043079.0,3274500140478353.5,864982269913627.6,432491134956813.8,0.0,0.0,0.0,0.0,0.0,528449225382440.75,1056898450764881.5,1.5834878755349346e+16,3.0612859059933812e+16,5.861550715981216e+16,8.66181552596905e+16,1.1821849068958806e+17,1.498188261194856e+17,1.7289399906185203e+17,1.9596917200421846e+17,2.0382505826969674e+17,2.1168094453517498e+17,2.037974127855194e+17,1.9591388103586378e+17,1.7570739146309782e+17,1.5550090189033184e+17,1.2840898282323074e+17,1.013170637561296e+17,7.642369343020069e+16,5.153032310427179e+16,3.44309220964166e+16,1.7331521088561408e+16,1.0278074947322202e+16,3224628806082997.0,3994877447576548.5,4765126089070101.0,4167642430001216.5,3570158770932332.5,1785079385466166.2,0.0,0.0,0.0,0.0,0.0,0.0,0.0,0.0,0.0,0.0,0.0,0.0,0.0,0.0,0.0,0.0,0.0,0.0,0.0,0.0,0.0,0.0,0.0,0.0,0.0,0.0,0.0,0.0,0.0,0.0,0.0,0.0,0.0,0.0,0.0,0.0,0.0,0.0,0.0,0.0,0.0,0.0,0.0,0.0,0.0,0.0,0.0,0.0,0.0,0.0,0.0,0.0,0.0,0.0,0.0,0.0,0.0,0.0,0.0,0.0,0.0,0.0,0.0,0.0,0.0,0.0,0.0,0.0,0.0,0.0,0.0,0.0,0.0,0.0,0.0,0.0,0.0,0.0,0.0,0.0,0.0,0.0,0.0,0.0,0.0,0.0,0.0,0.0,0.0,0.0,0.0,0.0,0.0,0.0,0.0,0.0,0.0,0.0,0.0,0.0,0.0,0.0,0.0,0.0,0.0,0.0,0.0,0.0,0.0,0.0,0.0,0.0,0.0,0.0,0.0,0.0,0.0,0.0,0.0,0.0,0.0,0.0,0.0,0.0,0.0,0.0,0.0,0.0,0.0,0.0,0.0,0.0,0.0,0.0,0.0,0.0,0.0,0.0,0.0,0.0,0.0,0.0,0.0,0.0,0.0,0.0,0.0,0.0,0.0,0.0,0.0,0.0,0.0,0.0,0.0,0.0,0.0,0.0,0.0,0.0,0.0,0.0,0.0,0.0,0.0,0.0,0.0,0.0,0.0,0.0,0.0,0.0,0.0,0.0
31.0192822344336,103.282740227535,20.0562836186236,225.0,25.0,111.71158084657972,5.0,5.0,3.1896031644157175,2.4820024608027484e+18,0.0,0.0,0.0,0.0,0.0,4.2331397947787304e+16,8.466279589557461e+16,1.5457545784352794e+17,2.2448811979148128e+17,2.899197627290908e+17,3.553514056667003e+17,3.6492489268838746e+17,3.744983797100747e+17,3.266554693812019e+17,2.788125590523292e+17,2.0627619573381395e+17,1.3373983241529872e+17,7.970866333479917e+16,2.56774942542996e+16,1.5489882035349718e+16,5302269816399835.0,6198927999465182.0,7095586182530528.0,5791459427534081.0,4487332672537633.5,2387106658545532.0,286880644553430.94,143440322276715.47,0.0,0.0,0.0,0.0,0.0,0.0,0.0,0.0,0.0,0.0,0.0,9133396156001352.0,1.8266792312002704e+16,4.026677846651496e+16,6.226676462102721e+16,8.82041761460292e+16,1.1414158767103118e+17,1.3433333818417074e+17,1.5452508869731027e+17,1.623131547887836e+17,1.70101220880257e+17,1.6321123184143725e+17,1.5632124280261744e+17,1.3922652164350123e+17,1.2213180048438504e+17,1.024700940320395e+17,8.280838757969395e+16,6.677154628157458e+16,5.073470498345518e+16,3.921582160113045e+16,2.7696938218805704e+16,2.0203882633514164e+16,1.271082704822262e+16,1.112918008649175e+16,9547533124760882.0,7947224701080094.0,6346916277399303.0,3173458138699651.5,0.0,0.0,0.0,0.0,0.0,0.0,0.0,0.0,0.0,0.0,0.0,0.0,0.0,0.0,0.0,0.0,0.0,0.0,0.0,0.0,0.0,0.0,0.0,0.0,0.0,0.0,0.0,0.0,0.0,0.0,0.0,0.0,0.0,0.0,0.0,0.0,0.0,0.0,0.0,0.0,0.0,0.0,0.0,0.0,0.0,0.0,0.0,0.0,0.0,0.0,0.0,0.0,0.0,0.0,0.0,0.0,0.0,0.0,0.0,0.0,0.0,0.0,0.0,0.0,0.0,0.0,0.0,0.0,0.0,0.0,0.0,0.0,0.0,0.0,0.0,0.0,0.0,0.0,0.0,0.0,0.0,0.0,0.0,0.0,0.0,0.0,0.0,0.0,0.0,0.0,0.0,0.0,0.0,0.0,0.0,0.0,0.0,0.0,0.0,0.0,0.0,0.0,0.0,0.0,0.0,0.0,0.0,0.0,0.0,0.0,0.0,0.0,0.0,0.0,0.0,0.0,0.0,0.0,0.0,0.0,0.0,0.0,0.0,0.0,0.0,0.0,0.0,0.0,0.0,0.0,0.0,0.0,0.0,0.0,0.0,0.0,0.0,0.0,0.0,0.0,0.0,0.0,0.0,0.0,0.0,0.0,0.0,0.0,0.0,0.0,0.0,0.0,0.0,0.0,0.0,0.0,0.0,0.0,0.0,0.0,0.0,0.0,0.0,0.0,0.0,0.0,0.0,0.0,0.0,0.0,0.0,0.0,0.0,0.0
31.0486297830546,103.247876546675,21.9678796312896,225.0,20.0,110.21548935023442,5.0,5.0,1.7840722216565268,1.388282935570913e+18,0.0,0.0,0.0,0.0,0.0,0.0,0.0,0.0,0.0,7.597883606692048e+16,1.5195767213384096e+17,1.9046649839173994e+17,2.289753246496389e+17,2.1630077632407408e+17,2.0362622799850925e+17,1.6057737414742774e+17,1.1752852029634627e+17,7.68790036069881e+16,3.62294869176299e+16,1.811474345881495e+16,0.0,0.0,0.0,0.0,0.0,0.0,0.0,0.0,0.0,0.0,0.0,0.0,0.0,0.0,0.0,0.0,0.0,0.0,0.0,4374169760476731.0,8748339520953462.0,2.121201778511791e+16,3.367569604928236e+16,4.9775501859774296e+16,6.587530767026622e+16,7.987802444590376e+16,9.388074122154133e+16,1.0000070361247688e+17,1.0612066600341243e+17,1.0217052078522464e+17,9.822037556703686e+16,8.807793626800312e+16,7.793549696896938e+16,6.762020695045721e+16,5.730491693194504e+16,4.953905272759235e+16,4.177318852323966e+16,3.5471456429323436e+16,2.916972433540721e+16,2.387518126051097e+16,1.858063818561473e+16,1.4655026086974906e+16,1.0729413988335084e+16,8453542784476459.0,6177671580617835.0,3884360075112913.0,1591048569607991.0,886763514163163.8,182478458718336.5,91239229359168.25,0.0,0.0,0.0,0.0,0.0,0.0,0.0,0.0,0.0,0.0,0.0,0.0,0.0,0.0,0.0,0.0,0.0,0.0,0.0,0.0,0.0,0.0,0.0,0.0,0.0,0.0,0.0,0.0,0.0,0.0,0.0,0.0,0.0,0.0,0.0,0.0,0.0,0.0,0.0,0.0,0.0,0.0,0.0,0.0,0.0,0.0,0.0,0.0,0.0,0.0,0.0,0.0,0.0,0.0,0.0,0.0,0.0,0.0,0.0,0.0,0.0,0.0,0.0,0.0,0.0,0.0,0.0,0.0,0.0,0.0,0.0,0.0,0.0,0.0,0.0,0.0,0.0,0.0,0.0,0.0,0.0,0.0,0.0,0.0,0.0,0.0,0.0,0.0,0.0,0.0,0.0,0.0,0.0,0.0,0.0,0.0,0.0,0.0,0.0,0.0,0.0,0.0,0.0,0.0,0.0,0.0,0.0,0.0,0.0,0.0,0.0,0.0,0.0,0.0,0.0,0.0,0.0,0.0,0.0,0.0,0.0,0.0,0.0,0.0,0.0,0.0,0.0,0.0,0.0,0.0,0.0,0.0,0.0,0.0,0.0,0.0,0.0,0.0,0.0,0.0,0.0,0.0,0.0,0.0,0.0,0.0,0.0,0.0,0.0,0.0,0.0,0.0,0.0,0.0,0.0,0.0,0.0,0.0,0.0,0.0,0.0,0.0,0.0,0.0,0.0,0.0,0.0,0.0,0.0,0.0
31.078925133907,103.211873700979,23.46997760236,225.0,15.0,106.89482384022709,5.0,5.0,0.6802787388422589,5.2936162174505914e+17,0.0,0.0,0.0,0.0,0.0,0.0,0.0,0.0,0.0,0.0,0.0,3.761580582253265e+16,7.52316116450653e+16,8.197275928060182e+16,8.871390691613835e+16,7.437535966052e+16,6.003681240490166e+16,4.0377403471693016e+16,2.071799453848436e+16,1.035899726924218e+16,0.0,0.0,0.0,0.0,0.0,0.0,0.0,0.0,0.0,0.0,0.0,0.0,0.0,0.0,0.0,0.0,0.0,0.0,0.0,980049046074425.0,1960098092148850.0,6489784057359813.0,1.1019470022570776e+16,1.7851617327367466e+16,2.4683764632164164e+16,3.086061595440762e+16,3.703746727665107e+16,3.985773025236456e+16,4.2677993228078024e+16,4.129552331117703e+16,3.9913053394276056e+16,3.6390103489598984e+16,3.2867153584921904e+16,2.9741015837121772e+16,2.6614878089321644e+16,2.45074631684278e+16,2.2400048247533948e+16,2.0671543836928176e+16,1.89430394263224e+16,1.6485612891685126e+16,1.402818635704785e+16,1.0791004704966144e+16,7553823052884438.0,5330995954987144.0,3108168857089849.5,2098157193757174.8,1088145530424499.6,633475399897626.4,178805269370753.5,383003224517014.4,587201179663275.4,293600589831637.7,0.0,0.0,0.0,0.0,0.0,0.0,0.0,0.0,0.0,0.0,0.0,0.0,0.0,0.0,0.0,0.0,0.0,0.0,0.0,0.0,0.0,0.0,0.0,0.0,0.0,0.0,0.0,0.0,0.0,0.0,0.0,0.0,0.0,0.0,0.0,0.0,0.0,0.0,0.0,0.0,0.0,0.0,0.0,0.0,0.0,0.0,0.0,0.0,0.0,0.0,0.0,0.0,0.0,0.0,0.0,0.0,0.0,0.0,0.0,0.0,0.0,0.0,0.0,0.0,0.0,0.0,0.0,0.0,0.0,0.0,0.0,0.0,0.0,0.0,0.0,0.0,0.0,0.0,0.0,0.0,0.0,0.0,0.0,0.0,0.0,0.0,0.0,0.0,0.0,0.0,0.0,0.0,0.0,0.0,0.0,0.0,0.0,0.0,0.0,0.0,0.0,0.0,0.0,0.0,0.0,0.0,0.0,0.0,0.0,0.0,0.0,0.0,0.0,0.0,0.0,0.0,0.0,0.0,0.0,0.0,0.0,0.0,0.0,0.0,0.0,0.0,0.0,0.0,0.0,0.0,0.0,0.0,0.0,0.0,0.0,0.0,0.0,0.0,0.0,0.0,0.0,0.0,0.0,0.0,0.0,0.0,0.0,0.0,0.0,0.0,0.0,0.0,0.0,0.0,0.0,0.0,0.0,0.0,0.0,0.0,0.0,0.0,0.0,0.0,0.0,0.0,0.0,0.0
31.109937721078,103.17508925693,24.5511456592836,225.0,10.0,90.0,5.0,5.0,0.0,0.0,0.0,0.0,0.0,0.0,0.0,0.0,0.0,0.0,0.0,0.0,0.0,0.0,0.0,0.0,0.0,0.0,0.0,0.0,0.0,0.0,0.0,0.0,0.0,0.0,0.0,0.0,0.0,0.0,0.0,0.0,0.0,0.0,0.0,0.0,0.0,0.0,0.0,0.0,0.0,0.0,0.0,0.0,0.0,0.0,0.0,0.0,0.0,0.0,0.0,0.0,0.0,0.0,0.0,0.0,0.0,0.0,0.0,0.0,0.0,0.0,0.0,0.0,0.0,0.0,0.0,0.0,0.0,0.0,0.0,0.0,0.0,0.0,0.0,0.0,0.0,0.0,0.0,0.0,0.0,0.0,0.0,0.0,0.0,0.0,0.0,0.0,0.0,0.0,0.0,0.0,0.0,0.0,0.0,0.0,0.0,0.0,0.0,0.0,0.0,0.0,0.0,0.0,0.0,0.0,0.0,0.0,0.0,0.0,0.0,0.0,0.0,0.0,0.0,0.0,0.0,0.0,0.0,0.0,0.0,0.0,0.0,0.0,0.0,0.0,0.0,0.0,0.0,0.0,0.0,0.0,0.0,0.0,0.0,0.0,0.0,0.0,0.0,0.0,0.0,0.0,0.0,0.0,0.0,0.0,0.0,0.0,0.0,0.0,0.0,0.0,0.0,0.0,0.0,0.0,0.0,0.0,0.0,0.0,0.0,0.0,0.0,0.0,0.0,0.0,0.0,0.0,0.0,0.0,0.0,0.0,0.0,0.0,0.0,0.0,0.0,0.0,0.0,0.0,0.0,0.0,0.0,0.0,0.0,0.0,0.0,0.0,0.0,0.0,0.0,0.0,0.0,0.0,0.0,0.0,0.0,0.0,0.0,0.0,0.0,0.0,0.0,0.0,0.0,0.0,0.0,0.0,0.0,0.0,0.0,0.0,0.0,0.0,0.0,0.0,0.0,0.0,0.0,0.0,0.0,0.0,0.0,0.0,0.0,0.0,0.0,0.0,0.0,0.0,0.0,0.0,0.0,0.0,0.0,0.0,0.0,0.0,0.0,0.0,0.0,0.0
30.8845489180345,103.367432093753,2.46201938253052,225.0,80.0,170.53052475835324,5.0,5.0,0.7072653997609949,5.503613998856172e+17,0.0,0.0,0.0,0.0,0.0,0.0,0.0,0.0,0.0,1.3208101236715294e+16,2.6416202473430588e+16,2.647853730337723e+16,2.654087213332387e+16,1.6432503618290044e+16,6324135103256214.0,3162067551628107.0,0.0,0.0,0.0,1852467964937808.8,3704935929875617.5,8209905518761986.0,1.2714875107648354e+16,1.6136424511923674e+16,1.955797391619899e+16,1.7594829328441218e+16,1.5631684740683444e+16,1.1357074534573984e+16,7082464328464523.0,3541232164232261.5,0.0,0.0,0.0,0.0,0.0,0.0,0.0,0.0,0.0,6958695524970440.0,1.391739104994088e+16,2.733524119810162e+16,4.075309134626235e+16,5.6288079285751064e+16,7.182306722523976e+16,8.129232168567022e+16,9.076157614610069e+16,9.045227966226043e+16,9.014298317842016e+16,8.02196440926557e+16,7.029630500689121e+16,5.507487472503036e+16,3.985344444316953e+16,2.7016967565805976e+16,1.418049068844242e+16,7420198878355510.0,659907068268601.2,329953534134300.6,0.0,0.0,0.0,0.0,0.0,0.0,0.0,0.0,0.0,0.0,0.0,0.0,0.0,0.0,0.0,0.0,0.0,0.0,0.0,0.0,0.0,0.0,0.0,0.0,0.0,0.0,0.0,0.0,0.0,0.0,0.0,0.0,0.0,0.0,0.0,0.0,0.0,0.0,0.0,0.0,0.0,0.0,0.0,0.0,0.0,0.0,0.0,0.0,0.0,0.0,0.0,0.0,0.0,0.0,0.0,0.0,0.0,0.0,0.0,0.0,0.0,0.0,0.0,0.0,0.0,0.0,0.0,0.0,0.0,0.0,0.0,0.0,0.0,0.0,0.0,0.0,0.0,0.0,0.0,0.0,0.0,0.0,0.0,0.0,0.0,0.0,0.0,0.0,0.0,0.0,0.0,0.0,0.0,0.0,0.0,0.0,0.0,0.0,0.0,0.0,0.0,0.0,0.0,0.0,0.0,0.0,0.0,0.0,0.0,0.0,0.0,0.0,0.0,0.0,0.0,0.0,0.0,0.0,0.0,0.0,0.0,0.0,0.0,0.0,0.0,0.0,0.0,0.0,0.0,0.0,0.0,0.0,0.0,0.0,0.0,0.0,0.0,0.0,0.0,0.0,0.0,0.0,0.0,0.0,0.0,0.0,0.0,0.0,0.0,0.0,0.0,0.0,0.0,0.0,0.0,0.0,0.0,0.0,0.0,0.0,0.0,0.0,0.0,0.0,0.0,0.0,0.0,0.0,0.0,0.0,0.0,0.0,0.0,0.0,0.0,0.0,0.0,0.0,0.0,0.0,0.0,0.0
30.8940283083138,103.356215259763,7.18980823265266,225.0,65.0,155.27544584474325,5.0,5.0,1.3037621179266559,1.014527707113099e+18,0.0,0.0,0.0,0.0,0.0,0.0,0.0,2.9711963152542536e+16,5.942392630508507e+16,7.999781218028768e+16,1.0057169805549029e+17,9.227804911114411e+16,8.398440016679794e+16,5.651943105728178e+16,2.905446194776562e+16,1.4776333190967522e+16,498204434169426.94,2424450031451153.0,4350695628732880.0,9393568774312392.0,1.4436441919891904e+16,2.0811945747494148e+16,2.718744957509639e+16,3.0873296643055556e+16,3.4559143711014716e+16,3.2798078798691772e+16,3.1037013886368824e+16,2.553258855021528e+16,2.0028163214061732e+16,1.3830140010902618e+16,7632116807743501.0,4337351440581766.0,1042586073420031.6,521293036710015.8,0.0,0.0,0.0,1970345488261577.2,3940690976523154.5,1.2797163812740278e+16,2.16536366489574e+16,3.710182170777739e+16,5.255000676659738e+16,7.014174748348582e+16,8.773348820037427e+16,9.887612124617029e+16,1.1001875429196629e+17,1.1096842311094517e+17,1.1191809192992408e+17,1.0263745165804862e+17,9.335681138617318e+16,7.926678537480192e+16,6.517675936343065e+16,5.092256691191734e+16,3.666837446040404e+16,2.4308420314211004e+16,1.194846616801797e+16,6850648532965688.0,1752830897913406.5,876415448956703.2,0.0,375528210750263.6,751056421500527.2,1317282873918872.0,1883509326337217.0,1626218937839154.2,1368928549341091.2,684464274670545.6,0.0,0.0,0.0,0.0,0.0,0.0,0.0,0.0,0.0,0.0,0.0,0.0,0.0,0.0,0.0,0.0,0.0,0.0,0.0,0.0,0.0,0.0,0.0,0.0,0.0,0.0,0.0,0.0,0.0,0.0,0.0,0.0,0.0,0.0,0.0,0.0,0.0,0.0,0.0,0.0,0.0,0.0,0.0,0.0,0.0,0.0,0.0,0.0,0.0,0.0,0.0,0.0,0.0,0.0,0.0,0.0,0.0,0.0,0.0,0.0,0.0,0.0,0.0,0.0,0.0,0.0,0.0,0.0,0.0,0.0,0.0,0.0,0.0,0.0,0.0,0.0,0.0,0.0,0.0,0.0,0.0,0.0,0.0,0.0,0.0,0.0,0.0,0.0,0.0,0.0,0.0,0.0,0.0,0.0,0.0,0.0,0.0,0.0,0.0,0.0,0.0,0.0,0.0,0.0,0.0,0.0,0.0,0.0,0.0,0.0,0.0,0.0,0.0,0.0,0.0,0.0,0.0,0.0,0.0,0.0,0.0,0.0,0.0,0.0,0.0,0.0,0.0,0.0,0.0,0.0,0.0,0.0,0.0,0.0,0.0,0.0,0.0,0.0,0.0,0.0,0.0,0.0,0.0,0.0,0.0,0.0,0.0,0.0,0.0,0.0,0.0,0.0,0.0,0.0,0.0,0.0,0.0,0.0,0.0,0.0,0.0,0.0,0.0,0.0,0.0,0.0,0.0,0.0,0.0,0.0,0.0,0.0
30.9109660351314,103.33614564879,11.3706888080417,225.0,50.0,135.68379919962825,5.0,5.0,2.2796320491348108,1.7739047975624497e+18,0.0,0.0,0.0,0.0,0.0,3.202093203756338e+16,6.404186407512676e+16,1.1038103265840235e+17,1.5672020124167795e+17,1.9157232145217123e+17,2.264244416626645e+17,2.123230253664433e+17,1.9822160907022208e+17,1.4691707465208138e+17,9.56125402339407e+16,5.250885806920644e+16,9405175904472186.0,7576547881167415.0,5747919857862647.0,1.319662600680896e+16,2.0645332155755276e+16,2.866434195839716e+16,3.668335176103905e+16,4.060682518092197e+16,4.45302986008049e+16,4.20601928990183e+16,3.9590087197231704e+16,3.210642110459339e+16,2.4622755011955084e+16,1.667046598027471e+16,8718176948594332.0,4375217971139805.0,32258993685277.06,16129496842638.53,0.0,0.0,0.0,1973796562209486.8,3947593124418973.5,1.5077111121624264e+16,2.620662911882955e+16,4.597093933134517e+16,6.573524954386079e+16,8.765158147775757e+16,1.0956791341165435e+17,1.2475871601164811e+17,1.3994951861164189e+17,1.4344415006880242e+17,1.4693878152596294e+17,1.4015546448644114e+17,1.3337214744691936e+17,1.2065000454307408e+17,1.0792786163922878e+17,9.01226526193634e+16,7.2317443599498e+16,5.2040345022938824e+16,3.176324644637964e+16,1.7674570475670296e+16,3585894504960950.5,1792947252480475.2,0.0,59234955732127.08,118469911464254.16,798252937031060.0,1478035962597865.8,739017981298932.9,0.0,0.0,0.0,0.0,0.0,0.0,0.0,0.0,0.0,0.0,0.0,0.0,0.0,0.0,0.0,0.0,0.0,0.0,0.0,0.0,0.0,0.0,0.0,0.0,0.0,0.0,0.0,0.0,0.0,0.0,0.0,0.0,0.0,0.0,0.0,0.0,0.0,0.0,0.0,0.0,0.0,0.0,0.0,0.0,0.0,0.0,0.0,0.0,0.0,0.0,0.0,0.0,0.0,0.0,0.0,0.0,0.0,0.0,0.0,0.0,0.0,0.0,0.0,0.0,0.0,0.0,0.0,0.0,0.0,0.0,0.0,0.0,0.0,0.0,0.0,0.0,0.0,0.0,0.0,0.0,0.0,0.0,0.0,0.0,0.0,0.0,0.0,0.0,0.0,0.0,0.0,0.0,0.0,0.0,0.0,0.0,0.0,0.0,0.0,0.0,0.0,0.0,0.0,0.0,0.0,0.0,0.0,0.0,0.0,0.0,0.0,0.0,0.0,0.0,0.0,0.0,0.0,0.0,0.0,0.0,0.0,0.0,0.0,0.0,0.0,0.0,0.0,0.0,0.0,0.0,0.0,0.0,0.0,0.0,0.0,0.0,0.0,0.0,0.0,0.0,0.0,0.0,0.0,0.0,0.0,0.0,0.0,0.0,0.0,0.0,0.0,0.0,0.0,0.0,0.0,0.0,0.0,0.0,0.0,0.0,0.0,0.0,0.0,0.0,0.0,0.0,0.0,0.0,0.0,0.0,0.0,0.0,0.0,0.0
30.9333635205238,103.309577408719,14.8927689400555,225.0,40.0,124.4795644439074,5.0,5.0,3.063275239275312,2.383699880543041e+18,0.0,0.0,0.0,0.0,0.0,5.094534115715793e+16,1.0189068231431586e+17,1.7069175589073917e+17,2.3949282946716246e+17,2.8589584442985085e+17,3.322988593925392e+17,3.1916800410532166e+17,3.060371488181041e+17,2.4274382633634685e+17,1.7945050385458957e+17,1.138267726316605e+17,4.820304140873145e+16,2.702945306690454e+16,5855864725077638.0,1.3119478458087034e+16,2.038309219109643e+16,2.7306769262025244e+16,3.423044633295406e+16,3.621263492656126e+16,3.819482352016847e+16,3.4671887192789844e+16,3.1148950865411216e+16,2.390117031288254e+16,1.6653389760353866e+16,1.045973563616352e+16,4266081511973175.0,2133040755986587.5,0.0,0.0,0.0,0.0,0.0,1139469586742145.8,2278939173484291.5,1.4026163994731944e+16,2.577338881597959e+16,4.841857668877154e+16,7.106376456156347e+16,9.714090778047776e+16,1.2321805099939206e+17,1.4232729763303816e+17,1.6143654426668426e+17,1.6779776945819274e+17,1.7415899464970125e+17,1.6965317494528045e+17,1.6514735524085968e+17,1.5230991454039226e+17,1.3947247383992485e+17,1.1876199618110947e+17,9.805151852229413e+16,7.384360147145122e+16,4.963568442060829e+16,3.107208394225599e+16,1.2508483463903706e+16,6441538841115323.0,374594218326939.0,670768913775460.4,966943609223981.9,1237187103920540.0,1507430598617098.0,753715299308549.0,0.0,0.0,0.0,0.0,0.0,0.0,0.0,0.0,0.0,0.0,0.0,0.0,0.0,0.0,0.0,0.0,0.0,0.0,0.0,0.0,0.0,0.0,0.0,0.0,0.0,0.0,0.0,0.0,0.0,0.0,0.0,0.0,0.0,0.0,0.0,0.0,0.0,0.0,0.0,0.0,0.0,0.0,0.0,0.0,0.0,0.0,0.0,0.0,0.0,0.0,0.0,0.0,0.0,0.0,0.0,0.0,0.0,0.0,0.0,0.0,0.0,0.0,0.0,0.0,0.0,0.0,0.0,0.0,0.0,0.0,0.0,0.0,0.0,0.0,0.0,0.0,0.0,0.0,0.0,0.0,0.0,0.0,0.0,0.0,0.0,0.0,0.0,0.0,0.0,0.0,0.0,0.0,0.0,0.0,0.0,0.0,0.0,0.0,0.0,0.0,0.0,0.0,0.0,0.0,0.0,0.0,0.0,0.0,0.0,0.0,0.0,0.0,0.0,0.0,0.0,0.0,0.0,0.0,0.0,0.0,0.0,0.0,0.0,0.0,0.0,0.0,0.0,0.0,0.0,0.0,0.0,0.0,0.0,0.0,0.0,0.0,0.0,0.0,0.0,0.0,0.0,0.0,0.0,0.0,0.0,0.0,0.0,0.0,0.0,0.0,0.0,0.0,0.0,0.0,0.0,0.0,0.0,0.0,0.0,0.0,0.0,0.0,0.0,0.0,0.0,0.0,0.0,0.0,0.0,0.0,0.0,0.0,0.0,0.0
30.9593100203089,103.278776197619,17.7497379642719,225.0,30.0,118.66335913537584,5.0,5.0,3.1511247057898997,2.4520602943092337e+18,0.0,0.0,0.0,0.0,0.0,4.039388480712314e+16,8.078776961424627e+16,1.4689851451224698e+17,2.1300925941024774e+17,2.7513817230647754e+17,3.372670852027073e+17,3.42171670534623e+17,3.470762558665386e+17,2.921885988148689e+17,2.3730094176319936e+17,1.6500301054875574e+17,9.270507933431218e+16,5.003093548788347e+16,7356791641454769.0,1.0948196231345874e+16,1.4539600821236976e+16,1.7738108446867948e+16,2.093661607249892e+16,2.0341000537846456e+16,1.9745385003193988e+16,1.6359572021737742e+16,1.2973759040281492e+16,9034958687889496.0,5096158335497502.0,2788665080815979.0,481171826134455.75,240585913067227.88,0.0,0.0,0.0,0.0,0.0,0.0,0.0,1.0766514947332914e+16,2.1533029894665828e+16,4.418839183844616e+16,6.684375378222648e+16,9.36309351869835e+16,1.2041811659174054e+17,1.4051970660085883e+17,1.6062129660997715e+17,1.687073982104873e+17,1.7679349981099744e+17,1.7320294264400227e+17,1.696123854770071e+17,1.5635020150753485e+17,1.4308801753806261e+17,1.2248167129384608e+17,1.0187532504962954e+17,8.057803086338603e+16,5.928073667714253e+16,4.2170563629506616e+16,2.5060390581870708e+16,1.569406098628711e+16,6327731390703509.0,6244783905268480.0,6161836419833452.0,5665068486830485.0,5168300553827518.0,2584150276913759.0,0.0,0.0,0.0,0.0,0.0,0.0,0.0,0.0,0.0,0.0,0.0,0.0,0.0,0.0,0.0,0.0,0.0,0.0,0.0,0.0,0.0,0.0,0.0,0.0,0.0,0.0,0.0,0.0,0.0,0.0,0.0,0.0,0.0,0.0,0.0,0.0,0.0,0.0,0.0,0.0,0.0,0.0,0.0,0.0,0.0,0.0,0.0,0.0,0.0,0.0,0.0,0.0,0.0,0.0,0.0,0.0,0.0,0.0,0.0,0.0,0.0,0.0,0.0,0.0,0.0,0.0,0.0,0.0,0.0,0.0,0.0,0.0,0.0,0.0,0.0,0.0,0.0,0.0,0.0,0.0,0.0,0.0,0.0,0.0,0.0,0.0,0.0,0.0,0.0,0.0,0.0,0.0,0.0,0.0,0.0,0.0,0.0,0.0,0.0,0.0,0.0,0.0,0.0,0.0,0.0,0.0,0.0,0.0,0.0,0.0,0.0,0.0,0.0,0.0,0.0,0.0,0.0,0.0,0.0,0.0,0.0,0.0,0.0,0.0,0.0,0.0,0.0,0.0,0.0,0.0,0.0,0.0,0.0,0.0,0.0,0.0,0.0,0.0,0.0,0.0,0.0,0.0,0.0,0.0,0.0,0.0,0.0,0.0,0.0,0.0,0.0,0.0,0.0,0.0,0.0,0.0,0.0,0.0,0.0,0.0,0.0,0.0,0.0,0.0,0.0,0.0,0.0,0.0,0.0,0.0,0.0,0.0,0.0,0.0
30.987486414133,103.245309285087,20.0562836186236,225.0,25.0,115.57456955745825,5.0,5.0,2.5542449790381285,1.9875959474184358e+18,0.0,0.0,0.0,0.0,0.0,0.0,0.0,6.155580223180464e+16,1.2311160446360928e+17,1.8584142348790243e+17,2.4857124251219562e+17,2.7042558569401677e+17,2.9227992887583795e+17,2.6155975107212125e+17,2.308395732684046e+17,1.7333386847653094e+17,1.1582816368465728e+17,6.957310163858168e+16,2.3318039592506084e+16,1.5027416571464572e+16,6736793550423060.0,6816877307046852.0,6896961063670643.0,5464188141269375.0,4031415218868107.5,2269922673810919.0,508430128753730.1,254215064376865.06,0.0,0.0,0.0,0.0,0.0,0.0,0.0,0.0,0.0,0.0,0.0,8127981734063742.0,1.6255963468127484e+16,3.4769518598036156e+16,5.3283073727944824e+16,7.540477265030966e+16,9.752647157267446e+16,1.1428981335377347e+17,1.310531551348725e+17,1.3888309974585402e+17,1.467130443568356e+17,1.4369556616236192e+17,1.4067808796788827e+17,1.2943808427642848e+17,1.1819808058496867e+17,1.0332911876523096e+17,8.846015694549328e+16,7.454700065803896e+16,6.063384437058462e+16,4.876912157259613e+16,3.690439877460763e+16,2.793631333821909e+16,1.8968227901830548e+16,1.5798352416089848e+16,1.2628476930349148e+16,1.1250434874424282e+16,9872392818499416.0,7085406661666272.0,4298420504833127.5,2149210252416563.8,0.0,0.0,0.0,0.0,0.0,0.0,0.0,0.0,0.0,0.0,0.0,0.0,0.0,0.0,0.0,0.0,0.0,0.0,0.0,0.0,0.0,0.0,0.0,0.0,0.0,0.0,0.0,0.0,0.0,0.0,0.0,0.0,0.0,0.0,0.0,0.0,0.0,0.0,0.0,0.0,0.0,0.0,0.0,0.0,0.0,0.0,0.0,0.0,0.0,0.0,0.0,0.0,0.0,0.0,0.0,0.0,0.0,0.0,0.0,0.0,0.0,0.0,0.0,0.0,0.0,0.0,0.0,0.0,0.0,0.0,0.0,0.0,0.0,0.0,0.0,0.0,0.0,0.0,0.0,0.0,0.0,0.0,0.0,0.0,0.0,0.0,0.0,0.0,0.0,0.0,0.0,0.0,0.0,0.0,0.0,0.0,0.0,0.0,0.0,0.0,0.0,0.0,0.0,0.0,0.0,0.0,0.0,0.0,0.0,0.0,0.0,0.0,0.0,0.0,0.0,0.0,0.0,0.0,0.0,0.0,0.0,0.0,0.0,0.0,0.0,0.0,0.0,0.0,0.0,0.0,0.0,0.0,0.0,0.0,0.0,0.0,0.0,0.0,0.0,0.0,0.0,0.0,0.0,0.0,0.0,0.0,0.0,0.0,0.0,0.0,0.0,0.0,0.0,0.0,0.0,0.0,0.0,0.0,0.0,0.0,0.0,0.0,0.0,0.0,0.0,0.0,0.0,0.0,0.0,0.0,0.0,0.0
31.016833962754,103.210433923524,21.9678796312896,225.0,20.0,114.81335035202525,5.0,5.0,1.5376166272352276,1.1965025289496013e+18,0.0,0.0,0.0,0.0,0.0,0.0,0.0,0.0,0.0,4.598866478059292e+16,9.197732956118584e+16,1.2897615617549387e+17,1.659749827898019e+17,1.6392202833108208e+17,1.618690738723622e+17,1.3102712302595018e+17,1.0018517217953813e+17,6.579518926789124e+16,3.140520635624434e+16,1.6224338499420484e+16,1043470642596627.0,521735321298313.5,0.0,0.0,0.0,0.0,0.0,0.0,0.0,0.0,0.0,0.0,0.0,0.0,0.0,0.0,0.0,0.0,0.0,4669439055890571.0,9338878111781142.0,2.1042240427730084e+16,3.274560274367902e+16,4.641256097269195e+16,6.007951920170488e+16,7.128109839704649e+16,8.24826775923881e+16,8.795769346292675e+16,9.343270933346539e+16,9.108099814179091e+16,8.872928695011643e+16,8.209231031400699e+16,7.545533367789754e+16,6.7818369229429864e+16,6.018140478096219e+16,5.392525940362489e+16,4.766911402628758e+16,4.1877313970283256e+16,3.608551391427894e+16,3.0080642113545588e+16,2.407577031281223e+16,1.9616816211294532e+16,1.5157862109776824e+16,1.2535845029050484e+16,9913827948324144.0,7920724793402710.0,5927621638481275.0,4349896422198908.0,2772171205916539.5,1386085602958269.8,0.0,0.0,0.0,0.0,0.0,0.0,0.0,0.0,0.0,0.0,0.0,0.0,0.0,0.0,0.0,0.0,0.0,0.0,0.0,0.0,0.0,0.0,0.0,0.0,0.0,0.0,0.0,0.0,0.0,0.0,0.0,0.0,0.0,0.0,0.0,0.0,0.0,0.0,0.0,0.0,0.0,0.0,0.0,0.0,0.0,0.0,0.0,0.0,0.0,0.0,0.0,0.0,0.0,0.0,0.0,0.0,0.0,0.0,0.0,0.0,0.0,0.0,0.0,0.0,0.0,0.0,0.0,0.0,0.0,0.0,0.0,0.0,0.0,0.0,0.0,0.0,0.0,0.0,0.0,0.0,0.0,0.0,0.0,0.0,0.0,0.0,0.0,0.0,0.0,0.0,0.0,0.0,0.0,0.0,0.0,0.0,0.0,0.0,0.0,0.0,0.0,0.0,0.0,0.0,0.0,0.0,0.0,0.0,0.0,0.0,0.0,0.0,0.0,0.0,0.0,0.0,0.0,0.0,0.0,0.0,0.0,0.0,0.0,0.0,0.0,0.0,0.0,0.0,0.0,0.0,0.0,0.0,0.0,0.0,0.0,0.0,0.0,0.0,0.0,0.0,0.0,0.0,0.0,0.0,0.0,0.0,0.0,0.0,0.0,0.0,0.0,0.0,0.0,0.0,0.0,0.0,0.0,0.0,0.0,0.0,0.0,0.0,0.0,0.0,0.0,0.0,0.0,0.0,0.0,0.0
31.0471293136064,103.17441894925,23.46997760236,225.0,15.0,114.23873785067426,5.0,5.0,0.6070826591040149,4.7240379951242566e+17,0.0,0.0,0.0,0.0,0.0,0.0,0.0,0.0,0.0,0.0,0.0,2.3524732004971944e+16,4.704946400994389e+16,5.7323561067118504e+16,6.759765812429313e+16,5.794302539060922e+16,4.82883926569253e+16,3.2837892838454644e+16,1.7387393019983992e+16,8693696509991996.0,0.0,0.0,0.0,0.0,0.0,0.0,0.0,0.0,0.0,0.0,0.0,0.0,0.0,0.0,0.0,0.0,0.0,0.0,0.0,1806936590147694.0,3613873180295388.0,8204443573191285.0,1.279501396608718e+16,1.826763092807334e+16,2.37402478900595e+16,2.846127389059016e+16,3.3182299891120824e+16,3.531057486131653e+16,3.743884983151223e+16,3.6382420411261976e+16,3.532599099101171e+16,3.306001151563535e+16,3.0794032040258988e+16,2.8745468007108216e+16,2.6696903973957444e+16,2.5527684940149544e+16,2.4358465906341636e+16,2.3110619697985172e+16,2.1862773489628704e+16,1.9314112538094284e+16,1.6765451586559862e+16,1.3529368329477618e+16,1.0293285072395376e+16,8223808906346232.0,6154332740297088.0,5060243379881646.0,3966154019466203.5,3354504287788101.0,2742854556109999.0,2546608561143603.0,2350362566177206.5,1175181283088603.2,0.0,0.0,0.0,0.0,0.0,0.0,0.0,0.0,0.0,0.0,0.0,0.0,0.0,0.0,0.0,0.0,0.0,0.0,0.0,0.0,0.0,0.0,0.0,0.0,0.0,0.0,0.0,0.0,0.0,0.0,0.0,0.0,0.0,0.0,0.0,0.0,0.0,0.0,0.0,0.0,0.0,0.0,0.0,0.0,0.0,0.0,0.0,0.0,0.0,0.0,0.0,0.0,0.0,0.0,0.0,0.0,0.0,0.0,0.0,0.0,0.0,0.0,0.0,0.0,0.0,0.0,0.0,0.0,0.0,0.0,0.0,0.0,0.0,0.0,0.0,0.0,0.0,0.0,0.0,0.0,0.0,0.0,0.0,0.0,0.0,0.0,0.0,0.0,0.0,0.0,0.0,0.0,0.0,0.0,0.0,0.0,0.0,0.0,0.0,0.0,0.0,0.0,0.0,0.0,0.0,0.0,0.0,0.0,0.0,0.0,0.0,0.0,0.0,0.0,0.0,0.0,0.0,0.0,0.0,0.0,0.0,0.0,0.0,0.0,0.0,0.0,0.0,0.0,0.0,0.0,0.0,0.0,0.0,0.0,0.0,0.0,0.0,0.0,0.0,0.0,0.0,0.0,0.0,0.0,0.0,0.0,0.0,0.0,0.0,0.0,0.0,0.0,0.0,0.0,0.0,0.0,0.0,0.0,0.0,0.0,0.0,0.0,0.0,0.0,0.0,0.0,0.0,0.0
31.0781419007773,103.13762521272,24.5511456592836,225.0,10.0,90.0,5.0,5.0,0.0,0.0,0.0,0.0,0.0,0.0,0.0,0.0,0.0,0.0,0.0,0.0,0.0,0.0,0.0,0.0,0.0,0.0,0.0,0.0,0.0,0.0,0.0,0.0,0.0,0.0,0.0,0.0,0.0,0.0,0.0,0.0,0.0,0.0,0.0,0.0,0.0,0.0,0.0,0.0,0.0,0.0,0.0,0.0,0.0,0.0,0.0,0.0,0.0,0.0,0.0,0.0,0.0,0.0,0.0,0.0,0.0,0.0,0.0,0.0,0.0,0.0,0.0,0.0,0.0,0.0,0.0,0.0,0.0,0.0,0.0,0.0,0.0,0.0,0.0,0.0,0.0,0.0,0.0,0.0,0.0,0.0,0.0,0.0,0.0,0.0,0.0,0.0,0.0,0.0,0.0,0.0,0.0,0.0,0.0,0.0,0.0,0.0,0.0,0.0,0.0,0.0,0.0,0.0,0.0,0.0,0.0,0.0,0.0,0.0,0.0,0.0,0.0,0.0,0.0,0.0,0.0,0.0,0.0,0.0,0.0,0.0,0.0,0.0,0.0,0.0,0.0,0.0,0.0,0.0,0.0,0.0,0.0,0.0,0.0,0.0,0.0,0.0,0.0,0.0,0.0,0.0,0.0,0.0,0.0,0.0,0.0,0.0,0.0,0.0,0.0,0.0,0.0,0.0,0.0,0.0,0.0,0.0,0.0,0.0,0.0,0.0,0.0,0.0,0.0,0.0,0.0,0.0,0.0,0.0,0.0,0.0,0.0,0.0,0.0,0.0,0.0,0.0,0.0,0.0,0.0,0.0,0.0,0.0,0.0,0.0,0.0,0.0,0.0,0.0,0.0,0.0,0.0,0.0,0.0,0.0,0.0,0.0,0.0,0.0,0.0,0.0,0.0,0.0,0.0,0.0,0.0,0.0,0.0,0.0,0.0,0.0,0.0,0.0,0.0,0.0,0.0,0.0,0.0,0.0,0.0,0.0,0.0,0.0,0.0,0.0,0.0,0.0,0.0,0.0,0.0,0.0,0.0,0.0,0.0,0.0,0.0,0.0,0.0,0.0,0.0,0.0
30.8527530977338,103.330037689539,2.46201938253052,225.0,80.0,162.30529584938256,5.0,5.0,0.20447602269685852,1.5911383496565123e+17,0.0,0.0,0.0,0.0,0.0,0.0,0.0,0.0,0.0,0.0,0.0,2985688120539608.5,5971376241079217.0,2985688120539608.5,0.0,0.0,0.0,0.0,0.0,0.0,0.0,0.0,0.0,1537117995084933.0,3074235990169866.0,2356445412004628.5,1638654833839391.0,819327416919695.5,0.0,0.0,0.0,0.0,0.0,0.0,0.0,0.0,0.0,0.0,0.0,0.0,0.0,3820992808104956.0,7641985616209912.0,1.4381639579694662e+16,2.1121293543179416e+16,2.549620490864832e+16,2.9871116274117228e+16,3.0054388085023784e+16,3.023765989593034e+16,2.604041524151985e+16,2.184317058710935e+16,1.6812274354410024e+16,1.1781378121710696e+16,1.213354612216617e+16,1.2485714122621646e+16,1.0957273504451468e+16,9428832886281292.0,6723624869842092.0,4018416853402890.5,2009208426701445.2,0.0,0.0,0.0,0.0,0.0,0.0,0.0,0.0,0.0,0.0,0.0,0.0,0.0,0.0,0.0,0.0,0.0,0.0,0.0,0.0,0.0,0.0,0.0,0.0,0.0,0.0,0.0,0.0,0.0,0.0,0.0,0.0,0.0,0.0,0.0,0.0,0.0,0.0,0.0,0.0,0.0,0.0,0.0,0.0,0.0,0.0,0.0,0.0,0.0,0.0,0.0,0.0,0.0,0.0,0.0,0.0,0.0,0.0,0.0,0.0,0.0,0.0,0.0,0.0,0.0,0.0,0.0,0.0,0.0,0.0,0.0,0.0,0.0,0.0,0.0,0.0,0.0,0.0,0.0,0.0,0.0,0.0,0.0,0.0,0.0,0.0,0.0,0.0,0.0,0.0,0.0,0.0,0.0,0.0,0.0,0.0,0.0,0.0,0.0,0.0,0.0,0.0,0.0,0.0,0.0,0.0,0.0,0.0,0.0,0.0,0.0,0.0,0.0,0.0,0.0,0.0,0.0,0.0,0.0,0.0,0.0,0.0,0.0,0.0,0.0,0.0,0.0,0.0,0.0,0.0,0.0,0.0,0.0,0.0,0.0,0.0,0.0,0.0,0.0,0.0,0.0,0.0,0.0,0.0,0.0,0.0,0.0,0.0,0.0,0.0,0.0,0.0,0.0,0.0,0.0,0.0,0.0,0.0,0.0,0.0,0.0,0.0,0.0,0.0,0.0,0.0,0.0,0.0,0.0,0.0,0.0,0.0,0.0,0.0,0.0,0.0,0.0,0.0,0.0,0.0
30.8622324880132,103.318818382285,7.18980823265266,225.0,65.0,145.48945213577923,5.0,5.0,0.5321994739038752,4.141331494161961e+17,0.0,0.0,0.0,0.0,0.0,0.0,0.0,0.0,0.0,1.7407544866930434e+16,3.4815089733860868e+16,3.741442574254616e+16,4.001376175123145e+16,2.658522116512006e+16,1.3156680579008678e+16,6578340289504339.0,0.0,0.0,0.0,1312494931159293.5,2624989862318587.0,5263889870881272.0,7902789879443957.0,1.0370197895051776e+16,1.2837605910659596e+16,1.1903653165803962e+16,1.0969700420948326e+16,8335831989814984.0,5701963558681641.0,3593122870158514.5,1484282181635387.2,742141090817693.6,0.0,0.0,0.0,0.0,0.0,0.0,0.0,1668190594979696.8,3336381189959393.5,9599550139340798.0,1.5862719088722204e+16,2.484976823610607e+16,3.3836817383489944e+16,4.016915243183859e+16,4.650148748018723e+16,4.758393726656091e+16,4.866638705293458e+16,4.516429476405638e+16,4.166220247517818e+16,3.909505397335578e+16,3.652790547153337e+16,3.4500541966075784e+16,3.2473178460618188e+16,2.6020962802958584e+16,1.9568747145298984e+16,1.2457211359440476e+16,5345675573581969.0,2672837786790984.5,0.0,0.0,0.0,0.0,0.0,175413720871675.03,350827441743350.06,422392108451762.6,493956775160175.1,246978387580087.56,0.0,0.0,0.0,0.0,0.0,0.0,0.0,0.0,0.0,0.0,0.0,0.0,0.0,0.0,0.0,0.0,0.0,0.0,0.0,0.0,0.0,0.0,0.0,0.0,0.0,0.0,0.0,0.0,0.0,0.0,0.0,0.0,0.0,0.0,0.0,0.0,0.0,0.0,0.0,0.0,0.0,0.0,0.0,0.0,0.0,0.0,0.0,0.0,0.0,0.0,0.0,0.0,0.0,0.0,0.0,0.0,0.0,0.0,0.0,0.0,0.0,0.0,0.0,0.0,0.0,0.0,0.0,0.0,0.0,0.0,0.0,0.0,0.0,0.0,0.0,0.0,0.0,0.0,0.0,0.0,0.0,0.0,0.0,0.0,0.0,0.0,0.0,0.0,0.0,0.0,0.0,0.0,0.0,0.0,0.0,0.0,0.0,0.0,0.0,0.0,0.0,0.0,0.0,0.0,0.0,0.0,0.0,0.0,0.0,0.0,0.0,0.0,0.0,0.0,0.0,0.0,0.0,0.0,0.0,0.0,0.0,0.0,0.0,0.0,0.0,0.0,0.0,0.0,0.0,0.0,0.0,0.0,0.0,0.0,0.0,0.0,0.0,0.0,0.0,0.0,0.0,0.0,0.0,0.0,0.0,0.0,0.0,0.0,0.0,0.0,0.0,0.0,0.0,0.0,0.0,0.0,0.0,0.0,0.0,0.0,0.0,0.0,0.0,0.0,0.0,0.0,0.0,0.0,0.0,0.0
30.8791702148308,103.298743430762,11.3706888080417,225.0,50.0,131.19114666886807,5.0,5.0,1.216136637639108,9.463415891254225e+17,0.0,0.0,0.0,0.0,0.0,0.0,0.0,0.0,0.0,5.1636297637656824e+16,1.0327259527531365e+17,1.1362642434107053e+17,1.2398025340682736e+17,9.398932625205728e+16,6.399839909728717e+16,3.429495646238781e+16,4591513827488455.0,2295756913744227.5,0.0,3468072132412444.5,6936144264824889.0,1.2242961678540546e+16,1.7549779092256208e+16,2.0151318458048884e+16,2.275285782384156e+16,2.1086542581377864e+16,1.9420227338914172e+16,1.4836692605046182e+16,1.0253157871178188e+16,5857430252673785.0,1461702634169381.0,730851317084690.5,0.0,0.0,0.0,0.0,0.0,0.0,0.0,3731015619967135.5,7462031239934271.0,1.8365464645396164e+16,2.9268898050858056e+16,4.314547128804144e+16,5.7022044525224824e+16,6.758563034743756e+16,7.814921616965029e+16,8.201609582693112e+16,8.588297548421197e+16,8.659536602595528e+16,8.730775656769861e+16,8.799822086795678e+16,8.868868516821494e+16,8.26896239339678e+16,7.669056269972067e+16,6.141689685118193e+16,4.61432310026432e+16,3.0351932436782076e+16,1.4560633870920944e+16,7280316935460472.0,0.0,0.0,0.0,0.0,0.0,180521525777646.0,361043051555292.0,474461857121871.44,587880662688450.8,293940331344225.4,0.0,0.0,0.0,0.0,0.0,0.0,0.0,0.0,0.0,0.0,0.0,0.0,0.0,0.0,0.0,0.0,0.0,0.0,0.0,0.0,0.0,0.0,0.0,0.0,0.0,0.0,0.0,0.0,0.0,0.0,0.0,0.0,0.0,0.0,0.0,0.0,0.0,0.0,0.0,0.0,0.0,0.0,0.0,0.0,0.0,0.0,0.0,0.0,0.0,0.0,0.0,0.0,0.0,0.0,0.0,0.0,0.0,0.0,0.0,0.0,0.0,0.0,0.0,0.0,0.0,0.0,0.0,0.0,0.0,0.0,0.0,0.0,0.0,0.0,0.0,0.0,0.0,0.0,0.0,0.0,0.0,0.0,0.0,0.0,0.0,0.0,0.0,0.0,0.0,0.0,0.0,0.0,0.0,0.0,0.0,0.0,0.0,0.0,0.0,0.0,0.0,0.0,0.0,0.0,0.0,0.0,0.0,0.0,0.0,0.0,0.0,0.0,0.0,0.0,0.0,0.0,0.0,0.0,0.0,0.0,0.0,0.0,0.0,0.0,0.0,0.0,0.0,0.0,0.0,0.0,0.0,0.0,0.0,0.0,0.0,0.0,0.0,0.0,0.0,0.0,0.0,0.0,0.0,0.0,0.0,0.0,0.0,0.0,0.0,0.0,0.0,0.0,0.0,0.0,0.0,0.0,0.0,0.0,0.0,0.0,0.0,0.0,0.0,0.0,0.0,0.0,0.0,0.0,0.0,0.0
30.9015677002232,103.272167232476,14.8927689400555,225.0,40.0,120.88442028356901,5.0,5.0,1.9190756246028424,1.4933363735872003e+18,0.0,0.0,0.0,0.0,0.0,0.0,0.0,3.084482318688976e+16,6.168964637377952e+16,1.1894689994642512e+17,1.7620415351907075e+17,1.9112657965165635e+17,2.06049005784242e+17,1.689203834961838e+17,1.3179176120812566e+17,8.365476963493435e+16,3.5517778061743024e+16,1.7976824634033088e+16,435871206323155.0,4446548183700511.0,8457225161077867.0,1.3131581801567856e+16,1.7805938442057844e+16,1.9568671631577092e+16,2.133140482109634e+16,1.8905150129127004e+16,1.6478895437157666e+16,1.1586485822478226e+16,6694076207798786.0,3534453224242204.5,374830240685622.75,187415120342811.38,0.0,0.0,0.0,0.0,0.0,0.0,0.0,4857358585856425.0,9714717171712850.0,2.3601642588232064e+16,3.748856800475128e+16,5.5619599834405944e+16,7.375063166406062e+16,8.83216290122966e+16,1.0289262636053258e+17,1.1072029534501664e+17,1.1854796432950074e+17,1.2339718833749352e+17,1.2824641234548629e+17,1.2888647345411669e+17,1.2952653456274706e+17,1.1965286888367976e+17,1.097792032046125e+17,9.001522725262482e+16,7.025125130063715e+16,4.890050810393821e+16,2.7549764907239264e+16,1.4599001310060058e+16,1648237712880849.2,827315877702680.5,6394042524511.908,258750889714696.62,511107736904881.3,551740758678205.75,592373780451530.2,296186890225765.1,0.0,0.0,0.0,0.0,0.0,0.0,0.0,0.0,0.0,0.0,0.0,0.0,0.0,0.0,0.0,0.0,0.0,0.0,0.0,0.0,0.0,0.0,0.0,0.0,0.0,0.0,0.0,0.0,0.0,0.0,0.0,0.0,0.0,0.0,0.0,0.0,0.0,0.0,0.0,0.0,0.0,0.0,0.0,0.0,0.0,0.0,0.0,0.0,0.0,0.0,0.0,0.0,0.0,0.0,0.0,0.0,0.0,0.0,0.0,0.0,0.0,0.0,0.0,0.0,0.0,0.0,0.0,0.0,0.0,0.0,0.0,0.0,0.0,0.0,0.0,0.0,0.0,0.0,0.0,0.0,0.0,0.0,0.0,0.0,0.0,0.0,0.0,0.0,0.0,0.0,0.0,0.0,0.0,0.0,0.0,0.0,0.0,0.0,0.0,0.0,0.0,0.0,0.0,0.0,0.0,0.0,0.0,0.0,0.0,0.0,0.0,0.0,0.0,0.0,0.0,0.0,0.0,0.0,0.0,0.0,0.0,0.0,0.0,0.0,0.0,0.0,0.0,0.0,0.0,0.0,0.0,0.0,0.0,0.0,0.0,0.0,0.0,0.0,0.0,0.0,0.0,0.0,0.0,0.0,0.0,0.0,0.0,0.0,0.0,0.0,0.0,0.0,0.0,0.0,0.0,0.0,0.0,0.0,0.0,0.0,0.0,0.0,0.0,0.0,0.0,0.0,0.0,0.0,0.0,0.0,0.0,0.0
30.9275142000083,103.241356230287,17.7497379642719,225.0,30.0,118.3185704323063,5.0,5.0,2.030758967206188,1.580243213367364e+18,0.0,0.0,0.0,0.0,0.0,0.0,0.0,0.0,0.0,7.923142880433146e+16,1.584628576086629e+17,1.9307716441598022e+17,2.2769147122329754e+17,2.0172800689799037e+17,1.7576454257268326e+17,1.2378950822040573e+17,7.18144738681282e+16,3.721914346803746e+16,2623813067946712.5,4565529660331922.0,6507246252717132.0,8847807004497618.0,1.1188367756278102e+16,1.0821819876197412e+16,1.0455271996116724e+16,8209903593591955.0,5964535191067188.0,3481963092824468.0,999390994581747.0,499695497290873.5,0.0,0.0,0.0,0.0,0.0,0.0,0.0,0.0,0.0,4732674043080251.0,9465348086160502.0,2.434249357468245e+16,3.921963906320438e+16,5.8919375583475224e+16,7.861911210374605e+16,9.470238030569522e+16,1.1078564850764442e+17,1.21067983807473e+17,1.3135031910730157e+17,1.3709272920880112e+17,1.4283513931030067e+17,1.4101749334353838e+17,1.3919984737677614e+17,1.2738036733856018e+17,1.1556088730034424e+17,9.725488524764317e+16,7.894888319494208e+16,5.97327215355312e+16,4.051655987612032e+16,2.5909248826221904e+16,1.1301937776323502e+16,7498951009558557.0,3695964242793612.0,3611743379846038.0,3527522516898463.5,2850909427217916.5,2174296337537370.0,1872217186664349.8,1570138035791329.2,785069017895664.6,0.0,0.0,0.0,0.0,0.0,0.0,0.0,0.0,0.0,0.0,0.0,0.0,0.0,0.0,0.0,0.0,0.0,0.0,0.0,0.0,0.0,0.0,0.0,0.0,0.0,0.0,0.0,0.0,0.0,0.0,0.0,0.0,0.0,0.0,0.0,0.0,0.0,0.0,0.0,0.0,0.0,0.0,0.0,0.0,0.0,0.0,0.0,0.0,0.0,0.0,0.0,0.0,0.0,0.0,0.0,0.0,0.0,0.0,0.0,0.0,0.0,0.0,0.0,0.0,0.0,0.0,0.0,0.0,0.0,0.0,0.0,0.0,0.0,0.0,0.0,0.0,0.0,0.0,0.0,0.0,0.0,0.0,0.0,0.0,0.0,0.0,0.0,0.0,0.0,0.0,0.0,0.0,0.0,0.0,0.0,0.0,0.0,0.0,0.0,0.0,0.0,0.0,0.0,0.0,0.0,0.0,0.0,0.0,0.0,0.0,0.0,0.0,0.0,0.0,0.0,0.0,0.0,0.0,0.0,0.0,0.0,0.0,0.0,0.0,0.0,0.0,0.0,0.0,0.0,0.0,0.0,0.0,0.0,0.0,0.0,0.0,0.0,0.0,0.0,0.0,0.0,0.0,0.0,0.0,0.0,0.0,0.0,0.0,0.0,0.0,0.0,0.0,0.0,0.0,0.0,0.0,0.0,0.0,0.0,0.0,0.0,0.0,0.0,0.0,0.0,0.0,0.0,0.0,0.0,0.0
30.9556905938324,103.207878342639,20.0562836186236,225.0,25.0,115.58835441009026,5.0,5.0,1.7872689857284598,1.390770510320544e+18,0.0,0.0,0.0,0.0,0.0,0.0,0.0,0.0,0.0,5.0775475591333576e+16,1.0155095118266715e+17,1.3974659737405038e+17,1.7794224356543357e+17,1.7158863254623997e+17,1.6523502152704634e+17,1.2717697755239334e+17,8.911893357774034e+16,5.346427713367183e+16,1.78096206896033e+16,1.0602961993488918e+16,3396303297374536.0,3431181796253438.5,3466060295132341.0,2367999477798649.0,1269938660464955.8,634969330232477.9,0.0,0.0,0.0,0.0,0.0,0.0,0.0,0.0,0.0,0.0,0.0,0.0,0.0,4101975670333978.5,8203951340667957.0,2.12248309581049e+16,3.4245710575541844e+16,5.0643745561176184e+16,6.704178054681051e+16,8.075697260189214e+16,9.447216465697374e+16,1.0457086978942643e+17,1.1466957492187912e+17,1.1889561639546053e+17,1.2312165786904189e+17,1.2009767415840266e+17,1.1707369044776342e+17,1.0805342486945968e+17,9.903315929115595e+16,8.698823681760658e+16,7.494331434405718e+16,6.187524840238416e+16,4.8807182460711144e+16,3.608123474626314e+16,2.3355287031815132e+16,1.654989264403642e+16,9744498256257710.0,8578875401949037.0,7413252547640364.0,6455515712763538.0,5497778877886712.0,4428106617382869.0,3358434356879026.0,1679217178439513.0,0.0,0.0,0.0,0.0,0.0,0.0,0.0,0.0,0.0,0.0,0.0,0.0,0.0,0.0,0.0,0.0,0.0,0.0,0.0,0.0,0.0,0.0,0.0,0.0,0.0,0.0,0.0,0.0,0.0,0.0,0.0,0.0,0.0,0.0,0.0,0.0,0.0,0.0,0.0,0.0,0.0,0.0,0.0,0.0,0.0,0.0,0.0,0.0,0.0,0.0,0.0,0.0,0.0,0.0,0.0,0.0,0.0,0.0,0.0,0.0,0.0,0.0,0.0,0.0,0.0,0.0,0.0,0.0,0.0,0.0,0.0,0.0,0.0,0.0,0.0,0.0,0.0,0.0,0.0,0.0,0.0,0.0,0.0,0.0,0.0,0.0,0.0,0.0,0.0,0.0,0.0,0.0,0.0,0.0,0.0,0.0,0.0,0.0,0.0,0.0,0.0,0.0,0.0,0.0,0.0,0.0,0.0,0.0,0.0,0.0,0.0,0.0,0.0,0.0,0.0,0.0,0.0,0.0,0.0,0.0,0.0,0.0,0.0,0.0,0.0,0.0,0.0,0.0,0.0,0.0,0.0,0.0,0.0,0.0,0.0,0.0,0.0,0.0,0.0,0.0,0.0,0.0,0.0,0.0,0.0,0.0,0.0,0.0,0.0,0.0,0.0,0.0,0.0,0.0,0.0,0.0,0.0,0.0,0.0,0.0,0.0,0.0,0.0,0.0,0.0,0.0,0.0,0.0,0.0,0.0
30.9850381424534,103.172991300374,21.9678796312896,225.0,20.0,116.75398450792375,5.0,5.0,1.112627542324908,8.657955725702964e+17,0.0,0.0,0.0,0.0,0.0,0.0,0.0,0.0,0.0,0.0,0.0,3.63331085553591e+16,7.26662171107182e+16,8.95413614837953e+16,1.0641650585687238e+17,9.120537768800288e+16,7.599424951913338e+16,5.004696664345226e+16,2.4099683767771136e+16,1.2279139790923658e+16,458595814076180.2,229297907038090.1,0.0,0.0,0.0,0.0,0.0,0.0,0.0,0.0,0.0,0.0,0.0,0.0,0.0,0.0,0.0,0.0,0.0,3063965771027550.0,6127931542055100.0,1.4444895592182984e+16,2.276185964231086e+16,3.281904269233373e+16,4.287622574235661e+16,5.179204492151349e+16,6.070786410067037e+16,6.771308660024462e+16,7.471830909981886e+16,7.665496654232896e+16,7.859162398483906e+16,7.647591352797229e+16,7.436020307110552e+16,6.998111027745208e+16,6.560201748379863e+16,6.010823813058895e+16,5.461445877737926e+16,4.8271553269701896e+16,4.1928647762024536e+16,3.3912499724230564e+16,2.5896351686436588e+16,1.967918938353855e+16,1.3462027080640516e+16,1.1157940001606378e+16,8853852922572241.0,7850072928028960.0,6846292933485679.0,6116567822493652.0,5386842711501627.0,4406327336115663.0,3425811960729699.0,1712905980364849.5,0.0,0.0,0.0,0.0,0.0,0.0,0.0,0.0,0.0,0.0,0.0,0.0,0.0,0.0,0.0,0.0,0.0,0.0,0.0,0.0,0.0,0.0,0.0,0.0,0.0,0.0,0.0,0.0,0.0,0.0,0.0,0.0,0.0,0.0,0.0,0.0,0.0,0.0,0.0,0.0,0.0,0.0,0.0,0.0,0.0,0.0,0.0,0.0,0.0,0.0,0.0,0.0,0.0,0.0,0.0,0.0,0.0,0.0,0.0,0.0,0.0,0.0,0.0,0.0,0.0,0.0,0.0,0.0,0.0,0.0,0.0,0.0,0.0,0.0,0.0,0.0,0.0,0.0,0.0,0.0,0.0,0.0,0.0,0.0,0.0,0.0,0.0,0.0,0.0,0.0,0.0,0.0,0.0,0.0,0.0,0.0,0.0,0.0,0.0,0.0,0.0,0.0,0.0,0.0,0.0,0.0,0.0,0.0,0.0,0.0,0.0,0.0,0.0,0.0,0.0,0.0,0.0,0.0,0.0,0.0,0.0,0.0,0.0,0.0,0.0,0.0,0.0,0.0,0.0,0.0,0.0,0.0,0.0,0.0,0.0,0.0,0.0,0.0,0.0,0.0,0.0,0.0,0.0,0.0,0.0,0.0,0.0,0.0,0.0,0.0,0.0,0.0,0.0,0.0,0.0,0.0,0.0,0.0,0.0,0.0,0.0,0.0,0.0,0.0,0.0,0.0,0.0,0.0
31.0153334933058,103.136964197522,23.46997760236,225.0,15.0,118.7462391770284,5.0,5.0,0.45722673943079484,3.557928161950307e+17,0.0,0.0,0.0,0.0,0.0,0.0,0.0,0.0,0.0,0.0,0.0,0.0,0.0,1.9174464786532724e+16,3.834892957306545e+16,3.743581612878316e+16,3.652270268450086e+16,2.519593110837443e+16,1.386915953224799e+16,6934579766123995.0,0.0,0.0,0.0,0.0,0.0,0.0,0.0,0.0,0.0,0.0,0.0,0.0,0.0,0.0,0.0,0.0,0.0,0.0,0.0,1252014498995473.2,2504028997990946.5,5971126113491807.0,9438223228992668.0,1.3364082752143022e+16,1.7289942275293376e+16,2.1206332599598044e+16,2.5122722923902716e+16,2.7493787520900656e+16,2.9864852117898596e+16,2.9972363304623464e+16,3.0079874491348324e+16,2.93914144862136e+16,2.870295448107888e+16,2.7854160196477516e+16,2.7005365911876148e+16,2.6138050523849976e+16,2.52707351358238e+16,2.3933627025468224e+16,2.2596518915112644e+16,1.9509160017165656e+16,1.6421801119218666e+16,1.2852219642281652e+16,9282638165344638.0,7683524885233372.0,6084411605122107.0,5378282634447260.0,4672153663772414.0,4668056923255189.0,4663960182737966.0,4799820041305962.0,4935679899873958.0,4025920594851287.5,3116161289828617.0,1558080644914308.5,0.0,0.0,0.0,0.0,0.0,0.0,0.0,0.0,0.0,0.0,0.0,0.0,0.0,0.0,0.0,0.0,0.0,0.0,0.0,0.0,0.0,0.0,0.0,0.0,0.0,0.0,0.0,0.0,0.0,0.0,0.0,0.0,0.0,0.0,0.0,0.0,0.0,0.0,0.0,0.0,0.0,0.0,0.0,0.0,0.0,0.0,0.0,0.0,0.0,0.0,0.0,0.0,0.0,0.0,0.0,0.0,0.0,0.0,0.0,0.0,0.0,0.0,0.0,0.0,0.0,0.0,0.0,0.0,0.0,0.0,0.0,0.0,0.0,0.0,0.0,0.0,0.0,0.0,0.0,0.0,0.0,0.0,0.0,0.0,0.0,0.0,0.0,0.0,0.0,0.0,0.0,0.0,0.0,0.0,0.0,0.0,0.0,0.0,0.0,0.0,0.0,0.0,0.0,0.0,0.0,0.0,0.0,0.0,0.0,0.0,0.0,0.0,0.0,0.0,0.0,0.0,0.0,0.0,0.0,0.0,0.0,0.0,0.0,0.0,0.0,0.0,0.0,0.0,0.0,0.0,0.0,0.0,0.0,0.0,0.0,0.0,0.0,0.0,0.0,0.0,0.0,0.0,0.0,0.0,0.0,0.0,0.0,0.0,0.0,0.0,0.0,0.0,0.0,0.0,0.0,0.0,0.0,0.0,0.0,0.0,0.0,0.0,0.0,0.0,0.0,0.0
31.0463460804767,103.10016116851,24.5511456592836,225.0,10.0,90.0,5.0,5.0,0.0,0.0,0.0,0.0,0.0,0.0,0.0,0.0,0.0,0.0,0.0,0.0,0.0,0.0,0.0,0.0,0.0,0.0,0.0,0.0,0.0,0.0,0.0,0.0,0.0,0.0,0.0,0.0,0.0,0.0,0.0,0.0,0.0,0.0,0.0,0.0,0.0,0.0,0.0,0.0,0.0,0.0,0.0,0.0,0.0,0.0,0.0,0.0,0.0,0.0,0.0,0.0,0.0,0.0,0.0,0.0,0.0,0.0,0.0,0.0,0.0,0.0,0.0,0.0,0.0,0.0,0.0,0.0,0.0,0.0,0.0,0.0,0.0,0.0,0.0,0.0,0.0,0.0,0.0,0.0,0.0,0.0,0.0,0.0,0.0,0.0,0.0,0.0,0.0,0.0,0.0,0.0,0.0,0.0,0.0,0.0,0.0,0.0,0.0,0.0,0.0,0.0,0.0,0.0,0.0,0.0,0.0,0.0,0.0,0.0,0.0,0.0,0.0,0.0,0.0,0.0,0.0,0.0,0.0,0.0,0.0,0.0,0.0,0.0,0.0,0.0,0.0,0.0,0.0,0.0,0.0,0.0,0.0,0.0,0.0,0.0,0.0,0.0,0.0,0.0,0.0,0.0,0.0,0.0,0.0,0.0,0.0,0.0,0.0,0.0,0.0,0.0,0.0,0.0,0.0,0.0,0.0,0.0,0.0,0.0,0.0,0.0,0.0,0.0,0.0,0.0,0.0,0.0,0.0,0.0,0.0,0.0,0.0,0.0,0.0,0.0,0.0,0.0,0.0,0.0,0.0,0.0,0.0,0.0,0.0,0.0,0.0,0.0,0.0,0.0,0.0,0.0,0.0,0.0,0.0,0.0,0.0,0.0,0.0,0.0,0.0,0.0,0.0,0.0,0.0,0.0,0.0,0.0,0.0,0.0,0.0,0.0,0.0,0.0,0.0,0.0,0.0,0.0,0.0,0.0,0.0,0.0,0.0,0.0,0.0,0.0,0.0,0.0,0.0,0.0,0.0,0.0,0.0,0.0,0.0,0.0,0.0,0.0,0.0,0.0,0.0,0.0
30.8209572774332,103.292643285325,2.46201938253052,225.0,80.0,90.85959231804772,5.0,5.0,0.26290532727275073,2.0458083203860006e+17,0.0,0.0,0.0,0.0,0.0,0.0,0.0,0.0,0.0,0.0,0.0,0.0,0.0,0.0,0.0,0.0,0.0,0.0,0.0,0.0,0.0,0.0,0.0,0.0,0.0,0.0,0.0,0.0,0.0,0.0,0.0,0.0,0.0,0.0,0.0,0.0,0.0,0.0,0.0,0.0,0.0,0.0,0.0,0.0,0.0,647446330439192.9,1294892660878385.8,1512062482142362.2,1729232303406339.0,7985413082025541.0,1.4241593860644744e+16,2.6881113788428908e+16,3.952063371621307e+16,4.743758998199824e+16,5.5354546247783416e+16,5.318097795028743e+16,5.100740965279145e+16,4.128688301298749e+16,3.156635637318353e+16,2.0716261798441332e+16,9866167223699138.0,4933083611849569.0,0.0,0.0,0.0,0.0,0.0,0.0,0.0,0.0,0.0,0.0,0.0,0.0,0.0,0.0,0.0,0.0,0.0,0.0,0.0,0.0,0.0,0.0,0.0,0.0,0.0,0.0,0.0,0.0,0.0,0.0,0.0,0.0,0.0,0.0,0.0,0.0,0.0,0.0,0.0,0.0,0.0,0.0,0.0,0.0,0.0,0.0,0.0,0.0,0.0,0.0,0.0,0.0,0.0,0.0,0.0,0.0,0.0,0.0,0.0,0.0,0.0,0.0,0.0,0.0,0.0,0.0,0.0,0.0,0.0,0.0,0.0,0.0,0.0,0.0,0.0,0.0,0.0,0.0,0.0,0.0,0.0,0.0,0.0,0.0,0.0,0.0,0.0,0.0,0.0,0.0,0.0,0.0,0.0,0.0,0.0,0.0,0.0,0.0,0.0,0.0,0.0,0.0,0.0,0.0,0.0,0.0,0.0,0.0,0.0,0.0,0.0,0.0,0.0,0.0,0.0,0.0,0.0,0.0,0.0,0.0,0.0,0.0,0.0,0.0,0.0,0.0,0.0,0.0,0.0,0.0,0.0,0.0,0.0,0.0,0.0,0.0,0.0,0.0,0.0,0.0,0.0,0.0,0.0,0.0,0.0,0.0,0.0,0.0,0.0,0.0,0.0,0.0,0.0,0.0,0.0,0.0,0.0,0.0,0.0,0.0,0.0,0.0,0.0,0.0,0.0,0.0,0.0,0.0,0.0,0.0,0.0,0.0,0.0,0.0,0.0,0.0,0.0,0.0
30.8304366677125,103.281421504808,7.18980823265266,225.0,65.0,98.11377798770275,5.0,5.0,0.42262332897861116,3.288660339380222e+17,0.0,0.0,0.0,0.0,0.0,0.0,0.0,0.0,0.0,0.0,0.0,6079751648198561.0,1.2159503296397122e+16,7135768472804494.0,2112033649211865.2,1056016824605932.6,0.0,0.0,0.0,0.0,0.0,0.0,0.0,900069165548881.1,1800138331097762.2,1772596124794662.2,1745053918491561.5,872526959245780.8,0.0,0.0,0.0,0.0,0.0,0.0,0.0,0.0,0.0,0.0,0.0,0.0,0.0,461133128108.01416,922266256216.0283,2360928325031397.5,4720934383806580.0,7185309060231239.0,9649683736655898.0,1.0615475961778318e+16,1.1581268186900738e+16,2.215249630263456e+16,3.2723724418368372e+16,4.930022905767609e+16,6.58767336969838e+16,7.270800581802176e+16,7.953927793905973e+16,7.234442574710139e+16,6.514957355514304e+16,4.970923618913492e+16,3.4268898823126796e+16,2.0903593279824764e+16,7538287736522735.0,3769143868261367.5,0.0,0.0,0.0,0.0,0.0,0.0,0.0,0.0,0.0,0.0,0.0,0.0,0.0,0.0,0.0,0.0,0.0,0.0,0.0,0.0,0.0,0.0,0.0,0.0,0.0,0.0,0.0,0.0,0.0,0.0,0.0,0.0,0.0,0.0,0.0,0.0,0.0,0.0,0.0,0.0,0.0,0.0,0.0,0.0,0.0,0.0,0.0,0.0,0.0,0.0,0.0,0.0,0.0,0.0,0.0,0.0,0.0,0.0,0.0,0.0,0.0,0.0,0.0,0.0,0.0,0.0,0.0,0.0,0.0,0.0,0.0,0.0,0.0,0.0,0.0,0.0,0.0,0.0,0.0,0.0,0.0,0.0,0.0,0.0,0.0,0.0,0.0,0.0,0.0,0.0,0.0,0.0,0.0,0.0,0.0,0.0,0.0,0.0,0.0,0.0,0.0,0.0,0.0,0.0,0.0,0.0,0.0,0.0,0.0,0.0,0.0,0.0,0.0,0.0,0.0,0.0,0.0,0.0,0.0,0.0,0.0,0.0,0.0,0.0,0.0,0.0,0.0,0.0,0.0,0.0,0.0,0.0,0.0,0.0,0.0,0.0,0.0,0.0,0.0,0.0,0.0,0.0,0.0,0.0,0.0,0.0,0.0,0.0,0.0,0.0,0.0,0.0,0.0,0.0,0.0,0.0,0.0,0.0,0.0,0.0,0.0,0.0,0.0,0.0,0.0,0.0,0.0,0.0,0.0,0.0,0.0,0.0,0.0,0.0,0.0,0.0,0.0,0.0
30.8473743945301,103.261341212733,11.3706888080417,225.0,50.0,104.69952521206466,5.0,5.0,0.859643146265158,6.689347528388178e+17,0.0,0.0,0.0,0.0,0.0,0.0,0.0,0.0,0.0,0.0,0.0,2.627136268652462e+16,5.254272537304924e+16,4.343313201131069e+16,3.432353864957213e+16,1.7161769324786064e+16,0.0,0.0,0.0,0.0,0.0,1345749576045817.2,2691499152091634.5,4125578547879130.0,5559657943666625.0,5128272945666048.0,4696887947665471.0,2873064018590556.0,1049240089515640.0,524620044757820.0,0.0,0.0,0.0,0.0,0.0,0.0,0.0,0.0,0.0,0.0,0.0,2852883383076145.0,5705766766152290.0,1.137504541313932e+16,1.7044324060126352e+16,2.2283456275325656e+16,2.7522588490524964e+16,3.405827238094392e+16,4.059395627136288e+16,5.95775230476412e+16,7.85610898239195e+16,9.83734382778776e+16,1.1818578673183571e+17,1.2233713735262602e+17,1.264884879734163e+17,1.1143034999578078e+17,9.637221201814528e+16,7.212186667699806e+16,4.787152133585085e+16,2.8798495773886896e+16,9725470211922942.0,4862735105961471.0,0.0,0.0,0.0,0.0,0.0,0.0,0.0,0.0,0.0,0.0,0.0,0.0,0.0,0.0,0.0,0.0,0.0,0.0,0.0,0.0,0.0,0.0,0.0,0.0,0.0,0.0,0.0,0.0,0.0,0.0,0.0,0.0,0.0,0.0,0.0,0.0,0.0,0.0,0.0,0.0,0.0,0.0,0.0,0.0,0.0,0.0,0.0,0.0,0.0,0.0,0.0,0.0,0.0,0.0,0.0,0.0,0.0,0.0,0.0,0.0,0.0,0.0,0.0,0.0,0.0,0.0,0.0,0.0,0.0,0.0,0.0,0.0,0.0,0.0,0.0,0.0,0.0,0.0,0.0,0.0,0.0,0.0,0.0,0.0,0.0,0.0,0.0,0.0,0.0,0.0,0.0,0.0,0.0,0.0,0.0,0.0,0.0,0.0,0.0,0.0,0.0,0.0,0.0,0.0,0.0,0.0,0.0,0.0,0.0,0.0,0.0,0.0,0.0,0.0,0.0,0.0,0.0,0.0,0.0,0.0,0.0,0.0,0.0,0.0,0.0,0.0,0.0,0.0,0.0,0.0,0.0,0.0,0.0,0.0,0.0,0.0,0.0,0.0,0.0,0.0,0.0,0.0,0.0,0.0,0.0,0.0,0.0,0.0,0.0,0.0,0.0,0.0,0.0,0.0,0.0,0.0,0.0,0.0,0.0,0.0,0.0,0.0,0.0,0.0,0.0,0.0,0.0,0.0,0.0,0.0,0.0,0.0,0.0,0.0,0.0,0.0,0.0,0.0
30.8697718799225,103.234757056234,14.8927689400555,225.0,40.0,105.31845928375947,5.0,5.0,1.3349936637999698,1.0388306594606017e+18,0.0,0.0,0.0,0.0,0.0,0.0,0.0,0.0,0.0,2.3245987211505824e+16,4.649197442301165e+16,7.092216284305415e+16,9.535235126309666e+16,8.577041260538232e+16,7.618847394766797e+16,4.797686664543319e+16,1.976525934319843e+16,9882629671599216.0,0.0,1077629572342.1633,2155259144684.3267,1840326994654455.0,3678498730164225.5,4425892735177487.5,5173286740190751.0,4353838364918035.5,3534389989645320.5,1768650296922973.8,2910604200626.941,1455302100313.4705,0.0,0.0,0.0,0.0,0.0,0.0,0.0,0.0,0.0,0.0,0.0,5258975975157775.0,1.051795195031555e+16,1.9709780026650636e+16,2.8901608102985724e+16,3.820115207206608e+16,4.750069604114645e+16,6.150831764770663e+16,7.551593925426683e+16,9.82718112398715e+16,1.210276832254762e+17,1.3894118244251965e+17,1.5685468165956307e+17,1.5644841659889542e+17,1.5604215153822774e+17,1.3671837090650403e+17,1.1739459027478034e+17,8.903795871454966e+16,6.068132715431901e+16,3.744302855675968e+16,1.4204729959200358e+16,7102364979600179.0,0.0,0.0,0.0,0.0,0.0,0.0,0.0,0.0,0.0,0.0,0.0,0.0,0.0,0.0,0.0,0.0,0.0,0.0,0.0,0.0,0.0,0.0,0.0,0.0,0.0,0.0,0.0,0.0,0.0,0.0,0.0,0.0,0.0,0.0,0.0,0.0,0.0,0.0,0.0,0.0,0.0,0.0,0.0,0.0,0.0,0.0,0.0,0.0,0.0,0.0,0.0,0.0,0.0,0.0,0.0,0.0,0.0,0.0,0.0,0.0,0.0,0.0,0.0,0.0,0.0,0.0,0.0,0.0,0.0,0.0,0.0,0.0,0.0,0.0,0.0,0.0,0.0,0.0,0.0,0.0,0.0,0.0,0.0,0.0,0.0,0.0,0.0,0.0,0.0,0.0,0.0,0.0,0.0,0.0,0.0,0.0,0.0,0.0,0.0,0.0,0.0,0.0,0.0,0.0,0.0,0.0,0.0,0.0,0.0,0.0,0.0,0.0,0.0,0.0,0.0,0.0,0.0,0.0,0.0,0.0,0.0,0.0,0.0,0.0,0.0,0.0,0.0,0.0,0.0,0.0,0.0,0.0,0.0,0.0,0.0,0.0,0.0,0.0,0.0,0.0,0.0,0.0,0.0,0.0,0.0,0.0,0.0,0.0,0.0,0.0,0.0,0.0,0.0,0.0,0.0,0.0,0.0,0.0,0.0,0.0,0.0,0.0,0.0,0.0,0.0,0.0,0.0,0.0,0.0,0.0,0.0,0.0,0.0,0.0,0.0,0.0,0.0,0.0
30.8957183797076,103.203936262956,17.7497379642719,225.0,30.0,105.78090291335808,5.0,5.0,1.4335101099950096,1.1154916261330568e+18,0.0,0.0,0.0,0.0,0.0,0.0,0.0,0.0,0.0,0.0,0.0,4.977950921970548e+16,9.955901843941096e+16,1.0289530400359123e+17,1.0623158956777147e+17,7.64170365912136e+16,4.66024836146557e+16,2.330124180732785e+16,0.0,0.0,0.0,603331352273668.2,1206662704547336.5,1184883564215742.5,1163104423884148.2,581552211942074.1,0.0,0.0,0.0,0.0,0.0,0.0,0.0,0.0,0.0,0.0,0.0,0.0,0.0,0.0,0.0,6253487154100417.0,1.2506974308200834e+16,2.3791678927628212e+16,3.507638354705559e+16,4.6836039914072e+16,5.859569628108841e+16,7.648564633325307e+16,9.437559638541771e+16,1.145572021761319e+17,1.3473880796684608e+17,1.4657279058070285e+17,1.584067731945596e+17,1.5498879314001766e+17,1.5157081308547568e+17,1.3463246061488565e+17,1.1769410814429558e+17,9.367301421587694e+16,6.96519202874583e+16,4.729365193145948e+16,2.4935383575460652e+16,1.3431437983159874e+16,1927492390859092.0,963746195429546.0,0.0,140785913225189.66,281571826450379.3,496656002956490.75,711740179462602.2,483623194809603.25,255506210156604.22,127753105078302.11,0.0,0.0,0.0,0.0,0.0,0.0,0.0,0.0,0.0,0.0,0.0,0.0,0.0,0.0,0.0,0.0,0.0,0.0,0.0,0.0,0.0,0.0,0.0,0.0,0.0,0.0,0.0,0.0,0.0,0.0,0.0,0.0,0.0,0.0,0.0,0.0,0.0,0.0,0.0,0.0,0.0,0.0,0.0,0.0,0.0,0.0,0.0,0.0,0.0,0.0,0.0,0.0,0.0,0.0,0.0,0.0,0.0,0.0,0.0,0.0,0.0,0.0,0.0,0.0,0.0,0.0,0.0,0.0,0.0,0.0,0.0,0.0,0.0,0.0,0.0,0.0,0.0,0.0,0.0,0.0,0.0,0.0,0.0,0.0,0.0,0.0,0.0,0.0,0.0,0.0,0.0,0.0,0.0,0.0,0.0,0.0,0.0,0.0,0.0,0.0,0.0,0.0,0.0,0.0,0.0,0.0,0.0,0.0,0.0,0.0,0.0,0.0,0.0,0.0,0.0,0.0,0.0,0.0,0.0,0.0,0.0,0.0,0.0,0.0,0.0,0.0,0.0,0.0,0.0,0.0,0.0,0.0,0.0,0.0,0.0,0.0,0.0,0.0,0.0,0.0,0.0,0.0,0.0,0.0,0.0,0.0,0.0,0.0,0.0,0.0,0.0,0.0,0.0,0.0,0.0,0.0,0.0,0.0,0.0,0.0,0.0,0.0,0.0,0.0,0.0,0.0,0.0,0.0
30.9238947735317,103.170447400191,20.0562836186236,225.0,25.0,105.5301089164003,5.0,5.0,1.2855982530582288,1.000393423010273e+18,0.0,0.0,0.0,0.0,0.0,0.0,0.0,0.0,0.0,0.0,0.0,3.3919855754841028e+16,6.7839711509682056e+16,8.342928856181411e+16,9.901886561394616e+16,8.000124628790798e+16,6.098362696186977e+16,3.495111827239622e+16,8918609582922667.0,4459304791461333.5,0.0,0.0,0.0,0.0,0.0,0.0,0.0,0.0,0.0,0.0,0.0,0.0,0.0,0.0,0.0,0.0,0.0,0.0,0.0,0.0,0.0,6016222654093560.0,1.203244530818712e+16,2.1636205525123976e+16,3.1239965742060836e+16,4.2626239889045304e+16,5.401251403602978e+16,6.988265955703431e+16,8.575280507803883e+16,9.998814241654613e+16,1.142234797550534e+17,1.2075933394722702e+17,1.2729518813940064e+17,1.2422483199492866e+17,1.2115447585045667e+17,1.1053729673432645e+17,9.99201176181962e+16,8.448310798771642e+16,6.9046098357236616e+16,5.156189275703298e+16,3.407768715682934e+16,2.139879833555091e+16,8719909514272480.0,5136156265758590.0,1552403017244702.0,1574906250992851.2,1597409484741000.8,1786414480808314.5,1975419476875628.0,1504055142052330.8,1032690807229033.5,516345403614516.75,0.0,0.0,0.0,0.0,0.0,0.0,0.0,0.0,0.0,0.0,0.0,0.0,0.0,0.0,0.0,0.0,0.0,0.0,0.0,0.0,0.0,0.0,0.0,0.0,0.0,0.0,0.0,0.0,0.0,0.0,0.0,0.0,0.0,0.0,0.0,0.0,0.0,0.0,0.0,0.0,0.0,0.0,0.0,0.0,0.0,0.0,0.0,0.0,0.0,0.0,0.0,0.0,0.0,0.0,0.0,0.0,0.0,0.0,0.0,0.0,0.0,0.0,0.0,0.0,0.0,0.0,0.0,0.0,0.0,0.0,0.0,0.0,0.0,0.0,0.0,0.0,0.0,0.0,0.0,0.0,0.0,0.0,0.0,0.0,0.0,0.0,0.0,0.0,0.0,0.0,0.0,0.0,0.0,0.0,0.0,0.0,0.0,0.0,0.0,0.0,0.0,0.0,0.0,0.0,0.0,0.0,0.0,0.0,0.0,0.0,0.0,0.0,0.0,0.0,0.0,0.0,0.0,0.0,0.0,0.0,0.0,0.0,0.0,0.0,0.0,0.0,0.0,0.0,0.0,0.0,0.0,0.0,0.0,0.0,0.0,0.0,0.0,0.0,0.0,0.0,0.0,0.0,0.0,0.0,0.0,0.0,0.0,0.0,0.0,0.0,0.0,0.0,0.0,0.0,0.0,0.0,0.0,0.0,0.0,0.0,0.0,0.0,0.0,0.0,0.0,0.0,0.0,0.0
30.9532423221527,103.135548677223,21.9678796312896,225.0,20.0,107.42033940747,5.0,5.0,0.8054935234910663,6.267980072786671e+17,0.0,0.0,0.0,0.0,0.0,0.0,0.0,0.0,0.0,0.0,0.0,0.0,0.0,2.7123961430506124e+16,5.424792286101225e+16,5.180721458512053e+16,4.936650630922881e+16,3.2144342635379764e+16,1.4922178961530714e+16,7461089480765357.0,0.0,0.0,0.0,0.0,0.0,0.0,0.0,0.0,0.0,0.0,0.0,0.0,0.0,0.0,0.0,0.0,0.0,0.0,0.0,92092985431991.48,184185970863982.97,4166297989054578.0,8148410007245173.0,1.4006810322064896e+16,1.986521063688462e+16,2.776343044455733e+16,3.566165025223004e+16,4.558463059636324e+16,5.550761094049645e+16,6.272911740326001e+16,6.995062386602355e+16,7.316249189137978e+16,7.6374359916736e+16,7.544355371832694e+16,7.451274751991789e+16,6.98952098255919e+16,6.527767213126591e+16,5.754163668040883e+16,4.980560122955177e+16,3.912764311929211e+16,2.8449685009032464e+16,1.8817464499854284e+16,9185243990676104.0,6305056547220652.0,3424869103765199.5,3168599871655502.5,2912330639545805.5,3143350417776837.0,3374370196007868.0,3415489699903795.5,3456609203799722.5,2813413868326266.0,2170218532852809.2,1085109266426404.6,0.0,0.0,0.0,0.0,0.0,0.0,0.0,0.0,0.0,0.0,0.0,0.0,0.0,0.0,0.0,0.0,0.0,0.0,0.0,0.0,0.0,0.0,0.0,0.0,0.0,0.0,0.0,0.0,0.0,0.0,0.0,0.0,0.0,0.0,0.0,0.0,0.0,0.0,0.0,0.0,0.0,0.0,0.0,0.0,0.0,0.0,0.0,0.0,0.0,0.0,0.0,0.0,0.0,0.0,0.0,0.0,0.0,0.0,0.0,0.0,0.0,0.0,0.0,0.0,0.0,0.0,0.0,0.0,0.0,0.0,0.0,0.0,0.0,0.0,0.0,0.0,0.0,0.0,0.0,0.0,0.0,0.0,0.0,0.0,0.0,0.0,0.0,0.0,0.0,0.0,0.0,0.0,0.0,0.0,0.0,0.0,0.0,0.0,0.0,0.0,0.0,0.0,0.0,0.0,0.0,0.0,0.0,0.0,0.0,0.0,0.0,0.0,0.0,0.0,0.0,0.0,0.0,0.0,0.0,0.0,0.0,0.0,0.0,0.0,0.0,0.0,0.0,0.0,0.0,0.0,0.0,0.0,0.0,0.0,0.0,0.0,0.0,0.0,0.0,0.0,0.0,0.0,0.0,0.0,0.0,0.0,0.0,0.0,0.0,0.0,0.0,0.0,0.0,0.0,0.0,0.0,0.0,0.0,0.0,0.0,0.0,0.0,0.0,0.0,0.0,0.0
30.9835376730051,103.099509445793,23.46997760236,225.0,15.0,109.97775182937916,5.0,5.0,0.3448442655869615,2.6834194464355645e+17,0.0,0.0,0.0,0.0,0.0,0.0,0.0,0.0,0.0,0.0,0.0,0.0,0.0,8934503604256458.0,1.7869007208512916e+16,2.032565418980373e+16,2.2782301171094548e+16,1.5732878300655772e+16,8683455430216998.0,4341727715108499.0,0.0,0.0,0.0,0.0,0.0,0.0,0.0,0.0,0.0,0.0,0.0,0.0,0.0,0.0,0.0,0.0,0.0,0.0,0.0,48893632252561.375,97787264505122.75,1797604039593250.5,3497420814681378.0,5862061677528648.0,8226702540375919.0,1.1154027684459928e+16,1.4081352828543936e+16,1.7676125886791352e+16,2.1270898945038772e+16,2.3749273826594948e+16,2.6227648708151124e+16,2.721796738359684e+16,2.8208286059042556e+16,2.8439471847325e+16,2.8670657635607444e+16,2.811093207344441e+16,2.755120651128137e+16,2.5199722659987684e+16,2.2848238808694004e+16,1.8555905015373876e+16,1.4263571222053746e+16,9993439685707430.0,5723308149361114.0,4373085664700352.0,3022863180039590.0,2857670705598798.5,2692478231158008.0,3171593931770224.0,3650709632382440.5,4215923669840995.5,4781137707299552.0,4487025151407721.5,4192912595515890.0,2096456297757945.0,0.0,0.0,0.0,0.0,0.0,0.0,0.0,0.0,0.0,0.0,0.0,0.0,0.0,0.0,0.0,0.0,0.0,0.0,0.0,0.0,0.0,0.0,0.0,0.0,0.0,0.0,0.0,0.0,0.0,0.0,0.0,0.0,0.0,0.0,0.0,0.0,0.0,0.0,0.0,0.0,0.0,0.0,0.0,0.0,0.0,0.0,0.0,0.0,0.0,0.0,0.0,0.0,0.0,0.0,0.0,0.0,0.0,0.0,0.0,0.0,0.0,0.0,0.0,0.0,0.0,0.0,0.0,0.0,0.0,0.0,0.0,0.0,0.0,0.0,0.0,0.0,0.0,0.0,0.0,0.0,0.0,0.0,0.0,0.0,0.0,0.0,0.0,0.0,0.0,0.0,0.0,0.0,0.0,0.0,0.0,0.0,0.0,0.0,0.0,0.0,0.0,0.0,0.0,0.0,0.0,0.0,0.0,0.0,0.0,0.0,0.0,0.0,0.0,0.0,0.0,0.0,0.0,0.0,0.0,0.0,0.0,0.0,0.0,0.0,0.0,0.0,0.0,0.0,0.0,0.0,0.0,0.0,0.0,0.0,0.0,0.0,0.0,0.0,0.0,0.0,0.0,0.0,0.0,0.0,0.0,0.0,0.0,0.0,0.0,0.0,0.0,0.0,0.0,0.0,0.0,0.0,0.0,0.0,0.0,0.0,0.0,0.0,0.0,0.0,0.0,0.0
31.0145502601761,103.0626971243,24.5511456592836,225.0,10.0,90.0,5.0,5.0,0.0,0.0,0.0,0.0,0.0,0.0,0.0,0.0,0.0,0.0,0.0,0.0,0.0,0.0,0.0,0.0,0.0,0.0,0.0,0.0,0.0,0.0,0.0,0.0,0.0,0.0,0.0,0.0,0.0,0.0,0.0,0.0,0.0,0.0,0.0,0.0,0.0,0.0,0.0,0.0,0.0,0.0,0.0,0.0,0.0,0.0,0.0,0.0,0.0,0.0,0.0,0.0,0.0,0.0,0.0,0.0,0.0,0.0,0.0,0.0,0.0,0.0,0.0,0.0,0.0,0.0,0.0,0.0,0.0,0.0,0.0,0.0,0.0,0.0,0.0,0.0,0.0,0.0,0.0,0.0,0.0,0.0,0.0,0.0,0.0,0.0,0.0,0.0,0.0,0.0,0.0,0.0,0.0,0.0,0.0,0.0,0.0,0.0,0.0,0.0,0.0,0.0,0.0,0.0,0.0,0.0,0.0,0.0,0.0,0.0,0.0,0.0,0.0,0.0,0.0,0.0,0.0,0.0,0.0,0.0,0.0,0.0,0.0,0.0,0.0,0.0,0.0,0.0,0.0,0.0,0.0,0.0,0.0,0.0,0.0,0.0,0.0,0.0,0.0,0.0,0.0,0.0,0.0,0.0,0.0,0.0,0.0,0.0,0.0,0.0,0.0,0.0,0.0,0.0,0.0,0.0,0.0,0.0,0.0,0.0,0.0,0.0,0.0,0.0,0.0,0.0,0.0,0.0,0.0,0.0,0.0,0.0,0.0,0.0,0.0,0.0,0.0,0.0,0.0,0.0,0.0,0.0,0.0,0.0,0.0,0.0,0.0,0.0,0.0,0.0,0.0,0.0,0.0,0.0,0.0,0.0,0.0,0.0,0.0,0.0,0.0,0.0,0.0,0.0,0.0,0.0,0.0,0.0,0.0,0.0,0.0,0.0,0.0,0.0,0.0,0.0,0.0,0.0,0.0,0.0,0.0,0.0,0.0,0.0,0.0,0.0,0.0,0.0,0.0,0.0,0.0,0.0,0.0,0.0,0.0,0.0,0.0,0.0,0.0,0.0,0.0,0.0
30.7891614571326,103.255248881111,2.46201938253052,225.0,80.0,90.0,5.0,5.0,0.622192109565446,4.841612788267901e+17,0.0,0.0,0.0,0.0,0.0,0.0,0.0,0.0,0.0,0.0,0.0,0.0,0.0,0.0,0.0,0.0,0.0,0.0,0.0,0.0,0.0,0.0,0.0,0.0,0.0,0.0,0.0,0.0,0.0,860792935467166.5,1721585870934333.0,2476428462960641.0,3231271054986949.0,2535627385573425.0,1839983716159901.2,919991858079950.6,0.0,0.0,0.0,0.0,0.0,0.0,0.0,0.0,0.0,0.0,0.0,3911127422727579.5,7822254845455159.0,2.479412476945567e+16,4.176599469345619e+16,6.404670736528889e+16,8.632742003712158e+16,1.0000705150165949e+17,1.1368668296619738e+17,1.1179955185617766e+17,1.0991242074615792e+17,9.371244042212594e+16,7.751246009809397e+16,5.6012805540615496e+16,3.451315098313702e+16,2.017060239911332e+16,5828053815089619.0,2914026907544809.5,0.0,0.0,0.0,0.0,0.0,0.0,0.0,0.0,0.0,0.0,0.0,0.0,0.0,0.0,0.0,0.0,0.0,0.0,0.0,0.0,0.0,0.0,0.0,0.0,0.0,0.0,0.0,0.0,0.0,0.0,0.0,0.0,0.0,0.0,0.0,0.0,0.0,0.0,0.0,0.0,0.0,0.0,0.0,0.0,0.0,0.0,0.0,0.0,0.0,0.0,0.0,0.0,0.0,0.0,0.0,0.0,0.0,0.0,0.0,0.0,0.0,0.0,0.0,0.0,0.0,0.0,0.0,0.0,0.0,0.0,0.0,0.0,0.0,0.0,0.0,0.0,0.0,0.0,0.0,0.0,0.0,0.0,0.0,0.0,0.0,0.0,0.0,0.0,0.0,0.0,0.0,0.0,0.0,0.0,0.0,0.0,0.0,0.0,0.0,0.0,0.0,0.0,0.0,0.0,0.0,0.0,0.0,0.0,0.0,0.0,0.0,0.0,0.0,0.0,0.0,0.0,0.0,0.0,0.0,0.0,0.0,0.0,0.0,0.0,0.0,0.0,0.0,0.0,0.0,0.0,0.0,0.0,0.0,0.0,0.0,0.0,0.0,0.0,0.0,0.0,0.0,0.0,0.0,0.0,0.0,0.0,0.0,0.0,0.0,0.0,0.0,0.0,0.0,0.0,0.0,0.0,0.0,0.0,0.0,0.0,0.0,0.0,0.0,0.0,0.0,0.0,0.0,0.0,0.0,0.0,0.0,0.0,0.0,0.0,0.0,0.0
30.7986408474119,103.24402462733,7.18980823265266,225.0,65.0,90.0,5.0,5.0,0.795978293142793,6.193936927222369e+17,0.0,0.0,0.0,0.0,0.0,0.0,0.0,0.0,0.0,0.0,0.0,0.0,0.0,0.0,0.0,0.0,0.0,0.0,0.0,0.0,0.0,0.0,0.0,0.0,0.0,0.0,0.0,0.0,0.0,1283598941881560.5,2567197883763121.0,3188504937821917.0,3809811991880712.0,2874190562675469.5,1938569133470227.0,969284566735113.5,0.0,0.0,0.0,0.0,0.0,0.0,0.0,0.0,0.0,0.0,0.0,6799767618113071.0,1.3599535236226142e+16,3.935493038689782e+16,6.511032553756951e+16,9.376976822001696e+16,1.2242921090246438e+17,1.3651645189520355e+17,1.506036928879427e+17,1.4344311623971122e+17,1.3628253959147976e+17,1.1256624606061805e+17,8.884995252975637e+16,6.132414383256044e+16,3.379833513536451e+16,1.710142851384203e+16,404521892319548.9,202260946159774.44,0.0,0.0,0.0,0.0,0.0,0.0,0.0,0.0,0.0,0.0,0.0,0.0,0.0,0.0,0.0,0.0,0.0,0.0,0.0,0.0,0.0,0.0,0.0,0.0,0.0,0.0,0.0,0.0,0.0,0.0,0.0,0.0,0.0,0.0,0.0,0.0,0.0,0.0,0.0,0.0,0.0,0.0,0.0,0.0,0.0,0.0,0.0,0.0,0.0,0.0,0.0,0.0,0.0,0.0,0.0,0.0,0.0,0.0,0.0,0.0,0.0,0.0,0.0,0.0,0.0,0.0,0.0,0.0,0.0,0.0,0.0,0.0,0.0,0.0,0.0,0.0,0.0,0.0,0.0,0.0,0.0,0.0,0.0,0.0,0.0,0.0,0.0,0.0,0.0,0.0,0.0,0.0,0.0,0.0,0.0,0.0,0.0,0.0,0.0,0.0,0.0,0.0,0.0,0.0,0.0,0.0,0.0,0.0,0.0,0.0,0.0,0.0,0.0,0.0,0.0,0.0,0.0,0.0,0.0,0.0,0.0,0.0,0.0,0.0,0.0,0.0,0.0,0.0,0.0,0.0,0.0,0.0,0.0,0.0,0.0,0.0,0.0,0.0,0.0,0.0,0.0,0.0,0.0,0.0,0.0,0.0,0.0,0.0,0.0,0.0,0.0,0.0,0.0,0.0,0.0,0.0,0.0,0.0,0.0,0.0,0.0,0.0,0.0,0.0,0.0,0.0,0.0,0.0,0.0,0.0,0.0,0.0,0.0,0.0,0.0,0.0
30.8155785742295,103.223938994704,11.3706888080417,225.0,50.0,90.37528810104654,5.0,5.0,1.085579235842852,8.447478246880586e+17,0.0,0.0,0.0,0.0,0.0,0.0,0.0,0.0,0.0,0.0,0.0,0.0,0.0,3525909182301096.5,7051818364602193.0,3525909182301096.5,0.0,0.0,0.0,0.0,0.0,0.0,0.0,0.0,0.0,0.0,0.0,0.0,0.0,248842874943760.28,497685749887520.56,738328186406494.5,978970622925468.4,489485311462734.2,0.0,0.0,0.0,0.0,0.0,0.0,0.0,0.0,0.0,0.0,0.0,460543269802450.1,921086539604900.2,1.97178795575084e+16,3.8514672575411896e+16,7.471658105010845e+16,1.10918489524805e+17,1.4431648820346013e+17,1.777144868821153e+17,1.8951602180606083e+17,2.0131755673000637e+17,1.8576136221364893e+17,1.702051676972915e+17,1.3629654205208027e+17,1.0238791640686902e+17,6.831394500070419e+16,3.423997359453935e+16,1.7119986797269676e+16,0.0,0.0,0.0,0.0,0.0,0.0,0.0,0.0,0.0,0.0,0.0,0.0,0.0,0.0,0.0,0.0,0.0,0.0,0.0,0.0,0.0,0.0,0.0,0.0,0.0,0.0,0.0,0.0,0.0,0.0,0.0,0.0,0.0,0.0,0.0,0.0,0.0,0.0,0.0,0.0,0.0,0.0,0.0,0.0,0.0,0.0,0.0,0.0,0.0,0.0,0.0,0.0,0.0,0.0,0.0,0.0,0.0,0.0,0.0,0.0,0.0,0.0,0.0,0.0,0.0,0.0,0.0,0.0,0.0,0.0,0.0,0.0,0.0,0.0,0.0,0.0,0.0,0.0,0.0,0.0,0.0,0.0,0.0,0.0,0.0,0.0,0.0,0.0,0.0,0.0,0.0,0.0,0.0,0.0,0.0,0.0,0.0,0.0,0.0,0.0,0.0,0.0,0.0,0.0,0.0,0.0,0.0,0.0,0.0,0.0,0.0,0.0,0.0,0.0,0.0,0.0,0.0,0.0,0.0,0.0,0.0,0.0,0.0,0.0,0.0,0.0,0.0,0.0,0.0,0.0,0.0,0.0,0.0,0.0,0.0,0.0,0.0,0.0,0.0,0.0,0.0,0.0,0.0,0.0,0.0,0.0,0.0,0.0,0.0,0.0,0.0,0.0,0.0,0.0,0.0,0.0,0.0,0.0,0.0,0.0,0.0,0.0,0.0,0.0,0.0,0.0,0.0,0.0,0.0,0.0,0.0,0.0,0.0,0.0,0.0,0.0,0.0,0.0
30.8379760596219,103.197346879991,14.8927689400555,225.0,40.0,91.95880584298179,5.0,5.0,1.2960859198599866,1.008554442882728e+18,0.0,0.0,0.0,0.0,0.0,0.0,0.0,0.0,0.0,0.0,0.0,0.0,0.0,1.115936781829728e+16,2.231873563659456e+16,1.3418441146265744e+16,4518146655936935.0,2259073327968467.5,0.0,0.0,0.0,0.0,0.0,0.0,0.0,0.0,0.0,0.0,0.0,0.0,0.0,0.0,0.0,0.0,0.0,0.0,0.0,0.0,0.0,0.0,0.0,0.0,0.0,969099804039163.4,1938199608078326.8,8404199523865087.0,1.4870199439651842e+16,4.288512606267188e+16,7.090005268569192e+16,1.0878343357458491e+17,1.4666681446347792e+17,1.7625382959118147e+17,2.05840844718885e+17,2.1196203743704378e+17,2.180832301552026e+17,1.984444497269611e+17,1.7880566929871965e+17,1.4281327269833998e+17,1.068208760979603e+17,7.163907770060613e+16,3.645727930325195e+16,1.8228639651625976e+16,0.0,0.0,0.0,0.0,0.0,0.0,0.0,0.0,0.0,667197409638450.0,1334394819276900.0,667197409638450.0,0.0,0.0,0.0,0.0,0.0,0.0,0.0,0.0,0.0,0.0,0.0,0.0,0.0,0.0,0.0,0.0,0.0,0.0,0.0,0.0,0.0,0.0,0.0,0.0,0.0,0.0,0.0,0.0,0.0,0.0,0.0,0.0,0.0,0.0,0.0,0.0,0.0,0.0,0.0,0.0,0.0,0.0,0.0,0.0,0.0,0.0,0.0,0.0,0.0,0.0,0.0,0.0,0.0,0.0,0.0,0.0,0.0,0.0,0.0,0.0,0.0,0.0,0.0,0.0,0.0,0.0,0.0,0.0,0.0,0.0,0.0,0.0,0.0,0.0,0.0,0.0,0.0,0.0,0.0,0.0,0.0,0.0,0.0,0.0,0.0,0.0,0.0,0.0,0.0,0.0,0.0,0.0,0.0,0.0,0.0,0.0,0.0,0.0,0.0,0.0,0.0,0.0,0.0,0.0,0.0,0.0,0.0,0.0,0.0,0.0,0.0,0.0,0.0,0.0,0.0,0.0,0.0,0.0,0.0,0.0,0.0,0.0,0.0,0.0,0.0,0.0,0.0,0.0,0.0,0.0,0.0,0.0,0.0,0.0,0.0,0.0,0.0,0.0,0.0,0.0,0.0,0.0,0.0,0.0,0.0,0.0,0.0,0.0,0.0,0.0,0.0,0.0,0.0,0.0,0.0,0.0,0.0,0.0,0.0,0.0,0.0,0.0,0.0,0.0,0.0,0.0
30.863922559407,103.166516295624,17.7497379642719,225.0,30.0,92.99712235900532,5.0,5.0,1.3490537708033215,1.0497715879656878e+18,0.0,0.0,0.0,0.0,0.0,0.0,0.0,0.0,0.0,0.0,0.0,0.0,0.0,1.916251208891176e+16,3.832502417782352e+16,2.986810809083017e+16,2.1411192003836812e+16,1.0705596001918406e+16,0.0,0.0,0.0,0.0,0.0,0.0,0.0,0.0,0.0,0.0,0.0,0.0,0.0,0.0,0.0,0.0,0.0,0.0,0.0,0.0,0.0,0.0,0.0,0.0,0.0,2581532258173432.5,5163064516346865.0,1.7455231899694688e+16,2.9747399283042504e+16,5.861506764959165e+16,8.74827360161408e+16,1.191544837799474e+17,1.5082623154375402e+17,1.7225282692086432e+17,1.9367942229797472e+17,1.9596817300938704e+17,1.982569237207993e+17,1.813325035720002e+17,1.6440808342320112e+17,1.3550052846372888e+17,1.0659297350425664e+17,7.602513318100184e+16,4.5457292857747016e+16,2.625431460855793e+16,7051336359368839.0,3525668179684419.5,0.0,0.0,0.0,0.0,0.0,0.0,0.0,684954130697832.2,1369908261395664.5,684954130697832.2,0.0,0.0,0.0,0.0,0.0,0.0,0.0,0.0,0.0,0.0,0.0,0.0,0.0,0.0,0.0,0.0,0.0,0.0,0.0,0.0,0.0,0.0,0.0,0.0,0.0,0.0,0.0,0.0,0.0,0.0,0.0,0.0,0.0,0.0,0.0,0.0,0.0,0.0,0.0,0.0,0.0,0.0,0.0,0.0,0.0,0.0,0.0,0.0,0.0,0.0,0.0,0.0,0.0,0.0,0.0,0.0,0.0,0.0,0.0,0.0,0.0,0.0,0.0,0.0,0.0,0.0,0.0,0.0,0.0,0.0,0.0,0.0,0.0,0.0,0.0,0.0,0.0,0.0,0.0,0.0,0.0,0.0,0.0,0.0,0.0,0.0,0.0,0.0,0.0,0.0,0.0,0.0,0.0,0.0,0.0,0.0,0.0,0.0,0.0,0.0,0.0,0.0,0.0,0.0,0.0,0.0,0.0,0.0,0.0,0.0,0.0,0.0,0.0,0.0,0.0,0.0,0.0,0.0,0.0,0.0,0.0,0.0,0.0,0.0,0.0,0.0,0.0,0.0,0.0,0.0,0.0,0.0,0.0,0.0,0.0,0.0,0.0,0.0,0.0,0.0,0.0,0.0,0.0,0.0,0.0,0.0,0.0,0.0,0.0,0.0,0.0,0.0,0.0,0.0,0.0,0.0,0.0,0.0,0.0,0.0,0.0,0.0,0.0,0.0,0.0,0.0
30.8920989532311,103.133016457744,20.0562836186236,225.0,25.0,93.19655709253422,5.0,5.0,1.1368027799112663,8.846076303990715e+17,0.0,0.0,0.0,0.0,0.0,0.0,0.0,0.0,0.0,0.0,0.0,0.0,0.0,1.942177796253403e+16,3.884355592506806e+16,3.477623754186533e+16,3.0708919158662596e+16,1.6333034165690438e+16,1957149172718283.2,978574586359141.6,0.0,0.0,0.0,0.0,0.0,0.0,0.0,0.0,0.0,0.0,0.0,0.0,0.0,0.0,0.0,0.0,0.0,0.0,0.0,0.0,0.0,0.0,0.0,2740463108088635.0,5480926216177270.0,1.768372433677387e+16,2.988652245737047e+16,5.259016111416444e+16,7.52937997709584e+16,9.65954014922428e+16,1.178970032135272e+17,1.312672902000033e+17,1.4463757718647942e+17,1.4667636452384586e+17,1.487151518612123e+17,1.3943265901187835e+17,1.3015016616254437e+17,1.1250021889981797e+17,9.485027163709154e+16,7.293989347945976e+16,5.102951532182799e+16,3.3090875694367744e+16,1.5152236066907508e+16,7576118033453754.0,0.0,0.0,0.0,0.0,0.0,1236234096780.7588,2472468193561.5176,2418124263029.288,2363780332497.059,1181890166248.5295,0.0,0.0,0.0,0.0,0.0,0.0,0.0,0.0,0.0,0.0,0.0,0.0,0.0,0.0,0.0,0.0,0.0,0.0,0.0,0.0,0.0,0.0,0.0,0.0,0.0,0.0,0.0,0.0,0.0,0.0,0.0,0.0,0.0,0.0,0.0,0.0,0.0,0.0,0.0,0.0,0.0,0.0,0.0,0.0,0.0,0.0,0.0,0.0,0.0,0.0,0.0,0.0,0.0,0.0,0.0,0.0,0.0,0.0,0.0,0.0,0.0,0.0,0.0,0.0,0.0,0.0,0.0,0.0,0.0,0.0,0.0,0.0,0.0,0.0,0.0,0.0,0.0,0.0,0.0,0.0,0.0,0.0,0.0,0.0,0.0,0.0,0.0,0.0,0.0,0.0,0.0,0.0,0.0,0.0,0.0,0.0,0.0,0.0,0.0,0.0,0.0,0.0,0.0,0.0,0.0,0.0,0.0,0.0,0.0,0.0,0.0,0.0,0.0,0.0,0.0,0.0,0.0,0.0,0.0,0.0,0.0,0.0,0.0,0.0,0.0,0.0,0.0,0.0,0.0,0.0,0.0,0.0,0.0,0.0,0.0,0.0,0.0,0.0,0.0,0.0,0.0,0.0,0.0,0.0,0.0,0.0,0.0,0.0,0.0,0.0,0.0,0.0,0.0,0.0,0.0,0.0,0.0,0.0,0.0,0.0,0.0,0.0,0.0,0.0,0.0,0.0
30.9214465018521,103.098106054072,21.9678796312896,225.0,20.0,93.62061947767526,5.0,5.0,0.7161172295141405,5.572494866153465e+17,0.0,0.0,0.0,0.0,0.0,0.0,0.0,0.0,0.0,0.0,0.0,0.0,0.0,1.0918257847918312e+16,2.1836515695836624e+16,2.2954955492978544e+16,2.4073395290120464e+16,1.426368788678513e+16,4453980483449794.5,2226990241724897.2,0.0,0.0,0.0,0.0,0.0,0.0,0.0,0.0,0.0,0.0,0.0,0.0,0.0,0.0,0.0,0.0,0.0,0.0,0.0,0.0,0.0,0.0,0.0,1432810306361395.2,2865620612722790.5,1.1258084444552592e+16,1.965054827638239e+16,3.2988895366520736e+16,4.632724245665909e+16,5.741042593400836e+16,6.849360941135764e+16,7.585032380420587e+16,8.320703819705411e+16,8.552466143962016e+16,8.784228468218619e+16,8.44987789568466e+16,8.115527323150699e+16,7.268291467279325e+16,6.421055611407952e+16,5.094739584176611e+16,3.768423556945271e+16,2.4977653393290068e+16,1.227107121712743e+16,6135535608563715.0,0.0,0.0,0.0,195103274855684.6,390206549711369.2,875171121522542.4,1360135693333715.2,1393954413849707.0,1427773134365698.8,713886567182849.4,0.0,0.0,0.0,0.0,0.0,0.0,0.0,0.0,0.0,0.0,0.0,0.0,0.0,0.0,0.0,0.0,0.0,0.0,0.0,0.0,0.0,0.0,0.0,0.0,0.0,0.0,0.0,0.0,0.0,0.0,0.0,0.0,0.0,0.0,0.0,0.0,0.0,0.0,0.0,0.0,0.0,0.0,0.0,0.0,0.0,0.0,0.0,0.0,0.0,0.0,0.0,0.0,0.0,0.0,0.0,0.0,0.0,0.0,0.0,0.0,0.0,0.0,0.0,0.0,0.0,0.0,0.0,0.0,0.0,0.0,0.0,0.0,0.0,0.0,0.0,0.0,0.0,0.0,0.0,0.0,0.0,0.0,0.0,0.0,0.0,0.0,0.0,0.0,0.0,0.0,0.0,0.0,0.0,0.0,0.0,0.0,0.0,0.0,0.0,0.0,0.0,0.0,0.0,0.0,0.0,0.0,0.0,0.0,0.0,0.0,0.0,0.0,0.0,0.0,0.0,0.0,0.0,0.0,0.0,0.0,0.0,0.0,0.0,0.0,0.0,0.0,0.0,0.0,0.0,0.0,0.0,0.0,0.0,0.0,0.0,0.0,0.0,0.0,0.0,0.0,0.0,0.0,0.0,0.0,0.0,0.0,0.0,0.0,0.0,0.0,0.0,0.0,0.0,0.0,0.0,0.0,0.0,0.0,0.0,0.0,0.0,0.0,0.0,0.0,0.0,0.0
30.9517418527045,103.062054694065,23.46997760236,225.0,15.0,97.32690309608164,5.0,5.0,0.2675626159851758,2.0820491987932848e+17,0.0,0.0,0.0,0.0,0.0,0.0,0.0,0.0,0.0,0.0,0.0,0.0,0.0,0.0,0.0,4611944734004115.0,9223889468008230.0,6288100809613824.0,3352312151219416.0,1676156075609708.0,0.0,0.0,0.0,0.0,0.0,0.0,0.0,0.0,0.0,0.0,0.0,0.0,0.0,0.0,0.0,0.0,0.0,0.0,0.0,0.0,0.0,146607429826354.12,293214859652708.25,572395624132038.8,851576388611369.4,3940936714161124.5,7030297039710879.0,1.1334885795067786e+16,1.5639474550424694e+16,1.9248630513443388e+16,2.2857786476462076e+16,2.567240290935826e+16,2.848701934225445e+16,3.0147844094819256e+16,3.1808668847384076e+16,3.172156928399958e+16,3.1634469720615092e+16,2.867241354172242e+16,2.5710357362829744e+16,2.056207514439074e+16,1.5413792925951736e+16,1.0092019103399778e+16,4770245280847822.0,2385122640423911.0,0.0,271186525173313.28,542373050346626.56,1192388378611421.2,1842403706876216.0,2691830561262318.5,3541257415648420.5,3576845484610057.5,3612433553571693.0,2602890646242476.0,1593347738913258.5,796673869456629.2,0.0,0.0,0.0,0.0,0.0,0.0,0.0,0.0,0.0,0.0,0.0,0.0,0.0,0.0,0.0,0.0,0.0,0.0,0.0,0.0,0.0,0.0,0.0,0.0,0.0,0.0,0.0,0.0,0.0,0.0,0.0,0.0,0.0,0.0,0.0,0.0,0.0,0.0,0.0,0.0,0.0,0.0,0.0,0.0,0.0,0.0,0.0,0.0,0.0,0.0,0.0,0.0,0.0,0.0,0.0,0.0,0.0,0.0,0.0,0.0,0.0,0.0,0.0,0.0,0.0,0.0,0.0,0.0,0.0,0.0,0.0,0.0,0.0,0.0,0.0,0.0,0.0,0.0,0.0,0.0,0.0,0.0,0.0,0.0,0.0,0.0,0.0,0.0,0.0,0.0,0.0,0.0,0.0,0.0,0.0,0.0,0.0,0.0,0.0,0.0,0.0,0.0,0.0,0.0,0.0,0.0,0.0,0.0,0.0,0.0,0.0,0.0,0.0,0.0,0.0,0.0,0.0,0.0,0.0,0.0,0.0,0.0,0.0,0.0,0.0,0.0,0.0,0.0,0.0,0.0,0.0,0.0,0.0,0.0,0.0,0.0,0.0,0.0,0.0,0.0,0.0,0.0,0.0,0.0,0.0,0.0,0.0,0.0,0.0,0.0,0.0,0.0,0.0,0.0,0.0,0.0,0.0,0.0,0.0,0.0,0.0,0.0,0.0,0.0
30.9827544398754,103.025233080089,24.5511456592836,225.0,10.0,90.0,5.0,5.0,0.0,0.0,0.0,0.0,0.0,0.0,0.0,0.0,0.0,0.0,0.0,0.0,0.0,0.0,0.0,0.0,0.0,0.0,0.0,0.0,0.0,0.0,0.0,0.0,0.0,0.0,0.0,0.0,0.0,0.0,0.0,0.0,0.0,0.0,0.0,0.0,0.0,0.0,0.0,0.0,0.0,0.0,0.0,0.0,0.0,0.0,0.0,0.0,0.0,0.0,0.0,0.0,0.0,0.0,0.0,0.0,0.0,0.0,0.0,0.0,0.0,0.0,0.0,0.0,0.0,0.0,0.0,0.0,0.0,0.0,0.0,0.0,0.0,0.0,0.0,0.0,0.0,0.0,0.0,0.0,0.0,0.0,0.0,0.0,0.0,0.0,0.0,0.0,0.0,0.0,0.0,0.0,0.0,0.0,0.0,0.0,0.0,0.0,0.0,0.0,0.0,0.0,0.0,0.0,0.0,0.0,0.0,0.0,0.0,0.0,0.0,0.0,0.0,0.0,0.0,0.0,0.0,0.0,0.0,0.0,0.0,0.0,0.0,0.0,0.0,0.0,0.0,0.0,0.0,0.0,0.0,0.0,0.0,0.0,0.0,0.0,0.0,0.0,0.0,0.0,0.0,0.0,0.0,0.0,0.0,0.0,0.0,0.0,0.0,0.0,0.0,0.0,0.0,0.0,0.0,0.0,0.0,0.0,0.0,0.0,0.0,0.0,0.0,0.0,0.0,0.0,0.0,0.0,0.0,0.0,0.0,0.0,0.0,0.0,0.0,0.0,0.0,0.0,0.0,0.0,0.0,0.0,0.0,0.0,0.0,0.0,0.0,0.0,0.0,0.0,0.0,0.0,0.0,0.0,0.0,0.0,0.0,0.0,0.0,0.0,0.0,0.0,0.0,0.0,0.0,0.0,0.0,0.0,0.0,0.0,0.0,0.0,0.0,0.0,0.0,0.0,0.0,0.0,0.0,0.0,0.0,0.0,0.0,0.0,0.0,0.0,0.0,0.0,0.0,0.0,0.0,0.0,0.0,0.0,0.0,0.0,0.0,0.0,0.0,0.0,0.0,0.0
30.7573656368319,103.217854476897,2.46201938253052,225.0,80.0,90.0,5.0,5.0,0.978320070920536,7.612836764670988e+17,0.0,0.0,0.0,0.0,0.0,0.0,0.0,0.0,0.0,0.0,0.0,0.0,0.0,0.0,0.0,0.0,0.0,0.0,0.0,0.0,0.0,0.0,0.0,0.0,0.0,0.0,0.0,716425354767501.8,1432850709535003.5,4467647233225971.5,7502443756916938.0,8764766888544391.0,1.0027090020171844e+16,8054441600491185.0,6081793180810528.0,3099537188128645.5,117281195446765.08,58640597723382.54,0.0,0.0,0.0,0.0,0.0,0.0,0.0,0.0,0.0,8886900803744393.0,1.7773801607488786e+16,4.232522126875012e+16,6.687664093001147e+16,9.60011529715042e+16,1.2512566501299691e+17,1.4376097121880453e+17,1.623962774246121e+17,1.6189641874195222e+17,1.6139656005929232e+17,1.414227120540911e+17,1.2144886404888987e+17,9.247511484596243e+16,6.350136564303496e+16,4.05522042604631e+16,1.760304287789125e+16,8801521438945625.0,0.0,0.0,0.0,0.0,0.0,0.0,0.0,0.0,0.0,0.0,0.0,0.0,0.0,0.0,0.0,0.0,0.0,0.0,0.0,0.0,0.0,0.0,0.0,0.0,0.0,0.0,0.0,0.0,0.0,0.0,0.0,0.0,0.0,0.0,0.0,0.0,0.0,0.0,0.0,0.0,0.0,0.0,0.0,0.0,0.0,0.0,0.0,0.0,0.0,0.0,0.0,0.0,0.0,0.0,0.0,0.0,0.0,0.0,0.0,0.0,0.0,0.0,0.0,0.0,0.0,0.0,0.0,0.0,0.0,0.0,0.0,0.0,0.0,0.0,0.0,0.0,0.0,0.0,0.0,0.0,0.0,0.0,0.0,0.0,0.0,0.0,0.0,0.0,0.0,0.0,0.0,0.0,0.0,0.0,0.0,0.0,0.0,0.0,0.0,0.0,0.0,0.0,0.0,0.0,0.0,0.0,0.0,0.0,0.0,0.0,0.0,0.0,0.0,0.0,0.0,0.0,0.0,0.0,0.0,0.0,0.0,0.0,0.0,0.0,0.0,0.0,0.0,0.0,0.0,0.0,0.0,0.0,0.0,0.0,0.0,0.0,0.0,0.0,0.0,0.0,0.0,0.0,0.0,0.0,0.0,0.0,0.0,0.0,0.0,0.0,0.0,0.0,0.0,0.0,0.0,0.0,0.0,0.0,0.0,0.0,0.0,0.0,0.0,0.0,0.0,0.0,0.0,0.0,0.0,0.0,0.0,0.0,0.0,0.0,0.0,0.0
30.7668450271113,103.206627749852,7.18980823265266,225.0,65.0,90.0,5.0,5.0,1.21067958912241,9.420951649939598e+17,0.0,0.0,0.0,0.0,0.0,0.0,0.0,0.0,0.0,0.0,0.0,0.0,0.0,0.0,0.0,0.0,0.0,0.0,0.0,0.0,0.0,0.0,0.0,0.0,0.0,0.0,0.0,1348722796775303.5,2697445593550607.0,6655870930526324.0,1.061429626750204e+16,1.2474801648616564e+16,1.4335307029731086e+16,1.1215148560318402e+16,8094990090905719.0,4080065761868082.0,65141432830445.76,32570716415222.88,0.0,0.0,0.0,0.0,0.0,0.0,0.0,0.0,0.0,1.3561329881636422e+16,2.7122659763272844e+16,6.063625868726894e+16,9.414985761126502e+16,1.2988001348366526e+17,1.656101693560655e+17,1.8513031055981965e+17,2.046504517635738e+17,1.992738139750596e+17,1.9389717618654534e+17,1.661775961228422e+17,1.3845801605913909e+17,1.0228479010964834e+17,6.611156416015759e+16,3.963410949964654e+16,1.3156654839135492e+16,6578327419567746.0,0.0,0.0,0.0,0.0,0.0,0.0,0.0,0.0,0.0,1565717420142606.8,3131434840285213.5,1565717420142606.8,0.0,0.0,0.0,0.0,0.0,0.0,0.0,0.0,0.0,0.0,0.0,0.0,0.0,0.0,0.0,0.0,0.0,0.0,0.0,0.0,0.0,0.0,0.0,0.0,0.0,0.0,0.0,0.0,0.0,0.0,0.0,0.0,0.0,0.0,0.0,0.0,0.0,0.0,0.0,0.0,0.0,0.0,0.0,0.0,0.0,0.0,0.0,0.0,0.0,0.0,0.0,0.0,0.0,0.0,0.0,0.0,0.0,0.0,0.0,0.0,0.0,0.0,0.0,0.0,0.0,0.0,0.0,0.0,0.0,0.0,0.0,0.0,0.0,0.0,0.0,0.0,0.0,0.0,0.0,0.0,0.0,0.0,0.0,0.0,0.0,0.0,0.0,0.0,0.0,0.0,0.0,0.0,0.0,0.0,0.0,0.0,0.0,0.0,0.0,0.0,0.0,0.0,0.0,0.0,0.0,0.0,0.0,0.0,0.0,0.0,0.0,0.0,0.0,0.0,0.0,0.0,0.0,0.0,0.0,0.0,0.0,0.0,0.0,0.0,0.0,0.0,0.0,0.0,0.0,0.0,0.0,0.0,0.0,0.0,0.0,0.0,0.0,0.0,0.0,0.0,0.0,0.0,0.0,0.0,0.0,0.0,0.0,0.0,0.0,0.0,0.0,0.0,0.0,0.0,0.0,0.0,0.0,0.0,0.0,0.0,0.0,0.0,0.0,0.0
30.7837827539289,103.186536776675,11.3706888080417,225.0,50.0,90.0,5.0,5.0,1.45683643447951,1.1336430988359686e+18,0.0,0.0,0.0,0.0,0.0,0.0,0.0,0.0,0.0,0.0,0.0,0.0,0.0,0.0,0.0,0.0,0.0,0.0,0.0,0.0,0.0,0.0,0.0,0.0,0.0,0.0,0.0,222380068309921.12,444760136619842.25,3323901354346855.0,6203042572073867.0,7211883169837648.0,8220723767601429.0,6216313364784258.0,4211902961967087.5,2105951480983543.8,0.0,0.0,0.0,0.0,0.0,0.0,0.0,0.0,0.0,0.0,0.0,2.5176875508764812e+16,5.0353751017529624e+16,9.37581730987646e+16,1.3716259517999965e+17,1.7764961144387507e+17,2.181366277077505e+17,2.3502610499511613e+17,2.5191558228248176e+17,2.3832625058508256e+17,2.2473691888768342e+17,1.8749632728586096e+17,1.502557356840385e+17,1.0709665871731462e+17,6.393758175059076e+16,3.600169473380072e+16,8065807717010673.0,4032903858505336.5,0.0,0.0,0.0,0.0,0.0,0.0,0.0,855193549454313.4,1710387098908626.8,4999034585310753.0,8287682071712878.0,4143841035856439.0,0.0,0.0,0.0,0.0,0.0,0.0,0.0,0.0,0.0,0.0,0.0,0.0,0.0,0.0,0.0,0.0,0.0,0.0,0.0,0.0,0.0,0.0,0.0,0.0,0.0,0.0,0.0,0.0,0.0,0.0,0.0,0.0,0.0,0.0,0.0,0.0,0.0,0.0,0.0,0.0,0.0,0.0,0.0,0.0,0.0,0.0,0.0,0.0,0.0,0.0,0.0,0.0,0.0,0.0,0.0,0.0,0.0,0.0,0.0,0.0,0.0,0.0,0.0,0.0,0.0,0.0,0.0,0.0,0.0,0.0,0.0,0.0,0.0,0.0,0.0,0.0,0.0,0.0,0.0,0.0,0.0,0.0,0.0,0.0,0.0,0.0,0.0,0.0,0.0,0.0,0.0,0.0,0.0,0.0,0.0,0.0,0.0,0.0,0.0,0.0,0.0,0.0,0.0,0.0,0.0,0.0,0.0,0.0,0.0,0.0,0.0,0.0,0.0,0.0,0.0,0.0,0.0,0.0,0.0,0.0,0.0,0.0,0.0,0.0,0.0,0.0,0.0,0.0,0.0,0.0,0.0,0.0,0.0,0.0,0.0,0.0,0.0,0.0,0.0,0.0,0.0,0.0,0.0,0.0,0.0,0.0,0.0,0.0,0.0,0.0,0.0,0.0,0.0,0.0,0.0,0.0,0.0,0.0,0.0,0.0,0.0,0.0,0.0,0.0
30.8061802393212,103.159936703748,14.8927689400555,225.0,40.0,90.0,5.0,5.0,1.55554376480468,1.210452602757821e+18,0.0,0.0,0.0,0.0,0.0,0.0,0.0,0.0,0.0,0.0,0.0,0.0,0.0,0.0,0.0,0.0,0.0,0.0,0.0,0.0,0.0,0.0,0.0,0.0,0.0,0.0,0.0,0.0,0.0,0.0,0.0,188510897830608.72,377021795661217.44,188510897830608.72,0.0,0.0,0.0,0.0,0.0,0.0,0.0,0.0,0.0,0.0,0.0,7187726775889934.0,1.4375453551779868e+16,4.61638270459234e+16,7.795220054006693e+16,1.218057360920543e+17,1.656592716440417e+17,2.0119978721848486e+17,2.367403027929281e+17,2.4779732662437594e+17,2.5885435045582387e+17,2.411109718666477e+17,2.233675932774715e+17,1.850774104347965e+17,1.4678722759212157e+17,1.0482262367231749e+17,6.285801975251337e+16,3.612454201737269e+16,9391064282232004.0,4695532141116002.0,0.0,0.0,0.0,0.0,0.0,0.0,0.0,2524342689585814.5,5048685379171629.0,7045048536590429.0,9041411694009230.0,4520705847004615.0,0.0,0.0,0.0,0.0,0.0,0.0,0.0,0.0,0.0,0.0,0.0,0.0,0.0,0.0,0.0,0.0,0.0,0.0,0.0,0.0,0.0,0.0,0.0,0.0,0.0,0.0,0.0,0.0,0.0,0.0,0.0,0.0,0.0,0.0,0.0,0.0,0.0,0.0,0.0,0.0,0.0,0.0,0.0,0.0,0.0,0.0,0.0,0.0,0.0,0.0,0.0,0.0,0.0,0.0,0.0,0.0,0.0,0.0,0.0,0.0,0.0,0.0,0.0,0.0,0.0,0.0,0.0,0.0,0.0,0.0,0.0,0.0,0.0,0.0,0.0,0.0,0.0,0.0,0.0,0.0,0.0,0.0,0.0,0.0,0.0,0.0,0.0,0.0,0.0,0.0,0.0,0.0,0.0,0.0,0.0,0.0,0.0,0.0,0.0,0.0,0.0,0.0,0.0,0.0,0.0,0.0,0.0,0.0,0.0,0.0,0.0,0.0,0.0,0.0,0.0,0.0,0.0,0.0,0.0,0.0,0.0,0.0,0.0,0.0,0.0,0.0,0.0,0.0,0.0,0.0,0.0,0.0,0.0,0.0,0.0,0.0,0.0,0.0,0.0,0.0,0.0,0.0,0.0,0.0,0.0,0.0,0.0,0.0,0.0,0.0,0.0,0.0,0.0,0.0,0.0,0.0,0.0,0.0,0.0,0.0,0.0,0.0,0.0,0.0
30.8321267391064,103.129096328293,17.7497379642719,225.0,30.0,90.0,5.0,5.0,1.48556652172379,1.155999531145454e+18,0.0,0.0,0.0,0.0,0.0,0.0,0.0,0.0,0.0,0.0,0.0,0.0,0.0,0.0,0.0,2228389143105315.2,4456778286210630.5,2228389143105315.2,0.0,0.0,0.0,0.0,0.0,0.0,0.0,0.0,0.0,0.0,0.0,0.0,0.0,0.0,0.0,0.0,0.0,0.0,0.0,0.0,0.0,0.0,0.0,0.0,0.0,0.0,0.0,1.4658417533848206e+16,2.9316835067696412e+16,6.033712066530596e+16,9.13574062629155e+16,1.266875423505491e+17,1.6201767843818275e+17,1.8783665490046054e+17,2.1365563136273837e+17,2.200842556073542e+17,2.2651287985197014e+17,2.1154454358277734e+17,1.9657620731358448e+17,1.6663797535429104e+17,1.3669974339499763e+17,1.021559455963341e+17,6.761214779767061e+16,4.256110730778473e+16,1.7510066817898838e+16,8755033408949419.0,0.0,0.0,0.0,0.0,0.0,0.0,0.0,2061954644640240.0,4123909289280480.0,5142078275794356.0,6160247262308231.0,3080123631154115.5,0.0,0.0,0.0,0.0,0.0,0.0,0.0,0.0,0.0,0.0,0.0,0.0,0.0,0.0,0.0,0.0,0.0,0.0,0.0,0.0,0.0,0.0,0.0,0.0,0.0,0.0,0.0,0.0,0.0,0.0,0.0,0.0,0.0,0.0,0.0,0.0,0.0,0.0,0.0,0.0,0.0,0.0,0.0,0.0,0.0,0.0,0.0,0.0,0.0,0.0,0.0,0.0,0.0,0.0,0.0,0.0,0.0,0.0,0.0,0.0,0.0,0.0,0.0,0.0,0.0,0.0,0.0,0.0,0.0,0.0,0.0,0.0,0.0,0.0,0.0,0.0,0.0,0.0,0.0,0.0,0.0,0.0,0.0,0.0,0.0,0.0,0.0,0.0,0.0,0.0,0.0,0.0,0.0,0.0,0.0,0.0,0.0,0.0,0.0,0.0,0.0,0.0,0.0,0.0,0.0,0.0,0.0,0.0,0.0,0.0,0.0,0.0,0.0,0.0,0.0,0.0,0.0,0.0,0.0,0.0,0.0,0.0,0.0,0.0,0.0,0.0,0.0,0.0,0.0,0.0,0.0,0.0,0.0,0.0,0.0,0.0,0.0,0.0,0.0,0.0,0.0,0.0,0.0,0.0,0.0,0.0,0.0,0.0,0.0,0.0,0.0,0.0,0.0,0.0,0.0,0.0,0.0,0.0,0.0,0.0,0.0,0.0,0.0,0.0
30.8603031329305,103.095585515296,20.0562836186236,225.0,25.0,90.0,5.0,5.0,1.1824645154696,9.201394925707311e+17,0.0,0.0,0.0,0.0,0.0,0.0,0.0,0.0,0.0,0.0,0.0,0.0,0.0,0.0,0.0,3960558712816527.5,7921117425633055.0,3960558712816527.5,0.0,0.0,0.0,0.0,0.0,0.0,0.0,0.0,0.0,0.0,0.0,0.0,0.0,0.0,0.0,0.0,0.0,0.0,0.0,0.0,0.0,0.0,0.0,0.0,0.0,0.0,0.0,1.355557608319025e+16,2.71111521663805e+16,5.094966907519935e+16,7.47881859840182e+16,9.871803028439426e+16,1.2264787458477029e+17,1.3989015809355509e+17,1.5713244160233984e+17,1.6216046154862096e+17,1.6718848149490208e+17,1.597791958576513e+17,1.5236991022040048e+17,1.3471166625060749e+17,1.1705342228081451e+17,9.25429325600943e+16,6.8032442839374104e+16,4.579670948055686e+16,2.3560976121739612e+16,1.2193001143450848e+16,825026165162086.4,412513082581043.2,0.0,0.0,0.0,0.0,0.0,153467394869296.28,306934789738592.56,754230842598185.8,1201526895457779.0,600763447728889.5,0.0,0.0,0.0,0.0,0.0,0.0,0.0,0.0,0.0,0.0,0.0,0.0,0.0,0.0,0.0,0.0,0.0,0.0,0.0,0.0,0.0,0.0,0.0,0.0,0.0,0.0,0.0,0.0,0.0,0.0,0.0,0.0,0.0,0.0,0.0,0.0,0.0,0.0,0.0,0.0,0.0,0.0,0.0,0.0,0.0,0.0,0.0,0.0,0.0,0.0,0.0,0.0,0.0,0.0,0.0,0.0,0.0,0.0,0.0,0.0,0.0,0.0,0.0,0.0,0.0,0.0,0.0,0.0,0.0,0.0,0.0,0.0,0.0,0.0,0.0,0.0,0.0,0.0,0.0,0.0,0.0,0.0,0.0,0.0,0.0,0.0,0.0,0.0,0.0,0.0,0.0,0.0,0.0,0.0,0.0,0.0,0.0,0.0,0.0,0.0,0.0,0.0,0.0,0.0,0.0,0.0,0.0,0.0,0.0,0.0,0.0,0.0,0.0,0.0,0.0,0.0,0.0,0.0,0.0,0.0,0.0,0.0,0.0,0.0,0.0,0.0,0.0,0.0,0.0,0.0,0.0,0.0,0.0,0.0,0.0,0.0,0.0,0.0,0.0,0.0,0.0,0.0,0.0,0.0,0.0,0.0,0.0,0.0,0.0,0.0,0.0,0.0,0.0,0.0,0.0,0.0,0.0,0.0,0.0,0.0,0.0,0.0,0.0,0.0
30.8896506815515,103.060663430921,21.9678796312896,225.0,20.0,90.32346657837873,5.0,5.0,0.7127493748851265,5.546287770643607e+17,0.0,0.0,0.0,0.0,0.0,0.0,0.0,0.0,0.0,0.0,0.0,0.0,0.0,0.0,0.0,2982999697096522.5,5965999394193045.0,2982999697096522.5,0.0,0.0,0.0,0.0,0.0,0.0,0.0,0.0,0.0,0.0,0.0,0.0,0.0,0.0,0.0,0.0,0.0,0.0,0.0,0.0,0.0,0.0,0.0,0.0,0.0,0.0,0.0,8566409237869017.0,1.7132818475738034e+16,3.0256903133678108e+16,4.33809877916182e+16,5.579358373478354e+16,6.820617967794887e+16,7.765758086897275e+16,8.71089820599966e+16,9.172801120612552e+16,9.634704035225442e+16,9.471340138996995e+16,9.307976242768547e+16,8.4833757897169e+16,7.658775336665251e+16,6.238895509091476e+16,4.819015681517701e+16,3.2972845584544332e+16,1.7755534353911652e+16,8877767176955826.0,0.0,0.0,0.0,0.0,0.0,161501659872270.16,323003319744540.3,436769245480871.5,550535171217202.6,275279514720183.16,23858223163.693943,11929111581.846972,0.0,0.0,0.0,0.0,0.0,0.0,0.0,0.0,0.0,0.0,0.0,0.0,0.0,0.0,0.0,0.0,0.0,0.0,0.0,0.0,0.0,0.0,0.0,0.0,0.0,0.0,0.0,0.0,0.0,0.0,0.0,0.0,0.0,0.0,0.0,0.0,0.0,0.0,0.0,0.0,0.0,0.0,0.0,0.0,0.0,0.0,0.0,0.0,0.0,0.0,0.0,0.0,0.0,0.0,0.0,0.0,0.0,0.0,0.0,0.0,0.0,0.0,0.0,0.0,0.0,0.0,0.0,0.0,0.0,0.0,0.0,0.0,0.0,0.0,0.0,0.0,0.0,0.0,0.0,0.0,0.0,0.0,0.0,0.0,0.0,0.0,0.0,0.0,0.0,0.0,0.0,0.0,0.0,0.0,0.0,0.0,0.0,0.0,0.0,0.0,0.0,0.0,0.0,0.0,0.0,0.0,0.0,0.0,0.0,0.0,0.0,0.0,0.0,0.0,0.0,0.0,0.0,0.0,0.0,0.0,0.0,0.0,0.0,0.0,0.0,0.0,0.0,0.0,0.0,0.0,0.0,0.0,0.0,0.0,0.0,0.0,0.0,0.0,0.0,0.0,0.0,0.0,0.0,0.0,0.0,0.0,0.0,0.0,0.0,0.0,0.0,0.0,0.0,0.0,0.0,0.0,0.0,0.0,0.0,0.0,0.0,0.0,0.0,0.0
30.9199460324039,103.024599942337,23.46997760236,225.0,15.0,93.2047653622802,5.0,5.0,0.2633636007803187,2.049374394016081e+17,0.0,0.0,0.0,0.0,0.0,0.0,0.0,0.0,0.0,0.0,0.0,0.0,0.0,0.0,0.0,0.0,0.0,0.0,0.0,0.0,0.0,0.0,0.0,0.0,0.0,0.0,0.0,0.0,0.0,0.0,0.0,0.0,0.0,0.0,0.0,0.0,0.0,0.0,0.0,0.0,0.0,0.0,0.0,0.0,0.0,2660806661052951.5,5321613322105903.0,9474339815374682.0,1.3627066308643458e+16,1.7587892645750022e+16,2.1548718982856584e+16,2.5211415941208148e+16,2.887411289955971e+16,3.1611575323646556e+16,3.4349037747733404e+16,3.516772466507508e+16,3.5986411582416748e+16,3.367345098182372e+16,3.1360490381230692e+16,2.56520555380982e+16,1.994362069496571e+16,1.3671316571734688e+16,7399012448503665.0,3699506224251832.5,0.0,0.0,0.0,505824743290634.5,1011649486581269.0,1560369842507105.8,2109090198432942.2,2215682633326445.8,2322275068219949.0,1703307674288998.8,1084340280358048.1,542170140179024.06,0.0,0.0,0.0,0.0,0.0,0.0,0.0,0.0,0.0,0.0,0.0,0.0,0.0,0.0,0.0,0.0,0.0,0.0,0.0,0.0,0.0,0.0,0.0,0.0,0.0,0.0,0.0,0.0,0.0,0.0,0.0,0.0,0.0,0.0,0.0,0.0,0.0,0.0,0.0,0.0,0.0,0.0,0.0,0.0,0.0,0.0,0.0,0.0,0.0,0.0,0.0,0.0,0.0,0.0,0.0,0.0,0.0,0.0,0.0,0.0,0.0,0.0,0.0,0.0,0.0,0.0,0.0,0.0,0.0,0.0,0.0,0.0,0.0,0.0,0.0,0.0,0.0,0.0,0.0,0.0,0.0,0.0,0.0,0.0,0.0,0.0,0.0,0.0,0.0,0.0,0.0,0.0,0.0,0.0,0.0,0.0,0.0,0.0,0.0,0.0,0.0,0.0,0.0,0.0,0.0,0.0,0.0,0.0,0.0,0.0,0.0,0.0,0.0,0.0,0.0,0.0,0.0,0.0,0.0,0.0,0.0,0.0,0.0,0.0,0.0,0.0,0.0,0.0,0.0,0.0,0.0,0.0,0.0,0.0,0.0,0.0,0.0,0.0,0.0,0.0,0.0,0.0,0.0,0.0,0.0,0.0,0.0,0.0,0.0,0.0,0.0,0.0,0.0,0.0,0.0,0.0,0.0,0.0,0.0,0.0,0.0,0.0,0.0,0.0
30.9509586195748,102.987769035879,24.5511456592836,225.0,10.0,90.0,5.0,5.0,0.0,0.0,0.0,0.0,0.0,0.0,0.0,0.0,0.0,0.0,0.0,0.0,0.0,0.0,0.0,0.0,0.0,0.0,0.0,0.0,0.0,0.0,0.0,0.0,0.0,0.0,0.0,0.0,0.0,0.0,0.0,0.0,0.0,0.0,0.0,0.0,0.0,0.0,0.0,0.0,0.0,0.0,0.0,0.0,0.0,0.0,0.0,0.0,0.0,0.0,0.0,0.0,0.0,0.0,0.0,0.0,0.0,0.0,0.0,0.0,0.0,0.0,0.0,0.0,0.0,0.0,0.0,0.0,0.0,0.0,0.0,0.0,0.0,0.0,0.0,0.0,0.0,0.0,0.0,0.0,0.0,0.0,0.0,0.0,0.0,0.0,0.0,0.0,0.0,0.0,0.0,0.0,0.0,0.0,0.0,0.0,0.0,0.0,0.0,0.0,0.0,0.0,0.0,0.0,0.0,0.0,0.0,0.0,0.0,0.0,0.0,0.0,0.0,0.0,0.0,0.0,0.0,0.0,0.0,0.0,0.0,0.0,0.0,0.0,0.0,0.0,0.0,0.0,0.0,0.0,0.0,0.0,0.0,0.0,0.0,0.0,0.0,0.0,0.0,0.0,0.0,0.0,0.0,0.0,0.0,0.0,0.0,0.0,0.0,0.0,0.0,0.0,0.0,0.0,0.0,0.0,0.0,0.0,0.0,0.0,0.0,0.0,0.0,0.0,0.0,0.0,0.0,0.0,0.0,0.0,0.0,0.0,0.0,0.0,0.0,0.0,0.0,0.0,0.0,0.0,0.0,0.0,0.0,0.0,0.0,0.0,0.0,0.0,0.0,0.0,0.0,0.0,0.0,0.0,0.0,0.0,0.0,0.0,0.0,0.0,0.0,0.0,0.0,0.0,0.0,0.0,0.0,0.0,0.0,0.0,0.0,0.0,0.0,0.0,0.0,0.0,0.0,0.0,0.0,0.0,0.0,0.0,0.0,0.0,0.0,0.0,0.0,0.0,0.0,0.0,0.0,0.0,0.0,0.0,0.0,0.0,0.0,0.0,0.0,0.0,0.0,0.0
30.7255698165313,103.180460072683,2.46201938253052,225.0,80.0,90.0,5.0,5.0,1.14071039960046,8.876483602906963e+17,0.0,0.0,0.0,0.0,0.0,0.0,0.0,0.0,0.0,0.0,0.0,0.0,0.0,0.0,0.0,0.0,0.0,0.0,0.0,0.0,0.0,0.0,0.0,0.0,0.0,0.0,0.0,1226756893897579.8,2453513787795159.5,6124086190742536.0,9794658593689912.0,1.1391030583498312e+16,1.2987402573306714e+16,1.0229614882712722e+16,7471827192118731.0,3825620088980312.5,179412985841894.25,89706492920947.12,0.0,0.0,0.0,0.0,0.0,0.0,0.0,0.0,0.0,9918097255407662.0,1.9836194510815324e+16,4.6639612082072664e+16,7.344302965333e+16,1.0569467398019354e+17,1.3794631830705707e+17,1.5981980690892544e+17,1.8169329551079382e+17,1.8312913442842406e+17,1.8456497334605427e+17,1.6478704991647648e+17,1.4500912648689872e+17,1.1350548572381515e+17,8.200184496073155e+16,5.426561304202653e+16,2.6529381123321508e+16,1.3264690561660754e+16,0.0,0.0,0.0,0.0,0.0,0.0,0.0,0.0,0.0,222427667971386.34,444855335942772.7,1868690629470818.0,3292525922998864.0,1646262961499432.0,0.0,0.0,0.0,0.0,0.0,0.0,0.0,0.0,0.0,0.0,0.0,0.0,0.0,0.0,0.0,0.0,0.0,0.0,0.0,0.0,0.0,0.0,0.0,0.0,0.0,0.0,0.0,0.0,0.0,0.0,0.0,0.0,0.0,0.0,0.0,0.0,0.0,0.0,0.0,0.0,0.0,0.0,0.0,0.0,0.0,0.0,0.0,0.0,0.0,0.0,0.0,0.0,0.0,0.0,0.0,0.0,0.0,0.0,0.0,0.0,0.0,0.0,0.0,0.0,0.0,0.0,0.0,0.0,0.0,0.0,0.0,0.0,0.0,0.0,0.0,0.0,0.0,0.0,0.0,0.0,0.0,0.0,0.0,0.0,0.0,0.0,0.0,0.0,0.0,0.0,0.0,0.0,0.0,0.0,0.0,0.0,0.0,0.0,0.0,0.0,0.0,0.0,0.0,0.0,0.0,0.0,0.0,0.0,0.0,0.0,0.0,0.0,0.0,0.0,0.0,0.0,0.0,0.0,0.0,0.0,0.0,0.0,0.0,0.0,0.0,0.0,0.0,0.0,0.0,0.0,0.0,0.0,0.0,0.0,0.0,0.0,0.0,0.0,0.0,0.0,0.0,0.0,0.0,0.0,0.0,0.0,0.0,0.0,0.0,0.0,0.0,0.0,0.0,0.0,0.0,0.0,0.0,0.0,0.0,0.0,0.0,0.0
30.7350492068106,103.169230872374,7.18980823265266,225.0,65.0,90.0,5.0,5.0,1.40362234602754,1.0922343430507145e+18,0.0,0.0,0.0,0.0,0.0,0.0,0.0,0.0,0.0,0.0,0.0,0.0,0.0,0.0,0.0,0.0,0.0,0.0,0.0,0.0,0.0,0.0,0.0,0.0,0.0,0.0,0.0,1909640640021247.5,3819281280042495.0,9118486058702024.0,1.4417690837361554e+16,1.6283283547337666e+16,1.814887625731378e+16,1.4163335298730632e+16,1.0177794340147484e+16,5088897170073742.0,0.0,0.0,0.0,0.0,0.0,0.0,0.0,0.0,0.0,0.0,0.0,1.4978008512498976e+16,2.995601702499795e+16,6.538973398858547e+16,1.00823450952173e+17,1.3988810821558406e+17,1.789527654789951e+17,2.0188921203167853e+17,2.2482565858436192e+17,2.2199812525071232e+17,2.1917059191706275e+17,1.919044616332745e+17,1.6463833134948627e+17,1.2564835077599747e+17,8.665837020250866e+16,5.491140702879046e+16,2.3164443855072292e+16,1.1582221927536146e+16,0.0,0.0,0.0,0.0,0.0,0.0,0.0,0.0,0.0,3332695052936546.5,6665390105873093.0,8740535485595654.0,1.0815680865318214e+16,5407840432659107.0,0.0,0.0,0.0,0.0,0.0,0.0,0.0,0.0,0.0,0.0,0.0,0.0,0.0,0.0,0.0,0.0,0.0,0.0,0.0,0.0,0.0,0.0,0.0,0.0,0.0,0.0,0.0,0.0,0.0,0.0,0.0,0.0,0.0,0.0,0.0,0.0,0.0,0.0,0.0,0.0,0.0,0.0,0.0,0.0,0.0,0.0,0.0,0.0,0.0,0.0,0.0,0.0,0.0,0.0,0.0,0.0,0.0,0.0,0.0,0.0,0.0,0.0,0.0,0.0,0.0,0.0,0.0,0.0,0.0,0.0,0.0,0.0,0.0,0.0,0.0,0.0,0.0,0.0,0.0,0.0,0.0,0.0,0.0,0.0,0.0,0.0,0.0,0.0,0.0,0.0,0.0,0.0,0.0,0.0,0.0,0.0,0.0,0.0,0.0,0.0,0.0,0.0,0.0,0.0,0.0,0.0,0.0,0.0,0.0,0.0,0.0,0.0,0.0,0.0,0.0,0.0,0.0,0.0,0.0,0.0,0.0,0.0,0.0,0.0,0.0,0.0,0.0,0.0,0.0,0.0,0.0,0.0,0.0,0.0,0.0,0.0,0.0,0.0,0.0,0.0,0.0,0.0,0.0,0.0,0.0,0.0,0.0,0.0,0.0,0.0,0.0,0.0,0.0,0.0,0.0,0.0,0.0,0.0,0.0,0.0,0.0,0.0
30.7519869336282,103.149134558647,11.3706888080417,225.0,50.0,90.0,5.0,5.0,1.64191784818776,1.2776649412386982e+18,0.0,0.0,0.0,0.0,0.0,0.0,0.0,0.0,0.0,0.0,0.0,0.0,0.0,0.0,0.0,0.0,0.0,0.0,0.0,0.0,0.0,0.0,0.0,0.0,0.0,0.0,0.0,642332825086009.8,1284665650172019.5,5422210385825074.0,9559755121478128.0,1.1239179642843476e+16,1.2918604164208824e+16,9444205815791234.0,5969807467373645.0,2984903733686822.5,0.0,0.0,0.0,0.0,0.0,0.0,0.0,0.0,0.0,0.0,0.0,2.6012321010831264e+16,5.202464202166253e+16,9.723207459690934e+16,1.4243950717215616e+17,1.855179219235641e+17,2.2859633667497203e+17,2.4911130400579418e+17,2.6962627133661622e+17,2.5858417198363216e+17,2.4754207263064806e+17,2.1070766312762374e+17,1.738732536245995e+17,1.2815011136517725e+17,8.242696910575498e+16,4.933275591413208e+16,1.623854272250919e+16,8119271361254595.0,0.0,0.0,0.0,0.0,0.0,0.0,0.0,1716486811461693.5,3432973622923387.0,9736899722317668.0,1.604082582171195e+16,1.586576996181174e+16,1.5690714101911528e+16,7845357050955764.0,0.0,0.0,0.0,0.0,0.0,0.0,0.0,0.0,0.0,0.0,0.0,0.0,0.0,0.0,0.0,0.0,0.0,0.0,0.0,0.0,0.0,0.0,0.0,0.0,0.0,0.0,0.0,0.0,0.0,0.0,0.0,0.0,0.0,0.0,0.0,0.0,0.0,0.0,0.0,0.0,0.0,0.0,0.0,0.0,0.0,0.0,0.0,0.0,0.0,0.0,0.0,0.0,0.0,0.0,0.0,0.0,0.0,0.0,0.0,0.0,0.0,0.0,0.0,0.0,0.0,0.0,0.0,0.0,0.0,0.0,0.0,0.0,0.0,0.0,0.0,0.0,0.0,0.0,0.0,0.0,0.0,0.0,0.0,0.0,0.0,0.0,0.0,0.0,0.0,0.0,0.0,0.0,0.0,0.0,0.0,0.0,0.0,0.0,0.0,0.0,0.0,0.0,0.0,0.0,0.0,0.0,0.0,0.0,0.0,0.0,0.0,0.0,0.0,0.0,0.0,0.0,0.0,0.0,0.0,0.0,0.0,0.0,0.0,0.0,0.0,0.0,0.0,0.0,0.0,0.0,0.0,0.0,0.0,0.0,0.0,0.0,0.0,0.0,0.0,0.0,0.0,0.0,0.0,0.0,0.0,0.0,0.0,0.0,0.0,0.0,0.0,0.0,0.0,0.0,0.0,0.0,0.0,0.0,0.0,0.0,0.0,0.0
30.7743844190206,103.122526527505,14.8927689400555,225.0,40.0,90.0,5.0,5.0,1.70470358813752,1.3265219159235638e+18,0.0,0.0,0.0,0.0,0.0,0.0,0.0,0.0,0.0,0.0,0.0,0.0,0.0,0.0,0.0,0.0,0.0,0.0,0.0,0.0,0.0,0.0,0.0,0.0,0.0,0.0,0.0,0.0,0.0,483105490225628.5,966210980451257.0,1427424999817802.2,1888639019184348.0,944319509592174.0,0.0,0.0,0.0,0.0,0.0,0.0,0.0,0.0,0.0,0.0,0.0,6203952516142112.0,1.2407905032284224e+16,4.462402670688416e+16,7.68401483814841e+16,1.2187284143207523e+17,1.6690553448266637e+17,2.05388696169919e+17,2.4387185785717168e+17,2.58442988186124e+17,2.7301411851507626e+17,2.578646663746962e+17,2.4271521423431613e+17,2.0543817551316896e+17,1.6816113679202176e+17,1.2388922803727778e+17,7.96173192825338e+16,4.819929510246733e+16,1.6781270922400862e+16,8390635461200431.0,0.0,0.0,0.0,0.0,0.0,0.0,0.0,4598009960351228.0,9196019920702456.0,1.4593466830546798e+16,1.999091374039114e+16,1.7078270251635194e+16,1.4165626762879252e+16,7082813381439626.0,0.0,0.0,0.0,0.0,0.0,0.0,0.0,0.0,0.0,0.0,0.0,0.0,0.0,0.0,0.0,0.0,0.0,0.0,0.0,0.0,0.0,0.0,0.0,0.0,0.0,0.0,0.0,0.0,0.0,0.0,0.0,0.0,0.0,0.0,0.0,0.0,0.0,0.0,0.0,0.0,0.0,0.0,0.0,0.0,0.0,0.0,0.0,0.0,0.0,0.0,0.0,0.0,0.0,0.0,0.0,0.0,0.0,0.0,0.0,0.0,0.0,0.0,0.0,0.0,0.0,0.0,0.0,0.0,0.0,0.0,0.0,0.0,0.0,0.0,0.0,0.0,0.0,0.0,0.0,0.0,0.0,0.0,0.0,0.0,0.0,0.0,0.0,0.0,0.0,0.0,0.0,0.0,0.0,0.0,0.0,0.0,0.0,0.0,0.0,0.0,0.0,0.0,0.0,0.0,0.0,0.0,0.0,0.0,0.0,0.0,0.0,0.0,0.0,0.0,0.0,0.0,0.0,0.0,0.0,0.0,0.0,0.0,0.0,0.0,0.0,0.0,0.0,0.0,0.0,0.0,0.0,0.0,0.0,0.0,0.0,0.0,0.0,0.0,0.0,0.0,0.0,0.0,0.0,0.0,0.0,0.0,0.0,0.0,0.0,0.0,0.0,0.0,0.0,0.0,0.0,0.0,0.0,0.0,0.0,0.0,0.0,0.0
30.8003309188057,103.091676360962,17.7497379642719,225.0,30.0,90.0,5.0,5.0,1.57535989537552,1.2258726040260424e+18,0.0,0.0,0.0,0.0,0.0,0.0,0.0,0.0,0.0,0.0,0.0,0.0,0.0,0.0,0.0,0.0,0.0,0.0,0.0,0.0,0.0,0.0,0.0,0.0,0.0,0.0,0.0,0.0,0.0,0.0,0.0,0.0,0.0,0.0,0.0,0.0,0.0,0.0,0.0,0.0,0.0,0.0,0.0,0.0,0.0,1.399379102648945e+16,2.79875820529789e+16,5.8385827537305544e+16,8.878407302163221e+16,1.2439381927026472e+17,1.6000356551889725e+17,1.8813589870008858e+17,2.1626823188127994e+17,2.2543691026054326e+17,2.3460558863980662e+17,2.2242261483333584e+17,2.1023964102686512e+17,1.8157013748476896e+17,1.5290063394267283e+17,1.1741631948644626e+17,8.193200503021968e+16,5.339454136869929e+16,2.4857077707178904e+16,1.2428538853589452e+16,0.0,0.0,0.0,0.0,0.0,213803443624110.88,427606887248221.75,4126785236502451.5,7825963585756681.0,1.0467033978832116e+16,1.310810437190755e+16,1.002031736575303e+16,6932530359598510.0,3466265179799255.0,0.0,0.0,0.0,0.0,0.0,0.0,0.0,0.0,0.0,0.0,0.0,0.0,0.0,0.0,0.0,0.0,0.0,0.0,0.0,0.0,0.0,0.0,0.0,0.0,0.0,0.0,0.0,0.0,0.0,0.0,0.0,0.0,0.0,0.0,0.0,0.0,0.0,0.0,0.0,0.0,0.0,0.0,0.0,0.0,0.0,0.0,0.0,0.0,0.0,0.0,0.0,0.0,0.0,0.0,0.0,0.0,0.0,0.0,0.0,0.0,0.0,0.0,0.0,0.0,0.0,0.0,0.0,0.0,0.0,0.0,0.0,0.0,0.0,0.0,0.0,0.0,0.0,0.0,0.0,0.0,0.0,0.0,0.0,0.0,0.0,0.0,0.0,0.0,0.0,0.0,0.0,0.0,0.0,0.0,0.0,0.0,0.0,0.0,0.0,0.0,0.0,0.0,0.0,0.0,0.0,0.0,0.0,0.0,0.0,0.0,0.0,0.0,0.0,0.0,0.0,0.0,0.0,0.0,0.0,0.0,0.0,0.0,0.0,0.0,0.0,0.0,0.0,0.0,0.0,0.0,0.0,0.0,0.0,0.0,0.0,0.0,0.0,0.0,0.0,0.0,0.0,0.0,0.0,0.0,0.0,0.0,0.0,0.0,0.0,0.0,0.0,0.0,0.0,0.0,0.0,0.0,0.0,0.0,0.0,0.0,0.0,0.0
30.8285073126298,103.058154572848,20.0562836186236,225.0,25.0,90.0,5.0,5.0,1.23232938798698,9.589420425796205e+17,0.0,0.0,0.0,0.0,0.0,0.0,0.0,0.0,0.0,0.0,0.0,0.0,0.0,0.0,0.0,0.0,0.0,0.0,0.0,0.0,0.0,0.0,0.0,0.0,0.0,0.0,0.0,0.0,0.0,0.0,0.0,0.0,0.0,0.0,0.0,0.0,0.0,0.0,0.0,0.0,0.0,0.0,0.0,0.0,0.0,1.253787958516667e+16,2.507575917033334e+16,4.7984573034239976e+16,7.0893386898146616e+16,9.538160065972109e+16,1.1986981442129558e+17,1.384522445195236e+17,1.5703467461775158e+17,1.6461844949861302e+17,1.7220222437947443e+17,1.6742181349853466e+17,1.626414026175949e+17,1.461700818480506e+17,1.2969876107850624e+17,1.0470258046705816e+17,7.970639985561006e+16,5.551202685751453e+16,3.1317653859418984e+16,1.7055113854577782e+16,2792573849736577.5,1396286924868288.8,0.0,0.0,0.0,0.0,0.0,994384978729670.0,1988769957459340.0,3051732739160130.0,4114695520860920.0,2860310937146379.5,1605926353431840.0,802963176715920.0,0.0,0.0,0.0,0.0,0.0,0.0,0.0,0.0,0.0,0.0,0.0,0.0,0.0,0.0,0.0,0.0,0.0,0.0,0.0,0.0,0.0,0.0,0.0,0.0,0.0,0.0,0.0,0.0,0.0,0.0,0.0,0.0,0.0,0.0,0.0,0.0,0.0,0.0,0.0,0.0,0.0,0.0,0.0,0.0,0.0,0.0,0.0,0.0,0.0,0.0,0.0,0.0,0.0,0.0,0.0,0.0,0.0,0.0,0.0,0.0,0.0,0.0,0.0,0.0,0.0,0.0,0.0,0.0,0.0,0.0,0.0,0.0,0.0,0.0,0.0,0.0,0.0,0.0,0.0,0.0,0.0,0.0,0.0,0.0,0.0,0.0,0.0,0.0,0.0,0.0,0.0,0.0,0.0,0.0,0.0,0.0,0.0,0.0,0.0,0.0,0.0,0.0,0.0,0.0,0.0,0.0,0.0,0.0,0.0,0.0,0.0,0.0,0.0,0.0,0.0,0.0,0.0,0.0,0.0,0.0,0.0,0.0,0.0,0.0,0.0,0.0,0.0,0.0,0.0,0.0,0.0,0.0,0.0,0.0,0.0,0.0,0.0,0.0,0.0,0.0,0.0,0.0,0.0,0.0,0.0,0.0,0.0,0.0,0.0,0.0,0.0,0.0,0.0,0.0,0.0,0.0,0.0,0.0,0.0,0.0,0.0,0.0
30.8578548612508,103.02322080777,21.9678796312896,225.0,20.0,90.0,5.0,5.0,0.739056862144381,5.751000535050987e+17,0.0,0.0,0.0,0.0,0.0,0.0,0.0,0.0,0.0,0.0,0.0,0.0,0.0,0.0,0.0,0.0,0.0,0.0,0.0,0.0,0.0,0.0,0.0,0.0,0.0,0.0,0.0,0.0,0.0,0.0,0.0,0.0,0.0,0.0,0.0,0.0,0.0,0.0,0.0,0.0,0.0,0.0,0.0,0.0,0.0,7540818168146686.0,1.5081636336293372e+16,2.7531571220884104e+16,3.998150610547483e+16,5.300435150072724e+16,6.6027196895979656e+16,7.643484896556291e+16,8.684250103514618e+16,9.302454716437978e+16,9.920659329361336e+16,9.969708426683138e+16,1.0018757524004939e+17,9.299323897350966e+16,8.579890270696995e+16,7.128747019674762e+16,5.677603768652529e+16,4.022635406113674e+16,2.367667043574818e+16,1.2599052102523328e+16,1521433769298472.8,760716884649236.4,0.0,0.0,0.0,0.0,0.0,0.0,0.0,0.0,0.0,0.0,0.0,0.0,0.0,0.0,0.0,0.0,0.0,0.0,0.0,0.0,0.0,0.0,0.0,0.0,0.0,0.0,0.0,0.0,0.0,0.0,0.0,0.0,0.0,0.0,0.0,0.0,0.0,0.0,0.0,0.0,0.0,0.0,0.0,0.0,0.0,0.0,0.0,0.0,0.0,0.0,0.0,0.0,0.0,0.0,0.0,0.0,0.0,0.0,0.0,0.0,0.0,0.0,0.0,0.0,0.0,0.0,0.0,0.0,0.0,0.0,0.0,0.0,0.0,0.0,0.0,0.0,0.0,0.0,0.0,0.0,0.0,0.0,0.0,0.0,0.0,0.0,0.0,0.0,0.0,0.0,0.0,0.0,0.0,0.0,0.0,0.0,0.0,0.0,0.0,0.0,0.0,0.0,0.0,0.0,0.0,0.0,0.0,0.0,0.0,0.0,0.0,0.0,0.0,0.0,0.0,0.0,0.0,0.0,0.0,0.0,0.0,0.0,0.0,0.0,0.0,0.0,0.0,0.0,0.0,0.0,0.0,0.0,0.0,0.0,0.0,0.0,0.0,0.0,0.0,0.0,0.0,0.0,0.0,0.0,0.0,0.0,0.0,0.0,0.0,0.0,0.0,0.0,0.0,0.0,0.0,0.0,0.0,0.0,0.0,0.0,0.0,0.0,0.0,0.0,0.0,0.0,0.0,0.0,0.0,0.0,0.0,0.0,0.0,0.0
30.8881502121032,102.987145190608,23.46997760236,225.0,15.0,91.3813358628759,5.0,5.0,0.2740017680871527,2.1321557184409024e+17,0.0,0.0,0.0,0.0,0.0,0.0,0.0,0.0,0.0,0.0,0.0,0.0,0.0,0.0,0.0,0.0,0.0,0.0,0.0,0.0,0.0,0.0,0.0,0.0,0.0,0.0,0.0,0.0,0.0,0.0,0.0,0.0,0.0,0.0,0.0,0.0,0.0,0.0,0.0,0.0,0.0,0.0,0.0,0.0,0.0,1866338431362030.8,3732676862724061.5,7641862045945448.0,1.1551047229166834e+16,1.578204698332119e+16,2.0013046737475548e+16,2.409232121668248e+16,2.817159569588942e+16,3.153411306636498e+16,3.4896630436840544e+16,3.692137565670397e+16,3.894612087656739e+16,3.730930154502126e+16,3.567248221347515e+16,3.0045133921426176e+16,2.4417785629377204e+16,1.754065991217001e+16,1.0663534194962818e+16,5600788480315043.0,538042765667268.4,269021382833634.2,0.0,493017531460514.7,986035062921029.4,1332281692473058.0,1678528322025086.5,1547344577888733.2,1416160833752380.5,974022908498942.5,531884983245504.5,265942491622752.25,0.0,0.0,0.0,0.0,0.0,0.0,0.0,0.0,0.0,0.0,0.0,0.0,0.0,0.0,0.0,0.0,0.0,0.0,0.0,0.0,0.0,0.0,0.0,0.0,0.0,0.0,0.0,0.0,0.0,0.0,0.0,0.0,0.0,0.0,0.0,0.0,0.0,0.0,0.0,0.0,0.0,0.0,0.0,0.0,0.0,0.0,0.0,0.0,0.0,0.0,0.0,0.0,0.0,0.0,0.0,0.0,0.0,0.0,0.0,0.0,0.0,0.0,0.0,0.0,0.0,0.0,0.0,0.0,0.0,0.0,0.0,0.0,0.0,0.0,0.0,0.0,0.0,0.0,0.0,0.0,0.0,0.0,0.0,0.0,0.0,0.0,0.0,0.0,0.0,0.0,0.0,0.0,0.0,0.0,0.0,0.0,0.0,0.0,0.0,0.0,0.0,0.0,0.0,0.0,0.0,0.0,0.0,0.0,0.0,0.0,0.0,0.0,0.0,0.0,0.0,0.0,0.0,0.0,0.0,0.0,0.0,0.0,0.0,0.0,0.0,0.0,0.0,0.0,0.0,0.0,0.0,0.0,0.0,0.0,0.0,0.0,0.0,0.0,0.0,0.0,0.0,0.0,0.0,0.0,0.0,0.0,0.0,0.0,0.0,0.0,0.0,0.0,0.0,0.0,0.0,0.0,0.0,0.0,0.0,0.0,0.0,0.0,0.0,0.0
30.9191627992742,102.950304991669,24.5511456592836,225.0,10.0,90.0,5.0,5.0,0.0,0.0,0.0,0.0,0.0,0.0,0.0,0.0,0.0,0.0,0.0,0.0,0.0,0.0,0.0,0.0,0.0,0.0,0.0,0.0,0.0,0.0,0.0,0.0,0.0,0.0,0.0,0.0,0.0,0.0,0.0,0.0,0.0,0.0,0.0,0.0,0.0,0.0,0.0,0.0,0.0,0.0,0.0,0.0,0.0,0.0,0.0,0.0,0.0,0.0,0.0,0.0,0.0,0.0,0.0,0.0,0.0,0.0,0.0,0.0,0.0,0.0,0.0,0.0,0.0,0.0,0.0,0.0,0.0,0.0,0.0,0.0,0.0,0.0,0.0,0.0,0.0,0.0,0.0,0.0,0.0,0.0,0.0,0.0,0.0,0.0,0.0,0.0,0.0,0.0,0.0,0.0,0.0,0.0,0.0,0.0,0.0,0.0,0.0,0.0,0.0,0.0,0.0,0.0,0.0,0.0,0.0,0.0,0.0,0.0,0.0,0.0,0.0,0.0,0.0,0.0,0.0,0.0,0.0,0.0,0.0,0.0,0.0,0.0,0.0,0.0,0.0,0.0,0.0,0.0,0.0,0.0,0.0,0.0,0.0,0.0,0.0,0.0,0.0,0.0,0.0,0.0,0.0,0.0,0.0,0.0,0.0,0.0,0.0,0.0,0.0,0.0,0.0,0.0,0.0,0.0,0.0,0.0,0.0,0.0,0.0,0.0,0.0,0.0,0.0,0.0,0.0,0.0,0.0,0.0,0.0,0.0,0.0,0.0,0.0,0.0,0.0,0.0,0.0,0.0,0.0,0.0,0.0,0.0,0.0,0.0,0.0,0.0,0.0,0.0,0.0,0.0,0.0,0.0,0.0,0.0,0.0,0.0,0.0,0.0,0.0,0.0,0.0,0.0,0.0,0.0,0.0,0.0,0.0,0.0,0.0,0.0,0.0,0.0,0.0,0.0,0.0,0.0,0.0,0.0,0.0,0.0,0.0,0.0,0.0,0.0,0.0,0.0,0.0,0.0,0.0,0.0,0.0,0.0,0.0,0.0,0.0,0.0,0.0,0.0,0.0,0.0
30.6937739962307,103.143065668469,2.46201938253052,225.0,80.0,90.0,5.0,5.0,1.05594730725665,8.216896209309912e+17,0.0,0.0,0.0,0.0,0.0,0.0,0.0,0.0,0.0,0.0,0.0,0.0,0.0,0.0,0.0,0.0,0.0,0.0,0.0,0.0,0.0,0.0,0.0,0.0,0.0,0.0,0.0,457832571236190.25,915665142472380.5,3775549035485689.0,6635432928498998.0,8104710491022338.0,9573988053545676.0,7354322544654979.0,5134657035764283.0,2567328517882141.5,0.0,0.0,0.0,0.0,0.0,0.0,0.0,0.0,0.0,0.0,0.0,6372911110795091.0,1.2745822221590182e+16,3.5781013556761556e+16,5.881620489193293e+16,8.958602682767397e+16,1.2035584876341502e+17,1.4377445792802725e+17,1.6719306709263946e+17,1.7141175342437043e+17,1.756304397561014e+17,1.5888965025585005e+17,1.4214886075559867e+17,1.127885303411379e+17,8.342819992667717e+16,5.546932123887167e+16,2.7510442551066164e+16,1.3755221275533082e+16,0.0,0.0,0.0,0.0,0.0,0.0,0.0,0.0,0.0,0.0,0.0,2836922181287311.5,5673844362574623.0,5800495905844467.0,5927147449114310.0,2963573724557155.0,0.0,0.0,0.0,0.0,0.0,0.0,0.0,0.0,0.0,0.0,0.0,0.0,0.0,0.0,0.0,0.0,0.0,0.0,0.0,0.0,0.0,0.0,0.0,0.0,0.0,0.0,0.0,0.0,0.0,0.0,0.0,0.0,0.0,0.0,0.0,0.0,0.0,0.0,0.0,0.0,0.0,0.0,0.0,0.0,0.0,0.0,0.0,0.0,0.0,0.0,0.0,0.0,0.0,0.0,0.0,0.0,0.0,0.0,0.0,0.0,0.0,0.0,0.0,0.0,0.0,0.0,0.0,0.0,0.0,0.0,0.0,0.0,0.0,0.0,0.0,0.0,0.0,0.0,0.0,0.0,0.0,0.0,0.0,0.0,0.0,0.0,0.0,0.0,0.0,0.0,0.0,0.0,0.0,0.0,0.0,0.0,0.0,0.0,0.0,0.0,0.0,0.0,0.0,0.0,0.0,0.0,0.0,0.0,0.0,0.0,0.0,0.0,0.0,0.0,0.0,0.0,0.0,0.0,0.0,0.0,0.0,0.0,0.0,0.0,0.0,0.0,0.0,0.0,0.0,0.0,0.0,0.0,0.0,0.0,0.0,0.0,0.0,0.0,0.0,0.0,0.0,0.0,0.0,0.0,0.0,0.0,0.0,0.0,0.0,0.0,0.0,0.0,0.0,0.0,0.0,0.0,0.0,0.0,0.0,0.0
30.70325338651,103.131833994896,7.18980823265266,225.0,65.0,90.0,5.0,5.0,1.30789472123021,1.0177435089041728e+18,0.0,0.0,0.0,0.0,0.0,0.0,0.0,0.0,0.0,0.0,0.0,0.0,0.0,0.0,0.0,0.0,0.0,0.0,0.0,0.0,0.0,0.0,0.0,0.0,0.0,0.0,0.0,910758035659992.6,1821516071319985.2,6461231762037061.0,1.1100947452754136e+16,1.2651328610591336e+16,1.420170976842853e+16,1.079761107615767e+16,7393512383886810.0,3696756191943405.0,0.0,0.0,0.0,0.0,0.0,0.0,0.0,0.0,0.0,0.0,0.0,1.0416637018023486e+16,2.0833274036046972e+16,5.210440047431361e+16,8.337552691258026e+16,1.2057085332368878e+17,1.5776617973479734e+17,1.823223531392981e+17,2.0687852654379882e+17,2.073937057458923e+17,2.079088849479857e+17,1.8435686089079302e+17,1.6080483683360032e+17,1.2407505196728485e+17,8.734526710096938e+16,5.5631959538938184e+16,2.3918651976907e+16,1.19593259884535e+16,0.0,0.0,0.0,0.0,0.0,0.0,0.0,0.0,0.0,2713233599514927.5,5426467199029855.0,1.0635218558216618e+16,1.5843969917403378e+16,1.4484103971033912e+16,1.3124238024664442e+16,6562119012332221.0,0.0,0.0,0.0,0.0,0.0,0.0,0.0,0.0,0.0,0.0,0.0,0.0,0.0,0.0,0.0,0.0,0.0,0.0,0.0,0.0,0.0,0.0,0.0,0.0,0.0,0.0,0.0,0.0,0.0,0.0,0.0,0.0,0.0,0.0,0.0,0.0,0.0,0.0,0.0,0.0,0.0,0.0,0.0,0.0,0.0,0.0,0.0,0.0,0.0,0.0,0.0,0.0,0.0,0.0,0.0,0.0,0.0,0.0,0.0,0.0,0.0,0.0,0.0,0.0,0.0,0.0,0.0,0.0,0.0,0.0,0.0,0.0,0.0,0.0,0.0,0.0,0.0,0.0,0.0,0.0,0.0,0.0,0.0,0.0,0.0,0.0,0.0,0.0,0.0,0.0,0.0,0.0,0.0,0.0,0.0,0.0,0.0,0.0,0.0,0.0,0.0,0.0,0.0,0.0,0.0,0.0,0.0,0.0,0.0,0.0,0.0,0.0,0.0,0.0,0.0,0.0,0.0,0.0,0.0,0.0,0.0,0.0,0.0,0.0,0.0,0.0,0.0,0.0,0.0,0.0,0.0,0.0,0.0,0.0,0.0,0.0,0.0,0.0,0.0,0.0,0.0,0.0,0.0,0.0,0.0,0.0,0.0,0.0,0.0,0.0,0.0,0.0,0.0,0.0,0.0,0.0,0.0,0.0,0.0,0.0
30.7201911133276,103.111732340618,11.3706888080417,225.0,50.0,90.0,5.0,5.0,1.56249320686594,1.2158603388955587e+18,0.0,0.0,0.0,0.0,0.0,0.0,0.0,0.0,0.0,0.0,0.0,0.0,0.0,0.0,0.0,0.0,0.0,0.0,0.0,0.0,0.0,0.0,0.0,0.0,0.0,0.0,0.0,288361053026013.56,576722106052027.1,4293002583604371.5,8009283061156715.0,9473984261301886.0,1.0938685461447054e+16,7641174439361114.0,4343663417275173.0,2171831708637586.5,0.0,0.0,0.0,0.0,0.0,0.0,0.0,0.0,0.0,0.0,0.0,2.1261784429695416e+16,4.252356885939083e+16,8.358358738685438e+16,1.2464360591431795e+17,1.659347099991296e+17,2.072258140839412e+17,2.2930558300037674e+17,2.5138535191681222e+17,2.443056316244793e+17,2.372259113321463e+17,2.0432000058305542e+17,1.714140898339646e+17,1.2759710947395434e+17,8.378012911394406e+16,5.0723553007137304e+16,1.766697690033055e+16,8833488450165275.0,0.0,0.0,0.0,0.0,0.0,0.0,0.0,1201039530043190.8,2402079060086381.5,9465837421689120.0,1.6529595783291858e+16,2.0075009582386828e+16,2.3620423381481804e+16,1.8597431025700836e+16,1.3574438669919872e+16,6787219334959936.0,0.0,0.0,0.0,0.0,0.0,0.0,0.0,0.0,0.0,0.0,0.0,0.0,0.0,0.0,0.0,0.0,0.0,0.0,0.0,0.0,0.0,0.0,0.0,0.0,0.0,0.0,0.0,0.0,0.0,0.0,0.0,0.0,0.0,0.0,0.0,0.0,0.0,0.0,0.0,0.0,0.0,0.0,0.0,0.0,0.0,0.0,0.0,0.0,0.0,0.0,0.0,0.0,0.0,0.0,0.0,0.0,0.0,0.0,0.0,0.0,0.0,0.0,0.0,0.0,0.0,0.0,0.0,0.0,0.0,0.0,0.0,0.0,0.0,0.0,0.0,0.0,0.0,0.0,0.0,0.0,0.0,0.0,0.0,0.0,0.0,0.0,0.0,0.0,0.0,0.0,0.0,0.0,0.0,0.0,0.0,0.0,0.0,0.0,0.0,0.0,0.0,0.0,0.0,0.0,0.0,0.0,0.0,0.0,0.0,0.0,0.0,0.0,0.0,0.0,0.0,0.0,0.0,0.0,0.0,0.0,0.0,0.0,0.0,0.0,0.0,0.0,0.0,0.0,0.0,0.0,0.0,0.0,0.0,0.0,0.0,0.0,0.0,0.0,0.0,0.0,0.0,0.0,0.0,0.0,0.0,0.0,0.0,0.0,0.0,0.0,0.0,0.0,0.0,0.0,0.0,0.0,0.0,0.0,0.0,0.0
30.74258859872,103.085116351262,14.8927689400555,225.0,40.0,90.00811055981653,5.0,5.0,1.6377700711468248,1.2744373319431864e+18,0.0,0.0,0.0,0.0,0.0,0.0,0.0,0.0,0.0,0.0,0.0,0.0,0.0,0.0,0.0,0.0,0.0,0.0,0.0,0.0,0.0,0.0,0.0,0.0,0.0,0.0,0.0,0.0,0.0,791859580686891.0,1583719161373782.0,2001348816899886.0,2418978472425990.0,1209489236212995.0,0.0,0.0,0.0,0.0,0.0,0.0,0.0,0.0,0.0,0.0,0.0,4221624496302099.5,8443248992604199.0,3.7413925141201e+16,6.63846012897978e+16,1.0842662564088189e+17,1.5046864999196595e+17,1.8778999701839133e+17,2.251113440448167e+17,2.4142412157829568e+17,2.5773689911177472e+17,2.4599247124614854e+17,2.3424804338052237e+17,2.0003737783616755e+17,1.658267122918127e+17,1.2364220785872814e+17,8.145770342564358e+16,4.9930084691837816e+16,1.8402465958032068e+16,9201232979016034.0,0.0,0.0,0.0,0.0,0.0,0.0,0.0,4412618741479302.5,8825237482958605.0,1.534116971253907e+16,2.185710194211954e+16,2.2199395909834452e+16,2.2541689877549372e+16,1.5836313198669262e+16,9130936519789158.0,4565468259894579.0,0.0,0.0,0.0,0.0,0.0,0.0,0.0,0.0,0.0,0.0,0.0,0.0,0.0,0.0,0.0,0.0,0.0,0.0,0.0,0.0,0.0,0.0,0.0,0.0,0.0,0.0,0.0,0.0,0.0,0.0,0.0,0.0,0.0,0.0,0.0,0.0,0.0,0.0,0.0,0.0,0.0,0.0,0.0,0.0,0.0,0.0,0.0,0.0,0.0,0.0,0.0,0.0,0.0,0.0,0.0,0.0,0.0,0.0,0.0,0.0,0.0,0.0,0.0,0.0,0.0,0.0,0.0,0.0,0.0,0.0,0.0,0.0,0.0,0.0,0.0,0.0,0.0,0.0,0.0,0.0,0.0,0.0,0.0,0.0,0.0,0.0,0.0,0.0,0.0,0.0,0.0,0.0,0.0,0.0,0.0,0.0,0.0,0.0,0.0,0.0,0.0,0.0,0.0,0.0,0.0,0.0,0.0,0.0,0.0,0.0,0.0,0.0,0.0,0.0,0.0,0.0,0.0,0.0,0.0,0.0,0.0,0.0,0.0,0.0,0.0,0.0,0.0,0.0,0.0,0.0,0.0,0.0,0.0,0.0,0.0,0.0,0.0,0.0,0.0,0.0,0.0,0.0,0.0,0.0,0.0,0.0,0.0,0.0,0.0,0.0,0.0,0.0,0.0,0.0,0.0,0.0,0.0,0.0,0.0,0.0
30.7685350985051,103.05425639363,17.7497379642719,225.0,30.0,90.26172721381711,5.0,5.0,1.5044938167757826,1.1707278814993423e+18,0.0,0.0,0.0,0.0,0.0,0.0,0.0,0.0,0.0,0.0,0.0,0.0,0.0,0.0,0.0,0.0,0.0,0.0,0.0,0.0,0.0,0.0,0.0,0.0,0.0,0.0,0.0,0.0,0.0,0.0,0.0,0.0,0.0,0.0,0.0,0.0,0.0,0.0,0.0,0.0,0.0,0.0,0.0,0.0,0.0,1.106885238940806e+16,2.213770477881612e+16,4.951288636804712e+16,7.688806795727813e+16,1.1015454181364096e+17,1.4342101567000378e+17,1.70797708543673e+17,1.9817440141734224e+17,2.094717016091835e+17,2.2076900180102474e+17,2.119598400729541e+17,2.0315067834488355e+17,1.77537302791117e+17,1.519239272373504e+17,1.1875720406877648e+17,8.559048090020253e+16,5.728223189216753e+16,2.8973982884132524e+16,1.5090573636631066e+16,1207164389129608.2,603582194564804.1,0.0,0.0,0.0,193624419247111.25,387248838494222.5,4657144201808085.0,8927039565121948.0,1.249585203386681e+16,1.6064664502611676e+16,1.3672523066222232e+16,1.1280381629832786e+16,6556251606475439.0,1832121583118090.5,916060791559045.2,0.0,0.0,0.0,0.0,0.0,0.0,0.0,0.0,0.0,0.0,0.0,0.0,0.0,0.0,0.0,0.0,0.0,0.0,0.0,0.0,0.0,0.0,0.0,0.0,0.0,0.0,0.0,0.0,0.0,0.0,0.0,0.0,0.0,0.0,0.0,0.0,0.0,0.0,0.0,0.0,0.0,0.0,0.0,0.0,0.0,0.0,0.0,0.0,0.0,0.0,0.0,0.0,0.0,0.0,0.0,0.0,0.0,0.0,0.0,0.0,0.0,0.0,0.0,0.0,0.0,0.0,0.0,0.0,0.0,0.0,0.0,0.0,0.0,0.0,0.0,0.0,0.0,0.0,0.0,0.0,0.0,0.0,0.0,0.0,0.0,0.0,0.0,0.0,0.0,0.0,0.0,0.0,0.0,0.0,0.0,0.0,0.0,0.0,0.0,0.0,0.0,0.0,0.0,0.0,0.0,0.0,0.0,0.0,0.0,0.0,0.0,0.0,0.0,0.0,0.0,0.0,0.0,0.0,0.0,0.0,0.0,0.0,0.0,0.0,0.0,0.0,0.0,0.0,0.0,0.0,0.0,0.0,0.0,0.0,0.0,0.0,0.0,0.0,0.0,0.0,0.0,0.0,0.0,0.0,0.0,0.0,0.0,0.0,0.0,0.0,0.0,0.0,0.0,0.0,0.0,0.0,0.0,0.0,0.0,0.0
30.7967114923292,103.0207236304,20.0562836186236,225.0,25.0,90.5946076721206,5.0,5.0,1.179939579941594,9.181747038898711e+17,0.0,0.0,0.0,0.0,0.0,0.0,0.0,0.0,0.0,0.0,0.0,0.0,0.0,0.0,0.0,0.0,0.0,0.0,0.0,0.0,0.0,0.0,0.0,0.0,0.0,0.0,0.0,0.0,0.0,0.0,0.0,0.0,0.0,0.0,0.0,0.0,0.0,0.0,0.0,0.0,0.0,0.0,0.0,0.0,0.0,1.0429818689001912e+16,2.0859637378003824e+16,4.093160144730193e+16,6.100356551660004e+16,8.379444039151208e+16,1.0658531526642411e+17,1.2489745702812854e+17,1.43209598789833e+17,1.526384323937042e+17,1.6206726599757536e+17,1.5981320004032253e+17,1.5755913408306966e+17,1.4364749216204238e+17,1.297358502410151e+17,1.0674808786093686e+17,8.376032548085861e+16,5.9600129342578216e+16,3.5439933204297824e+16,1.9963078830909464e+16,4486224457521102.5,2243112228760551.2,0.0,0.0,0.0,0.0,0.0,1307151970025934.0,2614303940051868.0,4525413008134263.0,6436522076216657.0,5426774767310265.0,4417027458403872.0,2208513729201936.0,0.0,0.0,0.0,0.0,0.0,0.0,0.0,0.0,0.0,0.0,0.0,0.0,0.0,0.0,0.0,0.0,0.0,0.0,0.0,0.0,0.0,0.0,0.0,0.0,0.0,0.0,0.0,0.0,0.0,0.0,0.0,0.0,0.0,0.0,0.0,0.0,0.0,0.0,0.0,0.0,0.0,0.0,0.0,0.0,0.0,0.0,0.0,0.0,0.0,0.0,0.0,0.0,0.0,0.0,0.0,0.0,0.0,0.0,0.0,0.0,0.0,0.0,0.0,0.0,0.0,0.0,0.0,0.0,0.0,0.0,0.0,0.0,0.0,0.0,0.0,0.0,0.0,0.0,0.0,0.0,0.0,0.0,0.0,0.0,0.0,0.0,0.0,0.0,0.0,0.0,0.0,0.0,0.0,0.0,0.0,0.0,0.0,0.0,0.0,0.0,0.0,0.0,0.0,0.0,0.0,0.0,0.0,0.0,0.0,0.0,0.0,0.0,0.0,0.0,0.0,0.0,0.0,0.0,0.0,0.0,0.0,0.0,0.0,0.0,0.0,0.0,0.0,0.0,0.0,0.0,0.0,0.0,0.0,0.0,0.0,0.0,0.0,0.0,0.0,0.0,0.0,0.0,0.0,0.0,0.0,0.0,0.0,0.0,0.0,0.0,0.0,0.0,0.0,0.0,0.0,0.0,0.0,0.0,0.0,0.0,0.0,0.0
30.8260590409502,102.985778184619,21.9678796312896,225.0,20.0,90.61048191418402,5.0,5.0,0.7028552203415606,5.469296011296667e+17,0.0,0.0,0.0,0.0,0.0,0.0,0.0,0.0,0.0,0.0,0.0,0.0,0.0,0.0,0.0,0.0,0.0,0.0,0.0,0.0,0.0,0.0,0.0,0.0,0.0,0.0,0.0,0.0,0.0,0.0,0.0,0.0,0.0,0.0,0.0,0.0,0.0,0.0,0.0,0.0,0.0,0.0,0.0,0.0,0.0,5731703267729917.0,1.1463406535459834e+16,2.1981913084524144e+16,3.2500419633588452e+16,4.453602274326718e+16,5.657162585294592e+16,6.688615885158021e+16,7.72006918502145e+16,8.488201563169763e+16,9.256333941318078e+16,9.520396790486922e+16,9.784459639655762e+16,9.239347588794634e+16,8.694235537933504e+16,7.353358146045517e+16,6.012480754157528e+16,4.36476835547145e+16,2.7170559567853716e+16,1.5156249791694826e+16,3141940015535938.5,1570970007767969.2,0.0,0.0,0.0,0.0,0.0,172729160512026.28,345458321024052.56,560331193515322.06,775204066006591.6,530200311197774.06,285196556388956.5,142598278194478.25,0.0,0.0,0.0,0.0,0.0,0.0,0.0,0.0,0.0,0.0,0.0,0.0,0.0,0.0,0.0,0.0,0.0,0.0,0.0,0.0,0.0,0.0,0.0,0.0,0.0,0.0,0.0,0.0,0.0,0.0,0.0,0.0,0.0,0.0,0.0,0.0,0.0,0.0,0.0,0.0,0.0,0.0,0.0,0.0,0.0,0.0,0.0,0.0,0.0,0.0,0.0,0.0,0.0,0.0,0.0,0.0,0.0,0.0,0.0,0.0,0.0,0.0,0.0,0.0,0.0,0.0,0.0,0.0,0.0,0.0,0.0,0.0,0.0,0.0,0.0,0.0,0.0,0.0,0.0,0.0,0.0,0.0,0.0,0.0,0.0,0.0,0.0,0.0,0.0,0.0,0.0,0.0,0.0,0.0,0.0,0.0,0.0,0.0,0.0,0.0,0.0,0.0,0.0,0.0,0.0,0.0,0.0,0.0,0.0,0.0,0.0,0.0,0.0,0.0,0.0,0.0,0.0,0.0,0.0,0.0,0.0,0.0,0.0,0.0,0.0,0.0,0.0,0.0,0.0,0.0,0.0,0.0,0.0,0.0,0.0,0.0,0.0,0.0,0.0,0.0,0.0,0.0,0.0,0.0,0.0,0.0,0.0,0.0,0.0,0.0,0.0,0.0,0.0,0.0,0.0,0.0,0.0,0.0,0.0,0.0,0.0,0.0
30.8563543918026,102.94969043888,23.46997760236,225.0,15.0,91.85439404940975,5.0,5.0,0.26318809621052053,2.0480086981860138e+17,0.0,0.0,0.0,0.0,0.0,0.0,0.0,0.0,0.0,0.0,0.0,0.0,0.0,0.0,0.0,0.0,0.0,0.0,0.0,0.0,0.0,0.0,0.0,0.0,0.0,0.0,0.0,0.0,0.0,0.0,0.0,0.0,0.0,0.0,0.0,0.0,0.0,0.0,0.0,0.0,0.0,0.0,0.0,0.0,0.0,1087309433998000.1,2174618867996000.2,5284017152504790.0,8393415437013580.0,1.2444312280730308e+16,1.6495209124447036e+16,2.061709431545917e+16,2.4738979506471304e+16,2.888503065278985e+16,3.30310817991084e+16,3.5954925250912416e+16,3.887876870271644e+16,3.80833786484165e+16,3.728798859411655e+16,3.191732403136342e+16,2.654665946861029e+16,1.917268511756793e+16,1.1798710766525562e+16,6291300373472214.0,783889980418866.6,391944990209433.3,0.0,615178917452980.5,1230357834905961.0,1470739166586788.2,1711120498267615.8,1547255978386926.8,1383391458506237.8,865034619001872.9,346677779497508.06,173338889748754.03,0.0,0.0,0.0,0.0,0.0,0.0,0.0,0.0,0.0,0.0,0.0,0.0,0.0,0.0,0.0,0.0,0.0,0.0,0.0,0.0,0.0,0.0,0.0,0.0,0.0,0.0,0.0,0.0,0.0,0.0,0.0,0.0,0.0,0.0,0.0,0.0,0.0,0.0,0.0,0.0,0.0,0.0,0.0,0.0,0.0,0.0,0.0,0.0,0.0,0.0,0.0,0.0,0.0,0.0,0.0,0.0,0.0,0.0,0.0,0.0,0.0,0.0,0.0,0.0,0.0,0.0,0.0,0.0,0.0,0.0,0.0,0.0,0.0,0.0,0.0,0.0,0.0,0.0,0.0,0.0,0.0,0.0,0.0,0.0,0.0,0.0,0.0,0.0,0.0,0.0,0.0,0.0,0.0,0.0,0.0,0.0,0.0,0.0,0.0,0.0,0.0,0.0,0.0,0.0,0.0,0.0,0.0,0.0,0.0,0.0,0.0,0.0,0.0,0.0,0.0,0.0,0.0,0.0,0.0,0.0,0.0,0.0,0.0,0.0,0.0,0.0,0.0,0.0,0.0,0.0,0.0,0.0,0.0,0.0,0.0,0.0,0.0,0.0,0.0,0.0,0.0,0.0,0.0,0.0,0.0,0.0,0.0,0.0,0.0,0.0,0.0,0.0,0.0,0.0,0.0,0.0,0.0,0.0,0.0,0.0,0.0,0.0,0.0,0.0
30.8873669789735,102.912840947459,24.5511456592836,225.0,10.0,90.0,5.0,5.0,0.0,0.0,0.0,0.0,0.0,0.0,0.0,0.0,0.0,0.0,0.0,0.0,0.0,0.0,0.0,0.0,0.0,0.0,0.0,0.0,0.0,0.0,0.0,0.0,0.0,0.0,0.0,0.0,0.0,0.0,0.0,0.0,0.0,0.0,0.0,0.0,0.0,0.0,0.0,0.0,0.0,0.0,0.0,0.0,0.0,0.0,0.0,0.0,0.0,0.0,0.0,0.0,0.0,0.0,0.0,0.0,0.0,0.0,0.0,0.0,0.0,0.0,0.0,0.0,0.0,0.0,0.0,0.0,0.0,0.0,0.0,0.0,0.0,0.0,0.0,0.0,0.0,0.0,0.0,0.0,0.0,0.0,0.0,0.0,0.0,0.0,0.0,0.0,0.0,0.0,0.0,0.0,0.0,0.0,0.0,0.0,0.0,0.0,0.0,0.0,0.0,0.0,0.0,0.0,0.0,0.0,0.0,0.0,0.0,0.0,0.0,0.0,0.0,0.0,0.0,0.0,0.0,0.0,0.0,0.0,0.0,0.0,0.0,0.0,0.0,0.0,0.0,0.0,0.0,0.0,0.0,0.0,0.0,0.0,0.0,0.0,0.0,0.0,0.0,0.0,0.0,0.0,0.0,0.0,0.0,0.0,0.0,0.0,0.0,0.0,0.0,0.0,0.0,0.0,0.0,0.0,0.0,0.0,0.0,0.0,0.0,0.0,0.0,0.0,0.0,0.0,0.0,0.0,0.0,0.0,0.0,0.0,0.0,0.0,0.0,0.0,0.0,0.0,0.0,0.0,0.0,0.0,0.0,0.0,0.0,0.0,0.0,0.0,0.0,0.0,0.0,0.0,0.0,0.0,0.0,0.0,0.0,0.0,0.0,0.0,0.0,0.0,0.0,0.0,0.0,0.0,0.0,0.0,0.0,0.0,0.0,0.0,0.0,0.0,0.0,0.0,0.0,0.0,0.0,0.0,0.0,0.0,0.0,0.0,0.0,0.0,0.0,0.0,0.0,0.0,0.0,0.0,0.0,0.0,0.0,0.0,0.0,0.0,0.0,0.0,0.0,0.0
30.66197817593,103.105671264254,2.46201938253052,225.0,80.0,90.0,5.0,5.0,0.801911446417619,6.24010599675656e+17,0.0,0.0,0.0,0.0,0.0,0.0,0.0,0.0,0.0,0.0,0.0,0.0,0.0,0.0,0.0,0.0,0.0,0.0,0.0,0.0,0.0,0.0,0.0,0.0,0.0,0.0,0.0,0.0,0.0,1090631490574096.9,2181262981148193.8,3012845300352000.5,3844427619555807.5,2794141363711777.0,1743855107867746.5,871927553933873.2,0.0,0.0,0.0,0.0,0.0,0.0,0.0,0.0,0.0,0.0,0.0,1692949468915991.0,3385898937831982.0,1.818607105401146e+16,3.2986243170190944e+16,5.8365995720527e+16,8.374574827086306e+16,1.0635665709989226e+17,1.2896756592892146e+17,1.3650961123236722e+17,1.4405165653581294e+17,1.3212851347821014e+17,1.202053704206073e+17,9.529157028863877e+16,7.0377770156670264e+16,4.604562668783254e+16,2.1713483218994804e+16,1.0856741609497402e+16,0.0,0.0,0.0,0.0,0.0,0.0,0.0,0.0,0.0,0.0,0.0,1632417847495600.8,3264835694991201.5,4398283824886649.0,5531731954782095.0,3771240816100100.5,2010749677418104.8,1005374838709052.4,0.0,0.0,0.0,0.0,0.0,0.0,0.0,0.0,0.0,0.0,0.0,0.0,0.0,0.0,0.0,0.0,0.0,0.0,0.0,0.0,0.0,0.0,0.0,0.0,0.0,0.0,0.0,0.0,0.0,0.0,0.0,0.0,0.0,0.0,0.0,0.0,0.0,0.0,0.0,0.0,0.0,0.0,0.0,0.0,0.0,0.0,0.0,0.0,0.0,0.0,0.0,0.0,0.0,0.0,0.0,0.0,0.0,0.0,0.0,0.0,0.0,0.0,0.0,0.0,0.0,0.0,0.0,0.0,0.0,0.0,0.0,0.0,0.0,0.0,0.0,0.0,0.0,0.0,0.0,0.0,0.0,0.0,0.0,0.0,0.0,0.0,0.0,0.0,0.0,0.0,0.0,0.0,0.0,0.0,0.0,0.0,0.0,0.0,0.0,0.0,0.0,0.0,0.0,0.0,0.0,0.0,0.0,0.0,0.0,0.0,0.0,0.0,0.0,0.0,0.0,0.0,0.0,0.0,0.0,0.0,0.0,0.0,0.0,0.0,0.0,0.0,0.0,0.0,0.0,0.0,0.0,0.0,0.0,0.0,0.0,0.0,0.0,0.0,0.0,0.0,0.0,0.0,0.0,0.0,0.0,0.0,0.0,0.0,0.0,0.0,0.0,0.0,0.0,0.0,0.0,0.0,0.0,0.0
30.6714575662094,103.094437117418,7.18980823265266,225.0,65.0,90.0,5.0,5.0,1.02038097589021,7.940135379128705e+17,0.0,0.0,0.0,0.0,0.0,0.0,0.0,0.0,0.0,0.0,0.0,0.0,0.0,0.0,0.0,0.0,0.0,0.0,0.0,0.0,0.0,0.0,0.0,0.0,0.0,0.0,0.0,0.0,0.0,2739662970869839.5,5479325941739679.0,6746080841542316.0,8012835741344952.0,5661226862123131.0,3309617982901310.0,1654808991450655.0,0.0,0.0,0.0,0.0,0.0,0.0,0.0,0.0,0.0,0.0,0.0,3520115393563645.5,7040230787127291.0,2.9585219123871544e+16,5.21302074606158e+16,8.356670623230435e+16,1.1500320500399291e+17,1.3931309490322309e+17,1.6362298480245328e+17,1.6842421596121472e+17,1.7322544711997613e+17,1.5566282830623363e+17,1.3810020949249112e+17,1.0650922752244187e+17,7.491824555239262e+16,4.708431126198769e+16,1.925037697158276e+16,9625188485791380.0,0.0,0.0,0.0,0.0,0.0,0.0,0.0,0.0,0.0,951419528286987.2,1902839056573974.5,7133821385990996.0,1.236480371540802e+16,1.3286966521724544e+16,1.4209129328041072e+16,9826604142135312.0,5444078956229556.0,2722039478114778.0,0.0,0.0,0.0,0.0,0.0,0.0,0.0,0.0,0.0,0.0,0.0,0.0,0.0,0.0,0.0,0.0,0.0,0.0,0.0,0.0,0.0,0.0,0.0,0.0,0.0,0.0,0.0,0.0,0.0,0.0,0.0,0.0,0.0,0.0,0.0,0.0,0.0,0.0,0.0,0.0,0.0,0.0,0.0,0.0,0.0,0.0,0.0,0.0,0.0,0.0,0.0,0.0,0.0,0.0,0.0,0.0,0.0,0.0,0.0,0.0,0.0,0.0,0.0,0.0,0.0,0.0,0.0,0.0,0.0,0.0,0.0,0.0,0.0,0.0,0.0,0.0,0.0,0.0,0.0,0.0,0.0,0.0,0.0,0.0,0.0,0.0,0.0,0.0,0.0,0.0,0.0,0.0,0.0,0.0,0.0,0.0,0.0,0.0,0.0,0.0,0.0,0.0,0.0,0.0,0.0,0.0,0.0,0.0,0.0,0.0,0.0,0.0,0.0,0.0,0.0,0.0,0.0,0.0,0.0,0.0,0.0,0.0,0.0,0.0,0.0,0.0,0.0,0.0,0.0,0.0,0.0,0.0,0.0,0.0,0.0,0.0,0.0,0.0,0.0,0.0,0.0,0.0,0.0,0.0,0.0,0.0,0.0,0.0,0.0,0.0,0.0,0.0,0.0,0.0,0.0,0.0,0.0,0.0
30.688395293027,103.074330122589,11.3706888080417,225.0,50.0,90.0,5.0,5.0,1.28888287071729,1.002949361380142e+18,0.0,0.0,0.0,0.0,0.0,0.0,0.0,0.0,0.0,0.0,0.0,0.0,0.0,0.0,0.0,0.0,0.0,0.0,0.0,0.0,0.0,0.0,0.0,0.0,0.0,0.0,0.0,0.0,0.0,2680558661882152.0,5361117323764304.0,6219392658105318.0,7077667992446332.0,4394569095347253.5,1711470198248175.0,855735099124087.5,0.0,0.0,0.0,0.0,0.0,0.0,0.0,0.0,0.0,0.0,0.0,1.3261965135568474e+16,2.6523930271136948e+16,5.914895842610159e+16,9.177398658106624e+16,1.2817835757397427e+17,1.645827285668823e+17,1.8718463397251075e+17,2.097865393781392e+17,2.074442473547134e+17,2.051019553312876e+17,1.786527480793967e+17,1.5220354082750576e+17,1.1379511406792989e+17,7.538668730835398e+16,4.539728763299342e+16,1.5407887957632854e+16,7703943978816427.0,0.0,0.0,0.0,0.0,0.0,0.0,0.0,0.0,0.0,5142649085922100.0,1.02852981718442e+16,1.5037002787121694e+16,1.9788707402399188e+16,1.7546946772546994e+16,1.5305186142694806e+16,8978922034717359.0,2652657926739914.5,1326328963369957.2,0.0,0.0,0.0,0.0,0.0,0.0,0.0,0.0,0.0,0.0,0.0,0.0,0.0,0.0,0.0,0.0,0.0,0.0,0.0,0.0,0.0,0.0,0.0,0.0,0.0,0.0,0.0,0.0,0.0,0.0,0.0,0.0,0.0,0.0,0.0,0.0,0.0,0.0,0.0,0.0,0.0,0.0,0.0,0.0,0.0,0.0,0.0,0.0,0.0,0.0,0.0,0.0,0.0,0.0,0.0,0.0,0.0,0.0,0.0,0.0,0.0,0.0,0.0,0.0,0.0,0.0,0.0,0.0,0.0,0.0,0.0,0.0,0.0,0.0,0.0,0.0,0.0,0.0,0.0,0.0,0.0,0.0,0.0,0.0,0.0,0.0,0.0,0.0,0.0,0.0,0.0,0.0,0.0,0.0,0.0,0.0,0.0,0.0,0.0,0.0,0.0,0.0,0.0,0.0,0.0,0.0,0.0,0.0,0.0,0.0,0.0,0.0,0.0,0.0,0.0,0.0,0.0,0.0,0.0,0.0,0.0,0.0,0.0,0.0,0.0,0.0,0.0,0.0,0.0,0.0,0.0,0.0,0.0,0.0,0.0,0.0,0.0,0.0,0.0,0.0,0.0,0.0,0.0,0.0,0.0,0.0,0.0,0.0,0.0,0.0,0.0,0.0,0.0,0.0,0.0,0.0,0.0,0.0
30.7107927784193,103.04770617502,14.8927689400555,225.0,40.0,90.77934805793943,5.0,5.0,1.3940523393640525,1.0847874040854949e+18,0.0,0.0,0.0,0.0,0.0,0.0,0.0,0.0,0.0,0.0,0.0,0.0,0.0,0.0,0.0,0.0,0.0,0.0,0.0,0.0,0.0,0.0,0.0,0.0,0.0,0.0,0.0,0.0,0.0,352672654627828.3,705345309255656.6,1046229063073839.1,1387112816892021.8,693556408446010.9,0.0,0.0,0.0,0.0,0.0,0.0,0.0,0.0,0.0,0.0,0.0,1848873211140270.5,3697746422280541.0,2.625420047461958e+16,4.881065452695862e+16,8.459193828125248e+16,1.2037322203554634e+17,1.5382200152075216e+17,1.8727078100595798e+17,2.040162124850097e+17,2.2076164396406144e+17,2.133863210964111e+17,2.0601099822876074e+17,1.7768592432152915e+17,1.4936085041429757e+17,1.1231603889779253e+17,7.52712273812875e+16,4.6522342821196536e+16,1.777345826110558e+16,8886729130552790.0,0.0,0.0,0.0,0.0,0.0,0.0,0.0,3128352464676519.5,6256704929353039.0,1.1692953746461042e+16,1.7129202563569042e+16,1.8426062678488716e+16,1.972292279340839e+16,1.4989228113084384e+16,1.0255533432760382e+16,5127766716380191.0,0.0,0.0,0.0,0.0,0.0,0.0,0.0,0.0,0.0,0.0,0.0,0.0,0.0,0.0,0.0,0.0,0.0,0.0,0.0,0.0,0.0,0.0,0.0,0.0,0.0,0.0,0.0,0.0,0.0,0.0,0.0,0.0,0.0,0.0,0.0,0.0,0.0,0.0,0.0,0.0,0.0,0.0,0.0,0.0,0.0,0.0,0.0,0.0,0.0,0.0,0.0,0.0,0.0,0.0,0.0,0.0,0.0,0.0,0.0,0.0,0.0,0.0,0.0,0.0,0.0,0.0,0.0,0.0,0.0,0.0,0.0,0.0,0.0,0.0,0.0,0.0,0.0,0.0,0.0,0.0,0.0,0.0,0.0,0.0,0.0,0.0,0.0,0.0,0.0,0.0,0.0,0.0,0.0,0.0,0.0,0.0,0.0,0.0,0.0,0.0,0.0,0.0,0.0,0.0,0.0,0.0,0.0,0.0,0.0,0.0,0.0,0.0,0.0,0.0,0.0,0.0,0.0,0.0,0.0,0.0,0.0,0.0,0.0,0.0,0.0,0.0,0.0,0.0,0.0,0.0,0.0,0.0,0.0,0.0,0.0,0.0,0.0,0.0,0.0,0.0,0.0,0.0,0.0,0.0,0.0,0.0,0.0,0.0,0.0,0.0,0.0,0.0,0.0,0.0,0.0,0.0,0.0,0.0,0.0,0.0
30.7367392782045,103.016836426299,17.7497379642719,225.0,30.0,92.16492713120314,5.0,5.0,1.299028565283297,1.0108442741894586e+18,0.0,0.0,0.0,0.0,0.0,0.0,0.0,0.0,0.0,0.0,0.0,0.0,0.0,0.0,0.0,0.0,0.0,0.0,0.0,0.0,0.0,0.0,0.0,0.0,0.0,0.0,0.0,0.0,0.0,0.0,0.0,0.0,0.0,0.0,0.0,0.0,0.0,0.0,0.0,0.0,0.0,0.0,0.0,0.0,0.0,7157152199054708.0,1.4314304398109416e+16,3.659363309614053e+16,5.887296179417165e+16,8.791587485212987e+16,1.169587879100881e+17,1.4203794831900131e+17,1.6711710872791453e+17,1.7898694346835315e+17,1.9085677820879184e+17,1.851401805187798e+17,1.7942358282876778e+17,1.5875783146119104e+17,1.3809208009361432e+17,1.0933358910630802e+17,8.057509811900171e+16,5.483822297046654e+16,2.910134782193137e+16,1.5365098134801362e+16,1628848447671355.5,814424223835677.8,0.0,0.0,0.0,0.0,0.0,3338898868053516.0,6677797736107032.0,1.036941327422783e+16,1.406102881234863e+16,1.2741052634112858e+16,1.1421076455877084e+16,6582274645470379.0,1743472835063673.0,871736417531836.5,0.0,0.0,0.0,0.0,0.0,0.0,0.0,0.0,0.0,0.0,0.0,0.0,0.0,0.0,0.0,0.0,0.0,0.0,0.0,0.0,0.0,0.0,0.0,0.0,0.0,0.0,0.0,0.0,0.0,0.0,0.0,0.0,0.0,0.0,0.0,0.0,0.0,0.0,0.0,0.0,0.0,0.0,0.0,0.0,0.0,0.0,0.0,0.0,0.0,0.0,0.0,0.0,0.0,0.0,0.0,0.0,0.0,0.0,0.0,0.0,0.0,0.0,0.0,0.0,0.0,0.0,0.0,0.0,0.0,0.0,0.0,0.0,0.0,0.0,0.0,0.0,0.0,0.0,0.0,0.0,0.0,0.0,0.0,0.0,0.0,0.0,0.0,0.0,0.0,0.0,0.0,0.0,0.0,0.0,0.0,0.0,0.0,0.0,0.0,0.0,0.0,0.0,0.0,0.0,0.0,0.0,0.0,0.0,0.0,0.0,0.0,0.0,0.0,0.0,0.0,0.0,0.0,0.0,0.0,0.0,0.0,0.0,0.0,0.0,0.0,0.0,0.0,0.0,0.0,0.0,0.0,0.0,0.0,0.0,0.0,0.0,0.0,0.0,0.0,0.0,0.0,0.0,0.0,0.0,0.0,0.0,0.0,0.0,0.0,0.0,0.0,0.0,0.0,0.0,0.0,0.0,0.0,0.0,0.0,0.0
30.7649156720286,102.983292687952,20.0562836186236,225.0,25.0,93.2571392662452,5.0,5.0,1.0160756096296009,7.906632999357124e+17,0.0,0.0,0.0,0.0,0.0,0.0,0.0,0.0,0.0,0.0,0.0,0.0,0.0,0.0,0.0,0.0,0.0,0.0,0.0,0.0,0.0,0.0,0.0,0.0,0.0,0.0,0.0,0.0,0.0,0.0,0.0,0.0,0.0,0.0,0.0,0.0,0.0,0.0,0.0,0.0,0.0,0.0,0.0,0.0,0.0,6865854704356290.0,1.373170940871258e+16,2.926933524616037e+16,4.480696108360816e+16,6.393892607985503e+16,8.30708910761019e+16,1.0004556644165986e+17,1.1702024180721781e+17,1.27399643521076e+17,1.377790452349342e+17,1.3832662385757565e+17,1.3887420248021707e+17,1.2839089158758605e+17,1.1790758069495506e+17,9.88586237510847e+16,7.980966680721434e+16,5.794756773042676e+16,3.608546865363918e+16,2.066596466528892e+16,5246460676938651.0,2623230338469325.5,0.0,0.0,0.0,411379330168889.9,822758660337779.8,2596900728388417.0,4371042796439054.5,5591902963112335.0,6812763129785615.0,5568635277698349.0,4324507425611083.0,2162253712805541.5,0.0,0.0,0.0,0.0,0.0,0.0,0.0,0.0,0.0,0.0,0.0,0.0,0.0,0.0,0.0,0.0,0.0,0.0,0.0,0.0,0.0,0.0,0.0,0.0,0.0,0.0,0.0,0.0,0.0,0.0,0.0,0.0,0.0,0.0,0.0,0.0,0.0,0.0,0.0,0.0,0.0,0.0,0.0,0.0,0.0,0.0,0.0,0.0,0.0,0.0,0.0,0.0,0.0,0.0,0.0,0.0,0.0,0.0,0.0,0.0,0.0,0.0,0.0,0.0,0.0,0.0,0.0,0.0,0.0,0.0,0.0,0.0,0.0,0.0,0.0,0.0,0.0,0.0,0.0,0.0,0.0,0.0,0.0,0.0,0.0,0.0,0.0,0.0,0.0,0.0,0.0,0.0,0.0,0.0,0.0,0.0,0.0,0.0,0.0,0.0,0.0,0.0,0.0,0.0,0.0,0.0,0.0,0.0,0.0,0.0,0.0,0.0,0.0,0.0,0.0,0.0,0.0,0.0,0.0,0.0,0.0,0.0,0.0,0.0,0.0,0.0,0.0,0.0,0.0,0.0,0.0,0.0,0.0,0.0,0.0,0.0,0.0,0.0,0.0,0.0,0.0,0.0,0.0,0.0,0.0,0.0,0.0,0.0,0.0,0.0,0.0,0.0,0.0,0.0,0.0,0.0,0.0,0.0,0.0,0.0,0.0,0.0
30.7942632206496,102.948335561468,21.9678796312896,225.0,20.0,93.96136376816003,5.0,5.0,0.6066140527303184,4.720391515883082e+17,0.0,0.0,0.0,0.0,0.0,0.0,0.0,0.0,0.0,0.0,0.0,0.0,0.0,0.0,0.0,0.0,0.0,0.0,0.0,0.0,0.0,0.0,0.0,0.0,0.0,0.0,0.0,0.0,0.0,0.0,0.0,0.0,0.0,0.0,0.0,0.0,0.0,0.0,0.0,0.0,0.0,0.0,0.0,0.0,0.0,2925120012937193.0,5850240025874386.0,1.3154756862197642e+16,2.04592736985209e+16,3.070030604644218e+16,4.094133839436346e+16,5.0983468117505896e+16,6.102559784064832e+16,6.976964638918196e+16,7.851369493771558e+16,8.312370616304918e+16,8.773371738838277e+16,8.44840740907851e+16,8.123443079318744e+16,7.014960868915274e+16,5.906478658511804e+16,4.364429553856801e+16,2.8223804492017984e+16,1.597426122411011e+16,3724717956202236.0,1862358978101118.0,0.0,273101860358110.0,546203720716220.0,1164763768963184.5,1783323817210148.8,1927236630810102.0,2071149444410055.5,1427804283913505.2,784459123416955.1,433436246970342.5,82413370523730.02,41206685261865.01,0.0,0.0,0.0,0.0,0.0,0.0,0.0,0.0,0.0,0.0,0.0,0.0,0.0,0.0,0.0,0.0,0.0,0.0,0.0,0.0,0.0,0.0,0.0,0.0,0.0,0.0,0.0,0.0,0.0,0.0,0.0,0.0,0.0,0.0,0.0,0.0,0.0,0.0,0.0,0.0,0.0,0.0,0.0,0.0,0.0,0.0,0.0,0.0,0.0,0.0,0.0,0.0,0.0,0.0,0.0,0.0,0.0,0.0,0.0,0.0,0.0,0.0,0.0,0.0,0.0,0.0,0.0,0.0,0.0,0.0,0.0,0.0,0.0,0.0,0.0,0.0,0.0,0.0,0.0,0.0,0.0,0.0,0.0,0.0,0.0,0.0,0.0,0.0,0.0,0.0,0.0,0.0,0.0,0.0,0.0,0.0,0.0,0.0,0.0,0.0,0.0,0.0,0.0,0.0,0.0,0.0,0.0,0.0,0.0,0.0,0.0,0.0,0.0,0.0,0.0,0.0,0.0,0.0,0.0,0.0,0.0,0.0,0.0,0.0,0.0,0.0,0.0,0.0,0.0,0.0,0.0,0.0,0.0,0.0,0.0,0.0,0.0,0.0,0.0,0.0,0.0,0.0,0.0,0.0,0.0,0.0,0.0,0.0,0.0,0.0,0.0,0.0,0.0,0.0,0.0,0.0,0.0,0.0,0.0,0.0,0.0,0.0
30.824558571502,102.912235687152,23.46997760236,225.0,15.0,95.75924171457297,5.0,5.0,0.22618571311232386,1.7600731740120726e+17,0.0,0.0,0.0,0.0,0.0,0.0,0.0,0.0,0.0,0.0,0.0,0.0,0.0,0.0,0.0,0.0,0.0,0.0,0.0,0.0,0.0,0.0,0.0,0.0,0.0,0.0,0.0,0.0,0.0,0.0,0.0,0.0,0.0,0.0,0.0,0.0,0.0,0.0,0.0,0.0,0.0,0.0,0.0,0.0,0.0,4237689412166.7017,8475378824333.403,1933368336387494.0,3858261293950654.0,6943414074312471.0,1.002856685467429e+16,1.3996107597076708e+16,1.7963648339479132e+16,2.286377787023252e+16,2.7763907400985916e+16,3.1503620343433384e+16,3.524333328588086e+16,3.531423450833423e+16,3.5385135730787604e+16,3.0613826512795036e+16,2.5842517294802468e+16,1.8887067742732176e+16,1.1931618190661888e+16,6275349415632781.0,619080640603672.5,459562443199916.06,300044245796159.56,1070779742091316.4,1841515238386473.2,2277061315710394.0,2712607393034315.0,2418021565545911.5,2123435738057507.8,1254303056669758.8,385170375282009.9,192585187641004.94,0.0,0.0,0.0,0.0,0.0,0.0,0.0,0.0,0.0,0.0,0.0,0.0,0.0,0.0,0.0,0.0,0.0,0.0,0.0,0.0,0.0,0.0,0.0,0.0,0.0,0.0,0.0,0.0,0.0,0.0,0.0,0.0,0.0,0.0,0.0,0.0,0.0,0.0,0.0,0.0,0.0,0.0,0.0,0.0,0.0,0.0,0.0,0.0,0.0,0.0,0.0,0.0,0.0,0.0,0.0,0.0,0.0,0.0,0.0,0.0,0.0,0.0,0.0,0.0,0.0,0.0,0.0,0.0,0.0,0.0,0.0,0.0,0.0,0.0,0.0,0.0,0.0,0.0,0.0,0.0,0.0,0.0,0.0,0.0,0.0,0.0,0.0,0.0,0.0,0.0,0.0,0.0,0.0,0.0,0.0,0.0,0.0,0.0,0.0,0.0,0.0,0.0,0.0,0.0,0.0,0.0,0.0,0.0,0.0,0.0,0.0,0.0,0.0,0.0,0.0,0.0,0.0,0.0,0.0,0.0,0.0,0.0,0.0,0.0,0.0,0.0,0.0,0.0,0.0,0.0,0.0,0.0,0.0,0.0,0.0,0.0,0.0,0.0,0.0,0.0,0.0,0.0,0.0,0.0,0.0,0.0,0.0,0.0,0.0,0.0,0.0,0.0,0.0,0.0,0.0,0.0,0.0,0.0,0.0,0.0,0.0,0.0,0.0,0.0
30.8555711586729,102.875376903249,24.5511456592836,225.0,10.0,90.0,5.0,5.0,0.0,0.0,0.0,0.0,0.0,0.0,0.0,0.0,0.0,0.0,0.0,0.0,0.0,0.0,0.0,0.0,0.0,0.0,0.0,0.0,0.0,0.0,0.0,0.0,0.0,0.0,0.0,0.0,0.0,0.0,0.0,0.0,0.0,0.0,0.0,0.0,0.0,0.0,0.0,0.0,0.0,0.0,0.0,0.0,0.0,0.0,0.0,0.0,0.0,0.0,0.0,0.0,0.0,0.0,0.0,0.0,0.0,0.0,0.0,0.0,0.0,0.0,0.0,0.0,0.0,0.0,0.0,0.0,0.0,0.0,0.0,0.0,0.0,0.0,0.0,0.0,0.0,0.0,0.0,0.0,0.0,0.0,0.0,0.0,0.0,0.0,0.0,0.0,0.0,0.0,0.0,0.0,0.0,0.0,0.0,0.0,0.0,0.0,0.0,0.0,0.0,0.0,0.0,0.0,0.0,0.0,0.0,0.0,0.0,0.0,0.0,0.0,0.0,0.0,0.0,0.0,0.0,0.0,0.0,0.0,0.0,0.0,0.0,0.0,0.0,0.0,0.0,0.0,0.0,0.0,0.0,0.0,0.0,0.0,0.0,0.0,0.0,0.0,0.0,0.0,0.0,0.0,0.0,0.0,0.0,0.0,0.0,0.0,0.0,0.0,0.0,0.0,0.0,0.0,0.0,0.0,0.0,0.0,0.0,0.0,0.0,0.0,0.0,0.0,0.0,0.0,0.0,0.0,0.0,0.0,0.0,0.0,0.0,0.0,0.0,0.0,0.0,0.0,0.0,0.0,0.0,0.0,0.0,0.0,0.0,0.0,0.0,0.0,0.0,0.0,0.0,0.0,0.0,0.0,0.0,0.0,0.0,0.0,0.0,0.0,0.0,0.0,0.0,0.0,0.0,0.0,0.0,0.0,0.0,0.0,0.0,0.0,0.0,0.0,0.0,0.0,0.0,0.0,0.0,0.0,0.0,0.0,0.0,0.0,0.0,0.0,0.0,0.0,0.0,0.0,0.0,0.0,0.0,0.0,0.0,0.0,0.0,0.0,0.0,0.0,0.0,0.0
30.6301823556294,103.06827686004,2.46201938253052,225.0,80.0,90.0,5.0,5.0,0.530792002600644,4.130379199917015e+17,0.0,0.0,0.0,0.0,0.0,0.0,0.0,0.0,0.0,0.0,0.0,0.0,0.0,0.0,0.0,0.0,0.0,0.0,0.0,0.0,0.0,0.0,0.0,0.0,0.0,0.0,0.0,0.0,0.0,0.0,0.0,0.0,0.0,0.0,0.0,0.0,0.0,0.0,0.0,0.0,0.0,0.0,0.0,0.0,0.0,0.0,0.0,0.0,0.0,4904294291280888.0,9808588582561776.0,2.7997686631616644e+16,4.618678468067151e+16,6.681073209025582e+16,8.743467949984014e+16,9.756409133186171e+16,1.0769350316388331e+17,1.006425794496004e+17,9.359165573531747e+16,7.366264165234051e+16,5.373362756936355e+16,3.416135416471365e+16,1.4589080760063734e+16,7294540380031867.0,0.0,0.0,0.0,0.0,0.0,0.0,0.0,0.0,0.0,0.0,0.0,0.0,0.0,0.0,0.0,0.0,0.0,0.0,0.0,0.0,0.0,0.0,0.0,0.0,0.0,0.0,0.0,0.0,0.0,0.0,0.0,0.0,0.0,0.0,0.0,0.0,0.0,0.0,0.0,0.0,0.0,0.0,0.0,0.0,0.0,0.0,0.0,0.0,0.0,0.0,0.0,0.0,0.0,0.0,0.0,0.0,0.0,0.0,0.0,0.0,0.0,0.0,0.0,0.0,0.0,0.0,0.0,0.0,0.0,0.0,0.0,0.0,0.0,0.0,0.0,0.0,0.0,0.0,0.0,0.0,0.0,0.0,0.0,0.0,0.0,0.0,0.0,0.0,0.0,0.0,0.0,0.0,0.0,0.0,0.0,0.0,0.0,0.0,0.0,0.0,0.0,0.0,0.0,0.0,0.0,0.0,0.0,0.0,0.0,0.0,0.0,0.0,0.0,0.0,0.0,0.0,0.0,0.0,0.0,0.0,0.0,0.0,0.0,0.0,0.0,0.0,0.0,0.0,0.0,0.0,0.0,0.0,0.0,0.0,0.0,0.0,0.0,0.0,0.0,0.0,0.0,0.0,0.0,0.0,0.0,0.0,0.0,0.0,0.0,0.0,0.0,0.0,0.0,0.0,0.0,0.0,0.0,0.0,0.0,0.0,0.0,0.0,0.0,0.0,0.0,0.0,0.0,0.0,0.0,0.0,0.0,0.0,0.0,0.0,0.0,0.0
30.6396617459087,103.05704023994,7.18980823265266,225.0,65.0,90.0,5.0,5.0,0.716661406295286,5.5767293995430195e+17,0.0,0.0,0.0,0.0,0.0,0.0,0.0,0.0,0.0,0.0,0.0,0.0,0.0,0.0,0.0,0.0,0.0,0.0,0.0,0.0,0.0,0.0,0.0,0.0,0.0,0.0,0.0,0.0,0.0,1568464178398067.0,3136928356796134.0,3859324185036259.0,4581720013276383.0,2620237291252785.0,658754569229187.1,329377284614593.56,0.0,0.0,0.0,0.0,0.0,0.0,0.0,0.0,0.0,0.0,0.0,0.0,0.0,1.222762180066316e+16,2.445524360132632e+16,4.8422813458197896e+16,7.239038331506946e+16,9.484415599874794e+16,1.1729792868242642e+17,1.2555006862454459e+17,1.3380220856666278e+17,1.225909462958349e+17,1.1137968402500699e+17,8.57275739792933e+16,6.007546393357959e+16,3.6680814041504216e+16,1.3286164149428834e+16,6643082074714417.0,0.0,0.0,0.0,0.0,0.0,0.0,0.0,0.0,0.0,0.0,0.0,2576196740587432.0,5152393481174864.0,6659873769800647.0,8167354058426431.0,5728033630162517.0,3288713201898603.0,1644356600949301.5,0.0,0.0,0.0,0.0,0.0,0.0,0.0,0.0,0.0,0.0,0.0,0.0,0.0,0.0,0.0,0.0,0.0,0.0,0.0,0.0,0.0,0.0,0.0,0.0,0.0,0.0,0.0,0.0,0.0,0.0,0.0,0.0,0.0,0.0,0.0,0.0,0.0,0.0,0.0,0.0,0.0,0.0,0.0,0.0,0.0,0.0,0.0,0.0,0.0,0.0,0.0,0.0,0.0,0.0,0.0,0.0,0.0,0.0,0.0,0.0,0.0,0.0,0.0,0.0,0.0,0.0,0.0,0.0,0.0,0.0,0.0,0.0,0.0,0.0,0.0,0.0,0.0,0.0,0.0,0.0,0.0,0.0,0.0,0.0,0.0,0.0,0.0,0.0,0.0,0.0,0.0,0.0,0.0,0.0,0.0,0.0,0.0,0.0,0.0,0.0,0.0,0.0,0.0,0.0,0.0,0.0,0.0,0.0,0.0,0.0,0.0,0.0,0.0,0.0,0.0,0.0,0.0,0.0,0.0,0.0,0.0,0.0,0.0,0.0,0.0,0.0,0.0,0.0,0.0,0.0,0.0,0.0,0.0,0.0,0.0,0.0,0.0,0.0,0.0,0.0,0.0,0.0,0.0,0.0,0.0,0.0,0.0,0.0,0.0,0.0,0.0,0.0,0.0,0.0,0.0,0.0,0.0,0.0
30.6565994727263,103.03692790456,11.3706888080417,225.0,50.0,90.54943825031901,5.0,5.0,0.9829830540855428,7.649121954688814e+17,0.0,0.0,0.0,0.0,0.0,0.0,0.0,0.0,0.0,0.0,0.0,0.0,0.0,0.0,0.0,0.0,0.0,0.0,0.0,0.0,0.0,0.0,0.0,0.0,0.0,0.0,0.0,0.0,0.0,1955135181309327.2,3910270362618654.5,4371511798519828.0,4832753234421002.0,2645560174722794.5,458367115024586.8,229183557512293.4,0.0,0.0,0.0,0.0,0.0,0.0,0.0,0.0,0.0,0.0,0.0,6282271844675983.0,1.2564543689351966e+16,3.622564182864512e+16,5.988673996793827e+16,8.965879551689187e+16,1.1943085106584547e+17,1.4082279823871824e+17,1.6221474541159104e+17,1.6441884169248877e+17,1.6662293797338656e+17,1.472593029317451e+17,1.2789566789010362e+17,9.64916989525457e+16,6.50877300149878e+16,3.945546055373252e+16,1.382319109247724e+16,6911595546238620.0,0.0,0.0,0.0,0.0,0.0,0.0,0.0,0.0,0.0,1730708655137691.8,3461417310275383.5,7335807088285845.0,1.1210196866296308e+16,1.089937313538038e+16,1.0588549404464454e+16,6756391737281758.0,2924234070099061.0,1462117035049530.5,0.0,0.0,0.0,0.0,0.0,0.0,0.0,0.0,0.0,0.0,0.0,0.0,0.0,0.0,0.0,0.0,0.0,0.0,0.0,0.0,0.0,0.0,0.0,0.0,0.0,0.0,0.0,0.0,0.0,0.0,0.0,0.0,0.0,0.0,0.0,0.0,0.0,0.0,0.0,0.0,0.0,0.0,0.0,0.0,0.0,0.0,0.0,0.0,0.0,0.0,0.0,0.0,0.0,0.0,0.0,0.0,0.0,0.0,0.0,0.0,0.0,0.0,0.0,0.0,0.0,0.0,0.0,0.0,0.0,0.0,0.0,0.0,0.0,0.0,0.0,0.0,0.0,0.0,0.0,0.0,0.0,0.0,0.0,0.0,0.0,0.0,0.0,0.0,0.0,0.0,0.0,0.0,0.0,0.0,0.0,0.0,0.0,0.0,0.0,0.0,0.0,0.0,0.0,0.0,0.0,0.0,0.0,0.0,0.0,0.0,0.0,0.0,0.0,0.0,0.0,0.0,0.0,0.0,0.0,0.0,0.0,0.0,0.0,0.0,0.0,0.0,0.0,0.0,0.0,0.0,0.0,0.0,0.0,0.0,0.0,0.0,0.0,0.0,0.0,0.0,0.0,0.0,0.0,0.0,0.0,0.0,0.0,0.0,0.0,0.0,0.0,0.0,0.0,0.0,0.0,0.0,0.0,0.0
30.6789969581187,103.010295998777,14.8927689400555,225.0,40.0,93.19876816006526,5.0,5.0,1.1003808973542353,8.562657967997876e+17,0.0,0.0,0.0,0.0,0.0,0.0,0.0,0.0,0.0,0.0,0.0,0.0,0.0,0.0,0.0,0.0,0.0,0.0,0.0,0.0,0.0,0.0,0.0,0.0,0.0,0.0,0.0,0.0,0.0,0.0,0.0,0.0,0.0,0.0,0.0,0.0,0.0,0.0,0.0,0.0,0.0,0.0,0.0,0.0,0.0,141477346002846.84,282954692005693.7,1.6295723969308384e+16,3.2308493246611068e+16,6.0460384233388136e+16,8.86122752201652e+16,1.1676269996485605e+17,1.4491312470954688e+17,1.611475215526215e+17,1.7738191839569616e+17,1.741911732457399e+17,1.7100042809578365e+17,1.4948830936028627e+17,1.2797619062478885e+17,9.713852310883798e+16,6.630085559288709e+16,4.158403612589446e+16,1.686721665890182e+16,8433608329450910.0,0.0,0.0,0.0,0.0,0.0,0.0,0.0,1227438932620851.8,2454877865241703.5,6169156137263678.0,9883434409285652.0,1.1123405760140266e+16,1.2363377110994878e+16,9142013644436846.0,5920650177878814.0,2960325088939407.0,0.0,0.0,0.0,0.0,0.0,0.0,0.0,0.0,0.0,0.0,0.0,0.0,0.0,0.0,0.0,0.0,0.0,0.0,0.0,0.0,0.0,0.0,0.0,0.0,0.0,0.0,0.0,0.0,0.0,0.0,0.0,0.0,0.0,0.0,0.0,0.0,0.0,0.0,0.0,0.0,0.0,0.0,0.0,0.0,0.0,0.0,0.0,0.0,0.0,0.0,0.0,0.0,0.0,0.0,0.0,0.0,0.0,0.0,0.0,0.0,0.0,0.0,0.0,0.0,0.0,0.0,0.0,0.0,0.0,0.0,0.0,0.0,0.0,0.0,0.0,0.0,0.0,0.0,0.0,0.0,0.0,0.0,0.0,0.0,0.0,0.0,0.0,0.0,0.0,0.0,0.0,0.0,0.0,0.0,0.0,0.0,0.0,0.0,0.0,0.0,0.0,0.0,0.0,0.0,0.0,0.0,0.0,0.0,0.0,0.0,0.0,0.0,0.0,0.0,0.0,0.0,0.0,0.0,0.0,0.0,0.0,0.0,0.0,0.0,0.0,0.0,0.0,0.0,0.0,0.0,0.0,0.0,0.0,0.0,0.0,0.0,0.0,0.0,0.0,0.0,0.0,0.0,0.0,0.0,0.0,0.0,0.0,0.0,0.0,0.0,0.0,0.0,0.0,0.0,0.0,0.0,0.0,0.0,0.0,0.0
30.7049434579038,102.979416458968,17.7497379642719,225.0,30.0,96.50443725755576,5.0,5.0,1.0479440517165255,8.154618556194212e+17,0.0,0.0,0.0,0.0,0.0,0.0,0.0,0.0,0.0,0.0,0.0,0.0,0.0,0.0,0.0,0.0,0.0,0.0,0.0,0.0,0.0,0.0,0.0,0.0,0.0,0.0,0.0,0.0,0.0,0.0,0.0,0.0,0.0,0.0,0.0,0.0,0.0,0.0,0.0,0.0,0.0,0.0,0.0,0.0,0.0,4087437865859694.0,8174875731719388.0,2.4554594274819092e+16,4.093431281791879e+16,6.389658913404863e+16,8.685886545017848e+16,1.0807349254119624e+17,1.29288119632214e+17,1.4135284228041475e+17,1.534175649286155e+17,1.5140209678009587e+17,1.4938662863157626e+17,1.3396600784585746e+17,1.1854538706013867e+17,9.523236124746638e+16,7.191933543479408e+16,4.988789380650295e+16,2.7856452178211816e+16,1.5510071077916682e+16,3163689977621544.0,1581844988810772.0,0.0,0.0,0.0,0.0,0.0,2896962530901185.5,5793925061802371.0,8230750558061662.0,1.0667576054320954e+16,9483241792231734.0,8298907530142516.0,4727561330154649.0,1156215130166780.2,578107565083390.1,0.0,0.0,0.0,0.0,0.0,0.0,0.0,0.0,0.0,0.0,0.0,0.0,0.0,0.0,0.0,0.0,0.0,0.0,0.0,0.0,0.0,0.0,0.0,0.0,0.0,0.0,0.0,0.0,0.0,0.0,0.0,0.0,0.0,0.0,0.0,0.0,0.0,0.0,0.0,0.0,0.0,0.0,0.0,0.0,0.0,0.0,0.0,0.0,0.0,0.0,0.0,0.0,0.0,0.0,0.0,0.0,0.0,0.0,0.0,0.0,0.0,0.0,0.0,0.0,0.0,0.0,0.0,0.0,0.0,0.0,0.0,0.0,0.0,0.0,0.0,0.0,0.0,0.0,0.0,0.0,0.0,0.0,0.0,0.0,0.0,0.0,0.0,0.0,0.0,0.0,0.0,0.0,0.0,0.0,0.0,0.0,0.0,0.0,0.0,0.0,0.0,0.0,0.0,0.0,0.0,0.0,0.0,0.0,0.0,0.0,0.0,0.0,0.0,0.0,0.0,0.0,0.0,0.0,0.0,0.0,0.0,0.0,0.0,0.0,0.0,0.0,0.0,0.0,0.0,0.0,0.0,0.0,0.0,0.0,0.0,0.0,0.0,0.0,0.0,0.0,0.0,0.0,0.0,0.0,0.0,0.0,0.0,0.0,0.0,0.0,0.0,0.0,0.0,0.0,0.0,0.0,0.0,0.0,0.0,0.0
30.7331198517279,102.945861745505,20.0562836186236,225.0,25.0,99.11119081475378,5.0,5.0,0.8302703990806527,6.460782321262062e+17,0.0,0.0,0.0,0.0,0.0,0.0,0.0,0.0,0.0,0.0,0.0,0.0,0.0,0.0,0.0,0.0,0.0,0.0,0.0,0.0,0.0,0.0,0.0,0.0,0.0,0.0,0.0,0.0,0.0,0.0,0.0,0.0,0.0,0.0,0.0,0.0,0.0,0.0,0.0,0.0,0.0,0.0,0.0,0.0,0.0,3818205174362499.5,7636410348724999.0,1.812366013529762e+16,2.8610909921870244e+16,4.275602055217057e+16,5.6901131182470904e+16,7.168696877593907e+16,8.647280636940725e+16,9.795888933810456e+16,1.0944497230680184e+17,1.1284902854400598e+17,1.1625308478121013e+17,1.0983987441958838e+17,1.0342666405796666e+17,8.854707455502598e+16,7.366748505208531e+16,5.534091860767356e+16,3.70143521632618e+16,2.254275749641716e+16,8071162829572518.0,4035581414786259.0,0.0,294538159616522.8,589076319233045.6,1601701091883431.8,2614325864533817.5,3928382272890899.5,5242438681247980.0,5994491744683706.0,6746544808119432.0,5066706123909869.0,3386867439700307.5,1693433719850153.8,0.0,0.0,0.0,0.0,0.0,0.0,0.0,0.0,0.0,0.0,0.0,0.0,0.0,0.0,0.0,0.0,0.0,0.0,0.0,0.0,0.0,0.0,0.0,0.0,0.0,0.0,0.0,0.0,0.0,0.0,0.0,0.0,0.0,0.0,0.0,0.0,0.0,0.0,0.0,0.0,0.0,0.0,0.0,0.0,0.0,0.0,0.0,0.0,0.0,0.0,0.0,0.0,0.0,0.0,0.0,0.0,0.0,0.0,0.0,0.0,0.0,0.0,0.0,0.0,0.0,0.0,0.0,0.0,0.0,0.0,0.0,0.0,0.0,0.0,0.0,0.0,0.0,0.0,0.0,0.0,0.0,0.0,0.0,0.0,0.0,0.0,0.0,0.0,0.0,0.0,0.0,0.0,0.0,0.0,0.0,0.0,0.0,0.0,0.0,0.0,0.0,0.0,0.0,0.0,0.0,0.0,0.0,0.0,0.0,0.0,0.0,0.0,0.0,0.0,0.0,0.0,0.0,0.0,0.0,0.0,0.0,0.0,0.0,0.0,0.0,0.0,0.0,0.0,0.0,0.0,0.0,0.0,0.0,0.0,0.0,0.0,0.0,0.0,0.0,0.0,0.0,0.0,0.0,0.0,0.0,0.0,0.0,0.0,0.0,0.0,0.0,0.0,0.0,0.0,0.0,0.0,0.0,0.0,0.0,0.0,0.0,0.0
30.7624674003489,102.910892938317,21.9678796312896,225.0,20.0,100.60227609822223,5.0,5.0,0.5016480208388967,3.9035941400787085e+17,0.0,0.0,0.0,0.0,0.0,0.0,0.0,0.0,0.0,0.0,0.0,0.0,0.0,0.0,0.0,0.0,0.0,0.0,0.0,0.0,0.0,0.0,0.0,0.0,0.0,0.0,0.0,0.0,0.0,0.0,0.0,0.0,0.0,0.0,0.0,0.0,0.0,0.0,0.0,0.0,0.0,0.0,0.0,0.0,0.0,872501257568492.4,1745002515136984.8,5681559878153251.0,9618117241169518.0,1.6545085753057482e+16,2.347205426494545e+16,3.2452021682398988e+16,4.143198909985253e+16,5.1343111757480824e+16,6.125423441510913e+16,6.774978235082081e+16,7.424533028653248e+16,7.363112404426378e+16,7.301691780199506e+16,6.469294729273549e+16,5.636897678347593e+16,4.336614207132564e+16,3.036330735917535e+16,1.853583716266819e+16,6708366966161032.0,3375669068025306.0,42971169889578.55,1075926924568015.5,2108882679246452.5,3156871455646337.0,4204860232046221.5,4154322820142187.0,4103785408238153.5,2889201596567571.0,1674617784896989.2,837308892448494.6,0.0,0.0,0.0,0.0,0.0,0.0,0.0,0.0,0.0,0.0,0.0,0.0,0.0,0.0,0.0,0.0,0.0,0.0,0.0,0.0,0.0,0.0,0.0,0.0,0.0,0.0,0.0,0.0,0.0,0.0,0.0,0.0,0.0,0.0,0.0,0.0,0.0,0.0,0.0,0.0,0.0,0.0,0.0,0.0,0.0,0.0,0.0,0.0,0.0,0.0,0.0,0.0,0.0,0.0,0.0,0.0,0.0,0.0,0.0,0.0,0.0,0.0,0.0,0.0,0.0,0.0,0.0,0.0,0.0,0.0,0.0,0.0,0.0,0.0,0.0,0.0,0.0,0.0,0.0,0.0,0.0,0.0,0.0,0.0,0.0,0.0,0.0,0.0,0.0,0.0,0.0,0.0,0.0,0.0,0.0,0.0,0.0,0.0,0.0,0.0,0.0,0.0,0.0,0.0,0.0,0.0,0.0,0.0,0.0,0.0,0.0,0.0,0.0,0.0,0.0,0.0,0.0,0.0,0.0,0.0,0.0,0.0,0.0,0.0,0.0,0.0,0.0,0.0,0.0,0.0,0.0,0.0,0.0,0.0,0.0,0.0,0.0,0.0,0.0,0.0,0.0,0.0,0.0,0.0,0.0,0.0,0.0,0.0,0.0,0.0,0.0,0.0,0.0,0.0,0.0,0.0,0.0,0.0,0.0,0.0,0.0,0.0,0.0,0.0
30.7927627512013,102.874780935423,23.46997760236,225.0,15.0,103.2759195805323,5.0,5.0,0.19274219239359835,1.4998310797984813e+17,0.0,0.0,0.0,0.0,0.0,0.0,0.0,0.0,0.0,0.0,0.0,0.0,0.0,0.0,0.0,0.0,0.0,0.0,0.0,0.0,0.0,0.0,0.0,0.0,0.0,0.0,0.0,0.0,0.0,0.0,0.0,0.0,0.0,0.0,0.0,0.0,0.0,0.0,0.0,0.0,0.0,0.0,0.0,0.0,0.0,0.0,0.0,94969009992954.8,189938019985909.6,1972324884042695.0,3754711748099481.0,7039620170762960.0,1.0324528593426438e+16,1.5646578163631906e+16,2.0968627733837376e+16,2.5578334438963508e+16,3.0188041144089628e+16,3.113143683635196e+16,3.207483252861429e+16,2.880694518276466e+16,2.5539057836915036e+16,1.9453531266489664e+16,1.3368004696064296e+16,7785011674501231.0,2202018652938166.8,1559608499985638.8,917198347033111.0,1851296403047413.0,2785394459061715.0,3381959689517539.0,3978524919973363.0,3508886274826420.5,3039247629679478.5,1846114649904659.5,652981670129840.1,326490835064920.06,0.0,0.0,0.0,0.0,0.0,0.0,0.0,0.0,0.0,0.0,0.0,0.0,0.0,0.0,0.0,0.0,0.0,0.0,0.0,0.0,0.0,0.0,0.0,0.0,0.0,0.0,0.0,0.0,0.0,0.0,0.0,0.0,0.0,0.0,0.0,0.0,0.0,0.0,0.0,0.0,0.0,0.0,0.0,0.0,0.0,0.0,0.0,0.0,0.0,0.0,0.0,0.0,0.0,0.0,0.0,0.0,0.0,0.0,0.0,0.0,0.0,0.0,0.0,0.0,0.0,0.0,0.0,0.0,0.0,0.0,0.0,0.0,0.0,0.0,0.0,0.0,0.0,0.0,0.0,0.0,0.0,0.0,0.0,0.0,0.0,0.0,0.0,0.0,0.0,0.0,0.0,0.0,0.0,0.0,0.0,0.0,0.0,0.0,0.0,0.0,0.0,0.0,0.0,0.0,0.0,0.0,0.0,0.0,0.0,0.0,0.0,0.0,0.0,0.0,0.0,0.0,0.0,0.0,0.0,0.0,0.0,0.0,0.0,0.0,0.0,0.0,0.0,0.0,0.0,0.0,0.0,0.0,0.0,0.0,0.0,0.0,0.0,0.0,0.0,0.0,0.0,0.0,0.0,0.0,0.0,0.0,0.0,0.0,0.0,0.0,0.0,0.0,0.0,0.0,0.0,0.0,0.0,0.0,0.0,0.0,0.0,0.0,0.0,0.0
30.8237753383723,102.837912859039,24.5511456592836,225.0,10.0,90.0,5.0,5.0,0.0,0.0,0.0,0.0,0.0,0.0,0.0,0.0,0.0,0.0,0.0,0.0,0.0,0.0,0.0,0.0,0.0,0.0,0.0,0.0,0.0,0.0,0.0,0.0,0.0,0.0,0.0,0.0,0.0,0.0,0.0,0.0,0.0,0.0,0.0,0.0,0.0,0.0,0.0,0.0,0.0,0.0,0.0,0.0,0.0,0.0,0.0,0.0,0.0,0.0,0.0,0.0,0.0,0.0,0.0,0.0,0.0,0.0,0.0,0.0,0.0,0.0,0.0,0.0,0.0,0.0,0.0,0.0,0.0,0.0,0.0,0.0,0.0,0.0,0.0,0.0,0.0,0.0,0.0,0.0,0.0,0.0,0.0,0.0,0.0,0.0,0.0,0.0,0.0,0.0,0.0,0.0,0.0,0.0,0.0,0.0,0.0,0.0,0.0,0.0,0.0,0.0,0.0,0.0,0.0,0.0,0.0,0.0,0.0,0.0,0.0,0.0,0.0,0.0,0.0,0.0,0.0,0.0,0.0,0.0,0.0,0.0,0.0,0.0,0.0,0.0,0.0,0.0,0.0,0.0,0.0,0.0,0.0,0.0,0.0,0.0,0.0,0.0,0.0,0.0,0.0,0.0,0.0,0.0,0.0,0.0,0.0,0.0,0.0,0.0,0.0,0.0,0.0,0.0,0.0,0.0,0.0,0.0,0.0,0.0,0.0,0.0,0.0,0.0,0.0,0.0,0.0,0.0,0.0,0.0,0.0,0.0,0.0,0.0,0.0,0.0,0.0,0.0,0.0,0.0,0.0,0.0,0.0,0.0,0.0,0.0,0.0,0.0,0.0,0.0,0.0,0.0,0.0,0.0,0.0,0.0,0.0,0.0,0.0,0.0,0.0,0.0,0.0,0.0,0.0,0.0,0.0,0.0,0.0,0.0,0.0,0.0,0.0,0.0,0.0,0.0,0.0,0.0,0.0,0.0,0.0,0.0,0.0,0.0,0.0,0.0,0.0,0.0,0.0,0.0,0.0,0.0,0.0,0.0,0.0,0.0,0.0,0.0,0.0,0.0,0.0,0.0
30.5983865353288,103.030882455826,2.46201938253052,225.0,80.0,90.0,5.0,5.0,0.41025583058781,3.192422155952267e+17,0.0,0.0,0.0,0.0,0.0,0.0,0.0,0.0,0.0,0.0,0.0,0.0,0.0,0.0,0.0,0.0,0.0,0.0,0.0,0.0,0.0,0.0,0.0,0.0,0.0,0.0,0.0,0.0,0.0,0.0,0.0,7319384002173.22,14638768004346.44,7319384002173.22,0.0,0.0,0.0,0.0,0.0,0.0,0.0,0.0,0.0,0.0,0.0,0.0,0.0,0.0,0.0,0.0,0.0,1.2245038132052276e+16,2.449007626410455e+16,4.303291140744154e+16,6.157574655077853e+16,7.40592920641001e+16,8.654283757742165e+16,8.404525884420507e+16,8.154768011098851e+16,6.550284302417968e+16,4.9458005937370856e+16,3.22149638602463e+16,1.4971921783121746e+16,7485960891560873.0,0.0,0.0,0.0,0.0,0.0,0.0,0.0,0.0,0.0,0.0,0.0,0.0,0.0,73064862147467.08,146129724294934.16,320654301718260.06,495178879141586.0,247589439570793.0,0.0,0.0,0.0,0.0,0.0,0.0,0.0,0.0,0.0,0.0,0.0,0.0,0.0,0.0,0.0,0.0,0.0,0.0,0.0,0.0,0.0,0.0,0.0,0.0,0.0,0.0,0.0,0.0,0.0,0.0,0.0,0.0,0.0,0.0,0.0,0.0,0.0,0.0,0.0,0.0,0.0,0.0,0.0,0.0,0.0,0.0,0.0,0.0,0.0,0.0,0.0,0.0,0.0,0.0,0.0,0.0,0.0,0.0,0.0,0.0,0.0,0.0,0.0,0.0,0.0,0.0,0.0,0.0,0.0,0.0,0.0,0.0,0.0,0.0,0.0,0.0,0.0,0.0,0.0,0.0,0.0,0.0,0.0,0.0,0.0,0.0,0.0,0.0,0.0,0.0,0.0,0.0,0.0,0.0,0.0,0.0,0.0,0.0,0.0,0.0,0.0,0.0,0.0,0.0,0.0,0.0,0.0,0.0,0.0,0.0,0.0,0.0,0.0,0.0,0.0,0.0,0.0,0.0,0.0,0.0,0.0,0.0,0.0,0.0,0.0,0.0,0.0,0.0,0.0,0.0,0.0,0.0,0.0,0.0,0.0,0.0,0.0,0.0,0.0,0.0,0.0,0.0,0.0,0.0,0.0,0.0,0.0,0.0,0.0,0.0,0.0,0.0,0.0,0.0,0.0,0.0,0.0,0.0
30.6078659256081,103.019643362462,7.18980823265266,225.0,65.0,90.0,5.0,5.0,0.572930708462244,4.45828322512729e+17,0.0,0.0,0.0,0.0,0.0,0.0,0.0,0.0,0.0,0.0,0.0,0.0,0.0,0.0,0.0,0.0,0.0,0.0,0.0,0.0,0.0,0.0,0.0,0.0,0.0,0.0,0.0,0.0,0.0,1927544684685615.5,3855089369371231.0,5044294236261031.0,6233499103150832.0,4054974617280953.0,1876450131411073.0,938225065705536.5,0.0,0.0,0.0,0.0,0.0,0.0,0.0,0.0,0.0,0.0,0.0,0.0,0.0,5248103376199973.0,1.0496206752399946e+16,2.8460235717314956e+16,4.642426468222997e+16,6.7029531377633e+16,8.763479807303603e+16,9.830280380353446e+16,1.0897080953403288e+17,1.0255502642143806e+17,9.613924330884325e+16,7.550452724448843e+16,5.486981118013363e+16,3.4155421157555124e+16,1.3441031134976618e+16,6720515567488309.0,0.0,0.0,0.0,0.0,0.0,0.0,0.0,0.0,0.0,0.0,0.0,2012332606728068.8,4024665213456137.5,5646083439300137.0,7267501665144136.0,5931227014843743.0,4594952364543349.0,2297476182271674.5,0.0,0.0,0.0,0.0,0.0,0.0,0.0,0.0,0.0,0.0,0.0,0.0,0.0,0.0,0.0,0.0,0.0,0.0,0.0,0.0,0.0,0.0,0.0,0.0,0.0,0.0,0.0,0.0,0.0,0.0,0.0,0.0,0.0,0.0,0.0,0.0,0.0,0.0,0.0,0.0,0.0,0.0,0.0,0.0,0.0,0.0,0.0,0.0,0.0,0.0,0.0,0.0,0.0,0.0,0.0,0.0,0.0,0.0,0.0,0.0,0.0,0.0,0.0,0.0,0.0,0.0,0.0,0.0,0.0,0.0,0.0,0.0,0.0,0.0,0.0,0.0,0.0,0.0,0.0,0.0,0.0,0.0,0.0,0.0,0.0,0.0,0.0,0.0,0.0,0.0,0.0,0.0,0.0,0.0,0.0,0.0,0.0,0.0,0.0,0.0,0.0,0.0,0.0,0.0,0.0,0.0,0.0,0.0,0.0,0.0,0.0,0.0,0.0,0.0,0.0,0.0,0.0,0.0,0.0,0.0,0.0,0.0,0.0,0.0,0.0,0.0,0.0,0.0,0.0,0.0,0.0,0.0,0.0,0.0,0.0,0.0,0.0,0.0,0.0,0.0,0.0,0.0,0.0,0.0,0.0,0.0,0.0,0.0,0.0,0.0,0.0,0.0,0.0,0.0,0.0,0.0,0.0,0.0
30.6248036524257,102.999525686532,11.3706888080417,225.0,50.0,91.8894790498008,5.0,5.0,0.7812349161437763,6.079210749369441e+17,0.0,0.0,0.0,0.0,0.0,0.0,0.0,0.0,0.0,0.0,0.0,0.0,0.0,0.0,0.0,0.0,0.0,0.0,0.0,0.0,0.0,0.0,0.0,0.0,0.0,0.0,0.0,0.0,0.0,2522216106697738.5,5044432213395477.0,6056431759669704.0,7068431305943931.0,4620242739911678.0,2172054173879425.2,1086027086939712.6,0.0,0.0,0.0,0.0,0.0,0.0,0.0,0.0,0.0,0.0,0.0,2869776835805627.0,5739553671611254.0,2.251519751685228e+16,3.9290841362093304e+16,6.327025090796154e+16,8.724966045382976e+16,1.0672125499549768e+17,1.261928495371656e+17,1.3095016559584098e+17,1.3570748165451634e+17,1.2207599406901243e+17,1.0844450648350851e+17,8.29228312214615e+16,5.74011559594145e+16,3.5097968167886004e+16,1.2794780376357514e+16,6397390188178757.0,0.0,0.0,0.0,0.0,0.0,0.0,0.0,0.0,0.0,348540852271801.8,697081704543603.6,4029319331004031.0,7361556957464458.0,8240887522543005.0,9120218087621552.0,6378344541610201.0,3636470995598849.0,1818235497799424.5,0.0,0.0,0.0,0.0,0.0,0.0,0.0,0.0,0.0,0.0,0.0,0.0,0.0,0.0,0.0,0.0,0.0,0.0,0.0,0.0,0.0,0.0,0.0,0.0,0.0,0.0,0.0,0.0,0.0,0.0,0.0,0.0,0.0,0.0,0.0,0.0,0.0,0.0,0.0,0.0,0.0,0.0,0.0,0.0,0.0,0.0,0.0,0.0,0.0,0.0,0.0,0.0,0.0,0.0,0.0,0.0,0.0,0.0,0.0,0.0,0.0,0.0,0.0,0.0,0.0,0.0,0.0,0.0,0.0,0.0,0.0,0.0,0.0,0.0,0.0,0.0,0.0,0.0,0.0,0.0,0.0,0.0,0.0,0.0,0.0,0.0,0.0,0.0,0.0,0.0,0.0,0.0,0.0,0.0,0.0,0.0,0.0,0.0,0.0,0.0,0.0,0.0,0.0,0.0,0.0,0.0,0.0,0.0,0.0,0.0,0.0,0.0,0.0,0.0,0.0,0.0,0.0,0.0,0.0,0.0,0.0,0.0,0.0,0.0,0.0,0.0,0.0,0.0,0.0,0.0,0.0,0.0,0.0,0.0,0.0,0.0,0.0,0.0,0.0,0.0,0.0,0.0,0.0,0.0,0.0,0.0,0.0,0.0,0.0,0.0,0.0,0.0,0.0,0.0,0.0,0.0,0.0,0.0
30.6472011378181,102.972885822534,14.8927689400555,225.0,40.0,97.75792467414954,5.0,5.0,0.8565352405415385,6.665163235683603e+17,0.0,0.0,0.0,0.0,0.0,0.0,0.0,0.0,0.0,0.0,0.0,0.0,0.0,0.0,0.0,0.0,0.0,0.0,0.0,0.0,0.0,0.0,0.0,0.0,0.0,0.0,0.0,0.0,0.0,0.0,0.0,163442860144200.0,326885720288400.0,163442860144200.0,0.0,0.0,0.0,0.0,0.0,0.0,0.0,0.0,0.0,0.0,0.0,0.0,0.0,9281443009299932.0,1.8562886018599864e+16,3.943396423504922e+16,6.030504245149857e+16,8.350628886049286e+16,1.0670753526948717e+17,1.2260213025918144e+17,1.3849672524887571e+17,1.3938823202713056e+17,1.4027973880538542e+17,1.2487044868497838e+17,1.0946115856457133e+17,8.490015772556224e+16,6.0339156886553176e+16,3.907788230900615e+16,1.7816607731459134e+16,8908303865729567.0,0.0,0.0,0.0,0.0,0.0,0.0,0.0,0.0,0.0,1967660153859424.2,3935320307718848.5,5322437148390346.0,6709553989061844.0,5142633281961336.0,3575712574860827.0,1787856287430413.5,0.0,0.0,0.0,0.0,0.0,0.0,0.0,0.0,0.0,0.0,0.0,0.0,0.0,0.0,0.0,0.0,0.0,0.0,0.0,0.0,0.0,0.0,0.0,0.0,0.0,0.0,0.0,0.0,0.0,0.0,0.0,0.0,0.0,0.0,0.0,0.0,0.0,0.0,0.0,0.0,0.0,0.0,0.0,0.0,0.0,0.0,0.0,0.0,0.0,0.0,0.0,0.0,0.0,0.0,0.0,0.0,0.0,0.0,0.0,0.0,0.0,0.0,0.0,0.0,0.0,0.0,0.0,0.0,0.0,0.0,0.0,0.0,0.0,0.0,0.0,0.0,0.0,0.0,0.0,0.0,0.0,0.0,0.0,0.0,0.0,0.0,0.0,0.0,0.0,0.0,0.0,0.0,0.0,0.0,0.0,0.0,0.0,0.0,0.0,0.0,0.0,0.0,0.0,0.0,0.0,0.0,0.0,0.0,0.0,0.0,0.0,0.0,0.0,0.0,0.0,0.0,0.0,0.0,0.0,0.0,0.0,0.0,0.0,0.0,0.0,0.0,0.0,0.0,0.0,0.0,0.0,0.0,0.0,0.0,0.0,0.0,0.0,0.0,0.0,0.0,0.0,0.0,0.0,0.0,0.0,0.0,0.0,0.0,0.0,0.0,0.0,0.0,0.0,0.0,0.0,0.0,0.0,0.0,0.0,0.0
30.6731476376032,102.941996491636,17.7497379642719,225.0,30.0,104.15352576797886,5.0,5.0,0.8217153488397844,6.394210855610735e+17,0.0,0.0,0.0,0.0,0.0,0.0,0.0,0.0,0.0,0.0,0.0,0.0,0.0,0.0,0.0,0.0,0.0,0.0,0.0,0.0,0.0,0.0,0.0,0.0,0.0,0.0,0.0,0.0,0.0,0.0,0.0,0.0,0.0,0.0,0.0,0.0,0.0,0.0,0.0,0.0,0.0,0.0,0.0,0.0,0.0,1594206468998687.2,3188412937997374.5,1.3541045238043036e+16,2.38936775380887e+16,3.9967448878832296e+16,5.604122021957588e+16,7.354577025156277e+16,9.105032028354968e+16,1.0458721344215701e+17,1.1812410660076438e+17,1.2047005596450786e+17,1.2281600532825131e+17,1.1265182396313058e+17,1.0248764259800982e+17,8.469862418310474e+16,6.690960576819966e+16,4.908120423523809e+16,3.1252802702276504e+16,1.926060250383159e+16,7268402305386686.0,3634201152693343.0,0.0,0.0,0.0,50593603958887.22,101187207917774.44,1592395293327517.2,3083603378737260.5,4809161225649752.0,6534719072562244.0,5971402424147913.0,5408085775733584.0,3334689809878132.5,1261293844022681.5,630646922011340.8,0.0,0.0,0.0,0.0,0.0,0.0,0.0,0.0,0.0,0.0,0.0,0.0,0.0,0.0,0.0,0.0,0.0,0.0,0.0,0.0,0.0,0.0,0.0,0.0,0.0,0.0,0.0,0.0,0.0,0.0,0.0,0.0,0.0,0.0,0.0,0.0,0.0,0.0,0.0,0.0,0.0,0.0,0.0,0.0,0.0,0.0,0.0,0.0,0.0,0.0,0.0,0.0,0.0,0.0,0.0,0.0,0.0,0.0,0.0,0.0,0.0,0.0,0.0,0.0,0.0,0.0,0.0,0.0,0.0,0.0,0.0,0.0,0.0,0.0,0.0,0.0,0.0,0.0,0.0,0.0,0.0,0.0,0.0,0.0,0.0,0.0,0.0,0.0,0.0,0.0,0.0,0.0,0.0,0.0,0.0,0.0,0.0,0.0,0.0,0.0,0.0,0.0,0.0,0.0,0.0,0.0,0.0,0.0,0.0,0.0,0.0,0.0,0.0,0.0,0.0,0.0,0.0,0.0,0.0,0.0,0.0,0.0,0.0,0.0,0.0,0.0,0.0,0.0,0.0,0.0,0.0,0.0,0.0,0.0,0.0,0.0,0.0,0.0,0.0,0.0,0.0,0.0,0.0,0.0,0.0,0.0,0.0,0.0,0.0,0.0,0.0,0.0,0.0,0.0,0.0,0.0,0.0,0.0,0.0,0.0
30.7013240314273,102.908430803057,20.0562836186236,225.0,25.0,109.14211567878124,5.0,5.0,0.6761228399579142,5.261276924046108e+17,0.0,0.0,0.0,0.0,0.0,0.0,0.0,0.0,0.0,0.0,0.0,0.0,0.0,0.0,0.0,0.0,0.0,0.0,0.0,0.0,0.0,0.0,0.0,0.0,0.0,0.0,0.0,0.0,0.0,0.0,0.0,0.0,0.0,0.0,0.0,0.0,0.0,0.0,0.0,0.0,0.0,0.0,0.0,0.0,0.0,1154807745862366.5,2309615491724733.0,8161179823492381.0,1.4012744155260032e+16,2.2975651548101456e+16,3.1938558940942892e+16,4.44077413748336e+16,5.687692380872431e+16,7.041055722299414e+16,8.394419063726398e+16,9.078104198096995e+16,9.761789332467594e+16,9.474013282220536e+16,9.186237231973478e+16,8.107439087232613e+16,7.028640942491747e+16,5.558824714228488e+16,4.089008485965227e+16,2.7381513230003056e+16,1.3872941600353832e+16,6980587716321253.0,88233832288672.58,680478765453398.2,1272723698618124.0,2698389583507144.0,4124055468396164.5,5162189580438265.0,6200323692480366.0,6264496502456109.0,6328669312431851.0,5039905041517001.0,3751140770602151.0,2250975918572668.5,750811066543185.6,375405533271592.8,0.0,0.0,0.0,0.0,0.0,0.0,0.0,0.0,0.0,0.0,0.0,0.0,0.0,0.0,0.0,0.0,0.0,0.0,0.0,0.0,0.0,0.0,0.0,0.0,0.0,0.0,0.0,0.0,0.0,0.0,0.0,0.0,0.0,0.0,0.0,0.0,0.0,0.0,0.0,0.0,0.0,0.0,0.0,0.0,0.0,0.0,0.0,0.0,0.0,0.0,0.0,0.0,0.0,0.0,0.0,0.0,0.0,0.0,0.0,0.0,0.0,0.0,0.0,0.0,0.0,0.0,0.0,0.0,0.0,0.0,0.0,0.0,0.0,0.0,0.0,0.0,0.0,0.0,0.0,0.0,0.0,0.0,0.0,0.0,0.0,0.0,0.0,0.0,0.0,0.0,0.0,0.0,0.0,0.0,0.0,0.0,0.0,0.0,0.0,0.0,0.0,0.0,0.0,0.0,0.0,0.0,0.0,0.0,0.0,0.0,0.0,0.0,0.0,0.0,0.0,0.0,0.0,0.0,0.0,0.0,0.0,0.0,0.0,0.0,0.0,0.0,0.0,0.0,0.0,0.0,0.0,0.0,0.0,0.0,0.0,0.0,0.0,0.0,0.0,0.0,0.0,0.0,0.0,0.0,0.0,0.0,0.0,0.0,0.0,0.0,0.0,0.0,0.0,0.0,0.0,0.0,0.0,0.0,0.0,0.0
30.7306715800483,102.873450315167,21.9678796312896,225.0,20.0,111.12081572838512,5.0,5.0,0.4296260369852119,3.343152191841906e+17,0.0,0.0,0.0,0.0,0.0,0.0,0.0,0.0,0.0,0.0,0.0,0.0,0.0,0.0,0.0,0.0,0.0,0.0,0.0,0.0,0.0,0.0,0.0,0.0,0.0,0.0,0.0,0.0,0.0,0.0,0.0,0.0,0.0,0.0,0.0,0.0,0.0,0.0,0.0,0.0,0.0,0.0,0.0,0.0,0.0,0.0,0.0,1342427275396962.0,2684854550793924.0,6467538569777748.0,1.0250222588761574e+16,1.8009772261538004e+16,2.5769321934314428e+16,3.669156046414281e+16,4.7613798993971176e+16,5.563729664258343e+16,6.36607942911957e+16,6.486795011395608e+16,6.607510593671647e+16,6.026624205213421e+16,5.4457378167551944e+16,4.371237587345521e+16,3.296737357935847e+16,2.177354774930756e+16,1.057972191925664e+16,5984549591207239.0,1389377263157836.2,2704799996624190.5,4020222730090546.0,5130038179846070.0,6239853629601594.0,6019118849400292.0,5798384069198986.0,4250814128607506.0,2703244188016025.0,1404404765110650.5,105565342205275.7,52782671102637.85,0.0,0.0,0.0,0.0,0.0,0.0,0.0,0.0,0.0,0.0,0.0,0.0,0.0,0.0,0.0,0.0,0.0,0.0,0.0,0.0,0.0,0.0,0.0,0.0,0.0,0.0,0.0,0.0,0.0,0.0,0.0,0.0,0.0,0.0,0.0,0.0,0.0,0.0,0.0,0.0,0.0,0.0,0.0,0.0,0.0,0.0,0.0,0.0,0.0,0.0,0.0,0.0,0.0,0.0,0.0,0.0,0.0,0.0,0.0,0.0,0.0,0.0,0.0,0.0,0.0,0.0,0.0,0.0,0.0,0.0,0.0,0.0,0.0,0.0,0.0,0.0,0.0,0.0,0.0,0.0,0.0,0.0,0.0,0.0,0.0,0.0,0.0,0.0,0.0,0.0,0.0,0.0,0.0,0.0,0.0,0.0,0.0,0.0,0.0,0.0,0.0,0.0,0.0,0.0,0.0,0.0,0.0,0.0,0.0,0.0,0.0,0.0,0.0,0.0,0.0,0.0,0.0,0.0,0.0,0.0,0.0,0.0,0.0,0.0,0.0,0.0,0.0,0.0,0.0,0.0,0.0,0.0,0.0,0.0,0.0,0.0,0.0,0.0,0.0,0.0,0.0,0.0,0.0,0.0,0.0,0.0,0.0,0.0,0.0,0.0,0.0,0.0,0.0,0.0,0.0,0.0,0.0,0.0,0.0,0.0,0.0,0.0
30.7609669309007,102.837326183695,23.46997760236,225.0,15.0,112.61091125768839,5.0,5.0,0.178137915967148,1.386187318615001e+17,0.0,0.0,0.0,0.0,0.0,0.0,0.0,0.0,0.0,0.0,0.0,0.0,0.0,0.0,0.0,0.0,0.0,0.0,0.0,0.0,0.0,0.0,0.0,0.0,0.0,0.0,0.0,0.0,0.0,0.0,0.0,0.0,0.0,0.0,0.0,0.0,0.0,0.0,0.0,0.0,0.0,0.0,0.0,0.0,0.0,0.0,0.0,0.0,0.0,0.0,0.0,2618819099662966.0,5237638199325932.0,1.0814956768896524e+16,1.6392275338467118e+16,2.135765809457612e+16,2.6323040850685124e+16,2.83817780386746e+16,3.0440515226664076e+16,2.8282127163853932e+16,2.6123739101043788e+16,2.0907266731697972e+16,1.5690794362352148e+16,1.0134197363102042e+16,4577600363851938.0,3318332275957253.5,2059064188062568.5,2992812563976575.5,3926560939890583.5,4155259153107619.0,4383957366324655.0,3699438367840950.5,3014919369357244.5,1731772962416090.8,448626555474937.3,224313277737468.66,0.0,0.0,0.0,0.0,0.0,0.0,0.0,0.0,0.0,0.0,0.0,0.0,0.0,0.0,0.0,0.0,0.0,0.0,0.0,0.0,0.0,0.0,0.0,0.0,0.0,0.0,0.0,0.0,0.0,0.0,0.0,0.0,0.0,0.0,0.0,0.0,0.0,0.0,0.0,0.0,0.0,0.0,0.0,0.0,0.0,0.0,0.0,0.0,0.0,0.0,0.0,0.0,0.0,0.0,0.0,0.0,0.0,0.0,0.0,0.0,0.0,0.0,0.0,0.0,0.0,0.0,0.0,0.0,0.0,0.0,0.0,0.0,0.0,0.0,0.0,0.0,0.0,0.0,0.0,0.0,0.0,0.0,0.0,0.0,0.0,0.0,0.0,0.0,0.0,0.0,0.0,0.0,0.0,0.0,0.0,0.0,0.0,0.0,0.0,0.0,0.0,0.0,0.0,0.0,0.0,0.0,0.0,0.0,0.0,0.0,0.0,0.0,0.0,0.0,0.0,0.0,0.0,0.0,0.0,0.0,0.0,0.0,0.0,0.0,0.0,0.0,0.0,0.0,0.0,0.0,0.0,0.0,0.0,0.0,0.0,0.0,0.0,0.0,0.0,0.0,0.0,0.0,0.0,0.0,0.0,0.0,0.0,0.0,0.0,0.0,0.0,0.0,0.0,0.0,0.0,0.0,0.0,0.0,0.0,0.0,0.0,0.0,0.0,0.0
30.7919795180716,102.800448814829,24.5511456592836,225.0,10.0,90.0,5.0,5.0,0.0,0.0,0.0,0.0,0.0,0.0,0.0,0.0,0.0,0.0,0.0,0.0,0.0,0.0,0.0,0.0,0.0,0.0,0.0,0.0,0.0,0.0,0.0,0.0,0.0,0.0,0.0,0.0,0.0,0.0,0.0,0.0,0.0,0.0,0.0,0.0,0.0,0.0,0.0,0.0,0.0,0.0,0.0,0.0,0.0,0.0,0.0,0.0,0.0,0.0,0.0,0.0,0.0,0.0,0.0,0.0,0.0,0.0,0.0,0.0,0.0,0.0,0.0,0.0,0.0,0.0,0.0,0.0,0.0,0.0,0.0,0.0,0.0,0.0,0.0,0.0,0.0,0.0,0.0,0.0,0.0,0.0,0.0,0.0,0.0,0.0,0.0,0.0,0.0,0.0,0.0,0.0,0.0,0.0,0.0,0.0,0.0,0.0,0.0,0.0,0.0,0.0,0.0,0.0,0.0,0.0,0.0,0.0,0.0,0.0,0.0,0.0,0.0,0.0,0.0,0.0,0.0,0.0,0.0,0.0,0.0,0.0,0.0,0.0,0.0,0.0,0.0,0.0,0.0,0.0,0.0,0.0,0.0,0.0,0.0,0.0,0.0,0.0,0.0,0.0,0.0,0.0,0.0,0.0,0.0,0.0,0.0,0.0,0.0,0.0,0.0,0.0,0.0,0.0,0.0,0.0,0.0,0.0,0.0,0.0,0.0,0.0,0.0,0.0,0.0,0.0,0.0,0.0,0.0,0.0,0.0,0.0,0.0,0.0,0.0,0.0,0.0,0.0,0.0,0.0,0.0,0.0,0.0,0.0,0.0,0.0,0.0,0.0,0.0,0.0,0.0,0.0,0.0,0.0,0.0,0.0,0.0,0.0,0.0,0.0,0.0,0.0,0.0,0.0,0.0,0.0,0.0,0.0,0.0,0.0,0.0,0.0,0.0,0.0,0.0,0.0,0.0,0.0,0.0,0.0,0.0,0.0,0.0,0.0,0.0,0.0,0.0,0.0,0.0,0.0,0.0,0.0,0.0,0.0,0.0,0.0,0.0,0.0,0.0,0.0,0.0,0.0
30.5665907150281,102.993488051612,2.46201938253052,225.0,80.0,90.0,5.0,5.0,0.433731273878642,3.3750972569376083e+17,0.0,0.0,0.0,0.0,0.0,0.0,0.0,0.0,0.0,0.0,0.0,0.0,0.0,0.0,0.0,0.0,0.0,0.0,0.0,0.0,0.0,0.0,0.0,0.0,0.0,0.0,0.0,0.0,0.0,718705245525331.5,1437410491050663.0,2627324413639651.0,3817238336228639.5,3121582140680889.5,2425925945133139.5,1212962972566569.8,0.0,0.0,0.0,0.0,0.0,0.0,0.0,0.0,0.0,0.0,0.0,0.0,0.0,0.0,0.0,8844437390187076.0,1.7688874780374152e+16,3.4694733172378836e+16,5.170059156438352e+16,6.584037722283867e+16,7.998016288129384e+16,8.118703509849339e+16,8.239390731569291e+16,6.979068451082125e+16,5.718746170594955e+16,3.985728451801883e+16,2.252710733008813e+16,1.1712893787685276e+16,898680245282421.9,449340122641210.94,0.0,0.0,0.0,0.0,0.0,0.0,0.0,0.0,0.0,599015979293765.6,1198031958587531.2,3529258238458833.0,5860484518330135.0,6568479530915943.0,7276474543501750.0,5196924310683091.0,3117374077864431.0,1558687038932215.5,0.0,0.0,0.0,0.0,0.0,0.0,0.0,0.0,0.0,0.0,0.0,0.0,0.0,0.0,0.0,0.0,0.0,0.0,0.0,0.0,0.0,0.0,0.0,0.0,0.0,0.0,0.0,0.0,0.0,0.0,0.0,0.0,0.0,0.0,0.0,0.0,0.0,0.0,0.0,0.0,0.0,0.0,0.0,0.0,0.0,0.0,0.0,0.0,0.0,0.0,0.0,0.0,0.0,0.0,0.0,0.0,0.0,0.0,0.0,0.0,0.0,0.0,0.0,0.0,0.0,0.0,0.0,0.0,0.0,0.0,0.0,0.0,0.0,0.0,0.0,0.0,0.0,0.0,0.0,0.0,0.0,0.0,0.0,0.0,0.0,0.0,0.0,0.0,0.0,0.0,0.0,0.0,0.0,0.0,0.0,0.0,0.0,0.0,0.0,0.0,0.0,0.0,0.0,0.0,0.0,0.0,0.0,0.0,0.0,0.0,0.0,0.0,0.0,0.0,0.0,0.0,0.0,0.0,0.0,0.0,0.0,0.0,0.0,0.0,0.0,0.0,0.0,0.0,0.0,0.0,0.0,0.0,0.0,0.0,0.0,0.0,0.0,0.0,0.0,0.0,0.0,0.0,0.0,0.0,0.0,0.0,0.0,0.0,0.0,0.0,0.0,0.0,0.0,0.0,0.0,0.0
30.5760701053075,102.982246484985,7.18980823265266,225.0,65.0,90.0,5.0,5.0,0.578040527444266,4.498045485928654e+17,0.0,0.0,0.0,0.0,0.0,0.0,0.0,0.0,0.0,0.0,0.0,0.0,0.0,0.0,0.0,0.0,0.0,0.0,0.0,0.0,0.0,0.0,0.0,0.0,0.0,0.0,0.0,0.0,0.0,2890741742554945.5,5781483485109891.0,8395229351210612.0,1.1008975217311336e+16,8482615507963456.0,5956255798615578.0,2978127899307789.0,0.0,0.0,0.0,0.0,0.0,0.0,0.0,0.0,0.0,0.0,0.0,0.0,0.0,3926319636265610.5,7852639272531221.0,2.198179294820156e+16,3.611094662387189e+16,5.4692738752227544e+16,7.32745308805832e+16,8.595930735414315e+16,9.86440838277031e+16,9.657936303043075e+16,9.451464223315838e+16,7.808597327171226e+16,6.165730431026613e+16,4.161788335745333e+16,2.1578462404640532e+16,1.0789231202320266e+16,0.0,0.0,0.0,0.0,0.0,0.0,0.0,0.0,0.0,0.0,0.0,2860385826130971.0,5720771652261942.0,9501844350864954.0,1.3282917049467964e+16,1.2326747304697096e+16,1.1370577559926228e+16,7210767918672113.0,3050958277417999.0,1525479138708999.5,0.0,0.0,0.0,0.0,0.0,0.0,0.0,0.0,0.0,0.0,0.0,0.0,0.0,0.0,0.0,0.0,0.0,0.0,0.0,0.0,0.0,0.0,0.0,0.0,0.0,0.0,0.0,0.0,0.0,0.0,0.0,0.0,0.0,0.0,0.0,0.0,0.0,0.0,0.0,0.0,0.0,0.0,0.0,0.0,0.0,0.0,0.0,0.0,0.0,0.0,0.0,0.0,0.0,0.0,0.0,0.0,0.0,0.0,0.0,0.0,0.0,0.0,0.0,0.0,0.0,0.0,0.0,0.0,0.0,0.0,0.0,0.0,0.0,0.0,0.0,0.0,0.0,0.0,0.0,0.0,0.0,0.0,0.0,0.0,0.0,0.0,0.0,0.0,0.0,0.0,0.0,0.0,0.0,0.0,0.0,0.0,0.0,0.0,0.0,0.0,0.0,0.0,0.0,0.0,0.0,0.0,0.0,0.0,0.0,0.0,0.0,0.0,0.0,0.0,0.0,0.0,0.0,0.0,0.0,0.0,0.0,0.0,0.0,0.0,0.0,0.0,0.0,0.0,0.0,0.0,0.0,0.0,0.0,0.0,0.0,0.0,0.0,0.0,0.0,0.0,0.0,0.0,0.0,0.0,0.0,0.0,0.0,0.0,0.0,0.0,0.0,0.0,0.0,0.0,0.0,0.0
30.593007832125,102.962123468503,11.3706888080417,225.0,50.0,93.793153927249,5.0,5.0,0.693219947408288,5.394318749555489e+17,0.0,0.0,0.0,0.0,0.0,0.0,0.0,0.0,0.0,0.0,0.0,0.0,0.0,0.0,0.0,0.0,0.0,0.0,0.0,0.0,0.0,0.0,0.0,0.0,0.0,0.0,0.0,0.0,0.0,3046329240336180.5,6092658480672361.0,8200509296697551.0,1.0308360112722738e+16,7962025823652703.0,5615691534582671.0,2807845767291335.5,0.0,0.0,0.0,0.0,0.0,0.0,0.0,0.0,0.0,0.0,0.0,1753244755968983.2,3506489511937966.5,1.665856054052828e+16,2.9810631569118596e+16,4.923347760553819e+16,6.865632364195779e+16,8.577635021621792e+16,1.0289637679047806e+17,1.0922586754113912e+17,1.155553582918002e+17,1.06831157093931e+17,9.810695589606184e+16,7.778704058767315e+16,5.746712527928446e+16,3.7149222690754344e+16,1.683132010222421e+16,8415660051112105.0,0.0,0.0,0.0,0.0,0.0,0.0,0.0,0.0,0.0,0.0,0.0,3230140700407489.5,6460281400814979.0,8863583949953099.0,1.126688649909122e+16,9062151171946520.0,6857415844801820.0,3428707922400910.0,0.0,0.0,0.0,0.0,0.0,0.0,0.0,0.0,0.0,0.0,0.0,0.0,0.0,0.0,0.0,0.0,0.0,0.0,0.0,0.0,0.0,0.0,0.0,0.0,0.0,0.0,0.0,0.0,0.0,0.0,0.0,0.0,0.0,0.0,0.0,0.0,0.0,0.0,0.0,0.0,0.0,0.0,0.0,0.0,0.0,0.0,0.0,0.0,0.0,0.0,0.0,0.0,0.0,0.0,0.0,0.0,0.0,0.0,0.0,0.0,0.0,0.0,0.0,0.0,0.0,0.0,0.0,0.0,0.0,0.0,0.0,0.0,0.0,0.0,0.0,0.0,0.0,0.0,0.0,0.0,0.0,0.0,0.0,0.0,0.0,0.0,0.0,0.0,0.0,0.0,0.0,0.0,0.0,0.0,0.0,0.0,0.0,0.0,0.0,0.0,0.0,0.0,0.0,0.0,0.0,0.0,0.0,0.0,0.0,0.0,0.0,0.0,0.0,0.0,0.0,0.0,0.0,0.0,0.0,0.0,0.0,0.0,0.0,0.0,0.0,0.0,0.0,0.0,0.0,0.0,0.0,0.0,0.0,0.0,0.0,0.0,0.0,0.0,0.0,0.0,0.0,0.0,0.0,0.0,0.0,0.0,0.0,0.0,0.0,0.0,0.0,0.0,0.0,0.0,0.0,0.0,0.0,0.0
30.6154053175174,102.935475646291,14.8927689400555,225.0,40.0,103.31852636011077,5.0,5.0,0.7018800552860599,5.461707725410687e+17,0.0,0.0,0.0,0.0,0.0,0.0,0.0,0.0,0.0,0.0,0.0,0.0,0.0,0.0,0.0,0.0,0.0,0.0,0.0,0.0,0.0,0.0,0.0,0.0,0.0,0.0,0.0,0.0,0.0,0.0,0.0,578347915358288.2,1156695830716576.5,578347915358288.2,0.0,0.0,0.0,0.0,0.0,0.0,0.0,0.0,0.0,0.0,0.0,0.0,0.0,5805294982825780.0,1.161058996565156e+16,2.6965098394124824e+16,4.231960682259808e+16,6.0946748592987176e+16,7.957389036337626e+16,9.468640585283627e+16,1.0979892134229627e+17,1.1322054452042997e+17,1.1664216769856365e+17,1.0630653020338042e+17,9.597089270819715e+16,7.714703621946549e+16,5.832317973073383e+16,3.998220802040501e+16,2.164123631007618e+16,1.1486704986289632e+16,1332173662503085.8,666086831251542.9,0.0,0.0,0.0,0.0,0.0,0.0,0.0,646379582901888.2,1292759165803776.5,2438093392133353.5,3583427618462931.0,3254329470276124.5,2925231322089319.0,1462615661044659.5,0.0,0.0,0.0,0.0,0.0,0.0,0.0,0.0,0.0,0.0,0.0,0.0,0.0,0.0,0.0,0.0,0.0,0.0,0.0,0.0,0.0,0.0,0.0,0.0,0.0,0.0,0.0,0.0,0.0,0.0,0.0,0.0,0.0,0.0,0.0,0.0,0.0,0.0,0.0,0.0,0.0,0.0,0.0,0.0,0.0,0.0,0.0,0.0,0.0,0.0,0.0,0.0,0.0,0.0,0.0,0.0,0.0,0.0,0.0,0.0,0.0,0.0,0.0,0.0,0.0,0.0,0.0,0.0,0.0,0.0,0.0,0.0,0.0,0.0,0.0,0.0,0.0,0.0,0.0,0.0,0.0,0.0,0.0,0.0,0.0,0.0,0.0,0.0,0.0,0.0,0.0,0.0,0.0,0.0,0.0,0.0,0.0,0.0,0.0,0.0,0.0,0.0,0.0,0.0,0.0,0.0,0.0,0.0,0.0,0.0,0.0,0.0,0.0,0.0,0.0,0.0,0.0,0.0,0.0,0.0,0.0,0.0,0.0,0.0,0.0,0.0,0.0,0.0,0.0,0.0,0.0,0.0,0.0,0.0,0.0,0.0,0.0,0.0,0.0,0.0,0.0,0.0,0.0,0.0,0.0,0.0,0.0,0.0,0.0,0.0,0.0,0.0,0.0,0.0,0.0,0.0,0.0,0.0,0.0,0.0
30.6413518173025,102.904576524305,17.7497379642719,225.0,30.0,113.77884144938388,5.0,5.0,0.6750932328318656,5.2532649950104755e+17,0.0,0.0,0.0,0.0,0.0,0.0,0.0,0.0,0.0,0.0,0.0,0.0,0.0,0.0,0.0,0.0,0.0,0.0,0.0,0.0,0.0,0.0,0.0,0.0,0.0,0.0,0.0,0.0,0.0,0.0,0.0,0.0,0.0,0.0,0.0,0.0,0.0,0.0,0.0,0.0,0.0,0.0,0.0,0.0,0.0,60961656718759.68,121923313437519.36,5835787873497849.0,1.154965243355818e+16,2.2581345785069228e+16,3.361303913658028e+16,4.861913172046226e+16,6.362522430434423e+16,7.849379057589915e+16,9.336235684745408e+16,9.891363045245002e+16,1.0446490405744594e+17,9.822348501009376e+16,9.198206596274162e+16,7.850108485098125e+16,6.502010373922087e+16,5.045574158930872e+16,3.5891379439396588e+16,2.4107709772163932e+16,1.2324040104931274e+16,6691524665376896.0,1059009225822519.2,529504612911259.6,0.0,390790969361920.5,781581938723841.0,1913803916081945.8,3046025893440050.5,3915920266121241.5,4785814638802434.0,4135881933014992.0,3485949227227550.0,1849689232574061.5,213429237920573.0,106714618960286.5,0.0,0.0,0.0,0.0,0.0,0.0,0.0,0.0,0.0,0.0,0.0,0.0,0.0,0.0,0.0,0.0,0.0,0.0,0.0,0.0,0.0,0.0,0.0,0.0,0.0,0.0,0.0,0.0,0.0,0.0,0.0,0.0,0.0,0.0,0.0,0.0,0.0,0.0,0.0,0.0,0.0,0.0,0.0,0.0,0.0,0.0,0.0,0.0,0.0,0.0,0.0,0.0,0.0,0.0,0.0,0.0,0.0,0.0,0.0,0.0,0.0,0.0,0.0,0.0,0.0,0.0,0.0,0.0,0.0,0.0,0.0,0.0,0.0,0.0,0.0,0.0,0.0,0.0,0.0,0.0,0.0,0.0,0.0,0.0,0.0,0.0,0.0,0.0,0.0,0.0,0.0,0.0,0.0,0.0,0.0,0.0,0.0,0.0,0.0,0.0,0.0,0.0,0.0,0.0,0.0,0.0,0.0,0.0,0.0,0.0,0.0,0.0,0.0,0.0,0.0,0.0,0.0,0.0,0.0,0.0,0.0,0.0,0.0,0.0,0.0,0.0,0.0,0.0,0.0,0.0,0.0,0.0,0.0,0.0,0.0,0.0,0.0,0.0,0.0,0.0,0.0,0.0,0.0,0.0,0.0,0.0,0.0,0.0,0.0,0.0,0.0,0.0,0.0,0.0,0.0,0.0,0.0,0.0,0.0,0.0
30.6695282111266,102.870999860609,20.0562836186236,225.0,25.0,120.4384120837521,5.0,5.0,0.5924734310895227,4.610355702960364e+17,0.0,0.0,0.0,0.0,0.0,0.0,0.0,0.0,0.0,0.0,0.0,0.0,0.0,0.0,0.0,0.0,0.0,0.0,0.0,0.0,0.0,0.0,0.0,0.0,0.0,0.0,0.0,0.0,0.0,0.0,0.0,0.0,0.0,0.0,0.0,0.0,0.0,0.0,0.0,0.0,0.0,0.0,0.0,0.0,0.0,0.0,0.0,2587470774630424.0,5174941549260848.0,1.0989697096823866e+16,1.6804452644386884e+16,2.9083475716232464e+16,4.1362498788078056e+16,5.567236344900762e+16,6.998222810993717e+16,7.834833754691547e+16,8.671444698389378e+16,8.5199377296351e+16,8.368430760880822e+16,7.55618263652444e+16,6.743934512168058e+16,5.572405042522835e+16,4.400875572877614e+16,3.11929631575957e+16,1.837717058641526e+16,1.0021202580012328e+16,1665234573609395.2,2222319620012020.2,2779404666414645.0,4194932287035625.5,5610459907656607.0,6384627058863904.0,7158794210071201.0,6834315960421335.0,6509837710771467.0,4935968898500239.0,3362100086229011.5,1881846053138061.8,401592020047111.7,200796010023555.84,0.0,0.0,0.0,0.0,0.0,0.0,0.0,0.0,0.0,0.0,0.0,0.0,0.0,0.0,0.0,0.0,0.0,0.0,0.0,0.0,0.0,0.0,0.0,0.0,0.0,0.0,0.0,0.0,0.0,0.0,0.0,0.0,0.0,0.0,0.0,0.0,0.0,0.0,0.0,0.0,0.0,0.0,0.0,0.0,0.0,0.0,0.0,0.0,0.0,0.0,0.0,0.0,0.0,0.0,0.0,0.0,0.0,0.0,0.0,0.0,0.0,0.0,0.0,0.0,0.0,0.0,0.0,0.0,0.0,0.0,0.0,0.0,0.0,0.0,0.0,0.0,0.0,0.0,0.0,0.0,0.0,0.0,0.0,0.0,0.0,0.0,0.0,0.0,0.0,0.0,0.0,0.0,0.0,0.0,0.0,0.0,0.0,0.0,0.0,0.0,0.0,0.0,0.0,0.0,0.0,0.0,0.0,0.0,0.0,0.0,0.0,0.0,0.0,0.0,0.0,0.0,0.0,0.0,0.0,0.0,0.0,0.0,0.0,0.0,0.0,0.0,0.0,0.0,0.0,0.0,0.0,0.0,0.0,0.0,0.0,0.0,0.0,0.0,0.0,0.0,0.0,0.0,0.0,0.0,0.0,0.0,0.0,0.0,0.0,0.0,0.0,0.0,0.0,0.0,0.0,0.0,0.0,0.0,0.0,0.0
30.6988757597477,102.836007692016,21.9678796312896,225.0,20.0,122.86034033849079,5.0,5.0,0.403932779552027,3.14321908139528e+17,0.0,0.0,0.0,0.0,0.0,0.0,0.0,0.0,0.0,0.0,0.0,0.0,0.0,0.0,0.0,0.0,0.0,0.0,0.0,0.0,0.0,0.0,0.0,0.0,0.0,0.0,0.0,0.0,0.0,0.0,0.0,0.0,0.0,0.0,0.0,0.0,0.0,0.0,0.0,0.0,0.0,0.0,0.0,0.0,0.0,0.0,0.0,0.0,0.0,2024244135537870.0,4048488271075740.0,1.2416283125578212e+16,2.0784077980080684e+16,3.1972782110376916e+16,4.316148624067314e+16,5.068557981578328e+16,5.820967339089342e+16,5.970103474795135e+16,6.119239610500927e+16,5.674165193595706e+16,5.229090776690483e+16,4.327506552600099e+16,3.4259223285097144e+16,2.367096313766854e+16,1.3082702990239934e+16,7721633497110555.0,2360564003981178.5,4206954376264643.5,6053344748548109.0,7083123437314506.0,8112902126080903.0,7501759030507499.0,6890615934934096.0,5125535504396498.0,3360455073858899.0,1937762648004772.8,515070222150646.44,257535111075323.22,0.0,0.0,0.0,0.0,0.0,0.0,0.0,0.0,0.0,0.0,0.0,0.0,0.0,0.0,0.0,0.0,0.0,0.0,0.0,0.0,0.0,0.0,0.0,0.0,0.0,0.0,0.0,0.0,0.0,0.0,0.0,0.0,0.0,0.0,0.0,0.0,0.0,0.0,0.0,0.0,0.0,0.0,0.0,0.0,0.0,0.0,0.0,0.0,0.0,0.0,0.0,0.0,0.0,0.0,0.0,0.0,0.0,0.0,0.0,0.0,0.0,0.0,0.0,0.0,0.0,0.0,0.0,0.0,0.0,0.0,0.0,0.0,0.0,0.0,0.0,0.0,0.0,0.0,0.0,0.0,0.0,0.0,0.0,0.0,0.0,0.0,0.0,0.0,0.0,0.0,0.0,0.0,0.0,0.0,0.0,0.0,0.0,0.0,0.0,0.0,0.0,0.0,0.0,0.0,0.0,0.0,0.0,0.0,0.0,0.0,0.0,0.0,0.0,0.0,0.0,0.0,0.0,0.0,0.0,0.0,0.0,0.0,0.0,0.0,0.0,0.0,0.0,0.0,0.0,0.0,0.0,0.0,0.0,0.0,0.0,0.0,0.0,0.0,0.0,0.0,0.0,0.0,0.0,0.0,0.0,0.0,0.0,0.0,0.0,0.0,0.0,0.0,0.0,0.0,0.0,0.0,0.0,0.0,0.0,0.0,0.0,0.0
30.7291711106,102.799871431967,23.46997760236,225.0,15.0,122.34802410744922,5.0,5.0,0.1792945794952175,1.3951879421252147e+17,0.0,0.0,0.0,0.0,0.0,0.0,0.0,0.0,0.0,0.0,0.0,0.0,0.0,0.0,0.0,0.0,0.0,0.0,0.0,0.0,0.0,0.0,0.0,0.0,0.0,0.0,0.0,0.0,0.0,0.0,0.0,0.0,0.0,0.0,0.0,0.0,0.0,0.0,0.0,0.0,0.0,0.0,0.0,0.0,0.0,0.0,0.0,0.0,0.0,0.0,0.0,2844194950559820.5,5688389901119641.0,1.0672092523031368e+16,1.5655795144943096e+16,2.012513014932321e+16,2.459446515370332e+16,2.6642681653358504e+16,2.869089815301368e+16,2.717389219479266e+16,2.565688623657163e+16,2.096818436403809e+16,1.6279482491504542e+16,1.087227077635227e+16,5465059061199992.0,4431766166241211.5,3398473271282431.0,4310240485591115.0,5222007699899799.0,5220308003503974.0,5218608307108147.0,4155522115217894.5,3092435923327642.0,1824364396087594.2,556292868847545.8,278146434423772.9,0.0,0.0,0.0,0.0,0.0,0.0,0.0,0.0,0.0,0.0,0.0,0.0,0.0,0.0,0.0,0.0,0.0,0.0,0.0,0.0,0.0,0.0,0.0,0.0,0.0,0.0,0.0,0.0,0.0,0.0,0.0,0.0,0.0,0.0,0.0,0.0,0.0,0.0,0.0,0.0,0.0,0.0,0.0,0.0,0.0,0.0,0.0,0.0,0.0,0.0,0.0,0.0,0.0,0.0,0.0,0.0,0.0,0.0,0.0,0.0,0.0,0.0,0.0,0.0,0.0,0.0,0.0,0.0,0.0,0.0,0.0,0.0,0.0,0.0,0.0,0.0,0.0,0.0,0.0,0.0,0.0,0.0,0.0,0.0,0.0,0.0,0.0,0.0,0.0,0.0,0.0,0.0,0.0,0.0,0.0,0.0,0.0,0.0,0.0,0.0,0.0,0.0,0.0,0.0,0.0,0.0,0.0,0.0,0.0,0.0,0.0,0.0,0.0,0.0,0.0,0.0,0.0,0.0,0.0,0.0,0.0,0.0,0.0,0.0,0.0,0.0,0.0,0.0,0.0,0.0,0.0,0.0,0.0,0.0,0.0,0.0,0.0,0.0,0.0,0.0,0.0,0.0,0.0,0.0,0.0,0.0,0.0,0.0,0.0,0.0,0.0,0.0,0.0,0.0,0.0,0.0,0.0,0.0,0.0,0.0,0.0,0.0,0.0,0.0
30.760183697771,102.762984770619,24.5511456592836,225.0,10.0,90.0,5.0,5.0,0.0,0.0,0.0,0.0,0.0,0.0,0.0,0.0,0.0,0.0,0.0,0.0,0.0,0.0,0.0,0.0,0.0,0.0,0.0,0.0,0.0,0.0,0.0,0.0,0.0,0.0,0.0,0.0,0.0,0.0,0.0,0.0,0.0,0.0,0.0,0.0,0.0,0.0,0.0,0.0,0.0,0.0,0.0,0.0,0.0,0.0,0.0,0.0,0.0,0.0,0.0,0.0,0.0,0.0,0.0,0.0,0.0,0.0,0.0,0.0,0.0,0.0,0.0,0.0,0.0,0.0,0.0,0.0,0.0,0.0,0.0,0.0,0.0,0.0,0.0,0.0,0.0,0.0,0.0,0.0,0.0,0.0,0.0,0.0,0.0,0.0,0.0,0.0,0.0,0.0,0.0,0.0,0.0,0.0,0.0,0.0,0.0,0.0,0.0,0.0,0.0,0.0,0.0,0.0,0.0,0.0,0.0,0.0,0.0,0.0,0.0,0.0,0.0,0.0,0.0,0.0,0.0,0.0,0.0,0.0,0.0,0.0,0.0,0.0,0.0,0.0,0.0,0.0,0.0,0.0,0.0,0.0,0.0,0.0,0.0,0.0,0.0,0.0,0.0,0.0,0.0,0.0,0.0,0.0,0.0,0.0,0.0,0.0,0.0,0.0,0.0,0.0,0.0,0.0,0.0,0.0,0.0,0.0,0.0,0.0,0.0,0.0,0.0,0.0,0.0,0.0,0.0,0.0,0.0,0.0,0.0,0.0,0.0,0.0,0.0,0.0,0.0,0.0,0.0,0.0,0.0,0.0,0.0,0.0,0.0,0.0,0.0,0.0,0.0,0.0,0.0,0.0,0.0,0.0,0.0,0.0,0.0,0.0,0.0,0.0,0.0,0.0,0.0,0.0,0.0,0.0,0.0,0.0,0.0,0.0,0.0,0.0,0.0,0.0,0.0,0.0,0.0,0.0,0.0,0.0,0.0,0.0,0.0,0.0,0.0,0.0,0.0,0.0,0.0,0.0,0.0,0.0,0.0,0.0,0.0,0.0,0.0,0.0,0.0,0.0,0.0,0.0
30.5347948947275,102.956093647398,2.46201938253052,225.0,80.0,90.0,5.0,5.0,0.471688132654066,3.670460071772921e+17,0.0,0.0,0.0,0.0,0.0,0.0,0.0,0.0,0.0,0.0,0.0,0.0,0.0,0.0,0.0,0.0,0.0,0.0,0.0,0.0,0.0,0.0,0.0,0.0,0.0,0.0,0.0,0.0,0.0,0.0,0.0,1832620444590632.5,3665240889181265.0,3469258128323142.0,3273275367465018.5,1636637683732509.2,0.0,0.0,0.0,0.0,0.0,0.0,0.0,0.0,0.0,0.0,0.0,0.0,0.0,0.0,0.0,8083729720619544.0,1.6167459441239088e+16,3.2572699823336452e+16,4.897794020543383e+16,6.4065179089825176e+16,7.915241797421651e+16,8.247516804591424e+16,8.579791811761194e+16,7.519470131685544e+16,6.459148451609892e+16,4.682756505517999e+16,2.9063645594261064e+16,1.5730368237118168e+16,2397090879975275.5,1198545439987637.8,0.0,0.0,0.0,0.0,0.0,0.0,0.0,0.0,0.0,1360155954760477.0,2720311909520954.0,6916668047172495.0,1.1113024184824036e+16,1.2340709711425612e+16,1.3568395238027188e+16,1.006145198257722e+16,6554508727127252.0,3278901429718505.0,3294132309757.858,1647066154878.929,0.0,0.0,0.0,0.0,0.0,0.0,0.0,0.0,0.0,0.0,0.0,0.0,0.0,0.0,0.0,0.0,0.0,0.0,0.0,0.0,0.0,0.0,0.0,0.0,0.0,0.0,0.0,0.0,0.0,0.0,0.0,0.0,0.0,0.0,0.0,0.0,0.0,0.0,0.0,0.0,0.0,0.0,0.0,0.0,0.0,0.0,0.0,0.0,0.0,0.0,0.0,0.0,0.0,0.0,0.0,0.0,0.0,0.0,0.0,0.0,0.0,0.0,0.0,0.0,0.0,0.0,0.0,0.0,0.0,0.0,0.0,0.0,0.0,0.0,0.0,0.0,0.0,0.0,0.0,0.0,0.0,0.0,0.0,0.0,0.0,0.0,0.0,0.0,0.0,0.0,0.0,0.0,0.0,0.0,0.0,0.0,0.0,0.0,0.0,0.0,0.0,0.0,0.0,0.0,0.0,0.0,0.0,0.0,0.0,0.0,0.0,0.0,0.0,0.0,0.0,0.0,0.0,0.0,0.0,0.0,0.0,0.0,0.0,0.0,0.0,0.0,0.0,0.0,0.0,0.0,0.0,0.0,0.0,0.0,0.0,0.0,0.0,0.0,0.0,0.0,0.0,0.0,0.0,0.0,0.0,0.0,0.0,0.0,0.0,0.0,0.0,0.0,0.0,0.0
30.5442742850068,102.944849607507,7.18980823265266,225.0,65.0,90.08473712244555,5.0,5.0,0.5972295690145326,4.647365780469346e+17,0.0,0.0,0.0,0.0,0.0,0.0,0.0,0.0,0.0,0.0,0.0,0.0,0.0,0.0,0.0,0.0,0.0,0.0,0.0,0.0,0.0,0.0,0.0,0.0,0.0,0.0,0.0,0.0,0.0,0.0,0.0,4624564979353459.0,9249129958706918.0,8469446241672299.0,7689762524637681.0,3844881262318840.5,0.0,0.0,0.0,0.0,0.0,0.0,0.0,0.0,0.0,0.0,0.0,0.0,0.0,3648688826903203.5,7297377653806407.0,1.9917977698371748e+16,3.2538577742937096e+16,5.030348611816299e+16,6.80683944933889e+16,8.154181919906598e+16,9.501524390474307e+16,9.560111842665266e+16,9.618699294856222e+16,8.249483229941189e+16,6.880267165026154e+16,4.840201209100718e+16,2.8001352531752828e+16,1.4000676265876414e+16,0.0,0.0,0.0,0.0,0.0,0.0,0.0,0.0,0.0,0.0,0.0,4206522527953279.5,8413045055906559.0,1.3779170715607688e+16,1.9145296375308816e+16,1.833411155129953e+16,1.752292672729023e+16,1.2164366603461284e+16,6805806479632336.0,3402903239816168.0,0.0,0.0,0.0,0.0,0.0,0.0,0.0,0.0,0.0,0.0,0.0,0.0,0.0,0.0,0.0,0.0,0.0,0.0,0.0,0.0,0.0,0.0,0.0,0.0,0.0,0.0,0.0,0.0,0.0,0.0,0.0,0.0,0.0,0.0,0.0,0.0,0.0,0.0,0.0,0.0,0.0,0.0,0.0,0.0,0.0,0.0,0.0,0.0,0.0,0.0,0.0,0.0,0.0,0.0,0.0,0.0,0.0,0.0,0.0,0.0,0.0,0.0,0.0,0.0,0.0,0.0,0.0,0.0,0.0,0.0,0.0,0.0,0.0,0.0,0.0,0.0,0.0,0.0,0.0,0.0,0.0,0.0,0.0,0.0,0.0,0.0,0.0,0.0,0.0,0.0,0.0,0.0,0.0,0.0,0.0,0.0,0.0,0.0,0.0,0.0,0.0,0.0,0.0,0.0,0.0,0.0,0.0,0.0,0.0,0.0,0.0,0.0,0.0,0.0,0.0,0.0,0.0,0.0,0.0,0.0,0.0,0.0,0.0,0.0,0.0,0.0,0.0,0.0,0.0,0.0,0.0,0.0,0.0,0.0,0.0,0.0,0.0,0.0,0.0,0.0,0.0,0.0,0.0,0.0,0.0,0.0,0.0,0.0,0.0,0.0,0.0,0.0,0.0,0.0,0.0,0.0
30.5612120118244,102.924721250474,11.3706888080417,225.0,50.0,96.45577544987823,5.0,5.0,0.6597196645485479,5.133634958471108e+17,0.0,0.0,0.0,0.0,0.0,0.0,0.0,0.0,0.0,0.0,0.0,0.0,0.0,0.0,0.0,0.0,0.0,0.0,0.0,0.0,0.0,0.0,0.0,0.0,0.0,0.0,0.0,0.0,0.0,1840210826586889.8,3680421653173779.5,6004724463589551.0,8329027274005324.0,7178764335350038.0,6028501396694754.0,3014250698347377.0,0.0,0.0,0.0,0.0,0.0,0.0,0.0,0.0,0.0,0.0,0.0,1517905224595538.8,3035810449191077.5,1.4024076667248254e+16,2.501234288530543e+16,4.167418591378905e+16,5.833602894227266e+16,7.446265604467976e+16,9.058928314708686e+16,9.832956467433634e+16,1.0606984620158582e+17,1.0031649834058237e+17,9.456315047957891e+16,7.739036175061259e+16,6.0217573021646264e+16,4.0501747841431944e+16,2.078592266121761e+16,1.0392961330608804e+16,0.0,0.0,0.0,0.0,0.0,0.0,0.0,0.0,0.0,289101235505383.75,578202471010767.5,5070217243552823.0,9562232016094878.0,1.2450165717645132e+16,1.533809941919539e+16,1.279260907983557e+16,1.0247118740475752e+16,5618526914525625.0,989935088575497.2,494967544287748.6,0.0,0.0,0.0,0.0,0.0,0.0,0.0,0.0,0.0,0.0,0.0,0.0,0.0,0.0,0.0,0.0,0.0,0.0,0.0,0.0,0.0,0.0,0.0,0.0,0.0,0.0,0.0,0.0,0.0,0.0,0.0,0.0,0.0,0.0,0.0,0.0,0.0,0.0,0.0,0.0,0.0,0.0,0.0,0.0,0.0,0.0,0.0,0.0,0.0,0.0,0.0,0.0,0.0,0.0,0.0,0.0,0.0,0.0,0.0,0.0,0.0,0.0,0.0,0.0,0.0,0.0,0.0,0.0,0.0,0.0,0.0,0.0,0.0,0.0,0.0,0.0,0.0,0.0,0.0,0.0,0.0,0.0,0.0,0.0,0.0,0.0,0.0,0.0,0.0,0.0,0.0,0.0,0.0,0.0,0.0,0.0,0.0,0.0,0.0,0.0,0.0,0.0,0.0,0.0,0.0,0.0,0.0,0.0,0.0,0.0,0.0,0.0,0.0,0.0,0.0,0.0,0.0,0.0,0.0,0.0,0.0,0.0,0.0,0.0,0.0,0.0,0.0,0.0,0.0,0.0,0.0,0.0,0.0,0.0,0.0,0.0,0.0,0.0,0.0,0.0,0.0,0.0,0.0,0.0,0.0,0.0,0.0,0.0,0.0,0.0,0.0,0.0,0.0,0.0,0.0,0.0
30.5836094972168,102.898065470048,14.8927689400555,225.0,40.0,109.71820947911348,5.0,5.0,0.637804073195565,4.963097907734217e+17,0.0,0.0,0.0,0.0,0.0,0.0,0.0,0.0,0.0,0.0,0.0,0.0,0.0,0.0,0.0,0.0,0.0,0.0,0.0,0.0,0.0,0.0,0.0,0.0,0.0,0.0,0.0,0.0,0.0,0.0,0.0,509017066184815.06,1018034132369630.1,509017066184815.06,0.0,0.0,0.0,0.0,0.0,0.0,0.0,0.0,0.0,0.0,0.0,0.0,0.0,4345825124579941.5,8691650249159883.0,2.059108135505585e+16,3.2490512460951816e+16,4.8154246010238104e+16,6.38179795595244e+16,7.860990591834144e+16,9.340183227715848e+16,9.862768326048373e+16,1.0385353424380896e+17,9.689471081631507e+16,8.993588738882118e+16,7.450034863602098e+16,5.906480988322076e+16,4.29250596677196e+16,2.6785309452218444e+16,1.6125977968455848e+16,5466646484693257.0,2733323242346628.5,0.0,0.0,0.0,0.0,0.0,0.0,0.0,787123990097574.2,1574247980195148.5,3198185091359814.0,4822122202524480.0,4903306290848443.0,4984490379172406.0,2693612229387629.5,402734079602853.4,201367039801426.7,0.0,0.0,0.0,0.0,0.0,0.0,0.0,0.0,0.0,0.0,0.0,0.0,0.0,0.0,0.0,0.0,0.0,0.0,0.0,0.0,0.0,0.0,0.0,0.0,0.0,0.0,0.0,0.0,0.0,0.0,0.0,0.0,0.0,0.0,0.0,0.0,0.0,0.0,0.0,0.0,0.0,0.0,0.0,0.0,0.0,0.0,0.0,0.0,0.0,0.0,0.0,0.0,0.0,0.0,0.0,0.0,0.0,0.0,0.0,0.0,0.0,0.0,0.0,0.0,0.0,0.0,0.0,0.0,0.0,0.0,0.0,0.0,0.0,0.0,0.0,0.0,0.0,0.0,0.0,0.0,0.0,0.0,0.0,0.0,0.0,0.0,0.0,0.0,0.0,0.0,0.0,0.0,0.0,0.0,0.0,0.0,0.0,0.0,0.0,0.0,0.0,0.0,0.0,0.0,0.0,0.0,0.0,0.0,0.0,0.0,0.0,0.0,0.0,0.0,0.0,0.0,0.0,0.0,0.0,0.0,0.0,0.0,0.0,0.0,0.0,0.0,0.0,0.0,0.0,0.0,0.0,0.0,0.0,0.0,0.0,0.0,0.0,0.0,0.0,0.0,0.0,0.0,0.0,0.0,0.0,0.0,0.0,0.0,0.0,0.0,0.0,0.0,0.0,0.0,0.0,0.0,0.0,0.0
30.6095559970019,102.867156556974,17.7497379642719,225.0,30.0,123.26623906627056,5.0,5.0,0.6410174828154172,4.988103183227481e+17,0.0,0.0,0.0,0.0,0.0,0.0,0.0,0.0,0.0,0.0,0.0,0.0,0.0,0.0,0.0,0.0,0.0,0.0,0.0,0.0,0.0,0.0,0.0,0.0,0.0,0.0,0.0,0.0,0.0,0.0,0.0,0.0,0.0,0.0,0.0,0.0,0.0,0.0,0.0,0.0,0.0,0.0,0.0,0.0,0.0,0.0,0.0,3068753665891804.0,6137507331783608.0,1.4194298876410868e+16,2.2251090421038136e+16,3.69316414604408e+16,5.1612192499843464e+16,6.738354615867553e+16,8.315489981750758e+16,9.043388207318274e+16,9.771286432885787e+16,9.345062967129251e+16,8.918839501372712e+16,7.797682878630715e+16,6.676526255888721e+16,5.44994680172066e+16,4.223367347552598e+16,3.112981739798429e+16,2.00259613204426e+16,1.2408539982479324e+16,4791118644516050.0,2395559322258025.0,0.0,867842067104652.4,1735684134209304.8,3148806117463590.0,4561928100717875.0,4917248402441698.0,5272568704165521.0,4171378712991208.0,3070188721816895.0,1683585985762861.2,296983249708827.1,148491624854413.56,0.0,0.0,0.0,0.0,0.0,0.0,0.0,0.0,0.0,0.0,0.0,0.0,0.0,0.0,0.0,0.0,0.0,0.0,0.0,0.0,0.0,0.0,0.0,0.0,0.0,0.0,0.0,0.0,0.0,0.0,0.0,0.0,0.0,0.0,0.0,0.0,0.0,0.0,0.0,0.0,0.0,0.0,0.0,0.0,0.0,0.0,0.0,0.0,0.0,0.0,0.0,0.0,0.0,0.0,0.0,0.0,0.0,0.0,0.0,0.0,0.0,0.0,0.0,0.0,0.0,0.0,0.0,0.0,0.0,0.0,0.0,0.0,0.0,0.0,0.0,0.0,0.0,0.0,0.0,0.0,0.0,0.0,0.0,0.0,0.0,0.0,0.0,0.0,0.0,0.0,0.0,0.0,0.0,0.0,0.0,0.0,0.0,0.0,0.0,0.0,0.0,0.0,0.0,0.0,0.0,0.0,0.0,0.0,0.0,0.0,0.0,0.0,0.0,0.0,0.0,0.0,0.0,0.0,0.0,0.0,0.0,0.0,0.0,0.0,0.0,0.0,0.0,0.0,0.0,0.0,0.0,0.0,0.0,0.0,0.0,0.0,0.0,0.0,0.0,0.0,0.0,0.0,0.0,0.0,0.0,0.0,0.0,0.0,0.0,0.0,0.0,0.0,0.0,0.0,0.0,0.0,0.0,0.0,0.0,0.0
30.637732390826,102.833568918161,20.0562836186236,225.0,25.0,129.42028382314376,5.0,5.0,0.5949097213541337,4.6293137931060454e+17,0.0,0.0,0.0,0.0,0.0,0.0,0.0,0.0,0.0,0.0,0.0,0.0,0.0,0.0,0.0,0.0,0.0,0.0,0.0,0.0,0.0,0.0,0.0,0.0,0.0,0.0,0.0,0.0,0.0,0.0,0.0,0.0,0.0,0.0,0.0,0.0,0.0,0.0,0.0,0.0,0.0,0.0,0.0,0.0,0.0,0.0,0.0,888915193825123.0,1777830387650246.0,6548621120317998.0,1.1319411852985752e+16,2.4670277914361908e+16,3.802114397573806e+16,5.294430794796274e+16,6.786747192018741e+16,7.603384116206562e+16,8.420021040394382e+16,8.32002831705022e+16,8.220035593706059e+16,7.541308056346851e+16,6.862580518987644e+16,5.879577776196057e+16,4.896575033404469e+16,3.724835460575664e+16,2.5530958877468584e+16,1.604918210114509e+16,6567405324821596.0,5216388947905803.0,3865372570990010.5,5645612776742440.0,7425852982494868.0,7830939363750632.0,8236025745006397.0,7172159104308902.0,6108292463611408.0,4163891904168035.5,2219491344724663.2,1109745672362331.6,0.0,0.0,0.0,0.0,0.0,0.0,0.0,0.0,0.0,0.0,0.0,0.0,0.0,0.0,0.0,0.0,0.0,0.0,0.0,0.0,0.0,0.0,0.0,0.0,0.0,0.0,0.0,0.0,0.0,0.0,0.0,0.0,0.0,0.0,0.0,0.0,0.0,0.0,0.0,0.0,0.0,0.0,0.0,0.0,0.0,0.0,0.0,0.0,0.0,0.0,0.0,0.0,0.0,0.0,0.0,0.0,0.0,0.0,0.0,0.0,0.0,0.0,0.0,0.0,0.0,0.0,0.0,0.0,0.0,0.0,0.0,0.0,0.0,0.0,0.0,0.0,0.0,0.0,0.0,0.0,0.0,0.0,0.0,0.0,0.0,0.0,0.0,0.0,0.0,0.0,0.0,0.0,0.0,0.0,0.0,0.0,0.0,0.0,0.0,0.0,0.0,0.0,0.0,0.0,0.0,0.0,0.0,0.0,0.0,0.0,0.0,0.0,0.0,0.0,0.0,0.0,0.0,0.0,0.0,0.0,0.0,0.0,0.0,0.0,0.0,0.0,0.0,0.0,0.0,0.0,0.0,0.0,0.0,0.0,0.0,0.0,0.0,0.0,0.0,0.0,0.0,0.0,0.0,0.0,0.0,0.0,0.0,0.0,0.0,0.0,0.0,0.0,0.0,0.0,0.0,0.0,0.0,0.0,0.0,0.0,0.0,0.0
30.667079939447,102.798565068865,21.9678796312896,225.0,20.0,131.37798413901697,5.0,5.0,0.4253691646758744,3.3100271696919034e+17,0.0,0.0,0.0,0.0,0.0,0.0,0.0,0.0,0.0,0.0,0.0,0.0,0.0,0.0,0.0,0.0,0.0,0.0,0.0,0.0,0.0,0.0,0.0,0.0,0.0,0.0,0.0,0.0,0.0,0.0,0.0,0.0,0.0,0.0,0.0,0.0,0.0,0.0,0.0,0.0,0.0,0.0,0.0,0.0,0.0,0.0,0.0,0.0,0.0,2031665471934681.5,4063330943869363.0,1.3201199700209716e+16,2.2339068456550068e+16,3.3472631867987624e+16,4.460619527942516e+16,5.150110390286545e+16,5.839601252630573e+16,5.948081584419299e+16,6.0565619162080264e+16,5.6975854587928216e+16,5.338609001377618e+16,4.53933219052041e+16,3.740055379663202e+16,2.743346689075219e+16,1.7466379984872362e+16,1.0991871732065968e+16,4517363479259572.0,6346370674668258.0,8175377870076943.0,8930355950936153.0,9685334031795362.0,8547678558842779.0,7410023085890197.0,5200695712273671.0,2991368338657143.0,1495684169328571.5,0.0,0.0,0.0,0.0,0.0,0.0,0.0,0.0,0.0,0.0,0.0,0.0,0.0,0.0,0.0,0.0,0.0,0.0,0.0,0.0,0.0,0.0,0.0,0.0,0.0,0.0,0.0,0.0,0.0,0.0,0.0,0.0,0.0,0.0,0.0,0.0,0.0,0.0,0.0,0.0,0.0,0.0,0.0,0.0,0.0,0.0,0.0,0.0,0.0,0.0,0.0,0.0,0.0,0.0,0.0,0.0,0.0,0.0,0.0,0.0,0.0,0.0,0.0,0.0,0.0,0.0,0.0,0.0,0.0,0.0,0.0,0.0,0.0,0.0,0.0,0.0,0.0,0.0,0.0,0.0,0.0,0.0,0.0,0.0,0.0,0.0,0.0,0.0,0.0,0.0,0.0,0.0,0.0,0.0,0.0,0.0,0.0,0.0,0.0,0.0,0.0,0.0,0.0,0.0,0.0,0.0,0.0,0.0,0.0,0.0,0.0,0.0,0.0,0.0,0.0,0.0,0.0,0.0,0.0,0.0,0.0,0.0,0.0,0.0,0.0,0.0,0.0,0.0,0.0,0.0,0.0,0.0,0.0,0.0,0.0,0.0,0.0,0.0,0.0,0.0,0.0,0.0,0.0,0.0,0.0,0.0,0.0,0.0,0.0,0.0,0.0,0.0,0.0,0.0,0.0,0.0,0.0,0.0,0.0,0.0,0.0,0.0,0.0,0.0
30.6973752902994,102.762416680238,23.46997760236,225.0,15.0,130.50662471510586,5.0,5.0,0.1937476504284869,1.507655091715288e+17,0.0,0.0,0.0,0.0,0.0,0.0,0.0,0.0,0.0,0.0,0.0,0.0,0.0,0.0,0.0,0.0,0.0,0.0,0.0,0.0,0.0,0.0,0.0,0.0,0.0,0.0,0.0,0.0,0.0,0.0,0.0,0.0,0.0,0.0,0.0,0.0,0.0,0.0,0.0,0.0,0.0,0.0,0.0,0.0,0.0,0.0,0.0,0.0,0.0,0.0,0.0,3766989243436972.5,7533978486873945.0,1.2481933884609754e+16,1.7429889282345566e+16,2.1365880348488164e+16,2.5301871414630764e+16,2.6897821324189084e+16,2.849377123374741e+16,2.7235006093844284e+16,2.597624095394115e+16,2.1668692817080772e+16,1.7361144680220396e+16,1.20370691096174e+16,6712993539014404.0,5495519771048223.0,4278046003082039.5,5614322359457866.0,6950598715833693.0,6743797854138028.0,6536996992442364.0,5163572652610514.0,3790148312778663.0,2094988934698536.5,399829556618409.8,199914778309204.9,0.0,0.0,0.0,0.0,0.0,0.0,0.0,0.0,0.0,0.0,0.0,0.0,0.0,0.0,0.0,0.0,0.0,0.0,0.0,0.0,0.0,0.0,0.0,0.0,0.0,0.0,0.0,0.0,0.0,0.0,0.0,0.0,0.0,0.0,0.0,0.0,0.0,0.0,0.0,0.0,0.0,0.0,0.0,0.0,0.0,0.0,0.0,0.0,0.0,0.0,0.0,0.0,0.0,0.0,0.0,0.0,0.0,0.0,0.0,0.0,0.0,0.0,0.0,0.0,0.0,0.0,0.0,0.0,0.0,0.0,0.0,0.0,0.0,0.0,0.0,0.0,0.0,0.0,0.0,0.0,0.0,0.0,0.0,0.0,0.0,0.0,0.0,0.0,0.0,0.0,0.0,0.0,0.0,0.0,0.0,0.0,0.0,0.0,0.0,0.0,0.0,0.0,0.0,0.0,0.0,0.0,0.0,0.0,0.0,0.0,0.0,0.0,0.0,0.0,0.0,0.0,0.0,0.0,0.0,0.0,0.0,0.0,0.0,0.0,0.0,0.0,0.0,0.0,0.0,0.0,0.0,0.0,0.0,0.0,0.0,0.0,0.0,0.0,0.0,0.0,0.0,0.0,0.0,0.0,0.0,0.0,0.0,0.0,0.0,0.0,0.0,0.0,0.0,0.0,0.0,0.0,0.0,0.0,0.0,0.0,0.0,0.0,0.0,0.0
30.7283878774703,102.725520726409,24.5511456592836,225.0,10.0,90.0,5.0,5.0,0.0,0.0,0.0,0.0,0.0,0.0,0.0,0.0,0.0,0.0,0.0,0.0,0.0,0.0,0.0,0.0,0.0,0.0,0.0,0.0,0.0,0.0,0.0,0.0,0.0,0.0,0.0,0.0,0.0,0.0,0.0,0.0,0.0,0.0,0.0,0.0,0.0,0.0,0.0,0.0,0.0,0.0,0.0,0.0,0.0,0.0,0.0,0.0,0.0,0.0,0.0,0.0,0.0,0.0,0.0,0.0,0.0,0.0,0.0,0.0,0.0,0.0,0.0,0.0,0.0,0.0,0.0,0.0,0.0,0.0,0.0,0.0,0.0,0.0,0.0,0.0,0.0,0.0,0.0,0.0,0.0,0.0,0.0,0.0,0.0,0.0,0.0,0.0,0.0,0.0,0.0,0.0,0.0,0.0,0.0,0.0,0.0,0.0,0.0,0.0,0.0,0.0,0.0,0.0,0.0,0.0,0.0,0.0,0.0,0.0,0.0,0.0,0.0,0.0,0.0,0.0,0.0,0.0,0.0,0.0,0.0,0.0,0.0,0.0,0.0,0.0,0.0,0.0,0.0,0.0,0.0,0.0,0.0,0.0,0.0,0.0,0.0,0.0,0.0,0.0,0.0,0.0,0.0,0.0,0.0,0.0,0.0,0.0,0.0,0.0,0.0,0.0,0.0,0.0,0.0,0.0,0.0,0.0,0.0,0.0,0.0,0.0,0.0,0.0,0.0,0.0,0.0,0.0,0.0,0.0,0.0,0.0,0.0,0.0,0.0,0.0,0.0,0.0,0.0,0.0,0.0,0.0,0.0,0.0,0.0,0.0,0.0,0.0,0.0,0.0,0.0,0.0,0.0,0.0,0.0,0.0,0.0,0.0,0.0,0.0,0.0,0.0,0.0,0.0,0.0,0.0,0.0,0.0,0.0,0.0,0.0,0.0,0.0,0.0,0.0,0.0,0.0,0.0,0.0,0.0,0.0,0.0,0.0,0.0,0.0,0.0,0.0,0.0,0.0,0.0,0.0,0.0,0.0,0.0,0.0,0.0,0.0,0.0,0.0,0.0,0.0,0.0
30.5029990744268,102.918699243184,2.46201938253052,225.0,80.0,90.12600681584183,5.0,5.0,0.4650954235867616,3.6191586424573286e+17,0.0,0.0,0.0,0.0,0.0,0.0,0.0,0.0,0.0,0.0,0.0,0.0,0.0,0.0,0.0,0.0,0.0,0.0,0.0,0.0,0.0,0.0,0.0,0.0,0.0,0.0,0.0,0.0,0.0,0.0,0.0,0.0,0.0,815707736441366.4,1631415472882732.8,815707736441366.4,0.0,0.0,0.0,0.0,0.0,0.0,0.0,0.0,0.0,0.0,0.0,0.0,0.0,0.0,0.0,7039817853442592.0,1.4079635706885184e+16,2.9818238494359772e+16,4.555684128183435e+16,6.0942123139952536e+16,7.63274049980707e+16,8.125754033480026e+16,8.618767567152982e+16,7.708127677131482e+16,6.797487787109979e+16,4.995839684772475e+16,3.1941915824349708e+16,1.7609171927556554e+16,3276428030763397.0,1638214015381698.5,0.0,0.0,0.0,0.0,0.0,0.0,0.0,56744022798015.66,113488045596031.31,826741597157679.4,1539995148719327.2,6259621951056853.0,1.0979248753394376e+16,1.2637786907947776e+16,1.4296325062501174e+16,1.1045724805439756e+16,7795124548378341.0,4005306189053132.0,215487829727923.6,107743914863961.8,0.0,0.0,0.0,0.0,0.0,0.0,0.0,0.0,0.0,0.0,0.0,0.0,0.0,0.0,0.0,0.0,0.0,0.0,0.0,0.0,0.0,0.0,0.0,0.0,0.0,0.0,0.0,0.0,0.0,0.0,0.0,0.0,0.0,0.0,0.0,0.0,0.0,0.0,0.0,0.0,0.0,0.0,0.0,0.0,0.0,0.0,0.0,0.0,0.0,0.0,0.0,0.0,0.0,0.0,0.0,0.0,0.0,0.0,0.0,0.0,0.0,0.0,0.0,0.0,0.0,0.0,0.0,0.0,0.0,0.0,0.0,0.0,0.0,0.0,0.0,0.0,0.0,0.0,0.0,0.0,0.0,0.0,0.0,0.0,0.0,0.0,0.0,0.0,0.0,0.0,0.0,0.0,0.0,0.0,0.0,0.0,0.0,0.0,0.0,0.0,0.0,0.0,0.0,0.0,0.0,0.0,0.0,0.0,0.0,0.0,0.0,0.0,0.0,0.0,0.0,0.0,0.0,0.0,0.0,0.0,0.0,0.0,0.0,0.0,0.0,0.0,0.0,0.0,0.0,0.0,0.0,0.0,0.0,0.0,0.0,0.0,0.0,0.0,0.0,0.0,0.0,0.0,0.0,0.0,0.0,0.0,0.0,0.0,0.0,0.0,0.0,0.0,0.0,0.0
30.5124784647062,102.907452730029,7.18980823265266,225.0,65.0,91.2119816078932,5.0,5.0,0.5649517204197062,4.3961944105147603e+17,0.0,0.0,0.0,0.0,0.0,0.0,0.0,0.0,0.0,0.0,0.0,0.0,0.0,0.0,0.0,0.0,0.0,0.0,0.0,0.0,0.0,0.0,0.0,0.0,0.0,0.0,0.0,0.0,0.0,0.0,0.0,0.0,0.0,2094704513149565.5,4189409026299131.0,2094704513149565.5,0.0,0.0,0.0,0.0,0.0,0.0,0.0,0.0,0.0,0.0,0.0,0.0,0.0,2200500491087870.5,4401000982175741.0,1.5549503758816224e+16,2.669800653545671e+16,4.358337665990855e+16,6.046874678436038e+16,7.4720180495757e+16,8.897161420715362e+16,9.188485056001309e+16,9.479808691287254e+16,8.36643080034958e+16,7.253052909411906e+16,5.247316472554402e+16,3.2415800356968976e+16,1.678044373996248e+16,1145087122955986.0,572543561477993.0,0.0,0.0,0.0,0.0,0.0,0.0,0.0,0.0,0.0,3598575073372441.5,7197150146744883.0,1.2949672375765642e+16,1.8702194604786396e+16,1.9008572865429756e+16,1.931495112607312e+16,1.4050907638791322e+16,8786864151509525.0,4393432075754762.5,0.0,0.0,0.0,0.0,0.0,0.0,0.0,0.0,0.0,0.0,0.0,0.0,0.0,0.0,0.0,0.0,0.0,0.0,0.0,0.0,0.0,0.0,0.0,0.0,0.0,0.0,0.0,0.0,0.0,0.0,0.0,0.0,0.0,0.0,0.0,0.0,0.0,0.0,0.0,0.0,0.0,0.0,0.0,0.0,0.0,0.0,0.0,0.0,0.0,0.0,0.0,0.0,0.0,0.0,0.0,0.0,0.0,0.0,0.0,0.0,0.0,0.0,0.0,0.0,0.0,0.0,0.0,0.0,0.0,0.0,0.0,0.0,0.0,0.0,0.0,0.0,0.0,0.0,0.0,0.0,0.0,0.0,0.0,0.0,0.0,0.0,0.0,0.0,0.0,0.0,0.0,0.0,0.0,0.0,0.0,0.0,0.0,0.0,0.0,0.0,0.0,0.0,0.0,0.0,0.0,0.0,0.0,0.0,0.0,0.0,0.0,0.0,0.0,0.0,0.0,0.0,0.0,0.0,0.0,0.0,0.0,0.0,0.0,0.0,0.0,0.0,0.0,0.0,0.0,0.0,0.0,0.0,0.0,0.0,0.0,0.0,0.0,0.0,0.0,0.0,0.0,0.0,0.0,0.0,0.0,0.0,0.0,0.0,0.0,0.0,0.0,0.0,0.0,0.0,0.0,0.0
30.5294161915238,102.887319032446,11.3706888080417,225.0,50.0,100.82646820212474,5.0,5.0,0.6015581358082634,4.681048696117434e+17,0.0,0.0,0.0,0.0,0.0,0.0,0.0,0.0,0.0,0.0,0.0,0.0,0.0,0.0,0.0,0.0,0.0,0.0,0.0,0.0,0.0,0.0,0.0,0.0,0.0,0.0,0.0,0.0,0.0,0.0,0.0,0.0,0.0,1714592164729391.2,3429184329458782.5,1714592164729391.2,0.0,0.0,0.0,0.0,0.0,0.0,0.0,0.0,0.0,0.0,0.0,632583889475890.4,1265167778951780.8,9221828711927420.0,1.717848964490306e+16,3.1335174456720684e+16,4.54918592685383e+16,6.103634208350116e+16,7.658082489846403e+16,8.608479643841226e+16,9.558876797836048e+16,9.384410430168709e+16,9.209944062501366e+16,7.887419054180514e+16,6.564894045859662e+16,4.712761634752745e+16,2.8606292236458264e+16,1.552027171467251e+16,2434251192886749.0,1217125596443374.5,0.0,0.0,0.0,0.0,0.0,0.0,0.0,0.0,0.0,4249496671749424.5,8498993343498849.0,1.2177052736815456e+16,1.585511213013206e+16,1.4210949832876986e+16,1.2566787535621918e+16,7713772863240370.0,2860758190858821.5,1430379095429410.8,0.0,0.0,0.0,0.0,0.0,0.0,0.0,0.0,0.0,0.0,0.0,0.0,0.0,0.0,0.0,0.0,0.0,0.0,0.0,0.0,0.0,0.0,0.0,0.0,0.0,0.0,0.0,0.0,0.0,0.0,0.0,0.0,0.0,0.0,0.0,0.0,0.0,0.0,0.0,0.0,0.0,0.0,0.0,0.0,0.0,0.0,0.0,0.0,0.0,0.0,0.0,0.0,0.0,0.0,0.0,0.0,0.0,0.0,0.0,0.0,0.0,0.0,0.0,0.0,0.0,0.0,0.0,0.0,0.0,0.0,0.0,0.0,0.0,0.0,0.0,0.0,0.0,0.0,0.0,0.0,0.0,0.0,0.0,0.0,0.0,0.0,0.0,0.0,0.0,0.0,0.0,0.0,0.0,0.0,0.0,0.0,0.0,0.0,0.0,0.0,0.0,0.0,0.0,0.0,0.0,0.0,0.0,0.0,0.0,0.0,0.0,0.0,0.0,0.0,0.0,0.0,0.0,0.0,0.0,0.0,0.0,0.0,0.0,0.0,0.0,0.0,0.0,0.0,0.0,0.0,0.0,0.0,0.0,0.0,0.0,0.0,0.0,0.0,0.0,0.0,0.0,0.0,0.0,0.0,0.0,0.0,0.0,0.0,0.0,0.0,0.0,0.0,0.0,0.0,0.0,0.0
30.5518136769162,102.860655293806,14.8927689400555,225.0,40.0,117.39327128209467,5.0,5.0,0.6156992225421736,4.7910881281808256e+17,0.0,0.0,0.0,0.0,0.0,0.0,0.0,0.0,0.0,0.0,0.0,0.0,0.0,0.0,0.0,0.0,0.0,0.0,0.0,0.0,0.0,0.0,0.0,0.0,0.0,0.0,0.0,0.0,0.0,0.0,0.0,0.0,0.0,0.0,0.0,0.0,0.0,0.0,0.0,0.0,0.0,0.0,0.0,0.0,0.0,0.0,0.0,2916538484347663.0,5833076968695326.0,1.4750297658995496e+16,2.3667518349295664e+16,3.754783445907085e+16,5.142815056884602e+16,6.627799181430424e+16,8.112783305976246e+16,8.862550141801256e+16,9.612316977626266e+16,9.243932546145694e+16,8.875548114665122e+16,7.66978496209912e+16,6.464021809533117e+16,5.053070736226602e+16,3.642119662920086e+16,2.5071263122486732e+16,1.372132961577259e+16,8068675793636537.0,2416021971500482.5,1208010985750241.2,0.0,0.0,0.0,581836712356556.6,1163673424713113.2,1880493423543818.5,2597313422374523.0,3678755381952496.0,4760197341530469.0,5036659725023499.0,5313122108516528.0,3226816224072981.5,1140510339629435.8,570255169814717.9,0.0,0.0,0.0,0.0,0.0,0.0,0.0,0.0,0.0,0.0,0.0,0.0,0.0,0.0,0.0,0.0,0.0,0.0,0.0,0.0,0.0,0.0,0.0,0.0,0.0,0.0,0.0,0.0,0.0,0.0,0.0,0.0,0.0,0.0,0.0,0.0,0.0,0.0,0.0,0.0,0.0,0.0,0.0,0.0,0.0,0.0,0.0,0.0,0.0,0.0,0.0,0.0,0.0,0.0,0.0,0.0,0.0,0.0,0.0,0.0,0.0,0.0,0.0,0.0,0.0,0.0,0.0,0.0,0.0,0.0,0.0,0.0,0.0,0.0,0.0,0.0,0.0,0.0,0.0,0.0,0.0,0.0,0.0,0.0,0.0,0.0,0.0,0.0,0.0,0.0,0.0,0.0,0.0,0.0,0.0,0.0,0.0,0.0,0.0,0.0,0.0,0.0,0.0,0.0,0.0,0.0,0.0,0.0,0.0,0.0,0.0,0.0,0.0,0.0,0.0,0.0,0.0,0.0,0.0,0.0,0.0,0.0,0.0,0.0,0.0,0.0,0.0,0.0,0.0,0.0,0.0,0.0,0.0,0.0,0.0,0.0,0.0,0.0,0.0,0.0,0.0,0.0,0.0,0.0,0.0,0.0,0.0,0.0,0.0,0.0,0.0,0.0,0.0,0.0,0.0,0.0,0.0,0.0
30.5777601767013,102.829736589642,17.7497379642719,225.0,30.0,130.08767983767115,5.0,5.0,0.6828454866314505,5.313589468042097e+17,0.0,0.0,0.0,0.0,0.0,0.0,0.0,0.0,0.0,0.0,0.0,0.0,0.0,0.0,0.0,0.0,0.0,0.0,0.0,0.0,0.0,0.0,0.0,0.0,0.0,0.0,0.0,0.0,0.0,0.0,0.0,0.0,0.0,0.0,0.0,0.0,0.0,0.0,0.0,0.0,0.0,0.0,0.0,0.0,0.0,0.0,0.0,2009271194430607.8,4018542388861215.5,1.0056780608033784e+16,1.6095018827206354e+16,3.089492651487163e+16,4.56948342025369e+16,6.228872679632381e+16,7.888261939011074e+16,8.747371421137787e+16,9.606480903264498e+16,9.373568484447218e+16,9.140656065629936e+16,8.274237016703602e+16,7.407817967777269e+16,6.3978717936445304e+16,5.387925619511793e+16,4.344498105009455e+16,3.3010705905071164e+16,2.3685811247461104e+16,1.4360916589851038e+16,9237605156043730.0,4114293722236422.5,4149510998576940.5,4184728274917458.0,5335632281329668.0,6486536287741877.0,6318325022627626.0,6150113757513375.0,4540972826920815.0,2931831896328255.5,1465915948164127.8,0.0,0.0,0.0,0.0,0.0,0.0,0.0,0.0,0.0,0.0,0.0,0.0,0.0,0.0,0.0,0.0,0.0,0.0,0.0,0.0,0.0,0.0,0.0,0.0,0.0,0.0,0.0,0.0,0.0,0.0,0.0,0.0,0.0,0.0,0.0,0.0,0.0,0.0,0.0,0.0,0.0,0.0,0.0,0.0,0.0,0.0,0.0,0.0,0.0,0.0,0.0,0.0,0.0,0.0,0.0,0.0,0.0,0.0,0.0,0.0,0.0,0.0,0.0,0.0,0.0,0.0,0.0,0.0,0.0,0.0,0.0,0.0,0.0,0.0,0.0,0.0,0.0,0.0,0.0,0.0,0.0,0.0,0.0,0.0,0.0,0.0,0.0,0.0,0.0,0.0,0.0,0.0,0.0,0.0,0.0,0.0,0.0,0.0,0.0,0.0,0.0,0.0,0.0,0.0,0.0,0.0,0.0,0.0,0.0,0.0,0.0,0.0,0.0,0.0,0.0,0.0,0.0,0.0,0.0,0.0,0.0,0.0,0.0,0.0,0.0,0.0,0.0,0.0,0.0,0.0,0.0,0.0,0.0,0.0,0.0,0.0,0.0,0.0,0.0,0.0,0.0,0.0,0.0,0.0,0.0,0.0,0.0,0.0,0.0,0.0,0.0,0.0,0.0,0.0,0.0,0.0,0.0,0.0,0.0,0.0,0.0,0.0
30.6059365705254,102.796137975713,20.0562836186236,225.0,25.0,135.189459804219,5.0,5.0,0.6599074053311698,5.135095870880711e+17,0.0,0.0,0.0,0.0,0.0,0.0,0.0,0.0,0.0,0.0,0.0,0.0,0.0,0.0,0.0,0.0,0.0,0.0,0.0,0.0,0.0,0.0,0.0,0.0,0.0,0.0,0.0,0.0,0.0,0.0,0.0,0.0,0.0,0.0,0.0,0.0,0.0,0.0,0.0,0.0,0.0,0.0,0.0,0.0,0.0,0.0,0.0,331732172013733.6,663464344027467.2,5267983259341903.0,9872502174656340.0,2.362485094359053e+16,3.737719971252472e+16,5.298823755033065e+16,6.859927538813657e+16,7.700294441385611e+16,8.540661343957565e+16,8.587076367172514e+16,8.63349139038746e+16,8.139151853078368e+16,7.644812315769275e+16,6.8069240124788904e+16,5.969035709188502e+16,4.900251541637573e+16,3.831467374086645e+16,2.7625398604772444e+16,1.6936123468678438e+16,1.1899083282308792e+16,6862043095939149.0,8252882362891127.0,9643721629843102.0,9704673229819356.0,9765624829795606.0,7919159628105272.0,6072694426414938.0,3797475555287626.5,1522256684160315.8,761128342080157.9,0.0,0.0,0.0,0.0,0.0,0.0,0.0,0.0,0.0,0.0,0.0,0.0,0.0,0.0,0.0,0.0,0.0,0.0,0.0,0.0,0.0,0.0,0.0,0.0,0.0,0.0,0.0,0.0,0.0,0.0,0.0,0.0,0.0,0.0,0.0,0.0,0.0,0.0,0.0,0.0,0.0,0.0,0.0,0.0,0.0,0.0,0.0,0.0,0.0,0.0,0.0,0.0,0.0,0.0,0.0,0.0,0.0,0.0,0.0,0.0,0.0,0.0,0.0,0.0,0.0,0.0,0.0,0.0,0.0,0.0,0.0,0.0,0.0,0.0,0.0,0.0,0.0,0.0,0.0,0.0,0.0,0.0,0.0,0.0,0.0,0.0,0.0,0.0,0.0,0.0,0.0,0.0,0.0,0.0,0.0,0.0,0.0,0.0,0.0,0.0,0.0,0.0,0.0,0.0,0.0,0.0,0.0,0.0,0.0,0.0,0.0,0.0,0.0,0.0,0.0,0.0,0.0,0.0,0.0,0.0,0.0,0.0,0.0,0.0,0.0,0.0,0.0,0.0,0.0,0.0,0.0,0.0,0.0,0.0,0.0,0.0,0.0,0.0,0.0,0.0,0.0,0.0,0.0,0.0,0.0,0.0,0.0,0.0,0.0,0.0,0.0,0.0,0.0,0.0,0.0,0.0,0.0,0.0,0.0,0.0,0.0,0.0
30.6352841191464,102.761122445714,21.9678796312896,225.0,20.0,136.61949110787947,5.0,5.0,0.4837071774056621,3.763986749269256e+17,0.0,0.0,0.0,0.0,0.0,0.0,0.0,0.0,0.0,0.0,0.0,0.0,0.0,0.0,0.0,0.0,0.0,0.0,0.0,0.0,0.0,0.0,0.0,0.0,0.0,0.0,0.0,0.0,0.0,0.0,0.0,0.0,0.0,0.0,0.0,0.0,0.0,0.0,0.0,0.0,0.0,0.0,0.0,0.0,0.0,0.0,0.0,0.0,0.0,2206662558444810.0,4413325116889620.0,1.397072437514834e+16,2.3528123633407056e+16,3.4946903670047556e+16,4.6365683706688056e+16,5.3558886788931576e+16,6.07520898711751e+16,6.276878322506693e+16,6.4785476578958744e+16,6.243469635917319e+16,6.0083916139387656e+16,5.275978013921019e+16,4.543564413903273e+16,3.5891641399164436e+16,2.6347638659296148e+16,1.866914093182759e+16,1.0990643204359038e+16,1.0660522567095776e+16,1.0330401929832516e+16,1.106049493763277e+16,1.1790587945433026e+16,1.018472415572737e+16,8578860366021710.0,5787256817004834.0,2995653267987956.5,1498141818222059.2,630368456162.4153,315184228081.20764,0.0,0.0,0.0,0.0,0.0,0.0,0.0,0.0,0.0,0.0,0.0,0.0,0.0,0.0,0.0,0.0,0.0,0.0,0.0,0.0,0.0,0.0,0.0,0.0,0.0,0.0,0.0,0.0,0.0,0.0,0.0,0.0,0.0,0.0,0.0,0.0,0.0,0.0,0.0,0.0,0.0,0.0,0.0,0.0,0.0,0.0,0.0,0.0,0.0,0.0,0.0,0.0,0.0,0.0,0.0,0.0,0.0,0.0,0.0,0.0,0.0,0.0,0.0,0.0,0.0,0.0,0.0,0.0,0.0,0.0,0.0,0.0,0.0,0.0,0.0,0.0,0.0,0.0,0.0,0.0,0.0,0.0,0.0,0.0,0.0,0.0,0.0,0.0,0.0,0.0,0.0,0.0,0.0,0.0,0.0,0.0,0.0,0.0,0.0,0.0,0.0,0.0,0.0,0.0,0.0,0.0,0.0,0.0,0.0,0.0,0.0,0.0,0.0,0.0,0.0,0.0,0.0,0.0,0.0,0.0,0.0,0.0,0.0,0.0,0.0,0.0,0.0,0.0,0.0,0.0,0.0,0.0,0.0,0.0,0.0,0.0,0.0,0.0,0.0,0.0,0.0,0.0,0.0,0.0,0.0,0.0,0.0,0.0,0.0,0.0,0.0,0.0,0.0,0.0,0.0,0.0,0.0,0.0,0.0,0.0,0.0,0.0
30.6655794699988,102.72496192851,23.46997760236,225.0,15.0,135.849084824223,5.0,5.0,0.2198485756539419,1.710760485394175e+17,0.0,0.0,0.0,0.0,0.0,0.0,0.0,0.0,0.0,0.0,0.0,0.0,0.0,0.0,0.0,0.0,0.0,0.0,0.0,0.0,0.0,0.0,0.0,0.0,0.0,0.0,0.0,0.0,0.0,0.0,0.0,0.0,0.0,0.0,0.0,0.0,0.0,0.0,0.0,0.0,0.0,0.0,0.0,0.0,0.0,0.0,0.0,0.0,0.0,0.0,0.0,4095753543586328.0,8191507087172656.0,1.339551217629474e+16,1.8599517265416828e+16,2.245826137100732e+16,2.6317005476597816e+16,2.8501814276146176e+16,3.0686623075694544e+16,2.9970827472970036e+16,2.9255031870245532e+16,2.5016052562533044e+16,2.0777073254820556e+16,1.5466786755334094e+16,1.0156500255847632e+16,7967371594439953.0,5778242933032274.0,7189131698620276.0,8600020464208278.0,8253661492231519.0,7907302520254763.0,6100160599274801.0,4293018678294839.5,2403424906410894.0,513831134526948.56,257102828915891.78,374523304834.955,187261652417.4775,0.0,0.0,0.0,0.0,0.0,0.0,0.0,0.0,0.0,0.0,0.0,0.0,0.0,0.0,0.0,0.0,0.0,0.0,0.0,0.0,0.0,0.0,0.0,0.0,0.0,0.0,0.0,0.0,0.0,0.0,0.0,0.0,0.0,0.0,0.0,0.0,0.0,0.0,0.0,0.0,0.0,0.0,0.0,0.0,0.0,0.0,0.0,0.0,0.0,0.0,0.0,0.0,0.0,0.0,0.0,0.0,0.0,0.0,0.0,0.0,0.0,0.0,0.0,0.0,0.0,0.0,0.0,0.0,0.0,0.0,0.0,0.0,0.0,0.0,0.0,0.0,0.0,0.0,0.0,0.0,0.0,0.0,0.0,0.0,0.0,0.0,0.0,0.0,0.0,0.0,0.0,0.0,0.0,0.0,0.0,0.0,0.0,0.0,0.0,0.0,0.0,0.0,0.0,0.0,0.0,0.0,0.0,0.0,0.0,0.0,0.0,0.0,0.0,0.0,0.0,0.0,0.0,0.0,0.0,0.0,0.0,0.0,0.0,0.0,0.0,0.0,0.0,0.0,0.0,0.0,0.0,0.0,0.0,0.0,0.0,0.0,0.0,0.0,0.0,0.0,0.0,0.0,0.0,0.0,0.0,0.0,0.0,0.0,0.0,0.0,0.0,0.0,0.0,0.0,0.0,0.0,0.0,0.0,0.0,0.0,0.0,0.0
30.6965920571697,102.688056682198,24.5511456592836,225.0,10.0,90.0,5.0,5.0,0.0,0.0,0.0,0.0,0.0,0.0,0.0,0.0,0.0,0.0,0.0,0.0,0.0,0.0,0.0,0.0,0.0,0.0,0.0,0.0,0.0,0.0,0.0,0.0,0.0,0.0,0.0,0.0,0.0,0.0,0.0,0.0,0.0,0.0,0.0,0.0,0.0,0.0,0.0,0.0,0.0,0.0,0.0,0.0,0.0,0.0,0.0,0.0,0.0,0.0,0.0,0.0,0.0,0.0,0.0,0.0,0.0,0.0,0.0,0.0,0.0,0.0,0.0,0.0,0.0,0.0,0.0,0.0,0.0,0.0,0.0,0.0,0.0,0.0,0.0,0.0,0.0,0.0,0.0,0.0,0.0,0.0,0.0,0.0,0.0,0.0,0.0,0.0,0.0,0.0,0.0,0.0,0.0,0.0,0.0,0.0,0.0,0.0,0.0,0.0,0.0,0.0,0.0,0.0,0.0,0.0,0.0,0.0,0.0,0.0,0.0,0.0,0.0,0.0,0.0,0.0,0.0,0.0,0.0,0.0,0.0,0.0,0.0,0.0,0.0,0.0,0.0,0.0,0.0,0.0,0.0,0.0,0.0,0.0,0.0,0.0,0.0,0.0,0.0,0.0,0.0,0.0,0.0,0.0,0.0,0.0,0.0,0.0,0.0,0.0,0.0,0.0,0.0,0.0,0.0,0.0,0.0,0.0,0.0,0.0,0.0,0.0,0.0,0.0,0.0,0.0,0.0,0.0,0.0,0.0,0.0,0.0,0.0,0.0,0.0,0.0,0.0,0.0,0.0,0.0,0.0,0.0,0.0,0.0,0.0,0.0,0.0,0.0,0.0,0.0,0.0,0.0,0.0,0.0,0.0,0.0,0.0,0.0,0.0,0.0,0.0,0.0,0.0,0.0,0.0,0.0,0.0,0.0,0.0,0.0,0.0,0.0,0.0,0.0,0.0,0.0,0.0,0.0,0.0,0.0,0.0,0.0,0.0,0.0,0.0,0.0,0.0,0.0,0.0,0.0,0.0,0.0,0.0,0.0,0.0,0.0,0.0,0.0,0.0,0.0,0.0,0.0
30.4712032541262,102.88130483897,2.46201938253052,225.0,80.0,90.26403595249452,5.0,5.0,0.43614073280148247,3.393846557924048e+17,0.0,0.0,0.0,0.0,0.0,0.0,0.0,0.0,0.0,0.0,0.0,0.0,0.0,0.0,0.0,0.0,0.0,0.0,0.0,0.0,0.0,0.0,0.0,0.0,0.0,0.0,0.0,0.0,0.0,0.0,0.0,0.0,0.0,0.0,0.0,0.0,0.0,0.0,0.0,0.0,0.0,0.0,0.0,0.0,0.0,0.0,0.0,0.0,0.0,0.0,0.0,5452568727323265.0,1.090513745464653e+16,2.547993231558316e+16,4.0054727176519784e+16,5.557758942077369e+16,7.11004516650276e+16,7.763648339950914e+16,8.417251513399067e+16,7.630372262022397e+16,6.8434930106457256e+16,5.065902976465683e+16,3.2883129422856396e+16,1.8243695078702404e+16,3604260734548407.0,1802130367274203.5,0.0,0.0,0.0,0.0,0.0,50679481769.30415,101358963538.6083,144824649323603.03,289547939683667.44,514552500991077.5,739557062298487.5,4172272677426458.0,7604988292554428.0,9824269364088876.0,1.2043550435623324e+16,9787076937813742.0,7530603440004160.0,3775879504617347.0,21155569230533.863,10577784615266.932,0.0,0.0,0.0,0.0,0.0,0.0,0.0,0.0,0.0,0.0,0.0,0.0,0.0,0.0,0.0,0.0,0.0,0.0,0.0,0.0,0.0,0.0,0.0,0.0,0.0,0.0,0.0,0.0,0.0,0.0,0.0,0.0,0.0,0.0,0.0,0.0,0.0,0.0,0.0,0.0,0.0,0.0,0.0,0.0,0.0,0.0,0.0,0.0,0.0,0.0,0.0,0.0,0.0,0.0,0.0,0.0,0.0,0.0,0.0,0.0,0.0,0.0,0.0,0.0,0.0,0.0,0.0,0.0,0.0,0.0,0.0,0.0,0.0,0.0,0.0,0.0,0.0,0.0,0.0,0.0,0.0,0.0,0.0,0.0,0.0,0.0,0.0,0.0,0.0,0.0,0.0,0.0,0.0,0.0,0.0,0.0,0.0,0.0,0.0,0.0,0.0,0.0,0.0,0.0,0.0,0.0,0.0,0.0,0.0,0.0,0.0,0.0,0.0,0.0,0.0,0.0,0.0,0.0,0.0,0.0,0.0,0.0,0.0,0.0,0.0,0.0,0.0,0.0,0.0,0.0,0.0,0.0,0.0,0.0,0.0,0.0,0.0,0.0,0.0,0.0,0.0,0.0,0.0,0.0,0.0,0.0,0.0,0.0,0.0,0.0,0.0,0.0,0.0,0.0
30.4806826444056,102.870055852551,7.18980823265266,225.0,65.0,92.46176660851563,5.0,5.0,0.5189897840729775,4.038539764355237e+17,0.0,0.0,0.0,0.0,0.0,0.0,0.0,0.0,0.0,0.0,0.0,0.0,0.0,0.0,0.0,0.0,0.0,0.0,0.0,0.0,0.0,0.0,0.0,0.0,0.0,0.0,0.0,0.0,0.0,0.0,0.0,0.0,0.0,0.0,0.0,0.0,0.0,0.0,0.0,0.0,0.0,0.0,0.0,0.0,0.0,0.0,0.0,0.0,0.0,571791511862112.1,1143583023724224.2,1.0363917597343454e+16,1.958425217096268e+16,3.5533479333730096e+16,5.148270649649751e+16,6.643464996774627e+16,8.138659343899504e+16,8.663235845335558e+16,9.187812346771614e+16,8.293737847013989e+16,7.399663347256365e+16,5.472193424503093e+16,3.5447235017498212e+16,1.8941184320866076e+16,2435133624233942.0,1217566812116971.0,0.0,0.0,0.0,0.0,0.0,0.0,0.0,0.0,0.0,1988699583928402.2,3977399167856804.5,9465681372528184.0,1.4953963577199564e+16,1.639248902120932e+16,1.7831014465219068e+16,1.3784176489137968e+16,9737338513056864.0,4868669256528432.0,0.0,0.0,0.0,0.0,0.0,0.0,0.0,0.0,0.0,0.0,0.0,0.0,0.0,0.0,0.0,0.0,0.0,0.0,0.0,0.0,0.0,0.0,0.0,0.0,0.0,0.0,0.0,0.0,0.0,0.0,0.0,0.0,0.0,0.0,0.0,0.0,0.0,0.0,0.0,0.0,0.0,0.0,0.0,0.0,0.0,0.0,0.0,0.0,0.0,0.0,0.0,0.0,0.0,0.0,0.0,0.0,0.0,0.0,0.0,0.0,0.0,0.0,0.0,0.0,0.0,0.0,0.0,0.0,0.0,0.0,0.0,0.0,0.0,0.0,0.0,0.0,0.0,0.0,0.0,0.0,0.0,0.0,0.0,0.0,0.0,0.0,0.0,0.0,0.0,0.0,0.0,0.0,0.0,0.0,0.0,0.0,0.0,0.0,0.0,0.0,0.0,0.0,0.0,0.0,0.0,0.0,0.0,0.0,0.0,0.0,0.0,0.0,0.0,0.0,0.0,0.0,0.0,0.0,0.0,0.0,0.0,0.0,0.0,0.0,0.0,0.0,0.0,0.0,0.0,0.0,0.0,0.0,0.0,0.0,0.0,0.0,0.0,0.0,0.0,0.0,0.0,0.0,0.0,0.0,0.0,0.0,0.0,0.0,0.0,0.0,0.0,0.0,0.0,0.0,0.0,0.0
30.4976203712231,102.849916814417,11.3706888080417,225.0,50.0,105.26458276990338,5.0,5.0,0.5622256291033728,4.37498122189306e+17,0.0,0.0,0.0,0.0,0.0,0.0,0.0,0.0,0.0,0.0,0.0,0.0,0.0,0.0,0.0,0.0,0.0,0.0,0.0,0.0,0.0,0.0,0.0,0.0,0.0,0.0,0.0,0.0,0.0,0.0,0.0,0.0,0.0,0.0,0.0,0.0,0.0,0.0,0.0,0.0,0.0,0.0,0.0,0.0,0.0,0.0,0.0,0.0,0.0,4552118270184012.0,9104236540368024.0,2.0733626693341536e+16,3.2363016846315044e+16,4.764706028882065e+16,6.293110373132625e+16,7.44369279474354e+16,8.594275216354454e+16,8.801690132391864e+16,9.009105048429275e+16,8.093222836452317e+16,7.177340624475359e+16,5.537238836342971e+16,3.897137048210585e+16,2.4187757303864516e+16,9404144125623186.0,4702072062811593.0,0.0,0.0,0.0,0.0,0.0,0.0,0.0,0.0,0.0,2446102979374448.0,4892205958748896.0,9097902722126532.0,1.3303599485504168e+16,1.3393383367476076e+16,1.348316724944798e+16,9360618063361850.0,5238068877275721.0,2619034438637860.5,0.0,0.0,0.0,0.0,0.0,0.0,0.0,0.0,0.0,0.0,0.0,0.0,0.0,0.0,0.0,0.0,0.0,0.0,0.0,0.0,0.0,0.0,0.0,0.0,0.0,0.0,0.0,0.0,0.0,0.0,0.0,0.0,0.0,0.0,0.0,0.0,0.0,0.0,0.0,0.0,0.0,0.0,0.0,0.0,0.0,0.0,0.0,0.0,0.0,0.0,0.0,0.0,0.0,0.0,0.0,0.0,0.0,0.0,0.0,0.0,0.0,0.0,0.0,0.0,0.0,0.0,0.0,0.0,0.0,0.0,0.0,0.0,0.0,0.0,0.0,0.0,0.0,0.0,0.0,0.0,0.0,0.0,0.0,0.0,0.0,0.0,0.0,0.0,0.0,0.0,0.0,0.0,0.0,0.0,0.0,0.0,0.0,0.0,0.0,0.0,0.0,0.0,0.0,0.0,0.0,0.0,0.0,0.0,0.0,0.0,0.0,0.0,0.0,0.0,0.0,0.0,0.0,0.0,0.0,0.0,0.0,0.0,0.0,0.0,0.0,0.0,0.0,0.0,0.0,0.0,0.0,0.0,0.0,0.0,0.0,0.0,0.0,0.0,0.0,0.0,0.0,0.0,0.0,0.0,0.0,0.0,0.0,0.0,0.0,0.0,0.0,0.0,0.0,0.0,0.0,0.0
30.5200178566155,102.823245117563,14.8927689400555,225.0,40.0,124.0670183793845,5.0,5.0,0.6206992902756492,4.829996355251575e+17,0.0,0.0,0.0,0.0,0.0,0.0,0.0,0.0,0.0,0.0,0.0,0.0,0.0,0.0,0.0,0.0,0.0,0.0,0.0,0.0,0.0,0.0,0.0,0.0,0.0,0.0,0.0,0.0,0.0,0.0,0.0,0.0,0.0,0.0,0.0,0.0,0.0,0.0,0.0,0.0,0.0,0.0,0.0,0.0,0.0,0.0,0.0,1716362202932833.0,3432724405865666.0,8878689730661073.0,1.4324655055456476e+16,2.7491320720473436e+16,4.065798638549039e+16,5.619015837697249e+16,7.172233036845459e+16,8.125118340319523e+16,9.078003643793586e+16,9.02439571278016e+16,8.970787781766734e+16,8.122107309258021e+16,7.273426836749307e+16,6.1070914454632824e+16,4.940756054177258e+16,3.79922347476841e+16,2.657690895359562e+16,1.836873887309132e+16,1.0160568792587018e+16,6250807213072669.0,2341045633558321.0,1170522816779160.5,0.0,925503459134636.1,1851006918269272.2,2490033337240634.5,3129059756211997.0,3087868502286948.5,3046677248361899.5,2887421803579983.0,2728166358798066.0,1563464421218683.8,398762483639301.5,199381241819650.75,0.0,0.0,0.0,0.0,0.0,0.0,0.0,0.0,0.0,0.0,0.0,0.0,0.0,0.0,0.0,0.0,0.0,0.0,0.0,0.0,0.0,0.0,0.0,0.0,0.0,0.0,0.0,0.0,0.0,0.0,0.0,0.0,0.0,0.0,0.0,0.0,0.0,0.0,0.0,0.0,0.0,0.0,0.0,0.0,0.0,0.0,0.0,0.0,0.0,0.0,0.0,0.0,0.0,0.0,0.0,0.0,0.0,0.0,0.0,0.0,0.0,0.0,0.0,0.0,0.0,0.0,0.0,0.0,0.0,0.0,0.0,0.0,0.0,0.0,0.0,0.0,0.0,0.0,0.0,0.0,0.0,0.0,0.0,0.0,0.0,0.0,0.0,0.0,0.0,0.0,0.0,0.0,0.0,0.0,0.0,0.0,0.0,0.0,0.0,0.0,0.0,0.0,0.0,0.0,0.0,0.0,0.0,0.0,0.0,0.0,0.0,0.0,0.0,0.0,0.0,0.0,0.0,0.0,0.0,0.0,0.0,0.0,0.0,0.0,0.0,0.0,0.0,0.0,0.0,0.0,0.0,0.0,0.0,0.0,0.0,0.0,0.0,0.0,0.0,0.0,0.0,0.0,0.0,0.0,0.0,0.0,0.0,0.0,0.0,0.0,0.0,0.0,0.0,0.0,0.0,0.0,0.0,0.0
30.5459643564006,102.792316622311,17.7497379642719,225.0,30.0,134.040339993537,5.0,5.0,0.7730380001783463,6.015426119907809e+17,0.0,0.0,0.0,0.0,0.0,0.0,0.0,0.0,0.0,0.0,0.0,0.0,0.0,0.0,0.0,0.0,0.0,0.0,0.0,0.0,0.0,0.0,0.0,0.0,0.0,0.0,0.0,0.0,0.0,0.0,0.0,0.0,0.0,0.0,0.0,0.0,0.0,0.0,0.0,0.0,0.0,0.0,0.0,0.0,0.0,171211093656625.88,342422187313251.75,1647636493529674.0,2952850799746096.5,7760037054133347.0,1.2567223308520598e+16,2.773668788346785e+16,4.2906152458415096e+16,6.0169343810574376e+16,7.743253516273366e+16,8.72925916981764e+16,9.715264823361912e+16,9.736897019940706e+16,9.758529216519498e+16,9.161406226980128e+16,8.564283237440755e+16,7.721976711961123e+16,6.879670186481489e+16,5.853691811370035e+16,4.827713436258581e+16,3.773317246568791e+16,2.7189210568790012e+16,1.9954834512005076e+16,1.2720458455220136e+16,1.0568994668038224e+16,8417530880856311.0,8704893136996402.0,8992255393136493.0,8133369748399167.0,7274484103661840.0,5283681887713449.0,3292879671765056.5,1646439835882528.2,0.0,0.0,0.0,0.0,0.0,0.0,0.0,0.0,0.0,0.0,0.0,0.0,0.0,0.0,0.0,0.0,0.0,0.0,0.0,0.0,0.0,0.0,0.0,0.0,0.0,0.0,0.0,0.0,0.0,0.0,0.0,0.0,0.0,0.0,0.0,0.0,0.0,0.0,0.0,0.0,0.0,0.0,0.0,0.0,0.0,0.0,0.0,0.0,0.0,0.0,0.0,0.0,0.0,0.0,0.0,0.0,0.0,0.0,0.0,0.0,0.0,0.0,0.0,0.0,0.0,0.0,0.0,0.0,0.0,0.0,0.0,0.0,0.0,0.0,0.0,0.0,0.0,0.0,0.0,0.0,0.0,0.0,0.0,0.0,0.0,0.0,0.0,0.0,0.0,0.0,0.0,0.0,0.0,0.0,0.0,0.0,0.0,0.0,0.0,0.0,0.0,0.0,0.0,0.0,0.0,0.0,0.0,0.0,0.0,0.0,0.0,0.0,0.0,0.0,0.0,0.0,0.0,0.0,0.0,0.0,0.0,0.0,0.0,0.0,0.0,0.0,0.0,0.0,0.0,0.0,0.0,0.0,0.0,0.0,0.0,0.0,0.0,0.0,0.0,0.0,0.0,0.0,0.0,0.0,0.0,0.0,0.0,0.0,0.0,0.0,0.0,0.0,0.0,0.0,0.0,0.0,0.0,0.0,0.0,0.0,0.0,0.0
30.5741407502247,102.758707033266,20.0562836186236,225.0,25.0,138.19452778297037,5.0,5.0,0.7824243930078415,6.088466711166239e+17,0.0,0.0,0.0,0.0,0.0,0.0,0.0,0.0,0.0,0.0,0.0,0.0,0.0,0.0,0.0,0.0,0.0,0.0,0.0,0.0,0.0,0.0,0.0,0.0,0.0,0.0,0.0,0.0,0.0,0.0,0.0,0.0,0.0,0.0,0.0,0.0,0.0,0.0,0.0,0.0,0.0,0.0,0.0,0.0,0.0,0.0,0.0,131793617320989.73,263587234641979.47,4952037455069519.0,9640487675497058.0,2.4120775533882536e+16,3.8601063392268024e+16,5.4540304627327384e+16,7.0479545862386744e+16,8.028425774318042e+16,9.008896962397411e+16,9.258952565729075e+16,9.509008169060738e+16,9.221741012563138e+16,8.934473856065536e+16,8.19089903929886e+16,7.447324222532187e+16,6.372400711648711e+16,5.2974772007652344e+16,4.161603694428642e+16,3.025730188092049e+16,2.3311327662624556e+16,1.6365353444328616e+16,1.5938421150519446e+16,1.551148885671028e+16,1.4889580813342032e+16,1.4267672769973782e+16,1.1510863736763044e+16,8754054703552307.0,5744182945842934.0,2734311188133560.5,1367155594066780.2,0.0,0.0,0.0,0.0,0.0,0.0,0.0,0.0,0.0,0.0,0.0,0.0,0.0,0.0,0.0,0.0,0.0,0.0,0.0,0.0,0.0,0.0,0.0,0.0,0.0,0.0,0.0,0.0,0.0,0.0,0.0,0.0,0.0,0.0,0.0,0.0,0.0,0.0,0.0,0.0,0.0,0.0,0.0,0.0,0.0,0.0,0.0,0.0,0.0,0.0,0.0,0.0,0.0,0.0,0.0,0.0,0.0,0.0,0.0,0.0,0.0,0.0,0.0,0.0,0.0,0.0,0.0,0.0,0.0,0.0,0.0,0.0,0.0,0.0,0.0,0.0,0.0,0.0,0.0,0.0,0.0,0.0,0.0,0.0,0.0,0.0,0.0,0.0,0.0,0.0,0.0,0.0,0.0,0.0,0.0,0.0,0.0,0.0,0.0,0.0,0.0,0.0,0.0,0.0,0.0,0.0,0.0,0.0,0.0,0.0,0.0,0.0,0.0,0.0,0.0,0.0,0.0,0.0,0.0,0.0,0.0,0.0,0.0,0.0,0.0,0.0,0.0,0.0,0.0,0.0,0.0,0.0,0.0,0.0,0.0,0.0,0.0,0.0,0.0,0.0,0.0,0.0,0.0,0.0,0.0,0.0,0.0,0.0,0.0,0.0,0.0,0.0,0.0,0.0,0.0,0.0,0.0,0.0,0.0,0.0,0.0,0.0
30.6034882988458,102.723679822563,21.9678796312896,225.0,20.0,139.03818267710955,5.0,5.0,0.579258546009889,4.507523546117792e+17,0.0,0.0,0.0,0.0,0.0,0.0,0.0,0.0,0.0,0.0,0.0,0.0,0.0,0.0,0.0,0.0,0.0,0.0,0.0,0.0,0.0,0.0,0.0,0.0,0.0,0.0,0.0,0.0,0.0,0.0,0.0,0.0,0.0,0.0,0.0,0.0,0.0,0.0,0.0,0.0,0.0,0.0,0.0,0.0,0.0,0.0,0.0,0.0,0.0,2463659063506366.0,4927318127012732.0,1.4693439782310442e+16,2.445956143760815e+16,3.6198872428761064e+16,4.793818341991397e+16,5.632244783925938e+16,6.470671225860477e+16,6.86322261047083e+16,7.255773995081186e+16,7.140841775454031e+16,7.025909555826878e+16,6.346808366844249e+16,5.667707177861619e+16,4.723578321174007e+16,3.779449464486397e+16,2.9478191489400104e+16,2.116188833393624e+16,1.8583685062504896e+16,1.600548179107355e+16,1.601625185146016e+16,1.602702191184677e+16,1.3952616925468426e+16,1.187821193909008e+16,8586342629007893.0,5294473318925706.0,3179786730066069.5,1065100141206432.5,532550070603216.25,0.0,0.0,0.0,0.0,0.0,0.0,0.0,0.0,0.0,0.0,0.0,0.0,0.0,0.0,0.0,0.0,0.0,0.0,0.0,0.0,0.0,0.0,0.0,0.0,0.0,0.0,0.0,0.0,0.0,0.0,0.0,0.0,0.0,0.0,0.0,0.0,0.0,0.0,0.0,0.0,0.0,0.0,0.0,0.0,0.0,0.0,0.0,0.0,0.0,0.0,0.0,0.0,0.0,0.0,0.0,0.0,0.0,0.0,0.0,0.0,0.0,0.0,0.0,0.0,0.0,0.0,0.0,0.0,0.0,0.0,0.0,0.0,0.0,0.0,0.0,0.0,0.0,0.0,0.0,0.0,0.0,0.0,0.0,0.0,0.0,0.0,0.0,0.0,0.0,0.0,0.0,0.0,0.0,0.0,0.0,0.0,0.0,0.0,0.0,0.0,0.0,0.0,0.0,0.0,0.0,0.0,0.0,0.0,0.0,0.0,0.0,0.0,0.0,0.0,0.0,0.0,0.0,0.0,0.0,0.0,0.0,0.0,0.0,0.0,0.0,0.0,0.0,0.0,0.0,0.0,0.0,0.0,0.0,0.0,0.0,0.0,0.0,0.0,0.0,0.0,0.0,0.0,0.0,0.0,0.0,0.0,0.0,0.0,0.0,0.0,0.0,0.0,0.0,0.0,0.0,0.0,0.0,0.0,0.0,0.0,0.0,0.0
30.6337836496981,102.687507176782,23.46997760236,225.0,15.0,138.94089085173525,5.0,5.0,0.2587662001845559,2.013599537384129e+17,0.0,0.0,0.0,0.0,0.0,0.0,0.0,0.0,0.0,0.0,0.0,0.0,0.0,0.0,0.0,0.0,0.0,0.0,0.0,0.0,0.0,0.0,0.0,0.0,0.0,0.0,0.0,0.0,0.0,0.0,0.0,0.0,0.0,0.0,0.0,0.0,0.0,0.0,0.0,0.0,0.0,0.0,0.0,0.0,0.0,0.0,0.0,0.0,0.0,0.0,0.0,4025163656211135.5,8050327312422271.0,1.3381753618286946e+16,1.8713179924151624e+16,2.338579202510755e+16,2.8058404126063476e+16,3.0993017770636692e+16,3.392763141520991e+16,3.385679965581539e+16,3.3785967896420876e+16,2.975134326005204e+16,2.57167186236832e+16,2.038581847934293e+16,1.5054918335002652e+16,1.2232592968154652e+16,9410267601306654.0,1.002328053238397e+16,1.0636293463461284e+16,1.0172888216951258e+16,9709482970441234.0,7762934733261466.0,5816386496081699.0,3686014437167550.5,1555642378253401.5,1240187787084020.0,924733195914639.1,462366597957319.56,0.0,0.0,0.0,0.0,0.0,0.0,0.0,0.0,0.0,0.0,0.0,0.0,0.0,0.0,0.0,0.0,0.0,0.0,0.0,0.0,0.0,0.0,0.0,0.0,0.0,0.0,0.0,0.0,0.0,0.0,0.0,0.0,0.0,0.0,0.0,0.0,0.0,0.0,0.0,0.0,0.0,0.0,0.0,0.0,0.0,0.0,0.0,0.0,0.0,0.0,0.0,0.0,0.0,0.0,0.0,0.0,0.0,0.0,0.0,0.0,0.0,0.0,0.0,0.0,0.0,0.0,0.0,0.0,0.0,0.0,0.0,0.0,0.0,0.0,0.0,0.0,0.0,0.0,0.0,0.0,0.0,0.0,0.0,0.0,0.0,0.0,0.0,0.0,0.0,0.0,0.0,0.0,0.0,0.0,0.0,0.0,0.0,0.0,0.0,0.0,0.0,0.0,0.0,0.0,0.0,0.0,0.0,0.0,0.0,0.0,0.0,0.0,0.0,0.0,0.0,0.0,0.0,0.0,0.0,0.0,0.0,0.0,0.0,0.0,0.0,0.0,0.0,0.0,0.0,0.0,0.0,0.0,0.0,0.0,0.0,0.0,0.0,0.0,0.0,0.0,0.0,0.0,0.0,0.0,0.0,0.0,0.0,0.0,0.0,0.0,0.0,0.0,0.0,0.0,0.0,0.0,0.0,0.0,0.0,0.0,0.0,0.0
30.6647962368691,102.650592637988,24.5511456592836,225.0,10.0,90.0,5.0,5.0,0.0,0.0,0.0,0.0,0.0,0.0,0.0,0.0,0.0,0.0,0.0,0.0,0.0,0.0,0.0,0.0,0.0,0.0,0.0,0.0,0.0,0.0,0.0,0.0,0.0,0.0,0.0,0.0,0.0,0.0,0.0,0.0,0.0,0.0,0.0,0.0,0.0,0.0,0.0,0.0,0.0,0.0,0.0,0.0,0.0,0.0,0.0,0.0,0.0,0.0,0.0,0.0,0.0,0.0,0.0,0.0,0.0,0.0,0.0,0.0,0.0,0.0,0.0,0.0,0.0,0.0,0.0,0.0,0.0,0.0,0.0,0.0,0.0,0.0,0.0,0.0,0.0,0.0,0.0,0.0,0.0,0.0,0.0,0.0,0.0,0.0,0.0,0.0,0.0,0.0,0.0,0.0,0.0,0.0,0.0,0.0,0.0,0.0,0.0,0.0,0.0,0.0,0.0,0.0,0.0,0.0,0.0,0.0,0.0,0.0,0.0,0.0,0.0,0.0,0.0,0.0,0.0,0.0,0.0,0.0,0.0,0.0,0.0,0.0,0.0,0.0,0.0,0.0,0.0,0.0,0.0,0.0,0.0,0.0,0.0,0.0,0.0,0.0,0.0,0.0,0.0,0.0,0.0,0.0,0.0,0.0,0.0,0.0,0.0,0.0,0.0,0.0,0.0,0.0,0.0,0.0,0.0,0.0,0.0,0.0,0.0,0.0,0.0,0.0,0.0,0.0,0.0,0.0,0.0,0.0,0.0,0.0,0.0,0.0,0.0,0.0,0.0,0.0,0.0,0.0,0.0,0.0,0.0,0.0,0.0,0.0,0.0,0.0,0.0,0.0,0.0,0.0,0.0,0.0,0.0,0.0,0.0,0.0,0.0,0.0,0.0,0.0,0.0,0.0,0.0,0.0,0.0,0.0,0.0,0.0,0.0,0.0,0.0,0.0,0.0,0.0,0.0,0.0,0.0,0.0,0.0,0.0,0.0,0.0,0.0,0.0,0.0,0.0,0.0,0.0,0.0,0.0,0.0,0.0,0.0,0.0,0.0,0.0,0.0,0.0,0.0,0.0
30.4394074338256,102.843910434756,2.46201938253052,225.0,80.0,90.07259980224255,5.0,5.0,0.4162971792825898,3.239433152474644e+17,0.0,0.0,0.0,0.0,0.0,0.0,0.0,0.0,0.0,0.0,0.0,0.0,0.0,0.0,0.0,0.0,0.0,0.0,0.0,0.0,0.0,0.0,0.0,0.0,0.0,0.0,0.0,0.0,0.0,0.0,0.0,0.0,0.0,0.0,0.0,0.0,0.0,0.0,0.0,0.0,0.0,0.0,0.0,0.0,0.0,0.0,0.0,0.0,0.0,0.0,0.0,3479238507840609.0,6958477015681218.0,2.0096575259716068e+16,3.3234673503750916e+16,4.930378809609222e+16,6.537290268843353e+16,7.373951668465824e+16,8.210613068088294e+16,7.607761478585902e+16,7.004909889083511e+16,5.3056822106942584e+16,3.6064545323050056e+16,2.09304112957118e+16,5796277268373549.0,2898138634186774.5,0.0,0.0,0.0,0.0,0.0,0.0,0.0,0.0,0.0,151457735005104.5,302915470010209.0,2904566439130577.0,5506217408250944.0,7907403917513379.0,1.0308590426775814e+16,8668837636652906.0,7029084846529996.0,4121743285710037.0,1214401724890077.2,607200862445038.6,0.0,0.0,0.0,0.0,0.0,0.0,0.0,0.0,0.0,0.0,0.0,0.0,0.0,0.0,0.0,0.0,0.0,0.0,0.0,0.0,0.0,0.0,0.0,0.0,0.0,0.0,0.0,0.0,0.0,0.0,0.0,0.0,0.0,0.0,0.0,0.0,0.0,0.0,0.0,0.0,0.0,0.0,0.0,0.0,0.0,0.0,0.0,0.0,0.0,0.0,0.0,0.0,0.0,0.0,0.0,0.0,0.0,0.0,0.0,0.0,0.0,0.0,0.0,0.0,0.0,0.0,0.0,0.0,0.0,0.0,0.0,0.0,0.0,0.0,0.0,0.0,0.0,0.0,0.0,0.0,0.0,0.0,0.0,0.0,0.0,0.0,0.0,0.0,0.0,0.0,0.0,0.0,0.0,0.0,0.0,0.0,0.0,0.0,0.0,0.0,0.0,0.0,0.0,0.0,0.0,0.0,0.0,0.0,0.0,0.0,0.0,0.0,0.0,0.0,0.0,0.0,0.0,0.0,0.0,0.0,0.0,0.0,0.0,0.0,0.0,0.0,0.0,0.0,0.0,0.0,0.0,0.0,0.0,0.0,0.0,0.0,0.0,0.0,0.0,0.0,0.0,0.0,0.0,0.0,0.0,0.0,0.0,0.0,0.0,0.0,0.0,0.0,0.0,0.0
30.4488868241049,102.832658975073,7.18980823265266,225.0,65.0,92.99898332570524,5.0,5.0,0.49987273517213027,3.889779683651338e+17,0.0,0.0,0.0,0.0,0.0,0.0,0.0,0.0,0.0,0.0,0.0,0.0,0.0,0.0,0.0,0.0,0.0,0.0,0.0,0.0,0.0,0.0,0.0,0.0,0.0,0.0,0.0,0.0,0.0,0.0,0.0,0.0,0.0,0.0,0.0,0.0,0.0,0.0,0.0,0.0,0.0,0.0,0.0,0.0,0.0,0.0,0.0,0.0,0.0,0.0,0.0,6124172629549904.0,1.2248345259099808e+16,2.656922446727652e+16,4.089010367545324e+16,5.708344313997887e+16,7.327678260450451e+16,8.155332774578477e+16,8.982987288706501e+16,8.392215371596843e+16,7.801443454487186e+16,6.059358640004032e+16,4.31727382552088e+16,2.596887305899347e+16,8765007862778153.0,4382503931389076.5,0.0,0.0,0.0,0.0,0.0,0.0,0.0,0.0,0.0,527850688531014.6,1055701377062029.2,6225770552620802.0,1.1395839728179574e+16,1.432252519449838e+16,1.7249210660817182e+16,1.4337113185687066e+16,1.1425015710556952e+16,6539965755046814.0,1654915799536676.8,827457899768338.4,0.0,0.0,0.0,0.0,0.0,0.0,0.0,0.0,0.0,0.0,0.0,0.0,0.0,0.0,0.0,0.0,0.0,0.0,0.0,0.0,0.0,0.0,0.0,0.0,0.0,0.0,0.0,0.0,0.0,0.0,0.0,0.0,0.0,0.0,0.0,0.0,0.0,0.0,0.0,0.0,0.0,0.0,0.0,0.0,0.0,0.0,0.0,0.0,0.0,0.0,0.0,0.0,0.0,0.0,0.0,0.0,0.0,0.0,0.0,0.0,0.0,0.0,0.0,0.0,0.0,0.0,0.0,0.0,0.0,0.0,0.0,0.0,0.0,0.0,0.0,0.0,0.0,0.0,0.0,0.0,0.0,0.0,0.0,0.0,0.0,0.0,0.0,0.0,0.0,0.0,0.0,0.0,0.0,0.0,0.0,0.0,0.0,0.0,0.0,0.0,0.0,0.0,0.0,0.0,0.0,0.0,0.0,0.0,0.0,0.0,0.0,0.0,0.0,0.0,0.0,0.0,0.0,0.0,0.0,0.0,0.0,0.0,0.0,0.0,0.0,0.0,0.0,0.0,0.0,0.0,0.0,0.0,0.0,0.0,0.0,0.0,0.0,0.0,0.0,0.0,0.0,0.0,0.0,0.0,0.0,0.0,0.0,0.0,0.0,0.0,0.0,0.0,0.0,0.0
30.4658245509225,102.812514596388,11.3706888080417,225.0,50.0,108.45790767130045,5.0,5.0,0.5514693319261283,4.291280665156445e+17,0.0,0.0,0.0,0.0,0.0,0.0,0.0,0.0,0.0,0.0,0.0,0.0,0.0,0.0,0.0,0.0,0.0,0.0,0.0,0.0,0.0,0.0,0.0,0.0,0.0,0.0,0.0,0.0,0.0,0.0,0.0,0.0,0.0,0.0,0.0,0.0,0.0,0.0,0.0,0.0,0.0,0.0,0.0,0.0,0.0,0.0,0.0,0.0,0.0,2030751526287621.5,4061503052575243.0,1.3558823025828954e+16,2.3056142999082664e+16,3.715614163196729e+16,5.125614026485192e+16,6.405951107333174e+16,7.686288188181157e+16,8.246270674187152e+16,8.806253160193147e+16,8.320423293970034e+16,7.834593427746923e+16,6.510227578691195e+16,5.185861729635467e+16,3.634340537735376e+16,2.0828193458352856e+16,1.1279317236510436e+16,1730441014668016.8,865220507334008.4,0.0,0.0,0.0,0.0,0.0,0.0,0.0,1176312649816686.5,2352625299633373.0,6466364226098390.0,1.0580103152563408e+16,1.1996131553146252e+16,1.3412159953729098e+16,1.0066476108175022e+16,6720792262620942.0,3360396131310471.0,0.0,0.0,0.0,0.0,0.0,0.0,0.0,0.0,0.0,0.0,0.0,0.0,0.0,0.0,0.0,0.0,0.0,0.0,0.0,0.0,0.0,0.0,0.0,0.0,0.0,0.0,0.0,0.0,0.0,0.0,0.0,0.0,0.0,0.0,0.0,0.0,0.0,0.0,0.0,0.0,0.0,0.0,0.0,0.0,0.0,0.0,0.0,0.0,0.0,0.0,0.0,0.0,0.0,0.0,0.0,0.0,0.0,0.0,0.0,0.0,0.0,0.0,0.0,0.0,0.0,0.0,0.0,0.0,0.0,0.0,0.0,0.0,0.0,0.0,0.0,0.0,0.0,0.0,0.0,0.0,0.0,0.0,0.0,0.0,0.0,0.0,0.0,0.0,0.0,0.0,0.0,0.0,0.0,0.0,0.0,0.0,0.0,0.0,0.0,0.0,0.0,0.0,0.0,0.0,0.0,0.0,0.0,0.0,0.0,0.0,0.0,0.0,0.0,0.0,0.0,0.0,0.0,0.0,0.0,0.0,0.0,0.0,0.0,0.0,0.0,0.0,0.0,0.0,0.0,0.0,0.0,0.0,0.0,0.0,0.0,0.0,0.0,0.0,0.0,0.0,0.0,0.0,0.0,0.0,0.0,0.0,0.0,0.0,0.0,0.0,0.0,0.0,0.0,0.0,0.0,0.0
30.4882220363149,102.78583494132,14.8927689400555,225.0,40.0,127.68130089682123,5.0,5.0,0.6729191480957182,5.2363472676727546e+17,0.0,0.0,0.0,0.0,0.0,0.0,0.0,0.0,0.0,0.0,0.0,0.0,0.0,0.0,0.0,0.0,0.0,0.0,0.0,0.0,0.0,0.0,0.0,0.0,0.0,0.0,0.0,0.0,0.0,0.0,0.0,0.0,0.0,0.0,0.0,0.0,0.0,0.0,0.0,0.0,0.0,0.0,0.0,0.0,0.0,0.0,0.0,619321301224334.4,1238642602448668.8,4754104673442086.0,8269566744435504.0,2.1225349267099388e+16,3.418113178976327e+16,4.966867157579509e+16,6.5156211361826904e+16,7.595123053880086e+16,8.674624971577483e+16,8.96069777795585e+16,9.246770584334214e+16,8.84067777841866e+16,8.434584972503106e+16,7.567651969810443e+16,6.700718967117779e+16,5.55830895599851e+16,4.415898944879241e+16,3.3065099261294176e+16,2.1971209073795944e+16,1.4884042901048918e+16,7796876728301894.0,4667385969383886.0,1537895210465877.2,1944757406139011.0,2351619601812144.5,2448618443353536.0,2545617284894927.5,2107363591708197.0,1669109898521466.5,1526029610396593.0,1382949322271719.8,1095431033445301.2,807912744618882.8,403956372309441.4,0.0,0.0,0.0,0.0,0.0,0.0,0.0,0.0,0.0,0.0,0.0,0.0,0.0,0.0,0.0,0.0,0.0,0.0,0.0,0.0,0.0,0.0,0.0,0.0,0.0,0.0,0.0,0.0,0.0,0.0,0.0,0.0,0.0,0.0,0.0,0.0,0.0,0.0,0.0,0.0,0.0,0.0,0.0,0.0,0.0,0.0,0.0,0.0,0.0,0.0,0.0,0.0,0.0,0.0,0.0,0.0,0.0,0.0,0.0,0.0,0.0,0.0,0.0,0.0,0.0,0.0,0.0,0.0,0.0,0.0,0.0,0.0,0.0,0.0,0.0,0.0,0.0,0.0,0.0,0.0,0.0,0.0,0.0,0.0,0.0,0.0,0.0,0.0,0.0,0.0,0.0,0.0,0.0,0.0,0.0,0.0,0.0,0.0,0.0,0.0,0.0,0.0,0.0,0.0,0.0,0.0,0.0,0.0,0.0,0.0,0.0,0.0,0.0,0.0,0.0,0.0,0.0,0.0,0.0,0.0,0.0,0.0,0.0,0.0,0.0,0.0,0.0,0.0,0.0,0.0,0.0,0.0,0.0,0.0,0.0,0.0,0.0,0.0,0.0,0.0,0.0,0.0,0.0,0.0,0.0,0.0,0.0,0.0,0.0,0.0,0.0,0.0,0.0,0.0,0.0,0.0,0.0,0.0
30.5141685361,102.75489665498,17.7497379642719,225.0,30.0,136.10775115953692,5.0,5.0,0.906170113700843,7.051398986567658e+17,0.0,0.0,0.0,0.0,0.0,0.0,0.0,0.0,0.0,0.0,0.0,0.0,0.0,0.0,0.0,0.0,0.0,0.0,0.0,0.0,0.0,0.0,0.0,0.0,0.0,0.0,0.0,0.0,0.0,0.0,0.0,0.0,0.0,0.0,0.0,0.0,0.0,0.0,0.0,0.0,0.0,0.0,0.0,0.0,0.0,0.0,0.0,692599686335089.6,1385199372670179.2,6222243302060280.0,1.1059287231450382e+16,2.6881546678168508e+16,4.270380612488664e+16,6.0556900642039144e+16,7.840999515919165e+16,8.966617195836654e+16,1.0092234875754144e+17,1.0352365943621912e+17,1.0612497011489682e+17,1.0304446196641598e+17,9.996395381793514e+16,9.34283904671731e+16,8.68928271164111e+16,7.673240820202658e+16,6.657198928764204e+16,5.488569634940584e+16,4.3199403411169656e+16,3.4278236969310828e+16,2.5357070527452e+16,2.0923471590516396e+16,1.6489872653580792e+16,1.4962954793045566e+16,1.343603693251034e+16,1.1277978921676238e+16,9119920910842136.0,6311569074713833.0,3503217238585527.5,1751608619292763.8,0.0,0.0,0.0,0.0,0.0,0.0,0.0,0.0,0.0,0.0,0.0,0.0,0.0,0.0,0.0,0.0,0.0,0.0,0.0,0.0,0.0,0.0,0.0,0.0,0.0,0.0,0.0,0.0,0.0,0.0,0.0,0.0,0.0,0.0,0.0,0.0,0.0,0.0,0.0,0.0,0.0,0.0,0.0,0.0,0.0,0.0,0.0,0.0,0.0,0.0,0.0,0.0,0.0,0.0,0.0,0.0,0.0,0.0,0.0,0.0,0.0,0.0,0.0,0.0,0.0,0.0,0.0,0.0,0.0,0.0,0.0,0.0,0.0,0.0,0.0,0.0,0.0,0.0,0.0,0.0,0.0,0.0,0.0,0.0,0.0,0.0,0.0,0.0,0.0,0.0,0.0,0.0,0.0,0.0,0.0,0.0,0.0,0.0,0.0,0.0,0.0,0.0,0.0,0.0,0.0,0.0,0.0,0.0,0.0,0.0,0.0,0.0,0.0,0.0,0.0,0.0,0.0,0.0,0.0,0.0,0.0,0.0,0.0,0.0,0.0,0.0,0.0,0.0,0.0,0.0,0.0,0.0,0.0,0.0,0.0,0.0,0.0,0.0,0.0,0.0,0.0,0.0,0.0,0.0,0.0,0.0,0.0,0.0,0.0,0.0,0.0,0.0,0.0,0.0,0.0,0.0,0.0,0.0,0.0,0.0,0.0,0.0
30.5423449299241,102.721276090818,20.0562836186236,225.0,25.0,139.25690835429344,5.0,5.0,0.9476436979714344,7.374127341512636e+17,0.0,0.0,0.0,0.0,0.0,0.0,0.0,0.0,0.0,0.0,0.0,0.0,0.0,0.0,0.0,0.0,0.0,0.0,0.0,0.0,0.0,0.0,0.0,0.0,0.0,0.0,0.0,0.0,0.0,0.0,0.0,0.0,0.0,0.0,0.0,0.0,0.0,0.0,0.0,0.0,0.0,0.0,0.0,0.0,0.0,0.0,0.0,0.0,0.0,5026669187629375.0,1.005333837525875e+16,2.4755247862044748e+16,3.945715734883074e+16,5.641765221365896e+16,7.337814707848718e+16,8.50072774305963e+16,9.663640778270539e+16,1.012451559439876e+17,1.058539041052698e+17,1.0476621573637898e+17,1.036785273674882e+17,9.759843899342323e+16,9.151835061935826e+16,8.093813193474443e+16,7.035791325013061e+16,5.880068562873233e+16,4.724345800733405e+16,3.9575729744319016e+16,3.1908001481303988e+16,2.915793201709077e+16,2.6407862552877548e+16,2.4118238751472896e+16,2.182861495006824e+16,1.791974302275493e+16,1.4010871095441614e+16,9488899137244032.0,4966927179046452.0,2540090068354637.0,113252957662821.83,56626478831410.914,0.0,0.0,0.0,0.0,0.0,0.0,0.0,0.0,0.0,0.0,0.0,0.0,0.0,0.0,0.0,0.0,0.0,0.0,0.0,0.0,0.0,0.0,0.0,0.0,0.0,0.0,0.0,0.0,0.0,0.0,0.0,0.0,0.0,0.0,0.0,0.0,0.0,0.0,0.0,0.0,0.0,0.0,0.0,0.0,0.0,0.0,0.0,0.0,0.0,0.0,0.0,0.0,0.0,0.0,0.0,0.0,0.0,0.0,0.0,0.0,0.0,0.0,0.0,0.0,0.0,0.0,0.0,0.0,0.0,0.0,0.0,0.0,0.0,0.0,0.0,0.0,0.0,0.0,0.0,0.0,0.0,0.0,0.0,0.0,0.0,0.0,0.0,0.0,0.0,0.0,0.0,0.0,0.0,0.0,0.0,0.0,0.0,0.0,0.0,0.0,0.0,0.0,0.0,0.0,0.0,0.0,0.0,0.0,0.0,0.0,0.0,0.0,0.0,0.0,0.0,0.0,0.0,0.0,0.0,0.0,0.0,0.0,0.0,0.0,0.0,0.0,0.0,0.0,0.0,0.0,0.0,0.0,0.0,0.0,0.0,0.0,0.0,0.0,0.0,0.0,0.0,0.0,0.0,0.0,0.0,0.0,0.0,0.0,0.0,0.0,0.0,0.0,0.0,0.0,0.0,0.0,0.0,0.0,0.0,0.0
30.5716924785451,102.686237199412,21.9678796312896,225.0,20.0,140.38872350260056,5.0,5.0,0.7056319760541713,5.490903446944576e+17,0.0,0.0,0.0,0.0,0.0,0.0,0.0,0.0,0.0,0.0,0.0,0.0,0.0,0.0,0.0,0.0,0.0,0.0,0.0,0.0,0.0,0.0,0.0,0.0,0.0,0.0,0.0,0.0,0.0,0.0,0.0,0.0,0.0,0.0,0.0,0.0,0.0,0.0,0.0,0.0,0.0,0.0,0.0,0.0,0.0,0.0,0.0,0.0,0.0,2279326511794579.5,4558653023589159.0,1.4491208734545928e+16,2.44237644455027e+16,3.679741955938766e+16,4.917107467327264e+16,5.926830203678911e+16,6.936552940030559e+16,7.494267606997781e+16,8.051982273965003e+16,8.059273075530106e+16,8.06656387709521e+16,7.505679579260128e+16,6.944795281425046e+16,6.0703317221763064e+16,5.195868162927566e+16,4.3614380201378e+16,3.527007877348033e+16,3.1324647830342948e+16,2.7379216887205564e+16,2.580849403459921e+16,2.4237771181992856e+16,2.137398468958589e+16,1.8510198197178924e+16,1.4252326674990412e+16,9994455152801902.0,6653042579891238.0,3311630006980574.5,1793753502499866.0,275876998019157.84,137938499009578.92,0.0,0.0,0.0,0.0,0.0,0.0,0.0,0.0,0.0,0.0,0.0,0.0,0.0,0.0,0.0,0.0,0.0,0.0,0.0,0.0,0.0,0.0,0.0,0.0,0.0,0.0,0.0,0.0,0.0,0.0,0.0,0.0,0.0,0.0,0.0,0.0,0.0,0.0,0.0,0.0,0.0,0.0,0.0,0.0,0.0,0.0,0.0,0.0,0.0,0.0,0.0,0.0,0.0,0.0,0.0,0.0,0.0,0.0,0.0,0.0,0.0,0.0,0.0,0.0,0.0,0.0,0.0,0.0,0.0,0.0,0.0,0.0,0.0,0.0,0.0,0.0,0.0,0.0,0.0,0.0,0.0,0.0,0.0,0.0,0.0,0.0,0.0,0.0,0.0,0.0,0.0,0.0,0.0,0.0,0.0,0.0,0.0,0.0,0.0,0.0,0.0,0.0,0.0,0.0,0.0,0.0,0.0,0.0,0.0,0.0,0.0,0.0,0.0,0.0,0.0,0.0,0.0,0.0,0.0,0.0,0.0,0.0,0.0,0.0,0.0,0.0,0.0,0.0,0.0,0.0,0.0,0.0,0.0,0.0,0.0,0.0,0.0,0.0,0.0,0.0,0.0,0.0,0.0,0.0,0.0,0.0,0.0,0.0,0.0,0.0,0.0,0.0,0.0,0.0,0.0,0.0,0.0,0.0,0.0,0.0
30.6019878293975,102.650052425053,23.46997760236,225.0,15.0,141.0932323018464,5.0,5.0,0.3091655999445494,2.4057844825925088e+17,0.0,0.0,0.0,0.0,0.0,0.0,0.0,0.0,0.0,0.0,0.0,0.0,0.0,0.0,0.0,0.0,0.0,0.0,0.0,0.0,0.0,0.0,0.0,0.0,0.0,0.0,0.0,0.0,0.0,0.0,0.0,0.0,0.0,0.0,0.0,0.0,0.0,0.0,0.0,0.0,0.0,0.0,0.0,0.0,0.0,0.0,0.0,0.0,0.0,0.0,0.0,3728672781973245.5,7457345563946491.0,1.3044009912265454e+16,1.8630674260584416e+16,2.413249715772977e+16,2.9634320054875124e+16,3.3274391695039356e+16,3.69144633352036e+16,3.7245352364971656e+16,3.757624139473973e+16,3.422067724638072e+16,3.086511309802171e+16,2.6141847910625784e+16,2.1418582723229852e+16,1.855313724745766e+16,1.5687691771685468e+16,1.523966985481709e+16,1.4791647937948708e+16,1.3898087784446724e+16,1.300452763094474e+16,1.0745466158229582e+16,8486404685514425.0,6086456089409304.0,3686507493304183.0,2734331134848344.0,1782154776392504.2,1212464154626226.0,642773532859948.0,321386766429974.0,0.0,0.0,0.0,0.0,0.0,0.0,0.0,0.0,0.0,0.0,0.0,0.0,0.0,0.0,0.0,0.0,0.0,0.0,0.0,0.0,0.0,0.0,0.0,0.0,0.0,0.0,0.0,0.0,0.0,0.0,0.0,0.0,0.0,0.0,0.0,0.0,0.0,0.0,0.0,0.0,0.0,0.0,0.0,0.0,0.0,0.0,0.0,0.0,0.0,0.0,0.0,0.0,0.0,0.0,0.0,0.0,0.0,0.0,0.0,0.0,0.0,0.0,0.0,0.0,0.0,0.0,0.0,0.0,0.0,0.0,0.0,0.0,0.0,0.0,0.0,0.0,0.0,0.0,0.0,0.0,0.0,0.0,0.0,0.0,0.0,0.0,0.0,0.0,0.0,0.0,0.0,0.0,0.0,0.0,0.0,0.0,0.0,0.0,0.0,0.0,0.0,0.0,0.0,0.0,0.0,0.0,0.0,0.0,0.0,0.0,0.0,0.0,0.0,0.0,0.0,0.0,0.0,0.0,0.0,0.0,0.0,0.0,0.0,0.0,0.0,0.0,0.0,0.0,0.0,0.0,0.0,0.0,0.0,0.0,0.0,0.0,0.0,0.0,0.0,0.0,0.0,0.0,0.0,0.0,0.0,0.0,0.0,0.0,0.0,0.0,0.0,0.0,0.0,0.0,0.0,0.0,0.0,0.0,0.0,0.0
30.6330004165684,102.613128593778,24.5511456592836,225.0,10.0,90.0,5.0,5.0,0.0,0.0,0.0,0.0,0.0,0.0,0.0,0.0,0.0,0.0,0.0,0.0,0.0,0.0,0.0,0.0,0.0,0.0,0.0,0.0,0.0,0.0,0.0,0.0,0.0,0.0,0.0,0.0,0.0,0.0,0.0,0.0,0.0,0.0,0.0,0.0,0.0,0.0,0.0,0.0,0.0,0.0,0.0,0.0,0.0,0.0,0.0,0.0,0.0,0.0,0.0,0.0,0.0,0.0,0.0,0.0,0.0,0.0,0.0,0.0,0.0,0.0,0.0,0.0,0.0,0.0,0.0,0.0,0.0,0.0,0.0,0.0,0.0,0.0,0.0,0.0,0.0,0.0,0.0,0.0,0.0,0.0,0.0,0.0,0.0,0.0,0.0,0.0,0.0,0.0,0.0,0.0,0.0,0.0,0.0,0.0,0.0,0.0,0.0,0.0,0.0,0.0,0.0,0.0,0.0,0.0,0.0,0.0,0.0,0.0,0.0,0.0,0.0,0.0,0.0,0.0,0.0,0.0,0.0,0.0,0.0,0.0,0.0,0.0,0.0,0.0,0.0,0.0,0.0,0.0,0.0,0.0,0.0,0.0,0.0,0.0,0.0,0.0,0.0,0.0,0.0,0.0,0.0,0.0,0.0,0.0,0.0,0.0,0.0,0.0,0.0,0.0,0.0,0.0,0.0,0.0,0.0,0.0,0.0,0.0,0.0,0.0,0.0,0.0,0.0,0.0,0.0,0.0,0.0,0.0,0.0,0.0,0.0,0.0,0.0,0.0,0.0,0.0,0.0,0.0,0.0,0.0,0.0,0.0,0.0,0.0,0.0,0.0,0.0,0.0,0.0,0.0,0.0,0.0,0.0,0.0,0.0,0.0,0.0,0.0,0.0,0.0,0.0,0.0,0.0,0.0,0.0,0.0,0.0,0.0,0.0,0.0,0.0,0.0,0.0,0.0,0.0,0.0,0.0,0.0,0.0,0.0,0.0,0.0,0.0,0.0,0.0,0.0,0.0,0.0,0.0,0.0,0.0,0.0,0.0,0.0,0.0,0.0,0.0,0.0,0.0,0.0
30.4076116135249,102.806516030542,2.46201938253052,225.0,80.0,90.03151882583538,5.0,5.0,0.3967509039319304,3.0873330289824736e+17,0.0,0.0,0.0,0.0,0.0,0.0,0.0,0.0,0.0,0.0,0.0,0.0,0.0,0.0,0.0,0.0,0.0,0.0,0.0,0.0,0.0,0.0,0.0,0.0,0.0,0.0,0.0,0.0,0.0,0.0,0.0,0.0,0.0,0.0,0.0,0.0,0.0,0.0,0.0,0.0,0.0,0.0,0.0,0.0,0.0,0.0,0.0,0.0,0.0,0.0,0.0,1453329624974741.2,2906659249949482.5,1.39797464295774e+16,2.505283360920532e+16,4.114710559501999e+16,5.724137758083468e+16,6.766586224716286e+16,7.809034691349104e+16,7.46640409548543e+16,7.123773499621756e+16,5.595688494907754e+16,4.067603490193753e+16,2.5049925899833604e+16,9423816897729676.0,4711908448864838.0,0.0,0.0,0.0,0.0,0.0,0.0,0.0,0.0,0.0,66222070799268.96,132444141598537.92,1869744790967734.8,3607045440336931.5,6638759782156429.0,9670474123975928.0,8973895124193065.0,8277316124410202.0,5347267521485337.0,2417218918560471.5,1208609459280235.8,0.0,0.0,0.0,0.0,0.0,0.0,0.0,0.0,0.0,0.0,0.0,0.0,0.0,0.0,0.0,0.0,0.0,0.0,0.0,0.0,0.0,0.0,0.0,0.0,0.0,0.0,0.0,0.0,0.0,0.0,0.0,0.0,0.0,0.0,0.0,0.0,0.0,0.0,0.0,0.0,0.0,0.0,0.0,0.0,0.0,0.0,0.0,0.0,0.0,0.0,0.0,0.0,0.0,0.0,0.0,0.0,0.0,0.0,0.0,0.0,0.0,0.0,0.0,0.0,0.0,0.0,0.0,0.0,0.0,0.0,0.0,0.0,0.0,0.0,0.0,0.0,0.0,0.0,0.0,0.0,0.0,0.0,0.0,0.0,0.0,0.0,0.0,0.0,0.0,0.0,0.0,0.0,0.0,0.0,0.0,0.0,0.0,0.0,0.0,0.0,0.0,0.0,0.0,0.0,0.0,0.0,0.0,0.0,0.0,0.0,0.0,0.0,0.0,0.0,0.0,0.0,0.0,0.0,0.0,0.0,0.0,0.0,0.0,0.0,0.0,0.0,0.0,0.0,0.0,0.0,0.0,0.0,0.0,0.0,0.0,0.0,0.0,0.0,0.0,0.0,0.0,0.0,0.0,0.0,0.0,0.0,0.0,0.0,0.0,0.0,0.0,0.0,0.0,0.0
30.4170910038043,102.795262097595,7.18980823265266,225.0,65.0,94.04702379427212,5.0,5.0,0.48828509321661995,3.799609984268857e+17,0.0,0.0,0.0,0.0,0.0,0.0,0.0,0.0,0.0,0.0,0.0,0.0,0.0,0.0,0.0,0.0,0.0,0.0,0.0,0.0,0.0,0.0,0.0,0.0,0.0,0.0,0.0,0.0,0.0,0.0,0.0,0.0,0.0,0.0,0.0,0.0,0.0,0.0,0.0,0.0,0.0,0.0,0.0,0.0,0.0,0.0,0.0,0.0,0.0,0.0,0.0,3150758669937636.5,6301517339875273.0,1.830169534761773e+16,3.030187335536018e+16,4.7017262365304536e+16,6.373265137524888e+16,7.500632506660218e+16,8.627999875795546e+16,8.416778113586106e+16,8.205556351376664e+16,6.7294495311559096e+16,5.2533427109351544e+16,3.439118556503218e+16,1.624894402071282e+16,8124472010356410.0,0.0,0.0,0.0,0.0,0.0,0.0,0.0,0.0,0.0,0.0,0.0,4483254267626542.0,8966508535253084.0,1.2753620358357576e+16,1.654073218146207e+16,1.4828986532682942e+16,1.3117240883903816e+16,8499891118949868.0,3882541353995920.0,1941270676997960.0,0.0,0.0,0.0,0.0,0.0,0.0,0.0,0.0,0.0,0.0,0.0,0.0,0.0,0.0,0.0,0.0,0.0,0.0,0.0,0.0,0.0,0.0,0.0,0.0,0.0,0.0,0.0,0.0,0.0,0.0,0.0,0.0,0.0,0.0,0.0,0.0,0.0,0.0,0.0,0.0,0.0,0.0,0.0,0.0,0.0,0.0,0.0,0.0,0.0,0.0,0.0,0.0,0.0,0.0,0.0,0.0,0.0,0.0,0.0,0.0,0.0,0.0,0.0,0.0,0.0,0.0,0.0,0.0,0.0,0.0,0.0,0.0,0.0,0.0,0.0,0.0,0.0,0.0,0.0,0.0,0.0,0.0,0.0,0.0,0.0,0.0,0.0,0.0,0.0,0.0,0.0,0.0,0.0,0.0,0.0,0.0,0.0,0.0,0.0,0.0,0.0,0.0,0.0,0.0,0.0,0.0,0.0,0.0,0.0,0.0,0.0,0.0,0.0,0.0,0.0,0.0,0.0,0.0,0.0,0.0,0.0,0.0,0.0,0.0,0.0,0.0,0.0,0.0,0.0,0.0,0.0,0.0,0.0,0.0,0.0,0.0,0.0,0.0,0.0,0.0,0.0,0.0,0.0,0.0,0.0,0.0,0.0,0.0,0.0,0.0,0.0,0.0,0.0,0.0
30.4340287306219,102.775112378359,11.3706888080417,225.0,50.0,111.80889406514589,5.0,5.0,0.5599878135850802,4.357567570924845e+17,0.0,0.0,0.0,0.0,0.0,0.0,0.0,0.0,0.0,0.0,0.0,0.0,0.0,0.0,0.0,0.0,0.0,0.0,0.0,0.0,0.0,0.0,0.0,0.0,0.0,0.0,0.0,0.0,0.0,0.0,0.0,0.0,0.0,0.0,0.0,0.0,0.0,0.0,0.0,0.0,0.0,0.0,0.0,0.0,0.0,0.0,0.0,0.0,0.0,1023405331108313.5,2046810662216627.0,9773479891201128.0,1.7500149120185626e+16,2.9248001456367296e+16,4.099585379254895e+16,5.364606014060375e+16,6.629626648865857e+16,7.54548793527251e+16,8.461349221679163e+16,8.482518628228603e+16,8.50368803477804e+16,7.546644686347208e+16,6.589601337916374e+16,5.077851537083315e+16,3.5661017362502564e+16,2.2318497151181916e+16,8975976939861270.0,4487988469930635.0,0.0,0.0,0.0,0.0,0.0,0.0,0.0,130689874665706.75,261379749331413.5,4087425787906835.5,7913471826482258.0,1.0287406769378206e+16,1.2661341712274156e+16,1.0279722603480718e+16,7898103494687278.0,3949051747343639.0,0.0,0.0,0.0,0.0,0.0,0.0,0.0,0.0,0.0,0.0,0.0,0.0,0.0,0.0,0.0,0.0,0.0,0.0,0.0,0.0,0.0,0.0,0.0,0.0,0.0,0.0,0.0,0.0,0.0,0.0,0.0,0.0,0.0,0.0,0.0,0.0,0.0,0.0,0.0,0.0,0.0,0.0,0.0,0.0,0.0,0.0,0.0,0.0,0.0,0.0,0.0,0.0,0.0,0.0,0.0,0.0,0.0,0.0,0.0,0.0,0.0,0.0,0.0,0.0,0.0,0.0,0.0,0.0,0.0,0.0,0.0,0.0,0.0,0.0,0.0,0.0,0.0,0.0,0.0,0.0,0.0,0.0,0.0,0.0,0.0,0.0,0.0,0.0,0.0,0.0,0.0,0.0,0.0,0.0,0.0,0.0,0.0,0.0,0.0,0.0,0.0,0.0,0.0,0.0,0.0,0.0,0.0,0.0,0.0,0.0,0.0,0.0,0.0,0.0,0.0,0.0,0.0,0.0,0.0,0.0,0.0,0.0,0.0,0.0,0.0,0.0,0.0,0.0,0.0,0.0,0.0,0.0,0.0,0.0,0.0,0.0,0.0,0.0,0.0,0.0,0.0,0.0,0.0,0.0,0.0,0.0,0.0,0.0,0.0,0.0,0.0,0.0,0.0,0.0,0.0,0.0
30.4564262160143,102.748424765077,14.8927689400555,225.0,40.0,130.71951565596913,5.0,5.0,0.7632252545808268,5.939067847530886e+17,0.0,0.0,0.0,0.0,0.0,0.0,0.0,0.0,0.0,0.0,0.0,0.0,0.0,0.0,0.0,0.0,0.0,0.0,0.0,0.0,0.0,0.0,0.0,0.0,0.0,0.0,0.0,0.0,0.0,0.0,0.0,0.0,0.0,0.0,0.0,0.0,0.0,0.0,0.0,0.0,0.0,0.0,0.0,0.0,0.0,0.0,0.0,0.0,0.0,3348621464209712.0,6697242928419424.0,1.904927491856305e+16,3.1401306908706676e+16,4.611856153474461e+16,6.083581616078253e+16,7.207169968056182e+16,8.330758320034109e+16,8.949469246450858e+16,9.568180172867605e+16,9.637748535675342e+16,9.70731689848308e+16,9.145198919662693e+16,8.583080940842309e+16,7.460974609796688e+16,6.338868278751067e+16,4.930948308100531e+16,3.5230283374499948e+16,2.443258457945444e+16,1.3634885784408936e+16,9478613660480730.0,5322341536552522.0,5059407707576622.0,4796473878600721.0,4134850659361062.5,3473227440121403.0,2401023389983121.0,1328819339844839.0,1654005466378375.0,1979191592911911.2,2680625924120225.5,3382060255328540.0,1962574849229035.5,543089443129531.4,271544721564765.7,0.0,0.0,0.0,0.0,0.0,0.0,0.0,0.0,0.0,0.0,0.0,0.0,0.0,0.0,0.0,0.0,0.0,0.0,0.0,0.0,0.0,0.0,0.0,0.0,0.0,0.0,0.0,0.0,0.0,0.0,0.0,0.0,0.0,0.0,0.0,0.0,0.0,0.0,0.0,0.0,0.0,0.0,0.0,0.0,0.0,0.0,0.0,0.0,0.0,0.0,0.0,0.0,0.0,0.0,0.0,0.0,0.0,0.0,0.0,0.0,0.0,0.0,0.0,0.0,0.0,0.0,0.0,0.0,0.0,0.0,0.0,0.0,0.0,0.0,0.0,0.0,0.0,0.0,0.0,0.0,0.0,0.0,0.0,0.0,0.0,0.0,0.0,0.0,0.0,0.0,0.0,0.0,0.0,0.0,0.0,0.0,0.0,0.0,0.0,0.0,0.0,0.0,0.0,0.0,0.0,0.0,0.0,0.0,0.0,0.0,0.0,0.0,0.0,0.0,0.0,0.0,0.0,0.0,0.0,0.0,0.0,0.0,0.0,0.0,0.0,0.0,0.0,0.0,0.0,0.0,0.0,0.0,0.0,0.0,0.0,0.0,0.0,0.0,0.0,0.0,0.0,0.0,0.0,0.0,0.0,0.0,0.0,0.0,0.0,0.0,0.0,0.0,0.0,0.0,0.0,0.0
30.4823727157994,102.717476687648,17.7497379642719,225.0,30.0,137.8131391922857,5.0,5.0,1.0602556321189958,8.25042161155925e+17,0.0,0.0,0.0,0.0,0.0,0.0,0.0,0.0,0.0,0.0,0.0,0.0,0.0,0.0,0.0,0.0,0.0,0.0,0.0,0.0,0.0,0.0,0.0,0.0,0.0,0.0,0.0,0.0,0.0,0.0,0.0,0.0,0.0,0.0,0.0,0.0,0.0,0.0,0.0,0.0,0.0,0.0,0.0,0.0,0.0,0.0,0.0,0.0,0.0,4932364586684841.0,9864729173369682.0,2.558322785653295e+16,4.130172653969622e+16,5.9453518594034216e+16,7.760531064837224e+16,9.018947024075054e+16,1.0277362983312885e+17,1.0829134461725242e+17,1.1380905940137598e+17,1.1460411525994115e+17,1.1539917111850632e+17,1.1129694697467024e+17,1.0719472283083411e+17,9.766393534952864e+16,8.813314786822312e+16,7.579154416087843e+16,6.3449940453533736e+16,5.220064545485009e+16,4.0951350456166456e+16,3.4281757363738316e+16,2.7612164271310184e+16,2.395256689989377e+16,2.029296952847735e+16,1.6203431377297916e+16,1.2113893226118478e+16,8327119516465353.0,4540345806812228.0,2270172903406114.0,0.0,0.0,0.0,0.0,0.0,0.0,0.0,0.0,0.0,0.0,0.0,0.0,0.0,0.0,0.0,0.0,0.0,0.0,0.0,0.0,0.0,0.0,0.0,0.0,0.0,0.0,0.0,0.0,0.0,0.0,0.0,0.0,0.0,0.0,0.0,0.0,0.0,0.0,0.0,0.0,0.0,0.0,0.0,0.0,0.0,0.0,0.0,0.0,0.0,0.0,0.0,0.0,0.0,0.0,0.0,0.0,0.0,0.0,0.0,0.0,0.0,0.0,0.0,0.0,0.0,0.0,0.0,0.0,0.0,0.0,0.0,0.0,0.0,0.0,0.0,0.0,0.0,0.0,0.0,0.0,0.0,0.0,0.0,0.0,0.0,0.0,0.0,0.0,0.0,0.0,0.0,0.0,0.0,0.0,0.0,0.0,0.0,0.0,0.0,0.0,0.0,0.0,0.0,0.0,0.0,0.0,0.0,0.0,0.0,0.0,0.0,0.0,0.0,0.0,0.0,0.0,0.0,0.0,0.0,0.0,0.0,0.0,0.0,0.0,0.0,0.0,0.0,0.0,0.0,0.0,0.0,0.0,0.0,0.0,0.0,0.0,0.0,0.0,0.0,0.0,0.0,0.0,0.0,0.0,0.0,0.0,0.0,0.0,0.0,0.0,0.0,0.0,0.0,0.0,0.0,0.0,0.0,0.0,0.0,0.0,0.0,0.0
30.5105491096235,102.68384514837,20.0562836186236,225.0,25.0,139.94733382568626,5.0,5.0,1.1231137734358991,8.739554752542386e+17,0.0,0.0,0.0,0.0,0.0,0.0,0.0,0.0,0.0,0.0,0.0,0.0,0.0,0.0,0.0,0.0,0.0,0.0,0.0,0.0,0.0,0.0,0.0,0.0,0.0,0.0,0.0,0.0,0.0,0.0,0.0,0.0,0.0,0.0,0.0,0.0,0.0,0.0,0.0,0.0,0.0,0.0,0.0,0.0,0.0,0.0,0.0,0.0,0.0,4466977727587064.0,8933955455174128.0,2.3622900183657444e+16,3.831184491214076e+16,5.617560296375464e+16,7.40393610153685e+16,8.688022694800504e+16,9.972109288064157e+16,1.0638050988266714e+17,1.1303992688469274e+17,1.1450168853184506e+17,1.1596345017899736e+17,1.1217764585437928e+17,1.0839184152976118e+17,9.970149452204374e+16,9.10111475143263e+16,8.026350244410981e+16,6.951585737389333e+16,6.089443053301885e+16,5.227300369214437e+16,4.705414812935708e+16,4.183529256656979e+16,3.700130615196313e+16,3.2167319737356456e+16,2.5936655981834976e+16,1.970599222631349e+16,1.380236290801377e+16,7898733589714051.0,4522694643429333.0,1146655697144616.0,573327848572308.0,0.0,0.0,0.0,0.0,0.0,0.0,0.0,0.0,0.0,0.0,0.0,0.0,0.0,0.0,0.0,0.0,0.0,0.0,0.0,0.0,0.0,0.0,0.0,0.0,0.0,0.0,0.0,0.0,0.0,0.0,0.0,0.0,0.0,0.0,0.0,0.0,0.0,0.0,0.0,0.0,0.0,0.0,0.0,0.0,0.0,0.0,0.0,0.0,0.0,0.0,0.0,0.0,0.0,0.0,0.0,0.0,0.0,0.0,0.0,0.0,0.0,0.0,0.0,0.0,0.0,0.0,0.0,0.0,0.0,0.0,0.0,0.0,0.0,0.0,0.0,0.0,0.0,0.0,0.0,0.0,0.0,0.0,0.0,0.0,0.0,0.0,0.0,0.0,0.0,0.0,0.0,0.0,0.0,0.0,0.0,0.0,0.0,0.0,0.0,0.0,0.0,0.0,0.0,0.0,0.0,0.0,0.0,0.0,0.0,0.0,0.0,0.0,0.0,0.0,0.0,0.0,0.0,0.0,0.0,0.0,0.0,0.0,0.0,0.0,0.0,0.0,0.0,0.0,0.0,0.0,0.0,0.0,0.0,0.0,0.0,0.0,0.0,0.0,0.0,0.0,0.0,0.0,0.0,0.0,0.0,0.0,0.0,0.0,0.0,0.0,0.0,0.0,0.0,0.0,0.0,0.0,0.0,0.0,0.0,0.0
30.5398966582445,102.648794576261,21.9678796312896,225.0,20.0,140.91509303176167,5.0,5.0,0.8428344607135727,6.558550069421094e+17,0.0,0.0,0.0,0.0,0.0,0.0,0.0,0.0,0.0,0.0,0.0,0.0,0.0,0.0,0.0,0.0,0.0,0.0,0.0,0.0,0.0,0.0,0.0,0.0,0.0,0.0,0.0,0.0,0.0,0.0,0.0,0.0,0.0,0.0,0.0,0.0,0.0,0.0,0.0,0.0,0.0,0.0,0.0,0.0,0.0,0.0,0.0,0.0,0.0,2032027392489447.8,4064054784978895.5,1.396067488993313e+16,2.3857294994887364e+16,3.672330488054642e+16,4.9589314766205464e+16,6.05299168085948e+16,7.147051885098411e+16,7.800599456867038e+16,8.454147028635666e+16,8.65047129124144e+16,8.846795553847216e+16,8.525801177047846e+16,8.204806800248477e+16,7.509938196983826e+16,6.815069593719174e+16,6.0846925057880584e+16,5.354315417856943e+16,4.854196808286787e+16,4.35407819871663e+16,4.001285237614817e+16,3.6484922765130024e+16,3.1743480592538172e+16,2.700203841994632e+16,2.123573769127879e+16,1.5469436962611278e+16,1.074517970745079e+16,6020922452290307.0,3812649733562451.5,1604377014834596.2,802188507417298.1,0.0,0.0,0.0,0.0,0.0,0.0,0.0,0.0,0.0,0.0,0.0,0.0,0.0,0.0,0.0,0.0,0.0,0.0,0.0,0.0,0.0,0.0,0.0,0.0,0.0,0.0,0.0,0.0,0.0,0.0,0.0,0.0,0.0,0.0,0.0,0.0,0.0,0.0,0.0,0.0,0.0,0.0,0.0,0.0,0.0,0.0,0.0,0.0,0.0,0.0,0.0,0.0,0.0,0.0,0.0,0.0,0.0,0.0,0.0,0.0,0.0,0.0,0.0,0.0,0.0,0.0,0.0,0.0,0.0,0.0,0.0,0.0,0.0,0.0,0.0,0.0,0.0,0.0,0.0,0.0,0.0,0.0,0.0,0.0,0.0,0.0,0.0,0.0,0.0,0.0,0.0,0.0,0.0,0.0,0.0,0.0,0.0,0.0,0.0,0.0,0.0,0.0,0.0,0.0,0.0,0.0,0.0,0.0,0.0,0.0,0.0,0.0,0.0,0.0,0.0,0.0,0.0,0.0,0.0,0.0,0.0,0.0,0.0,0.0,0.0,0.0,0.0,0.0,0.0,0.0,0.0,0.0,0.0,0.0,0.0,0.0,0.0,0.0,0.0,0.0,0.0,0.0,0.0,0.0,0.0,0.0,0.0,0.0,0.0,0.0,0.0,0.0,0.0,0.0,0.0,0.0,0.0,0.0,0.0,0.0
30.5701920090969,102.612597673325,23.46997760236,225.0,15.0,141.25342235960852,5.0,5.0,0.36997206522658277,2.878952424443263e+17,0.0,0.0,0.0,0.0,0.0,0.0,0.0,0.0,0.0,0.0,0.0,0.0,0.0,0.0,0.0,0.0,0.0,0.0,0.0,0.0,0.0,0.0,0.0,0.0,0.0,0.0,0.0,0.0,0.0,0.0,0.0,0.0,0.0,0.0,0.0,0.0,0.0,0.0,0.0,0.0,0.0,0.0,0.0,0.0,0.0,0.0,0.0,0.0,0.0,0.0,0.0,3934919816834673.5,7869839633669347.0,1.3619373415153564e+16,1.9368907196637788e+16,2.501710412489146e+16,3.0665301053145132e+16,3.4665874090001972e+16,3.866644712685881e+16,3.979828769493028e+16,4.093012826300174e+16,3.8970337671539e+16,3.701054708007625e+16,3.3354302855087196e+16,2.969805863009815e+16,2.679312116897809e+16,2.3888183707858024e+16,2.2399919470772596e+16,2.0911655233687164e+16,1.9118660183213724e+16,1.732566513274028e+16,1.4667388099792618e+16,1.2009111066844958e+16,8916173195861146.0,5823235324877332.0,4280537723945167.0,2737840123013002.5,1864081497415661.0,990322871818319.9,495161435909159.94,0.0,0.0,0.0,0.0,0.0,0.0,0.0,0.0,0.0,0.0,0.0,0.0,0.0,0.0,0.0,0.0,0.0,0.0,0.0,0.0,0.0,0.0,0.0,0.0,0.0,0.0,0.0,0.0,0.0,0.0,0.0,0.0,0.0,0.0,0.0,0.0,0.0,0.0,0.0,0.0,0.0,0.0,0.0,0.0,0.0,0.0,0.0,0.0,0.0,0.0,0.0,0.0,0.0,0.0,0.0,0.0,0.0,0.0,0.0,0.0,0.0,0.0,0.0,0.0,0.0,0.0,0.0,0.0,0.0,0.0,0.0,0.0,0.0,0.0,0.0,0.0,0.0,0.0,0.0,0.0,0.0,0.0,0.0,0.0,0.0,0.0,0.0,0.0,0.0,0.0,0.0,0.0,0.0,0.0,0.0,0.0,0.0,0.0,0.0,0.0,0.0,0.0,0.0,0.0,0.0,0.0,0.0,0.0,0.0,0.0,0.0,0.0,0.0,0.0,0.0,0.0,0.0,0.0,0.0,0.0,0.0,0.0,0.0,0.0,0.0,0.0,0.0,0.0,0.0,0.0,0.0,0.0,0.0,0.0,0.0,0.0,0.0,0.0,0.0,0.0,0.0,0.0,0.0,0.0,0.0,0.0,0.0,0.0,0.0,0.0,0.0,0.0,0.0,0.0,0.0,0.0,0.0,0.0,0.0,0.0
30.6012045962678,102.575664549568,24.5511456592836,225.0,10.0,90.0,5.0,5.0,0.0,0.0,0.0,0.0,0.0,0.0,0.0,0.0,0.0,0.0,0.0,0.0,0.0,0.0,0.0,0.0,0.0,0.0,0.0,0.0,0.0,0.0,0.0,0.0,0.0,0.0,0.0,0.0,0.0,0.0,0.0,0.0,0.0,0.0,0.0,0.0,0.0,0.0,0.0,0.0,0.0,0.0,0.0,0.0,0.0,0.0,0.0,0.0,0.0,0.0,0.0,0.0,0.0,0.0,0.0,0.0,0.0,0.0,0.0,0.0,0.0,0.0,0.0,0.0,0.0,0.0,0.0,0.0,0.0,0.0,0.0,0.0,0.0,0.0,0.0,0.0,0.0,0.0,0.0,0.0,0.0,0.0,0.0,0.0,0.0,0.0,0.0,0.0,0.0,0.0,0.0,0.0,0.0,0.0,0.0,0.0,0.0,0.0,0.0,0.0,0.0,0.0,0.0,0.0,0.0,0.0,0.0,0.0,0.0,0.0,0.0,0.0,0.0,0.0,0.0,0.0,0.0,0.0,0.0,0.0,0.0,0.0,0.0,0.0,0.0,0.0,0.0,0.0,0.0,0.0,0.0,0.0,0.0,0.0,0.0,0.0,0.0,0.0,0.0,0.0,0.0,0.0,0.0,0.0,0.0,0.0,0.0,0.0,0.0,0.0,0.0,0.0,0.0,0.0,0.0,0.0,0.0,0.0,0.0,0.0,0.0,0.0,0.0,0.0,0.0,0.0,0.0,0.0,0.0,0.0,0.0,0.0,0.0,0.0,0.0,0.0,0.0,0.0,0.0,0.0,0.0,0.0,0.0,0.0,0.0,0.0,0.0,0.0,0.0,0.0,0.0,0.0,0.0,0.0,0.0,0.0,0.0,0.0,0.0,0.0,0.0,0.0,0.0,0.0,0.0,0.0,0.0,0.0,0.0,0.0,0.0,0.0,0.0,0.0,0.0,0.0,0.0,0.0,0.0,0.0,0.0,0.0,0.0,0.0,0.0,0.0,0.0,0.0,0.0,0.0,0.0,0.0,0.0,0.0,0.0,0.0,0.0,0.0,0.0,0.0,0.0,0.0
30.3758157932243,102.769121626328,2.46201938253052,225.0,80.0,90.0,5.0,5.0,0.354166439279599,2.755960313911771e+17,0.0,0.0,0.0,0.0,0.0,0.0,0.0,0.0,0.0,0.0,0.0,0.0,0.0,0.0,0.0,0.0,0.0,0.0,0.0,0.0,0.0,0.0,0.0,0.0,0.0,0.0,0.0,0.0,0.0,0.0,0.0,0.0,0.0,0.0,0.0,0.0,0.0,0.0,0.0,0.0,0.0,0.0,0.0,0.0,0.0,0.0,0.0,0.0,0.0,0.0,0.0,0.0,0.0,8367381928000499.0,1.6734763856000998e+16,3.1887519397880932e+16,4.704027493976087e+16,5.861443305851919e+16,7.018859117727751e+16,6.93942345964886e+16,6.859987801569967e+16,5.5538311484977496e+16,4.247674495425533e+16,2.7081036554728544e+16,1.168532815520176e+16,5842664077600880.0,0.0,0.0,0.0,0.0,0.0,0.0,0.0,0.0,0.0,0.0,0.0,909121409500674.2,1818242819001348.5,4409124166394254.5,7000005513787160.0,7206674268277265.0,7413343022767369.0,5026100980096203.0,2638858937425035.5,1319429468712517.8,0.0,0.0,0.0,0.0,0.0,0.0,0.0,0.0,0.0,0.0,0.0,0.0,0.0,0.0,0.0,0.0,0.0,0.0,0.0,0.0,0.0,0.0,0.0,0.0,0.0,0.0,0.0,0.0,0.0,0.0,0.0,0.0,0.0,0.0,0.0,0.0,0.0,0.0,0.0,0.0,0.0,0.0,0.0,0.0,0.0,0.0,0.0,0.0,0.0,0.0,0.0,0.0,0.0,0.0,0.0,0.0,0.0,0.0,0.0,0.0,0.0,0.0,0.0,0.0,0.0,0.0,0.0,0.0,0.0,0.0,0.0,0.0,0.0,0.0,0.0,0.0,0.0,0.0,0.0,0.0,0.0,0.0,0.0,0.0,0.0,0.0,0.0,0.0,0.0,0.0,0.0,0.0,0.0,0.0,0.0,0.0,0.0,0.0,0.0,0.0,0.0,0.0,0.0,0.0,0.0,0.0,0.0,0.0,0.0,0.0,0.0,0.0,0.0,0.0,0.0,0.0,0.0,0.0,0.0,0.0,0.0,0.0,0.0,0.0,0.0,0.0,0.0,0.0,0.0,0.0,0.0,0.0,0.0,0.0,0.0,0.0,0.0,0.0,0.0,0.0,0.0,0.0,0.0,0.0,0.0,0.0,0.0,0.0,0.0,0.0,0.0,0.0,0.0,0.0
30.3852951835037,102.757865220117,7.18980823265266,225.0,65.0,95.75734563004815,5.0,5.0,0.449849107667581,3.5005188252795885e+17,0.0,0.0,0.0,0.0,0.0,0.0,0.0,0.0,0.0,0.0,0.0,0.0,0.0,0.0,0.0,0.0,0.0,0.0,0.0,0.0,0.0,0.0,0.0,0.0,0.0,0.0,0.0,0.0,0.0,0.0,0.0,0.0,0.0,0.0,0.0,0.0,0.0,0.0,0.0,0.0,0.0,0.0,0.0,0.0,0.0,0.0,0.0,0.0,0.0,0.0,0.0,1035386939279659.9,2070773878559319.8,1.089753157492912e+16,1.972428927129892e+16,3.5333753524216892e+16,5.094321777713486e+16,6.424076490628721e+16,7.753831203543957e+16,7.935840669155618e+16,8.117850134767275e+16,6.961187786654786e+16,5.804525438542293e+16,4.011954266512617e+16,2.2193830944829404e+16,1.1096915472414702e+16,0.0,0.0,0.0,0.0,0.0,0.0,0.0,0.0,0.0,0.0,0.0,3288432910179636.0,6576865820359272.0,1.0548555824452222e+16,1.4520245828545172e+16,1.378544845979211e+16,1.3050651091039046e+16,8630295619348308.0,4209940147657569.5,2104970073828784.8,0.0,0.0,0.0,0.0,0.0,0.0,0.0,0.0,0.0,0.0,0.0,0.0,0.0,0.0,0.0,0.0,0.0,0.0,0.0,0.0,0.0,0.0,0.0,0.0,0.0,0.0,0.0,0.0,0.0,0.0,0.0,0.0,0.0,0.0,0.0,0.0,0.0,0.0,0.0,0.0,0.0,0.0,0.0,0.0,0.0,0.0,0.0,0.0,0.0,0.0,0.0,0.0,0.0,0.0,0.0,0.0,0.0,0.0,0.0,0.0,0.0,0.0,0.0,0.0,0.0,0.0,0.0,0.0,0.0,0.0,0.0,0.0,0.0,0.0,0.0,0.0,0.0,0.0,0.0,0.0,0.0,0.0,0.0,0.0,0.0,0.0,0.0,0.0,0.0,0.0,0.0,0.0,0.0,0.0,0.0,0.0,0.0,0.0,0.0,0.0,0.0,0.0,0.0,0.0,0.0,0.0,0.0,0.0,0.0,0.0,0.0,0.0,0.0,0.0,0.0,0.0,0.0,0.0,0.0,0.0,0.0,0.0,0.0,0.0,0.0,0.0,0.0,0.0,0.0,0.0,0.0,0.0,0.0,0.0,0.0,0.0,0.0,0.0,0.0,0.0,0.0,0.0,0.0,0.0,0.0,0.0,0.0,0.0,0.0,0.0,0.0,0.0,0.0,0.0
30.4022329103212,102.737710160331,11.3706888080417,225.0,50.0,116.05820507524355,5.0,5.0,0.568935283411387,4.4271926652770445e+17,0.0,0.0,0.0,0.0,0.0,0.0,0.0,0.0,0.0,0.0,0.0,0.0,0.0,0.0,0.0,0.0,0.0,0.0,0.0,0.0,0.0,0.0,0.0,0.0,0.0,0.0,0.0,0.0,0.0,0.0,0.0,0.0,0.0,0.0,0.0,0.0,0.0,0.0,0.0,0.0,0.0,0.0,0.0,0.0,0.0,0.0,0.0,0.0,0.0,784848396604054.9,1569696793208109.8,7803566812657196.0,1.4037436832106284e+16,2.3548644513913336e+16,3.3059852195720388e+16,4.488991760805777e+16,5.671998302039517e+16,6.8309134028570056e+16,7.989828503674496e+16,8.458475145941566e+16,8.927121788208637e+16,8.32336718809878e+16,7.719612587988925e+16,6.255761397252346e+16,4.791910206515766e+16,3.1751117114273908e+16,1.558313216339014e+16,8476072916486013.0,1369013669581883.5,684506834790941.8,0.0,0.0,0.0,0.0,0.0,0.0,0.0,2904580568193866.0,5809161136387732.0,8586945647892469.0,1.1364730159397206e+16,9716391903733520.0,8068053648069834.0,4460764846819651.5,853476045569468.5,426738022784734.25,0.0,0.0,0.0,0.0,0.0,0.0,0.0,0.0,0.0,0.0,0.0,0.0,0.0,0.0,0.0,0.0,0.0,0.0,0.0,0.0,0.0,0.0,0.0,0.0,0.0,0.0,0.0,0.0,0.0,0.0,0.0,0.0,0.0,0.0,0.0,0.0,0.0,0.0,0.0,0.0,0.0,0.0,0.0,0.0,0.0,0.0,0.0,0.0,0.0,0.0,0.0,0.0,0.0,0.0,0.0,0.0,0.0,0.0,0.0,0.0,0.0,0.0,0.0,0.0,0.0,0.0,0.0,0.0,0.0,0.0,0.0,0.0,0.0,0.0,0.0,0.0,0.0,0.0,0.0,0.0,0.0,0.0,0.0,0.0,0.0,0.0,0.0,0.0,0.0,0.0,0.0,0.0,0.0,0.0,0.0,0.0,0.0,0.0,0.0,0.0,0.0,0.0,0.0,0.0,0.0,0.0,0.0,0.0,0.0,0.0,0.0,0.0,0.0,0.0,0.0,0.0,0.0,0.0,0.0,0.0,0.0,0.0,0.0,0.0,0.0,0.0,0.0,0.0,0.0,0.0,0.0,0.0,0.0,0.0,0.0,0.0,0.0,0.0,0.0,0.0,0.0,0.0,0.0,0.0,0.0,0.0,0.0,0.0,0.0,0.0,0.0,0.0,0.0,0.0
30.4246303957136,102.711014588835,14.8927689400555,225.0,40.0,133.988759925875,5.0,5.0,0.8573002814842879,6.671116432381245e+17,0.0,0.0,0.0,0.0,0.0,0.0,0.0,0.0,0.0,0.0,0.0,0.0,0.0,0.0,0.0,0.0,0.0,0.0,0.0,0.0,0.0,0.0,0.0,0.0,0.0,0.0,0.0,0.0,0.0,0.0,0.0,0.0,0.0,0.0,0.0,0.0,0.0,0.0,0.0,0.0,0.0,0.0,0.0,0.0,0.0,0.0,0.0,0.0,0.0,2651491409646858.5,5302982819293717.0,1.6739971960668322e+16,2.8176961102042932e+16,4.217615165818102e+16,5.617534221431911e+16,6.803918858962644e+16,7.990303496493374e+16,8.899973602792403e+16,9.80964370909143e+16,1.0323910386668389e+17,1.0838177064245349e+17,1.0567138714284838e+17,1.0296100364324326e+17,9.219255741616325e+16,8.142411118908325e+16,6.575404752432048e+16,5.008398385955771e+16,3.692131795130675e+16,2.3758652043055796e+16,1.7582482410674854e+16,1.1406312778293916e+16,9444169299411660.0,7482025820529404.0,5981160074153955.0,4480294327778507.5,3090914355860169.5,1701534383941830.8,2323520011193632.5,2945505638445433.5,3585825657466746.5,4226145676488060.0,2285810052246051.0,345474428004042.1,172737214002021.06,0.0,0.0,0.0,0.0,0.0,0.0,0.0,0.0,0.0,0.0,0.0,0.0,0.0,0.0,0.0,130035307873024.52,260070615746049.03,130035307873024.52,0.0,0.0,0.0,0.0,0.0,0.0,0.0,0.0,0.0,0.0,0.0,0.0,0.0,0.0,0.0,0.0,0.0,0.0,0.0,0.0,0.0,0.0,0.0,0.0,0.0,0.0,0.0,0.0,0.0,0.0,0.0,0.0,0.0,0.0,0.0,0.0,0.0,0.0,0.0,0.0,0.0,0.0,0.0,0.0,0.0,0.0,0.0,0.0,0.0,0.0,0.0,0.0,0.0,0.0,0.0,0.0,0.0,0.0,0.0,0.0,0.0,0.0,0.0,0.0,0.0,0.0,0.0,0.0,0.0,0.0,0.0,0.0,0.0,0.0,0.0,0.0,0.0,0.0,0.0,0.0,0.0,0.0,0.0,0.0,0.0,0.0,0.0,0.0,0.0,0.0,0.0,0.0,0.0,0.0,0.0,0.0,0.0,0.0,0.0,0.0,0.0,0.0,0.0,0.0,0.0,0.0,0.0,0.0,0.0,0.0,0.0,0.0,0.0,0.0,0.0,0.0,0.0,0.0,0.0,0.0,0.0,0.0,0.0,0.0,0.0,0.0,0.0,0.0,0.0,0.0,0.0,0.0,0.0,0.0,0.0,0.0,0.0,0.0
30.4505768954987,102.680056720317,17.7497379642719,225.0,30.0,139.25073841397983,5.0,5.0,1.2128993804726116,9.438225045122845e+17,0.0,0.0,0.0,0.0,0.0,0.0,0.0,0.0,0.0,0.0,0.0,0.0,0.0,0.0,0.0,0.0,0.0,0.0,0.0,0.0,0.0,0.0,0.0,0.0,0.0,0.0,0.0,0.0,0.0,0.0,0.0,0.0,0.0,0.0,0.0,0.0,0.0,0.0,0.0,0.0,0.0,0.0,0.0,376588611033795.75,753177222067591.5,1062764481884786.4,1372351741701981.0,1139094519440667.2,905837297179353.2,3822148225823765.0,6738459154468177.0,2.1216170626783344e+16,3.569388209909851e+16,5.419673475869135e+16,7.26995874182842e+16,8.675511684612021e+16,1.0081064627395621e+17,1.0987073819318672e+17,1.1893083011241722e+17,1.2392833570168784e+17,1.2892584129095843e+17,1.2803828383635394e+17,1.2715072638174942e+17,1.1951035324287075e+17,1.1186998010399208e+17,9.938055006941962e+16,8.689112003484714e+16,7.412708042802144e+16,6.136304082119575e+16,5.201647586028903e+16,4.26699108993823e+16,3.5119689986126096e+16,2.75694690728699e+16,2.136479912739844e+16,1.516012918192698e+16,9738822294058218.0,4317515406189456.0,2158757703094728.0,0.0,0.0,0.0,0.0,0.0,0.0,0.0,0.0,0.0,0.0,0.0,0.0,0.0,0.0,0.0,0.0,0.0,0.0,0.0,0.0,0.0,0.0,0.0,0.0,0.0,0.0,0.0,0.0,0.0,0.0,0.0,0.0,0.0,0.0,0.0,0.0,0.0,0.0,0.0,0.0,0.0,0.0,0.0,0.0,0.0,0.0,0.0,0.0,0.0,0.0,0.0,0.0,0.0,0.0,0.0,0.0,0.0,0.0,0.0,0.0,0.0,0.0,0.0,0.0,0.0,0.0,0.0,0.0,0.0,0.0,0.0,0.0,0.0,0.0,0.0,0.0,0.0,0.0,0.0,0.0,0.0,0.0,0.0,0.0,0.0,0.0,0.0,0.0,0.0,0.0,0.0,0.0,0.0,0.0,0.0,0.0,0.0,0.0,0.0,0.0,0.0,0.0,0.0,0.0,0.0,0.0,0.0,0.0,0.0,0.0,0.0,0.0,0.0,0.0,0.0,0.0,0.0,0.0,0.0,0.0,0.0,0.0,0.0,0.0,0.0,0.0,0.0,0.0,0.0,0.0,0.0,0.0,0.0,0.0,0.0,0.0,0.0,0.0,0.0,0.0,0.0,0.0,0.0,0.0,0.0,0.0,0.0,0.0,0.0,0.0,0.0,0.0,0.0,0.0,0.0,0.0,0.0,0.0,0.0,0.0,0.0,0.0
30.4787532893228,102.646414205922,20.0562836186236,225.0,25.0,140.6390523204675,5.0,5.0,1.2895344189498663,1.0034563662435142e+18,0.0,0.0,0.0,0.0,0.0,0.0,0.0,0.0,0.0,0.0,0.0,0.0,0.0,0.0,0.0,0.0,0.0,0.0,0.0,0.0,0.0,0.0,0.0,0.0,0.0,0.0,0.0,0.0,0.0,0.0,0.0,0.0,0.0,0.0,0.0,0.0,0.0,0.0,0.0,0.0,0.0,42461969260595.33,84923938521190.66,235534540627375.2,386145142733559.7,193072571366779.84,0.0,0.0,0.0,3003977222133434.0,6007954444266868.0,1.9728012472767532e+16,3.344807050126819e+16,5.141506899805087e+16,6.9382067494833544e+16,8.392649359529286e+16,9.847091969575218e+16,1.0779169365902494e+17,1.1711246762229774e+17,1.219970417497392e+17,1.2688161587718067e+17,1.262279825365881e+17,1.2557434919599552e+17,1.194946254980773e+17,1.1341490180015907e+17,1.0421607487431432e+17,9.501724794846955e+16,8.590917563986573e+16,7.680110333126192e+16,6.873396639904112e+16,6.066682946682033e+16,5.219774601084715e+16,4.372866255487398e+16,3.4616361625556916e+16,2.5504060696239852e+16,1.7720573735519918e+16,9937086774799986.0,5487523266420083.0,1037959758040180.1,518979879020090.06,0.0,0.0,0.0,0.0,0.0,0.0,0.0,0.0,0.0,0.0,0.0,0.0,0.0,0.0,0.0,0.0,0.0,0.0,0.0,0.0,0.0,0.0,0.0,0.0,0.0,0.0,0.0,0.0,0.0,0.0,0.0,0.0,0.0,0.0,0.0,0.0,0.0,0.0,0.0,0.0,0.0,0.0,0.0,0.0,0.0,0.0,0.0,0.0,0.0,0.0,0.0,0.0,0.0,0.0,0.0,0.0,0.0,0.0,0.0,0.0,0.0,0.0,0.0,0.0,0.0,0.0,0.0,0.0,0.0,0.0,0.0,0.0,0.0,0.0,0.0,0.0,0.0,0.0,0.0,0.0,0.0,0.0,0.0,0.0,0.0,0.0,0.0,0.0,0.0,0.0,0.0,0.0,0.0,0.0,0.0,0.0,0.0,0.0,0.0,0.0,0.0,0.0,0.0,0.0,0.0,0.0,0.0,0.0,0.0,0.0,0.0,0.0,0.0,0.0,0.0,0.0,0.0,0.0,0.0,0.0,0.0,0.0,0.0,0.0,0.0,0.0,0.0,0.0,0.0,0.0,0.0,0.0,0.0,0.0,0.0,0.0,0.0,0.0,0.0,0.0,0.0,0.0,0.0,0.0,0.0,0.0,0.0,0.0,0.0,0.0,0.0,0.0,0.0,0.0,0.0,0.0,0.0,0.0,0.0,0.0
30.5081008379438,102.611351953111,21.9678796312896,225.0,20.0,141.57456826994678,5.0,5.0,0.9704250298019015,7.551401186404689e+17,0.0,0.0,0.0,0.0,0.0,0.0,0.0,0.0,0.0,0.0,0.0,0.0,0.0,0.0,0.0,0.0,0.0,0.0,0.0,0.0,0.0,0.0,0.0,0.0,0.0,0.0,0.0,0.0,0.0,0.0,0.0,0.0,0.0,0.0,0.0,0.0,0.0,0.0,0.0,0.0,0.0,0.0,0.0,0.0,0.0,0.0,0.0,0.0,0.0,1230676218991029.5,2461352437982059.0,1.1641355578167482e+16,2.0821358718352908e+16,3.395835717561247e+16,4.709535563287203e+16,5.8859964824263176e+16,7.0624574015654296e+16,7.913945714170411e+16,8.765434026775395e+16,9.171700297664869e+16,9.577966568554342e+16,9.481081176249749e+16,9.384195783945154e+16,8.917448184340675e+16,8.450700584736195e+16,7.863758126890254e+16,7.276815669044314e+16,6.739442708810167e+16,6.20206974857602e+16,5.636343189188244e+16,5.070616629800469e+16,4.3546653110131016e+16,3.638713992225734e+16,2.853979364348422e+16,2.0692447364711104e+16,1.450642033824275e+16,8320393311774396.0,4889950217160117.0,1459507122545838.8,729753561272919.4,0.0,0.0,0.0,0.0,0.0,0.0,0.0,0.0,0.0,0.0,0.0,0.0,0.0,0.0,0.0,0.0,0.0,0.0,0.0,0.0,0.0,0.0,0.0,0.0,0.0,0.0,0.0,0.0,0.0,0.0,0.0,0.0,0.0,0.0,0.0,0.0,0.0,0.0,0.0,0.0,0.0,0.0,0.0,0.0,0.0,0.0,0.0,0.0,0.0,0.0,0.0,0.0,0.0,0.0,0.0,0.0,0.0,0.0,0.0,0.0,0.0,0.0,0.0,0.0,0.0,0.0,0.0,0.0,0.0,0.0,0.0,0.0,0.0,0.0,0.0,0.0,0.0,0.0,0.0,0.0,0.0,0.0,0.0,0.0,0.0,0.0,0.0,0.0,0.0,0.0,0.0,0.0,0.0,0.0,0.0,0.0,0.0,0.0,0.0,0.0,0.0,0.0,0.0,0.0,0.0,0.0,0.0,0.0,0.0,0.0,0.0,0.0,0.0,0.0,0.0,0.0,0.0,0.0,0.0,0.0,0.0,0.0,0.0,0.0,0.0,0.0,0.0,0.0,0.0,0.0,0.0,0.0,0.0,0.0,0.0,0.0,0.0,0.0,0.0,0.0,0.0,0.0,0.0,0.0,0.0,0.0,0.0,0.0,0.0,0.0,0.0,0.0,0.0,0.0,0.0,0.0,0.0,0.0,0.0,0.0
30.5383961887962,102.575142921596,23.46997760236,225.0,15.0,142.24365307111526,5.0,5.0,0.42433667196741404,3.301992786381311e+17,0.0,0.0,0.0,0.0,0.0,0.0,0.0,0.0,0.0,0.0,0.0,0.0,0.0,0.0,0.0,0.0,0.0,0.0,0.0,0.0,0.0,0.0,0.0,0.0,0.0,0.0,0.0,0.0,0.0,0.0,0.0,0.0,0.0,0.0,0.0,0.0,0.0,0.0,0.0,0.0,0.0,0.0,0.0,0.0,0.0,0.0,0.0,0.0,0.0,0.0,0.0,3399869410484023.0,6799738820968046.0,1.260250249426688e+16,1.8405266167565716e+16,2.4416134371796144e+16,3.0427002576026572e+16,3.5105220243093812e+16,3.978343791016106e+16,4.1670878883779384e+16,4.355831985739772e+16,4.270211561641984e+16,4.1845911375441976e+16,3.916472677259748e+16,3.648354216975298e+16,3.4130716496433264e+16,3.177789082311355e+16,2.9984423072507652e+16,2.8190955321901756e+16,2.5860831844043824e+16,2.3530708366185896e+16,2.004060180498806e+16,1.6550495243790224e+16,1.2536728654416704e+16,8522962065043182.0,5993764305034086.0,3464566545024991.0,2161523970391198.0,858481395757404.9,429240697878702.44,0.0,0.0,0.0,0.0,0.0,0.0,0.0,0.0,0.0,0.0,0.0,0.0,0.0,0.0,0.0,0.0,0.0,0.0,0.0,0.0,0.0,0.0,0.0,0.0,0.0,0.0,0.0,0.0,0.0,0.0,0.0,0.0,0.0,0.0,0.0,0.0,0.0,0.0,0.0,0.0,0.0,0.0,0.0,0.0,0.0,0.0,0.0,0.0,0.0,0.0,0.0,0.0,0.0,0.0,0.0,0.0,0.0,0.0,0.0,0.0,0.0,0.0,0.0,0.0,0.0,0.0,0.0,0.0,0.0,0.0,0.0,0.0,0.0,0.0,0.0,0.0,0.0,0.0,0.0,0.0,0.0,0.0,0.0,0.0,0.0,0.0,0.0,0.0,0.0,0.0,0.0,0.0,0.0,0.0,0.0,0.0,0.0,0.0,0.0,0.0,0.0,0.0,0.0,0.0,0.0,0.0,0.0,0.0,0.0,0.0,0.0,0.0,0.0,0.0,0.0,0.0,0.0,0.0,0.0,0.0,0.0,0.0,0.0,0.0,0.0,0.0,0.0,0.0,0.0,0.0,0.0,0.0,0.0,0.0,0.0,0.0,0.0,0.0,0.0,0.0,0.0,0.0,0.0,0.0,0.0,0.0,0.0,0.0,0.0,0.0,0.0,0.0,0.0,0.0,0.0,0.0,0.0,0.0,0.0,0.0
30.5694087759672,102.538200505358,24.5511456592836,225.0,10.0,90.0,5.0,5.0,0.0,0.0,0.0,0.0,0.0,0.0,0.0,0.0,0.0,0.0,0.0,0.0,0.0,0.0,0.0,0.0,0.0,0.0,0.0,0.0,0.0,0.0,0.0,0.0,0.0,0.0,0.0,0.0,0.0,0.0,0.0,0.0,0.0,0.0,0.0,0.0,0.0,0.0,0.0,0.0,0.0,0.0,0.0,0.0,0.0,0.0,0.0,0.0,0.0,0.0,0.0,0.0,0.0,0.0,0.0,0.0,0.0,0.0,0.0,0.0,0.0,0.0,0.0,0.0,0.0,0.0,0.0,0.0,0.0,0.0,0.0,0.0,0.0,0.0,0.0,0.0,0.0,0.0,0.0,0.0,0.0,0.0,0.0,0.0,0.0,0.0,0.0,0.0,0.0,0.0,0.0,0.0,0.0,0.0,0.0,0.0,0.0,0.0,0.0,0.0,0.0,0.0,0.0,0.0,0.0,0.0,0.0,0.0,0.0,0.0,0.0,0.0,0.0,0.0,0.0,0.0,0.0,0.0,0.0,0.0,0.0,0.0,0.0,0.0,0.0,0.0,0.0,0.0,0.0,0.0,0.0,0.0,0.0,0.0,0.0,0.0,0.0,0.0,0.0,0.0,0.0,0.0,0.0,0.0,0.0,0.0,0.0,0.0,0.0,0.0,0.0,0.0,0.0,0.0,0.0,0.0,0.0,0.0,0.0,0.0,0.0,0.0,0.0,0.0,0.0,0.0,0.0,0.0,0.0,0.0,0.0,0.0,0.0,0.0,0.0,0.0,0.0,0.0,0.0,0.0,0.0,0.0,0.0,0.0,0.0,0.0,0.0,0.0,0.0,0.0,0.0,0.0,0.0,0.0,0.0,0.0,0.0,0.0,0.0,0.0,0.0,0.0,0.0,0.0,0.0,0.0,0.0,0.0,0.0,0.0,0.0,0.0,0.0,0.0,0.0,0.0,0.0,0.0,0.0,0.0,0.0,0.0,0.0,0.0,0.0,0.0,0.0,0.0,0.0,0.0,0.0,0.0,0.0,0.0,0.0,0.0,0.0,0.0,0.0,0.0,0.0,0.0
30.3440199729237,102.731727222113,2.46201938253052,225.0,80.0,90.0,5.0,5.0,0.313222519551031,2.4373535647871296e+17,0.0,0.0,0.0,0.0,0.0,0.0,0.0,0.0,0.0,0.0,0.0,0.0,0.0,0.0,0.0,0.0,0.0,0.0,0.0,0.0,0.0,0.0,0.0,0.0,0.0,0.0,0.0,0.0,0.0,0.0,0.0,0.0,0.0,0.0,0.0,0.0,0.0,0.0,0.0,0.0,0.0,0.0,0.0,0.0,0.0,0.0,0.0,0.0,0.0,0.0,0.0,0.0,0.0,6150614708610513.0,1.2301229417221026e+16,2.5686764256793504e+16,3.907229909636597e+16,5.070074840116465e+16,6.2329197705963336e+16,6.295090620209411e+16,6.357261469822489e+16,5.198593348733865e+16,4.039925227645239e+16,2.591776406407415e+16,1.1436275851695924e+16,5718137925847962.0,0.0,0.0,0.0,0.0,0.0,0.0,0.0,0.0,0.0,0.0,0.0,2033945093677.6472,4067890187355.2944,2697949936656505.5,5391831983125656.0,6000019076371690.0,6608206169617723.0,4614293779738217.0,2620381389858711.5,1310190694929355.8,0.0,0.0,0.0,0.0,0.0,0.0,0.0,0.0,0.0,0.0,0.0,0.0,0.0,0.0,0.0,0.0,0.0,0.0,0.0,0.0,0.0,0.0,0.0,0.0,0.0,0.0,0.0,0.0,0.0,0.0,0.0,0.0,0.0,0.0,0.0,0.0,0.0,0.0,0.0,0.0,0.0,0.0,0.0,0.0,0.0,0.0,0.0,0.0,0.0,0.0,0.0,0.0,0.0,0.0,0.0,0.0,0.0,0.0,0.0,0.0,0.0,0.0,0.0,0.0,0.0,0.0,0.0,0.0,0.0,0.0,0.0,0.0,0.0,0.0,0.0,0.0,0.0,0.0,0.0,0.0,0.0,0.0,0.0,0.0,0.0,0.0,0.0,0.0,0.0,0.0,0.0,0.0,0.0,0.0,0.0,0.0,0.0,0.0,0.0,0.0,0.0,0.0,0.0,0.0,0.0,0.0,0.0,0.0,0.0,0.0,0.0,0.0,0.0,0.0,0.0,0.0,0.0,0.0,0.0,0.0,0.0,0.0,0.0,0.0,0.0,0.0,0.0,0.0,0.0,0.0,0.0,0.0,0.0,0.0,0.0,0.0,0.0,0.0,0.0,0.0,0.0,0.0,0.0,0.0,0.0,0.0,0.0,0.0,0.0,0.0,0.0,0.0,0.0,0.0
30.353499363203,102.72046834264,7.18980823265266,225.0,65.0,96.7662018706005,5.0,5.0,0.41760669880672036,3.249623231032447e+17,0.0,0.0,0.0,0.0,0.0,0.0,0.0,0.0,0.0,0.0,0.0,0.0,0.0,0.0,0.0,0.0,0.0,0.0,0.0,0.0,0.0,0.0,0.0,0.0,0.0,0.0,0.0,0.0,0.0,0.0,0.0,0.0,0.0,0.0,0.0,0.0,0.0,0.0,0.0,0.0,0.0,0.0,0.0,0.0,0.0,0.0,0.0,0.0,0.0,0.0,0.0,585746901223610.5,1171493802447221.0,7631690394382580.0,1.4091886986317936e+16,2.821167914089202e+16,4.23314712954661e+16,5.599930526669355e+16,6.966713923792101e+16,7.352475277460285e+16,7.738236631128469e+16,6.751130692429361e+16,5.764024753730253e+16,4.0470584735637096e+16,2.3300921933971664e+16,1.1650460966985832e+16,0.0,0.0,0.0,0.0,0.0,0.0,0.0,0.0,0.0,0.0,0.0,2190081198780599.5,4380162397561199.0,8642043666468806.0,1.2903924935376416e+16,1.3144062919882074e+16,1.3384200904387736e+16,9448364912117284.0,5512528919846831.0,2756264459923415.5,0.0,0.0,0.0,0.0,0.0,0.0,0.0,0.0,0.0,0.0,0.0,0.0,0.0,0.0,0.0,1597989420680659.8,3195978841361319.5,1597989420680659.8,0.0,0.0,0.0,0.0,0.0,0.0,0.0,0.0,0.0,0.0,0.0,0.0,0.0,0.0,0.0,0.0,0.0,0.0,0.0,0.0,0.0,0.0,0.0,0.0,0.0,0.0,0.0,0.0,0.0,0.0,0.0,0.0,0.0,0.0,0.0,0.0,0.0,0.0,0.0,0.0,0.0,0.0,0.0,0.0,0.0,0.0,0.0,0.0,0.0,0.0,0.0,0.0,0.0,0.0,0.0,0.0,0.0,0.0,0.0,0.0,0.0,0.0,0.0,0.0,0.0,0.0,0.0,0.0,0.0,0.0,0.0,0.0,0.0,0.0,0.0,0.0,0.0,0.0,0.0,0.0,0.0,0.0,0.0,0.0,0.0,0.0,0.0,0.0,0.0,0.0,0.0,0.0,0.0,0.0,0.0,0.0,0.0,0.0,0.0,0.0,0.0,0.0,0.0,0.0,0.0,0.0,0.0,0.0,0.0,0.0,0.0,0.0,0.0,0.0,0.0,0.0,0.0,0.0,0.0,0.0,0.0,0.0,0.0,0.0,0.0,0.0,0.0,0.0,0.0,0.0,0.0,0.0,0.0,0.0,0.0,0.0
30.3704370900206,102.700307942302,11.3706888080417,225.0,50.0,119.57845795042324,5.0,5.0,0.582850973447197,4.5354781639183014e+17,0.0,0.0,0.0,0.0,0.0,0.0,0.0,0.0,0.0,0.0,0.0,0.0,0.0,0.0,0.0,0.0,0.0,0.0,0.0,0.0,0.0,0.0,0.0,0.0,0.0,0.0,0.0,0.0,0.0,0.0,0.0,0.0,0.0,0.0,0.0,0.0,0.0,0.0,0.0,0.0,0.0,0.0,0.0,0.0,0.0,0.0,0.0,0.0,0.0,271427932970597.4,542855865941194.8,5818649049433686.0,1.1094442232926176e+16,1.9492743327428204e+16,2.789104442193024e+16,3.903190558016352e+16,5.01727667383968e+16,6.308585247305918e+16,7.599893820772155e+16,8.354184162317075e+16,9.108474503861994e+16,8.731084448044642e+16,8.353694392227291e+16,6.9196542187990856e+16,5.48561404537088e+16,3.822503095774507e+16,2.1593921461781344e+16,1.3243728609971836e+16,4893535758162332.0,3001822522621409.0,1110109287080485.2,555054643540242.6,0.0,0.0,0.0,0.0,0.0,2023071525435572.0,4046143050871144.0,6827825665906252.0,9609508280941358.0,9144224359437512.0,8678940437933664.0,5094054562060015.0,1509168686186366.0,754584343093183.0,0.0,0.0,0.0,0.0,0.0,0.0,0.0,0.0,0.0,0.0,0.0,0.0,0.0,786629549085518.5,1573259098171037.0,3464306273677937.5,5355353449184839.0,2677676724592419.5,0.0,0.0,0.0,0.0,0.0,0.0,0.0,0.0,0.0,0.0,0.0,0.0,0.0,0.0,0.0,0.0,0.0,0.0,0.0,0.0,0.0,0.0,0.0,0.0,0.0,0.0,0.0,0.0,0.0,0.0,0.0,0.0,0.0,0.0,0.0,0.0,0.0,0.0,0.0,0.0,0.0,0.0,0.0,0.0,0.0,0.0,0.0,0.0,0.0,0.0,0.0,0.0,0.0,0.0,0.0,0.0,0.0,0.0,0.0,0.0,0.0,0.0,0.0,0.0,0.0,0.0,0.0,0.0,0.0,0.0,0.0,0.0,0.0,0.0,0.0,0.0,0.0,0.0,0.0,0.0,0.0,0.0,0.0,0.0,0.0,0.0,0.0,0.0,0.0,0.0,0.0,0.0,0.0,0.0,0.0,0.0,0.0,0.0,0.0,0.0,0.0,0.0,0.0,0.0,0.0,0.0,0.0,0.0,0.0,0.0,0.0,0.0,0.0,0.0,0.0,0.0,0.0,0.0,0.0,0.0,0.0,0.0,0.0,0.0,0.0,0.0,0.0,0.0,0.0,0.0,0.0,0.0,0.0,0.0,0.0,0.0
30.392834575413,102.673604412592,14.8927689400555,225.0,40.0,136.3471363977622,5.0,5.0,0.9295154804275063,7.233061891565857e+17,0.0,0.0,0.0,0.0,0.0,0.0,0.0,0.0,0.0,0.0,0.0,0.0,0.0,0.0,0.0,0.0,0.0,0.0,0.0,0.0,0.0,0.0,0.0,0.0,0.0,0.0,0.0,0.0,0.0,0.0,0.0,0.0,0.0,0.0,0.0,0.0,0.0,0.0,0.0,0.0,0.0,0.0,0.0,0.0,0.0,0.0,0.0,139705174522.93683,279410349045.87366,1253085274765731.0,2505891139182416.0,1.2418919496441054e+16,2.2331947853699692e+16,3.606671937942758e+16,4.980149090515549e+16,6.262931894580342e+16,7.545714698645136e+16,8.706987076923763e+16,9.868259455202389e+16,1.0703297536855155e+17,1.1538335618507917e+17,1.1570700479743259e+17,1.1603065340978603e+17,1.0648331841514107e+17,9.69359834204961e+16,8.102534882943096e+16,6.511471423836582e+16,5.060654696084661e+16,3.609837968332739e+16,2.701419748491314e+16,1.793001528649888e+16,1.3219981587893174e+16,8509947889287468.0,6004141620261319.0,3498335351235169.5,2054499160560966.2,610662969886763.6,891952894010608.9,1173242818134454.0,1983584517437141.0,2793926216739828.0,1396963108369914.0,0.0,0.0,0.0,0.0,0.0,0.0,0.0,0.0,0.0,0.0,0.0,0.0,0.0,0.0,0.0,0.0,0.0,1958457680626368.5,3916915361252737.0,5223810420443376.0,6530705479634016.0,3265352739817008.0,0.0,0.0,0.0,0.0,0.0,0.0,0.0,0.0,0.0,0.0,0.0,0.0,0.0,0.0,0.0,0.0,0.0,0.0,0.0,0.0,0.0,0.0,0.0,0.0,0.0,0.0,0.0,0.0,0.0,0.0,0.0,0.0,0.0,0.0,0.0,0.0,0.0,0.0,0.0,0.0,0.0,0.0,0.0,0.0,0.0,0.0,0.0,0.0,0.0,0.0,0.0,0.0,0.0,0.0,0.0,0.0,0.0,0.0,0.0,0.0,0.0,0.0,0.0,0.0,0.0,0.0,0.0,0.0,0.0,0.0,0.0,0.0,0.0,0.0,0.0,0.0,0.0,0.0,0.0,0.0,0.0,0.0,0.0,0.0,0.0,0.0,0.0,0.0,0.0,0.0,0.0,0.0,0.0,0.0,0.0,0.0,0.0,0.0,0.0,0.0,0.0,0.0,0.0,0.0,0.0,0.0,0.0,0.0,0.0,0.0,0.0,0.0,0.0,0.0,0.0,0.0,0.0,0.0,0.0,0.0,0.0,0.0,0.0,0.0,0.0,0.0,0.0,0.0,0.0,0.0,0.0,0.0,0.0,0.0,0.0,0.0
30.4187810751981,102.642636752986,17.7497379642719,225.0,30.0,140.52158136586363,5.0,5.0,1.3258784742492105,1.0317376382509201e+18,0.0,0.0,0.0,0.0,0.0,0.0,0.0,0.0,0.0,0.0,0.0,0.0,0.0,0.0,0.0,0.0,0.0,0.0,0.0,0.0,0.0,0.0,0.0,0.0,0.0,0.0,0.0,0.0,0.0,0.0,0.0,0.0,0.0,0.0,0.0,0.0,0.0,0.0,0.0,0.0,0.0,0.0,0.0,501905934121283.25,1003811868242566.5,1295292844917783.8,1586773821593001.0,1253358621823193.2,919943422053385.5,2104861897692266.8,3289780373331147.5,1.5840367548661904e+16,2.8390954723992656e+16,4.658928729353407e+16,6.4787619863075496e+16,8.078345073481579e+16,9.677928160655606e+16,1.0937652387226742e+17,1.219737661379788e+17,1.3084732964973274e+17,1.3972089316148672e+17,1.4179049510605437e+17,1.4386009705062202e+17,1.3779566009495318e+17,1.3173122313928437e+17,1.1932905840129898e+17,1.069268936633136e+17,9.281346727155518e+16,7.870004087979677e+16,6.585789722768528e+16,5.3015753575573784e+16,4.24268947794063e+16,3.183803598323882e+16,2.3966314578615624e+16,1.609459317399242e+16,1.0267753435146472e+16,4440913696300525.5,2220456848150262.8,0.0,0.0,0.0,0.0,0.0,0.0,0.0,0.0,0.0,0.0,0.0,0.0,0.0,0.0,0.0,0.0,0.0,0.0,0.0,0.0,0.0,1323795446494316.0,2647590892988632.0,3338631055244015.5,4029671217499398.5,2014835608749699.2,0.0,0.0,0.0,0.0,0.0,0.0,0.0,0.0,0.0,0.0,0.0,0.0,0.0,0.0,0.0,0.0,0.0,0.0,0.0,0.0,0.0,0.0,0.0,0.0,0.0,0.0,0.0,0.0,0.0,0.0,0.0,0.0,0.0,0.0,0.0,0.0,0.0,0.0,0.0,0.0,0.0,0.0,0.0,0.0,0.0,0.0,0.0,0.0,0.0,0.0,0.0,0.0,0.0,0.0,0.0,0.0,0.0,0.0,0.0,0.0,0.0,0.0,0.0,0.0,0.0,0.0,0.0,0.0,0.0,0.0,0.0,0.0,0.0,0.0,0.0,0.0,0.0,0.0,0.0,0.0,0.0,0.0,0.0,0.0,0.0,0.0,0.0,0.0,0.0,0.0,0.0,0.0,0.0,0.0,0.0,0.0,0.0,0.0,0.0,0.0,0.0,0.0,0.0,0.0,0.0,0.0,0.0,0.0,0.0,0.0,0.0,0.0,0.0,0.0,0.0,0.0,0.0,0.0,0.0,0.0,0.0,0.0,0.0,0.0,0.0,0.0,0.0,0.0,0.0,0.0,0.0,0.0,0.0,0.0,0.0,0.0
30.4469574690222,102.608983263474,20.0562836186236,225.0,25.0,141.67232154134115,5.0,5.0,1.41260198733888,1.0992218868556988e+18,0.0,0.0,0.0,0.0,0.0,0.0,0.0,0.0,0.0,0.0,0.0,0.0,0.0,0.0,0.0,0.0,0.0,0.0,0.0,0.0,0.0,0.0,0.0,0.0,0.0,0.0,0.0,0.0,0.0,0.0,0.0,0.0,0.0,0.0,0.0,0.0,0.0,0.0,0.0,0.0,0.0,0.0,0.0,222579901562840.3,445159803125680.6,222579901562840.3,0.0,0.0,0.0,1553331483984875.2,3106662967969750.5,1.4864142250878742e+16,2.662162153378773e+16,4.437790820846878e+16,6.213419488314983e+16,7.864262913032595e+16,9.515106337750206e+16,1.0791604450102008e+17,1.2068102562453813e+17,1.288551902210196e+17,1.3702935481750109e+17,1.3910128973391026e+17,1.4117322465031946e+17,1.3717924723977536e+17,1.3318526982923126e+17,1.2490181942138118e+17,1.1661836901353107e+17,1.0634953753119547e+17,9.608070604885989e+16,8.502850827851285e+16,7.397631050816582e+16,6.233305097896643e+16,5.0689791449767064e+16,4.023702920975126e+16,2.9784266969735468e+16,2.055052762015116e+16,1.131678827056685e+16,6087356452351912.0,857924634136974.8,428962317068487.4,0.0,0.0,0.0,0.0,0.0,0.0,0.0,0.0,0.0,0.0,0.0,0.0,0.0,0.0,0.0,0.0,0.0,0.0,0.0,0.0,0.0,185076236905319.16,370152473810638.3,185076236905319.16,0.0,0.0,0.0,0.0,0.0,0.0,0.0,0.0,0.0,0.0,0.0,0.0,0.0,0.0,0.0,0.0,0.0,0.0,0.0,0.0,0.0,0.0,0.0,0.0,0.0,0.0,0.0,0.0,0.0,0.0,0.0,0.0,0.0,0.0,0.0,0.0,0.0,0.0,0.0,0.0,0.0,0.0,0.0,0.0,0.0,0.0,0.0,0.0,0.0,0.0,0.0,0.0,0.0,0.0,0.0,0.0,0.0,0.0,0.0,0.0,0.0,0.0,0.0,0.0,0.0,0.0,0.0,0.0,0.0,0.0,0.0,0.0,0.0,0.0,0.0,0.0,0.0,0.0,0.0,0.0,0.0,0.0,0.0,0.0,0.0,0.0,0.0,0.0,0.0,0.0,0.0,0.0,0.0,0.0,0.0,0.0,0.0,0.0,0.0,0.0,0.0,0.0,0.0,0.0,0.0,0.0,0.0,0.0,0.0,0.0,0.0,0.0,0.0,0.0,0.0,0.0,0.0,0.0,0.0,0.0,0.0,0.0,0.0,0.0,0.0,0.0,0.0,0.0,0.0,0.0,0.0,0.0,0.0,0.0,0.0,0.0
30.4763050176432,102.57390932996,21.9678796312896,225.0,20.0,142.42105225443794,5.0,5.0,1.0636597721949919,8.276911063726217e+17,0.0,0.0,0.0,0.0,0.0,0.0,0.0,0.0,0.0,0.0,0.0,0.0,0.0,0.0,0.0,0.0,0.0,0.0,0.0,0.0,0.0,0.0,0.0,0.0,0.0,0.0,0.0,0.0,0.0,0.0,0.0,0.0,0.0,0.0,0.0,0.0,0.0,0.0,0.0,0.0,0.0,0.0,0.0,0.0,0.0,0.0,0.0,0.0,0.0,324402955940538.5,648805911881077.0,8542088897377836.0,1.6435371882874596e+16,2.918106646767286e+16,4.192676105247113e+16,5.507244460458657e+16,6.821812815670202e+16,7.901113633588925e+16,8.980414451507646e+16,9.599817564404954e+16,1.0219220677302262e+17,1.0326030081166909e+17,1.0432839485031555e+17,1.0128836185980482e+17,9.824832886929406e+16,9.33495524472404e+16,8.845077602518675e+16,8.260918724768763e+16,7.676759847018853e+16,6.901428227023804e+16,6.1260966070287544e+16,5.214142538040227e+16,4.3021884690517016e+16,3.419368373402852e+16,2.536548277754004e+16,1.7740523809002956e+16,1.011556484046588e+16,5511128163632143.0,906691486798406.4,453345743399203.2,0.0,0.0,0.0,0.0,0.0,0.0,0.0,0.0,0.0,0.0,0.0,0.0,0.0,0.0,0.0,0.0,0.0,0.0,0.0,0.0,0.0,0.0,0.0,0.0,0.0,0.0,0.0,0.0,0.0,0.0,0.0,0.0,0.0,0.0,0.0,0.0,0.0,0.0,0.0,0.0,0.0,0.0,0.0,0.0,0.0,0.0,0.0,0.0,0.0,0.0,0.0,0.0,0.0,0.0,0.0,0.0,0.0,0.0,0.0,0.0,0.0,0.0,0.0,0.0,0.0,0.0,0.0,0.0,0.0,0.0,0.0,0.0,0.0,0.0,0.0,0.0,0.0,0.0,0.0,0.0,0.0,0.0,0.0,0.0,0.0,0.0,0.0,0.0,0.0,0.0,0.0,0.0,0.0,0.0,0.0,0.0,0.0,0.0,0.0,0.0,0.0,0.0,0.0,0.0,0.0,0.0,0.0,0.0,0.0,0.0,0.0,0.0,0.0,0.0,0.0,0.0,0.0,0.0,0.0,0.0,0.0,0.0,0.0,0.0,0.0,0.0,0.0,0.0,0.0,0.0,0.0,0.0,0.0,0.0,0.0,0.0,0.0,0.0,0.0,0.0,0.0,0.0,0.0,0.0,0.0,0.0,0.0,0.0,0.0,0.0,0.0,0.0,0.0,0.0,0.0,0.0,0.0,0.0,0.0,0.0
30.5066003684956,102.537688169868,23.46997760236,225.0,15.0,142.96921738999748,5.0,5.0,0.464295544626126,3.6129343523299846e+17,0.0,0.0,0.0,0.0,0.0,0.0,0.0,0.0,0.0,0.0,0.0,0.0,0.0,0.0,0.0,0.0,0.0,0.0,0.0,0.0,0.0,0.0,0.0,0.0,0.0,0.0,0.0,0.0,0.0,0.0,0.0,0.0,0.0,0.0,0.0,0.0,0.0,0.0,0.0,0.0,0.0,0.0,0.0,0.0,0.0,0.0,0.0,0.0,0.0,0.0,0.0,2579203430299617.0,5158406860599234.0,1.068436045774001e+16,1.6210314054880786e+16,2.2590528371609188e+16,2.897074268833759e+16,3.454205990567211e+16,4.011337712300664e+16,4.2805549116289416e+16,4.549772110957219e+16,4.535282737623818e+16,4.520793364290416e+16,4.3684858475675704e+16,4.2161783308447256e+16,4.0372114631894904e+16,3.858244595534255e+16,3.660212527947294e+16,3.4621804603603324e+16,3.1517218958976036e+16,2.841263331434875e+16,2.4235732145366212e+16,2.0058830976383676e+16,1.5709589943452518e+16,1.1360348910521356e+16,7931325902545773.0,4502302894570189.5,2468546342525472.5,434789790480756.4,217394895240378.2,0.0,0.0,0.0,0.0,0.0,0.0,0.0,0.0,0.0,0.0,0.0,0.0,0.0,0.0,0.0,0.0,0.0,0.0,0.0,0.0,0.0,0.0,0.0,0.0,0.0,0.0,0.0,0.0,0.0,0.0,0.0,0.0,0.0,0.0,0.0,0.0,0.0,0.0,0.0,0.0,0.0,0.0,0.0,0.0,0.0,0.0,0.0,0.0,0.0,0.0,0.0,0.0,0.0,0.0,0.0,0.0,0.0,0.0,0.0,0.0,0.0,0.0,0.0,0.0,0.0,0.0,0.0,0.0,0.0,0.0,0.0,0.0,0.0,0.0,0.0,0.0,0.0,0.0,0.0,0.0,0.0,0.0,0.0,0.0,0.0,0.0,0.0,0.0,0.0,0.0,0.0,0.0,0.0,0.0,0.0,0.0,0.0,0.0,0.0,0.0,0.0,0.0,0.0,0.0,0.0,0.0,0.0,0.0,0.0,0.0,0.0,0.0,0.0,0.0,0.0,0.0,0.0,0.0,0.0,0.0,0.0,0.0,0.0,0.0,0.0,0.0,0.0,0.0,0.0,0.0,0.0,0.0,0.0,0.0,0.0,0.0,0.0,0.0,0.0,0.0,0.0,0.0,0.0,0.0,0.0,0.0,0.0,0.0,0.0,0.0,0.0,0.0,0.0,0.0,0.0,0.0,0.0,0.0,0.0,0.0
30.5376129556665,102.500736461148,24.5511456592836,225.0,10.0,90.0,5.0,5.0,0.0,0.0,0.0,0.0,0.0,0.0,0.0,0.0,0.0,0.0,0.0,0.0,0.0,0.0,0.0,0.0,0.0,0.0,0.0,0.0,0.0,0.0,0.0,0.0,0.0,0.0,0.0,0.0,0.0,0.0,0.0,0.0,0.0,0.0,0.0,0.0,0.0,0.0,0.0,0.0,0.0,0.0,0.0,0.0,0.0,0.0,0.0,0.0,0.0,0.0,0.0,0.0,0.0,0.0,0.0,0.0,0.0,0.0,0.0,0.0,0.0,0.0,0.0,0.0,0.0,0.0,0.0,0.0,0.0,0.0,0.0,0.0,0.0,0.0,0.0,0.0,0.0,0.0,0.0,0.0,0.0,0.0,0.0,0.0,0.0,0.0,0.0,0.0,0.0,0.0,0.0,0.0,0.0,0.0,0.0,0.0,0.0,0.0,0.0,0.0,0.0,0.0,0.0,0.0,0.0,0.0,0.0,0.0,0.0,0.0,0.0,0.0,0.0,0.0,0.0,0.0,0.0,0.0,0.0,0.0,0.0,0.0,0.0,0.0,0.0,0.0,0.0,0.0,0.0,0.0,0.0,0.0,0.0,0.0,0.0,0.0,0.0,0.0,0.0,0.0,0.0,0.0,0.0,0.0,0.0,0.0,0.0,0.0,0.0,0.0,0.0,0.0,0.0,0.0,0.0,0.0,0.0,0.0,0.0,0.0,0.0,0.0,0.0,0.0,0.0,0.0,0.0,0.0,0.0,0.0,0.0,0.0,0.0,0.0,0.0,0.0,0.0,0.0,0.0,0.0,0.0,0.0,0.0,0.0,0.0,0.0,0.0,0.0,0.0,0.0,0.0,0.0,0.0,0.0,0.0,0.0,0.0,0.0,0.0,0.0,0.0,0.0,0.0,0.0,0.0,0.0,0.0,0.0,0.0,0.0,0.0,0.0,0.0,0.0,0.0,0.0,0.0,0.0,0.0,0.0,0.0,0.0,0.0,0.0,0.0,0.0,0.0,0.0,0.0,0.0,0.0,0.0,0.0,0.0,0.0,0.0,0.0,0.0,0.0,0.0,0.0,0.0
30.312224152623,102.694332817899,2.46201938253052,225.0,80.0,90.0,5.0,5.0,0.294245557904109,2.2896835786531405e+17,0.0,0.0,0.0,0.0,0.0,0.0,0.0,0.0,0.0,0.0,0.0,0.0,0.0,0.0,0.0,0.0,0.0,0.0,0.0,0.0,0.0,0.0,0.0,0.0,0.0,0.0,0.0,0.0,0.0,0.0,0.0,0.0,0.0,0.0,0.0,0.0,0.0,0.0,0.0,0.0,0.0,0.0,0.0,0.0,0.0,0.0,0.0,0.0,0.0,0.0,0.0,0.0,0.0,5801801853487970.0,1.160360370697594e+16,2.3830000072620436e+16,3.605639643826493e+16,4.707329857572167e+16,5.809020071317842e+16,5.8679980828073544e+16,5.926976094296865e+16,4.787788590687169e+16,3.648601087077473e+16,2.2925616415359076e+16,9365221959943420.0,4682610979971710.0,0.0,0.0,0.0,0.0,0.0,0.0,0.0,0.0,0.0,0.0,0.0,0.0,0.0,2643678394534993.5,5287356789069987.0,6964568223254194.0,8641779657438402.0,6251150913679238.0,3860522169920074.0,1930261084960037.0,0.0,0.0,0.0,0.0,0.0,0.0,0.0,0.0,0.0,0.0,0.0,0.0,0.0,0.0,0.0,0.0,0.0,153752308389744.12,307504616779488.25,153752308389744.12,0.0,0.0,0.0,0.0,0.0,0.0,0.0,0.0,0.0,0.0,0.0,0.0,0.0,0.0,0.0,0.0,0.0,0.0,0.0,0.0,0.0,0.0,0.0,0.0,0.0,0.0,0.0,0.0,0.0,0.0,0.0,0.0,0.0,0.0,0.0,0.0,0.0,0.0,0.0,0.0,0.0,0.0,0.0,0.0,0.0,0.0,0.0,0.0,0.0,0.0,0.0,0.0,0.0,0.0,0.0,0.0,0.0,0.0,0.0,0.0,0.0,0.0,0.0,0.0,0.0,0.0,0.0,0.0,0.0,0.0,0.0,0.0,0.0,0.0,0.0,0.0,0.0,0.0,0.0,0.0,0.0,0.0,0.0,0.0,0.0,0.0,0.0,0.0,0.0,0.0,0.0,0.0,0.0,0.0,0.0,0.0,0.0,0.0,0.0,0.0,0.0,0.0,0.0,0.0,0.0,0.0,0.0,0.0,0.0,0.0,0.0,0.0,0.0,0.0,0.0,0.0,0.0,0.0,0.0,0.0,0.0,0.0,0.0,0.0,0.0,0.0,0.0,0.0,0.0,0.0,0.0,0.0,0.0,0.0
30.3217035429024,102.683071465162,7.18980823265266,225.0,65.0,95.96693947668875,5.0,5.0,0.41353802243200477,3.2179626630755424e+17,0.0,0.0,0.0,0.0,0.0,0.0,0.0,0.0,0.0,0.0,0.0,0.0,0.0,0.0,0.0,0.0,0.0,0.0,0.0,0.0,0.0,0.0,0.0,0.0,0.0,0.0,0.0,0.0,0.0,0.0,0.0,0.0,0.0,0.0,0.0,0.0,0.0,0.0,0.0,0.0,0.0,0.0,0.0,0.0,0.0,0.0,0.0,0.0,0.0,0.0,0.0,66628843430630.695,133257686861261.39,6414541164863008.0,1.2695824642864756e+16,2.6220703640872284e+16,3.9745582638879816e+16,5.306934250131844e+16,6.639310236375707e+16,7.02759238622411e+16,7.415874536072517e+16,6.386744451668887e+16,5.357614367265258e+16,3.668096910321156e+16,1.978579453377055e+16,9892897266885276.0,0.0,0.0,0.0,0.0,0.0,0.0,0.0,0.0,0.0,0.0,0.0,2541197656678494.0,5082395313356988.0,9381544855274218.0,1.3680694397191446e+16,1.3961021367218598e+16,1.424134833724575e+16,1.0286851518834788e+16,6332354700423826.0,3166177350211913.0,0.0,0.0,0.0,0.0,0.0,0.0,0.0,0.0,0.0,0.0,0.0,0.0,0.0,127278741450598.98,254557482901197.97,4023364623179646.5,7792171763458093.0,7858232588461933.0,7924293413465772.0,3962146706732886.0,0.0,0.0,0.0,0.0,0.0,0.0,0.0,0.0,0.0,0.0,0.0,0.0,0.0,0.0,0.0,0.0,0.0,0.0,0.0,0.0,0.0,0.0,0.0,0.0,0.0,0.0,0.0,0.0,0.0,0.0,0.0,0.0,0.0,0.0,0.0,0.0,0.0,0.0,0.0,0.0,0.0,0.0,0.0,0.0,0.0,0.0,0.0,0.0,0.0,0.0,0.0,0.0,0.0,0.0,0.0,0.0,0.0,0.0,0.0,0.0,0.0,0.0,0.0,0.0,0.0,0.0,0.0,0.0,0.0,0.0,0.0,0.0,0.0,0.0,0.0,0.0,0.0,0.0,0.0,0.0,0.0,0.0,0.0,0.0,0.0,0.0,0.0,0.0,0.0,0.0,0.0,0.0,0.0,0.0,0.0,0.0,0.0,0.0,0.0,0.0,0.0,0.0,0.0,0.0,0.0,0.0,0.0,0.0,0.0,0.0,0.0,0.0,0.0,0.0,0.0,0.0,0.0,0.0,0.0,0.0,0.0,0.0,0.0,0.0,0.0,0.0,0.0,0.0,0.0,0.0,0.0,0.0,0.0,0.0
30.33864126972,102.662905724273,11.3706888080417,225.0,50.0,119.76901342544019,5.0,5.0,0.6023009471511375,4.686828912294462e+17,0.0,0.0,0.0,0.0,0.0,0.0,0.0,0.0,0.0,0.0,0.0,0.0,0.0,0.0,0.0,0.0,0.0,0.0,0.0,0.0,0.0,0.0,0.0,0.0,0.0,0.0,0.0,0.0,0.0,0.0,0.0,0.0,0.0,0.0,0.0,0.0,0.0,0.0,0.0,0.0,0.0,0.0,0.0,0.0,0.0,0.0,0.0,0.0,0.0,0.0,0.0,3615250329965431.5,7230500659930863.0,1.4763845618730856e+16,2.2297190577530844e+16,3.43603922277021e+16,4.642359387787336e+16,6.045697190668405e+16,7.449034993549474e+16,8.260485478723773e+16,9.071935963898074e+16,8.663557425547989e+16,8.255178887197904e+16,6.8214649735218904e+16,5.387751059845876e+16,3.8641146641245064e+16,2.340478268403136e+16,1.6127046228556912e+16,8849309773082458.0,5563179026151158.0,2277048279219858.0,1138524139609929.0,0.0,0.0,0.0,0.0,0.0,2163758870121262.0,4327517740242524.0,7436263789370752.0,1.054500983849898e+16,9599845471992684.0,8654681105486390.0,4905711670194246.0,1156742234902100.8,578371117451050.4,0.0,0.0,0.0,0.0,0.0,0.0,0.0,0.0,0.0,0.0,0.0,0.0,0.0,2193227620596469.0,4386455241192938.0,9335693287688452.0,1.4284931334183966e+16,1.374552508627063e+16,1.3206118838357292e+16,6603059419178646.0,0.0,0.0,0.0,0.0,0.0,0.0,0.0,0.0,0.0,0.0,0.0,0.0,0.0,0.0,0.0,0.0,0.0,0.0,0.0,0.0,0.0,0.0,0.0,0.0,0.0,0.0,0.0,0.0,0.0,0.0,0.0,0.0,0.0,0.0,0.0,0.0,0.0,0.0,0.0,0.0,0.0,0.0,0.0,0.0,0.0,0.0,0.0,0.0,0.0,0.0,0.0,0.0,0.0,0.0,0.0,0.0,0.0,0.0,0.0,0.0,0.0,0.0,0.0,0.0,0.0,0.0,0.0,0.0,0.0,0.0,0.0,0.0,0.0,0.0,0.0,0.0,0.0,0.0,0.0,0.0,0.0,0.0,0.0,0.0,0.0,0.0,0.0,0.0,0.0,0.0,0.0,0.0,0.0,0.0,0.0,0.0,0.0,0.0,0.0,0.0,0.0,0.0,0.0,0.0,0.0,0.0,0.0,0.0,0.0,0.0,0.0,0.0,0.0,0.0,0.0,0.0,0.0,0.0,0.0,0.0,0.0,0.0,0.0,0.0,0.0,0.0,0.0,0.0,0.0,0.0,0.0,0.0,0.0,0.0
30.3610387551123,102.636194236349,14.8927689400555,225.0,40.0,136.5466173428244,5.0,5.0,0.9754466551416976,7.590477164851325e+17,0.0,0.0,0.0,0.0,0.0,0.0,0.0,0.0,0.0,0.0,0.0,0.0,0.0,0.0,0.0,0.0,0.0,0.0,0.0,0.0,0.0,0.0,0.0,0.0,0.0,0.0,0.0,0.0,0.0,0.0,0.0,0.0,0.0,0.0,0.0,0.0,0.0,0.0,0.0,0.0,0.0,0.0,0.0,0.0,0.0,0.0,0.0,0.0,0.0,0.0,0.0,7677389356735148.0,1.5354778713470296e+16,2.796801814914732e+16,4.0581257584824344e+16,5.4383676050127576e+16,6.818609451543082e+16,8.29328333160779e+16,9.767957211672498e+16,1.0856758188999629e+17,1.1945559166326762e+17,1.2096046020157458e+17,1.2246532873988154e+17,1.1324170815284797e+17,1.0401808756581437e+17,8.851669917277186e+16,7.301531077972934e+16,5.7764061869521016e+16,4.251281295931268e+16,3.1787691735930012e+16,2.106257051254733e+16,1.4915339700927046e+16,8768108889306762.0,5476921049157855.0,2185733209008948.0,1092866604504474.0,0.0,267101933483756.16,534203866967512.3,1641062227052342.5,2747920587137173.0,1633823276561799.2,519725965986425.3,259862982993212.66,0.0,0.0,0.0,0.0,0.0,0.0,0.0,0.0,0.0,0.0,0.0,0.0,0.0,0.0,0.0,4049540947333811.0,8099081894667622.0,1.2760407054717438e+16,1.7421732214767256e+16,1.5930768460527414e+16,1.443980470628757e+16,7219902353143785.0,0.0,0.0,0.0,0.0,0.0,0.0,0.0,0.0,0.0,0.0,0.0,0.0,0.0,0.0,0.0,0.0,0.0,0.0,0.0,0.0,0.0,0.0,0.0,0.0,0.0,0.0,0.0,0.0,0.0,0.0,0.0,0.0,0.0,0.0,0.0,0.0,0.0,0.0,0.0,0.0,0.0,0.0,0.0,0.0,0.0,0.0,0.0,0.0,0.0,0.0,0.0,0.0,0.0,0.0,0.0,0.0,0.0,0.0,0.0,0.0,0.0,0.0,0.0,0.0,0.0,0.0,0.0,0.0,0.0,0.0,0.0,0.0,0.0,0.0,0.0,0.0,0.0,0.0,0.0,0.0,0.0,0.0,0.0,0.0,0.0,0.0,0.0,0.0,0.0,0.0,0.0,0.0,0.0,0.0,0.0,0.0,0.0,0.0,0.0,0.0,0.0,0.0,0.0,0.0,0.0,0.0,0.0,0.0,0.0,0.0,0.0,0.0,0.0,0.0,0.0,0.0,0.0,0.0,0.0,0.0,0.0,0.0,0.0,0.0,0.0,0.0,0.0,0.0,0.0,0.0,0.0,0.0,0.0,0.0
30.3869852548975,102.605216785654,17.7497379642719,225.0,30.0,141.0198356057761,5.0,5.0,1.3850739980396425,1.0778008718705399e+18,0.0,0.0,0.0,0.0,0.0,0.0,0.0,0.0,0.0,0.0,0.0,0.0,0.0,0.0,0.0,0.0,0.0,0.0,0.0,0.0,0.0,0.0,0.0,0.0,0.0,0.0,0.0,0.0,0.0,0.0,0.0,0.0,0.0,0.0,0.0,0.0,0.0,0.0,0.0,0.0,0.0,0.0,0.0,0.0,0.0,236830912838017.84,473661825676035.7,236830912838017.84,0.0,188986929313399.62,377973858626799.25,1.0199286158188434e+16,2.0020598457750068e+16,3.682520860824224e+16,5.362981875873442e+16,7.128051306134957e+16,8.89312073639647e+16,1.0510053860242842e+17,1.2126986984089216e+17,1.3327799835505006e+17,1.4528612686920797e+17,1.4940150520594358e+17,1.535168835426792e+17,1.484201549195391e+17,1.4332342629639896e+17,1.30974905391441e+17,1.1862638448648306e+17,1.0321309564423458e+17,8.77998068019861e+16,7.304791517917037e+16,5.829602355635464e+16,4.5960151289501416e+16,3.3624279022648204e+16,2.533396293198245e+16,1.7043646841316698e+16,1.1618601230793586e+16,6193555620270472.0,3177243662328691.0,160931704386908.97,80465852193454.48,0.0,0.0,0.0,0.0,0.0,0.0,0.0,0.0,0.0,0.0,0.0,0.0,0.0,0.0,0.0,0.0,0.0,0.0,0.0,3727963875742017.5,7455927751484035.0,1.0067383436927902e+16,1.2678839122371766e+16,1.0885374635839718e+16,9091910149307672.0,4545955074653836.0,0.0,0.0,0.0,0.0,0.0,0.0,0.0,0.0,0.0,0.0,0.0,0.0,0.0,0.0,0.0,0.0,0.0,0.0,0.0,0.0,0.0,0.0,0.0,0.0,0.0,0.0,0.0,0.0,0.0,0.0,0.0,0.0,0.0,0.0,0.0,0.0,0.0,0.0,0.0,0.0,0.0,0.0,0.0,0.0,0.0,0.0,0.0,0.0,0.0,0.0,0.0,0.0,0.0,0.0,0.0,0.0,0.0,0.0,0.0,0.0,0.0,0.0,0.0,0.0,0.0,0.0,0.0,0.0,0.0,0.0,0.0,0.0,0.0,0.0,0.0,0.0,0.0,0.0,0.0,0.0,0.0,0.0,0.0,0.0,0.0,0.0,0.0,0.0,0.0,0.0,0.0,0.0,0.0,0.0,0.0,0.0,0.0,0.0,0.0,0.0,0.0,0.0,0.0,0.0,0.0,0.0,0.0,0.0,0.0,0.0,0.0,0.0,0.0,0.0,0.0,0.0,0.0,0.0,0.0,0.0,0.0,0.0,0.0,0.0,0.0,0.0,0.0,0.0,0.0,0.0,0.0,0.0,0.0,0.0
30.4151616487216,102.571552321027,20.0562836186236,225.0,25.0,142.2525344340092,5.0,5.0,1.4769492416588752,1.1492939601938204e+18,0.0,0.0,0.0,0.0,0.0,0.0,0.0,0.0,0.0,0.0,0.0,0.0,0.0,0.0,0.0,0.0,0.0,0.0,0.0,0.0,0.0,0.0,0.0,0.0,0.0,0.0,0.0,0.0,0.0,0.0,0.0,0.0,0.0,0.0,0.0,0.0,0.0,0.0,0.0,0.0,0.0,0.0,0.0,0.0,0.0,0.0,0.0,0.0,0.0,0.0,0.0,8806759883056685.0,1.761351976611337e+16,3.445993876058581e+16,5.130635775505825e+16,6.982303581553404e+16,8.833971387600984e+16,1.0480939175198486e+17,1.212790696279599e+17,1.325508733212014e+17,1.4382267701444291e+17,1.4808912775859562e+17,1.5235557850274832e+17,1.4965573656105494e+17,1.469558946193616e+17,1.3877726069323752e+17,1.3059862676711346e+17,1.1905501749926314e+17,1.0751140823141282e+17,9.390896393952021e+16,8.03065196476276e+16,6.682060136035582e+16,5.333468307308405e+16,4.189914944054208e+16,3.0463615808000104e+16,2.1620352148182944e+16,1.2777088488365782e+16,7479624116717243.0,2182159745068702.5,1091079872534351.2,0.0,0.0,0.0,0.0,0.0,0.0,0.0,0.0,0.0,0.0,0.0,0.0,0.0,0.0,0.0,0.0,0.0,0.0,0.0,1531544586101832.5,3063089172203665.0,3758667603918063.0,4454246035632460.5,3691979049624990.5,2929712063617521.0,1464856031808760.5,0.0,0.0,0.0,0.0,0.0,0.0,0.0,0.0,0.0,0.0,0.0,0.0,0.0,0.0,0.0,0.0,0.0,0.0,0.0,0.0,0.0,0.0,0.0,0.0,0.0,0.0,0.0,0.0,0.0,0.0,0.0,0.0,0.0,0.0,0.0,0.0,0.0,0.0,0.0,0.0,0.0,0.0,0.0,0.0,0.0,0.0,0.0,0.0,0.0,0.0,0.0,0.0,0.0,0.0,0.0,0.0,0.0,0.0,0.0,0.0,0.0,0.0,0.0,0.0,0.0,0.0,0.0,0.0,0.0,0.0,0.0,0.0,0.0,0.0,0.0,0.0,0.0,0.0,0.0,0.0,0.0,0.0,0.0,0.0,0.0,0.0,0.0,0.0,0.0,0.0,0.0,0.0,0.0,0.0,0.0,0.0,0.0,0.0,0.0,0.0,0.0,0.0,0.0,0.0,0.0,0.0,0.0,0.0,0.0,0.0,0.0,0.0,0.0,0.0,0.0,0.0,0.0,0.0,0.0,0.0,0.0,0.0,0.0,0.0,0.0,0.0,0.0,0.0,0.0,0.0,0.0,0.0,0.0,0.0
30.4445091973426,102.536466706809,21.9678796312896,225.0,20.0,143.28187578103976,5.0,5.0,1.1129546522890472,8.660501144973312e+17,0.0,0.0,0.0,0.0,0.0,0.0,0.0,0.0,0.0,0.0,0.0,0.0,0.0,0.0,0.0,0.0,0.0,0.0,0.0,0.0,0.0,0.0,0.0,0.0,0.0,0.0,0.0,0.0,0.0,0.0,0.0,0.0,0.0,0.0,0.0,0.0,0.0,0.0,0.0,0.0,0.0,0.0,0.0,0.0,0.0,0.0,0.0,0.0,0.0,0.0,0.0,5572422842502725.0,1.114484568500545e+16,2.2995606531676012e+16,3.484636737834657e+16,4.924451009322529e+16,6.364265280810401e+16,7.664398202998552e+16,8.964531125186702e+16,9.809898611303675e+16,1.0655266097420646e+17,1.0954803876908053e+17,1.1254341656395462e+17,1.1074638871382341e+17,1.089493608636922e+17,1.0420646520089717e+17,9.946356953810218e+16,9.236617523843478e+16,8.526878093876738e+16,7.591864743072096e+16,6.656851392267456e+16,5.6140125571407496e+16,4.5711737220140424e+16,3.632957513293866e+16,2.6947413045736884e+16,1.948788387026257e+16,1.2028354694788248e+16,7382742153366651.0,2737129611945051.5,1368564805972525.8,0.0,0.0,0.0,0.0,0.0,0.0,0.0,0.0,0.0,0.0,0.0,0.0,0.0,0.0,0.0,0.0,0.0,0.0,0.0,0.0,0.0,0.0,0.0,0.0,0.0,0.0,0.0,0.0,0.0,0.0,0.0,0.0,0.0,0.0,0.0,0.0,0.0,0.0,0.0,0.0,0.0,0.0,0.0,0.0,0.0,0.0,0.0,0.0,0.0,0.0,0.0,0.0,0.0,0.0,0.0,0.0,0.0,0.0,0.0,0.0,0.0,0.0,0.0,0.0,0.0,0.0,0.0,0.0,0.0,0.0,0.0,0.0,0.0,0.0,0.0,0.0,0.0,0.0,0.0,0.0,0.0,0.0,0.0,0.0,0.0,0.0,0.0,0.0,0.0,0.0,0.0,0.0,0.0,0.0,0.0,0.0,0.0,0.0,0.0,0.0,0.0,0.0,0.0,0.0,0.0,0.0,0.0,0.0,0.0,0.0,0.0,0.0,0.0,0.0,0.0,0.0,0.0,0.0,0.0,0.0,0.0,0.0,0.0,0.0,0.0,0.0,0.0,0.0,0.0,0.0,0.0,0.0,0.0,0.0,0.0,0.0,0.0,0.0,0.0,0.0,0.0,0.0,0.0,0.0,0.0,0.0,0.0,0.0,0.0,0.0,0.0,0.0,0.0,0.0,0.0,0.0,0.0,0.0,0.0,0.0
30.474804548195,102.50023341814,23.46997760236,225.0,15.0,143.65305802818497,5.0,5.0,0.4888248930327934,3.803810458130403e+17,0.0,0.0,0.0,0.0,0.0,0.0,0.0,0.0,0.0,0.0,0.0,0.0,0.0,0.0,0.0,0.0,0.0,0.0,0.0,0.0,0.0,0.0,0.0,0.0,0.0,0.0,0.0,0.0,0.0,0.0,0.0,0.0,0.0,0.0,0.0,0.0,0.0,0.0,0.0,0.0,0.0,0.0,0.0,0.0,0.0,0.0,0.0,0.0,0.0,0.0,0.0,1519787046267724.0,3039574092535448.0,8108265002387379.0,1.3176955912239312e+16,2.0164406369775004e+16,2.71518568273107e+16,3.336865864804136e+16,3.9585460468772024e+16,4.307151983049038e+16,4.655757919220875e+16,4.76556839514701e+16,4.875378871073145e+16,4.795587291870653e+16,4.71579571266816e+16,4.5402342954660856e+16,4.364672878264011e+16,4.1116405618288104e+16,3.8586082453936104e+16,3.477673503924494e+16,3.0967387624553776e+16,2.6269874562379976e+16,2.1572361500206184e+16,1.7099639741909044e+16,1.2626917983611902e+16,9271631626021382.0,5916345268430863.0,3779197568806481.5,1642049869182101.0,821024934591050.5,0.0,0.0,0.0,0.0,0.0,0.0,0.0,0.0,0.0,0.0,0.0,0.0,0.0,0.0,0.0,0.0,0.0,0.0,0.0,0.0,0.0,0.0,0.0,0.0,0.0,0.0,0.0,0.0,0.0,0.0,0.0,0.0,0.0,0.0,0.0,0.0,0.0,0.0,0.0,0.0,0.0,0.0,0.0,0.0,0.0,0.0,0.0,0.0,0.0,0.0,0.0,0.0,0.0,0.0,0.0,0.0,0.0,0.0,0.0,0.0,0.0,0.0,0.0,0.0,0.0,0.0,0.0,0.0,0.0,0.0,0.0,0.0,0.0,0.0,0.0,0.0,0.0,0.0,0.0,0.0,0.0,0.0,0.0,0.0,0.0,0.0,0.0,0.0,0.0,0.0,0.0,0.0,0.0,0.0,0.0,0.0,0.0,0.0,0.0,0.0,0.0,0.0,0.0,0.0,0.0,0.0,0.0,0.0,0.0,0.0,0.0,0.0,0.0,0.0,0.0,0.0,0.0,0.0,0.0,0.0,0.0,0.0,0.0,0.0,0.0,0.0,0.0,0.0,0.0,0.0,0.0,0.0,0.0,0.0,0.0,0.0,0.0,0.0,0.0,0.0,0.0,0.0,0.0,0.0,0.0,0.0,0.0,0.0,0.0,0.0,0.0,0.0,0.0,0.0,0.0,0.0,0.0,0.0,0.0,0.0
30.5058171353659,102.463272416938,24.5511456592836,225.0,10.0,90.0,5.0,5.0,0.0,0.0,0.0,0.0,0.0,0.0,0.0,0.0,0.0,0.0,0.0,0.0,0.0,0.0,0.0,0.0,0.0,0.0,0.0,0.0,0.0,0.0,0.0,0.0,0.0,0.0,0.0,0.0,0.0,0.0,0.0,0.0,0.0,0.0,0.0,0.0,0.0,0.0,0.0,0.0,0.0,0.0,0.0,0.0,0.0,0.0,0.0,0.0,0.0,0.0,0.0,0.0,0.0,0.0,0.0,0.0,0.0,0.0,0.0,0.0,0.0,0.0,0.0,0.0,0.0,0.0,0.0,0.0,0.0,0.0,0.0,0.0,0.0,0.0,0.0,0.0,0.0,0.0,0.0,0.0,0.0,0.0,0.0,0.0,0.0,0.0,0.0,0.0,0.0,0.0,0.0,0.0,0.0,0.0,0.0,0.0,0.0,0.0,0.0,0.0,0.0,0.0,0.0,0.0,0.0,0.0,0.0,0.0,0.0,0.0,0.0,0.0,0.0,0.0,0.0,0.0,0.0,0.0,0.0,0.0,0.0,0.0,0.0,0.0,0.0,0.0,0.0,0.0,0.0,0.0,0.0,0.0,0.0,0.0,0.0,0.0,0.0,0.0,0.0,0.0,0.0,0.0,0.0,0.0,0.0,0.0,0.0,0.0,0.0,0.0,0.0,0.0,0.0,0.0,0.0,0.0,0.0,0.0,0.0,0.0,0.0,0.0,0.0,0.0,0.0,0.0,0.0,0.0,0.0,0.0,0.0,0.0,0.0,0.0,0.0,0.0,0.0,0.0,0.0,0.0,0.0,0.0,0.0,0.0,0.0,0.0,0.0,0.0,0.0,0.0,0.0,0.0,0.0,0.0,0.0,0.0,0.0,0.0,0.0,0.0,0.0,0.0,0.0,0.0,0.0,0.0,0.0,0.0,0.0,0.0,0.0,0.0,0.0,0.0,0.0,0.0,0.0,0.0,0.0,0.0,0.0,0.0,0.0,0.0,0.0,0.0,0.0,0.0,0.0,0.0,0.0,0.0,0.0,0.0,0.0,0.0,0.0,0.0,0.0,0.0,0.0,0.0
30.2804283323224,102.656938413685,2.46201938253052,225.0,80.0,90.0,5.0,5.0,0.313424674906574,2.4389266447725018e+17,0.0,0.0,0.0,0.0,0.0,0.0,0.0,0.0,0.0,0.0,0.0,0.0,0.0,0.0,0.0,0.0,0.0,0.0,0.0,0.0,0.0,0.0,0.0,0.0,0.0,0.0,0.0,0.0,0.0,0.0,0.0,0.0,0.0,0.0,0.0,0.0,0.0,0.0,0.0,0.0,0.0,0.0,0.0,0.0,0.0,0.0,0.0,0.0,0.0,0.0,0.0,0.0,0.0,6449398939312586.0,1.2898797878625172e+16,2.4999381052309532e+16,3.7099964225993896e+16,4.720119768028581e+16,5.730243113457772e+16,5.7000168197722664e+16,5.669790526086761e+16,4.506580310880146e+16,3.343370095673531e+16,2.067830973205836e+16,7922918507381406.0,3961459253690703.0,0.0,0.0,0.0,0.0,0.0,0.0,0.0,0.0,0.0,0.0,0.0,129047120549973.25,258094241099946.5,4229219204571422.0,8200344168042899.0,9812517804436558.0,1.1424691440830216e+16,8931334725870279.0,6437978010910339.0,3218989005455169.5,0.0,0.0,0.0,0.0,0.0,0.0,0.0,0.0,0.0,0.0,0.0,0.0,0.0,0.0,0.0,454115017737137.56,908230035474275.1,3067384656337636.5,5226539277200998.0,5368735206209332.0,5510931135217665.0,3040534669755204.0,570138204292742.0,285069102146371.0,0.0,0.0,0.0,0.0,0.0,0.0,0.0,0.0,0.0,0.0,0.0,0.0,0.0,0.0,0.0,0.0,0.0,0.0,0.0,0.0,0.0,0.0,0.0,0.0,0.0,0.0,0.0,0.0,0.0,0.0,0.0,0.0,0.0,0.0,0.0,0.0,0.0,0.0,0.0,0.0,0.0,0.0,0.0,0.0,0.0,0.0,0.0,0.0,0.0,0.0,0.0,0.0,0.0,0.0,0.0,0.0,0.0,0.0,0.0,0.0,0.0,0.0,0.0,0.0,0.0,0.0,0.0,0.0,0.0,0.0,0.0,0.0,0.0,0.0,0.0,0.0,0.0,0.0,0.0,0.0,0.0,0.0,0.0,0.0,0.0,0.0,0.0,0.0,0.0,0.0,0.0,0.0,0.0,0.0,0.0,0.0,0.0,0.0,0.0,0.0,0.0,0.0,0.0,0.0,0.0,0.0,0.0,0.0,0.0,0.0,0.0,0.0,0.0,0.0,0.0,0.0,0.0,0.0,0.0,0.0,0.0,0.0,0.0,0.0,0.0,0.0,0.0,0.0,0.0,0.0
30.2899077226017,102.645674587684,7.18980823265266,225.0,65.0,93.75424303785576,5.0,5.0,0.4537756310993675,3.531073224424972e+17,0.0,0.0,0.0,0.0,0.0,0.0,0.0,0.0,0.0,0.0,0.0,0.0,0.0,0.0,0.0,0.0,0.0,0.0,0.0,0.0,0.0,0.0,0.0,0.0,0.0,0.0,0.0,0.0,0.0,0.0,0.0,0.0,0.0,0.0,0.0,0.0,0.0,0.0,0.0,0.0,0.0,0.0,0.0,0.0,0.0,0.0,0.0,0.0,0.0,0.0,0.0,0.0,0.0,7314808421963641.0,1.4629616843927282e+16,2.83196249773051e+16,4.200963311068293e+16,5.452637224246182e+16,6.704311137424071e+16,6.913480061444031e+16,7.122648985463989e+16,5.976776570889e+16,4.830904156314009e+16,3.2135937520019348e+16,1.5962833476898608e+16,8047437571646723.0,132041666394838.0,66020833197419.0,0.0,0.0,0.0,0.0,0.0,0.0,0.0,0.0,0.0,3452583668262628.0,6905167336525256.0,1.175356039905424e+16,1.6601953461583222e+16,1.6923496780213094e+16,1.7245040098842968e+16,1.2427529453508604e+16,7610018808174240.0,3805009404087120.0,0.0,0.0,0.0,0.0,0.0,0.0,0.0,0.0,0.0,0.0,0.0,0.0,0.0,777470270232716.5,1554940540465433.0,7273216685654732.0,1.2991492830844032e+16,1.603017188404096e+16,1.906885093723789e+16,1.5442970738068858e+16,1.1817090538899828e+16,5908545269449914.0,0.0,0.0,0.0,0.0,0.0,0.0,0.0,0.0,0.0,0.0,0.0,0.0,0.0,0.0,0.0,0.0,0.0,0.0,0.0,0.0,0.0,0.0,0.0,0.0,0.0,0.0,0.0,0.0,0.0,0.0,0.0,0.0,0.0,0.0,0.0,0.0,0.0,0.0,0.0,0.0,0.0,0.0,0.0,0.0,0.0,0.0,0.0,0.0,0.0,0.0,0.0,0.0,0.0,0.0,0.0,0.0,0.0,0.0,0.0,0.0,0.0,0.0,0.0,0.0,0.0,0.0,0.0,0.0,0.0,0.0,0.0,0.0,0.0,0.0,0.0,0.0,0.0,0.0,0.0,0.0,0.0,0.0,0.0,0.0,0.0,0.0,0.0,0.0,0.0,0.0,0.0,0.0,0.0,0.0,0.0,0.0,0.0,0.0,0.0,0.0,0.0,0.0,0.0,0.0,0.0,0.0,0.0,0.0,0.0,0.0,0.0,0.0,0.0,0.0,0.0,0.0,0.0,0.0,0.0,0.0,0.0,0.0,0.0,0.0,0.0,0.0,0.0,0.0,0.0,0.0,0.0,0.0
30.3068454494193,102.625503506244,11.3706888080417,225.0,50.0,116.53085676922832,5.0,5.0,0.6343776409767855,4.9364349883664954e+17,0.0,0.0,0.0,0.0,0.0,0.0,0.0,0.0,0.0,0.0,0.0,0.0,0.0,0.0,0.0,0.0,0.0,0.0,0.0,0.0,0.0,0.0,0.0,0.0,0.0,0.0,0.0,0.0,0.0,0.0,0.0,0.0,0.0,0.0,0.0,0.0,0.0,0.0,0.0,0.0,0.0,0.0,0.0,0.0,0.0,0.0,0.0,0.0,0.0,0.0,0.0,1754823288680290.8,3509646577360581.5,1.0301915968339992e+16,1.70941853593194e+16,3.0224218996123204e+16,4.335425263292701e+16,5.7476590719849224e+16,7.159892880677143e+16,7.87659222481672e+16,8.593291568956294e+16,8.094566378857544e+16,7.595841188758792e+16,6.2500634581499784e+16,4.9042857275411656e+16,3.663560622166329e+16,2.4228355167914924e+16,1.804362587398761e+16,1.1858896580060284e+16,7917395275301608.0,3975893970542930.5,1987946985271465.2,0.0,0.0,0.0,0.0,0.0,2865599037850599.5,5731198075701199.0,8231942540160295.0,1.0732687004619392e+16,9242734720481672.0,7752782436343948.0,4050656730228386.5,348531024112824.2,174265512056412.1,0.0,0.0,0.0,0.0,0.0,0.0,0.0,0.0,0.0,0.0,0.0,0.0,0.0,4008899446011387.5,8017798892022775.0,1.6594625184897826e+16,2.5171451477772876e+16,2.8132353928806004e+16,3.109325637983913e+16,2.466735298930868e+16,1.824144959877823e+16,9120724799389116.0,0.0,0.0,0.0,0.0,0.0,0.0,0.0,0.0,0.0,0.0,0.0,0.0,0.0,0.0,0.0,0.0,0.0,0.0,0.0,0.0,0.0,0.0,0.0,0.0,0.0,0.0,0.0,0.0,0.0,0.0,0.0,0.0,0.0,0.0,0.0,0.0,0.0,0.0,0.0,0.0,0.0,0.0,0.0,0.0,0.0,0.0,0.0,0.0,0.0,0.0,0.0,0.0,0.0,0.0,0.0,0.0,0.0,0.0,0.0,0.0,0.0,0.0,0.0,0.0,0.0,0.0,0.0,0.0,0.0,0.0,0.0,0.0,0.0,0.0,0.0,0.0,0.0,0.0,0.0,0.0,0.0,0.0,0.0,0.0,0.0,0.0,0.0,0.0,0.0,0.0,0.0,0.0,0.0,0.0,0.0,0.0,0.0,0.0,0.0,0.0,0.0,0.0,0.0,0.0,0.0,0.0,0.0,0.0,0.0,0.0,0.0,0.0,0.0,0.0,0.0,0.0,0.0,0.0,0.0,0.0,0.0,0.0,0.0,0.0,0.0,0.0,0.0,0.0,0.0,0.0,0.0,0.0
30.3292429348117,102.598784060106,14.8927689400555,225.0,40.0,134.81418213218416,5.0,5.0,0.9956636734922916,7.747796701827206e+17,0.0,0.0,0.0,0.0,0.0,0.0,0.0,0.0,0.0,0.0,0.0,0.0,0.0,0.0,0.0,0.0,0.0,0.0,0.0,0.0,0.0,0.0,0.0,0.0,0.0,0.0,0.0,0.0,0.0,0.0,0.0,0.0,0.0,0.0,0.0,0.0,0.0,0.0,0.0,0.0,0.0,0.0,0.0,0.0,0.0,0.0,0.0,0.0,0.0,0.0,0.0,4239616438468915.5,8479232876937831.0,1.839442918414324e+16,2.8309625491348656e+16,4.2643563973030744e+16,5.6977502454712824e+16,7.398785910023389e+16,9.099821574575496e+16,1.0380717851672392e+17,1.1661614128769291e+17,1.1911821277870973e+17,1.2162028426972654e+17,1.1315468706332518e+17,1.0468908985692384e+17,9.019557287068358e+16,7.570205588444331e+16,6.11772309608797e+16,4.665240603731608e+16,3.5207906825503904e+16,2.376340761369172e+16,1.62130256675911e+16,8662643721490484.0,4918811900851101.0,1174980080211717.8,587490040105858.9,0.0,773476960312024.4,1546953920624048.8,2483194663596690.0,3419435406569331.5,1716547926684116.5,13660446798901.014,6830223399450.507,0.0,0.0,0.0,0.0,0.0,0.0,0.0,0.0,0.0,0.0,0.0,0.0,0.0,0.0,0.0,5570158569053758.0,1.1140317138107516e+16,1.911701360142012e+16,2.709371006473272e+16,2.894267975913666e+16,3.0791649453540596e+16,2.396000394281861e+16,1.7128358432096622e+16,8564179216048311.0,0.0,0.0,0.0,0.0,0.0,0.0,0.0,0.0,0.0,0.0,0.0,0.0,0.0,0.0,0.0,0.0,0.0,0.0,0.0,0.0,0.0,0.0,0.0,0.0,0.0,0.0,0.0,0.0,0.0,0.0,0.0,0.0,0.0,0.0,0.0,0.0,0.0,0.0,0.0,0.0,0.0,0.0,0.0,0.0,0.0,0.0,0.0,0.0,0.0,0.0,0.0,0.0,0.0,0.0,0.0,0.0,0.0,0.0,0.0,0.0,0.0,0.0,0.0,0.0,0.0,0.0,0.0,0.0,0.0,0.0,0.0,0.0,0.0,0.0,0.0,0.0,0.0,0.0,0.0,0.0,0.0,0.0,0.0,0.0,0.0,0.0,0.0,0.0,0.0,0.0,0.0,0.0,0.0,0.0,0.0,0.0,0.0,0.0,0.0,0.0,0.0,0.0,0.0,0.0,0.0,0.0,0.0,0.0,0.0,0.0,0.0,0.0,0.0,0.0,0.0,0.0,0.0,0.0,0.0,0.0,0.0,0.0,0.0,0.0,0.0,0.0,0.0,0.0,0.0,0.0,0.0,0.0
30.3551894345968,102.567796818323,17.7497379642719,225.0,30.0,140.58495254230616,5.0,5.0,1.3971889478754997,1.0872281685451117e+18,0.0,0.0,0.0,0.0,0.0,0.0,0.0,0.0,0.0,0.0,0.0,0.0,0.0,0.0,0.0,0.0,0.0,0.0,0.0,0.0,0.0,0.0,0.0,0.0,0.0,0.0,0.0,0.0,0.0,0.0,0.0,0.0,0.0,0.0,0.0,0.0,0.0,0.0,0.0,0.0,0.0,0.0,0.0,0.0,0.0,0.0,0.0,0.0,0.0,0.0,0.0,5439844199079286.0,1.0879688398158572e+16,2.4875579063268304e+16,3.887146972837803e+16,5.6936965125009896e+16,7.500246052164176e+16,9.429873703369427e+16,1.1359501354574677e+17,1.290336589805494e+17,1.4447230441535206e+17,1.5099093918252157e+17,1.575095739496911e+17,1.537116008103539e+17,1.4991362767101664e+17,1.3761045324890314e+17,1.2530727882678962e+17,1.0930290101861294e+17,9.329852321043624e+16,7.704618901688198e+16,6.079385482332773e+16,4.715333791499532e+16,3.3512821006662892e+16,2.452900543691458e+16,1.5545189867166264e+16,1.110428415896269e+16,6663378450759117.0,3931618310931131.0,1199858171103145.0,599929085551572.5,0.0,0.0,0.0,0.0,0.0,0.0,0.0,0.0,0.0,0.0,0.0,0.0,0.0,0.0,0.0,0.0,0.0,74545010174.48509,149090020348.97018,5008014299515243.0,1.0015879509010136e+16,1.4744306821980614e+16,1.9472734134951096e+16,1.975675913815248e+16,2.004078414135386e+16,1.5587181612450064e+16,1.113357908354627e+16,5566789541773135.0,0.0,0.0,0.0,0.0,0.0,0.0,0.0,0.0,0.0,0.0,0.0,0.0,0.0,0.0,0.0,0.0,0.0,0.0,0.0,0.0,0.0,0.0,0.0,0.0,0.0,0.0,0.0,0.0,0.0,0.0,0.0,0.0,0.0,0.0,0.0,0.0,0.0,0.0,0.0,0.0,0.0,0.0,0.0,0.0,0.0,0.0,0.0,0.0,0.0,0.0,0.0,0.0,0.0,0.0,0.0,0.0,0.0,0.0,0.0,0.0,0.0,0.0,0.0,0.0,0.0,0.0,0.0,0.0,0.0,0.0,0.0,0.0,0.0,0.0,0.0,0.0,0.0,0.0,0.0,0.0,0.0,0.0,0.0,0.0,0.0,0.0,0.0,0.0,0.0,0.0,0.0,0.0,0.0,0.0,0.0,0.0,0.0,0.0,0.0,0.0,0.0,0.0,0.0,0.0,0.0,0.0,0.0,0.0,0.0,0.0,0.0,0.0,0.0,0.0,0.0,0.0,0.0,0.0,0.0,0.0,0.0,0.0,0.0,0.0,0.0,0.0,0.0,0.0,0.0,0.0,0.0,0.0
30.3833658284209,102.534121378579,20.0562836186236,225.0,25.0,142.50596669198737,5.0,5.0,1.490699070900821,1.1599934448177574e+18,0.0,0.0,0.0,0.0,0.0,0.0,0.0,0.0,0.0,0.0,0.0,0.0,0.0,0.0,0.0,0.0,0.0,0.0,0.0,0.0,0.0,0.0,0.0,0.0,0.0,0.0,0.0,0.0,0.0,0.0,0.0,0.0,0.0,0.0,0.0,0.0,0.0,0.0,0.0,0.0,0.0,0.0,0.0,0.0,0.0,0.0,0.0,0.0,0.0,0.0,0.0,4971349971856864.0,9942699943713728.0,2.4270850818067572e+16,3.8599001692421416e+16,5.792625228024216e+16,7.72535028680629e+16,9.635082363213803e+16,1.1544814439621314e+17,1.2987510408246562e+17,1.443020637687181e+17,1.5146193671627766e+17,1.586218096638372e+17,1.573396504930062e+17,1.5605749132217523e+17,1.4800049290874067e+17,1.3994349449530608e+17,1.270244756495391e+17,1.1410545680377216e+17,9.854261574275677e+16,8.297977468174139e+16,6.760959312788102e+16,5.223941157402065e+16,4.0054571098355464e+16,2.786973062269029e+16,2.030842680241549e+16,1.2747122982140696e+16,8467281847999685.0,4187440713858674.5,2093720356929337.2,0.0,0.0,0.0,0.0,0.0,0.0,0.0,0.0,0.0,0.0,0.0,0.0,0.0,0.0,0.0,0.0,0.0,0.0,0.0,2042550185512244.2,4085100371024488.5,6200378103605311.0,8315655836186132.0,8365644297258030.0,8415632758329928.0,6647771540937582.0,4879910323545237.0,2439955161772618.5,0.0,0.0,0.0,0.0,0.0,0.0,0.0,0.0,0.0,0.0,0.0,0.0,0.0,0.0,0.0,0.0,0.0,0.0,0.0,0.0,0.0,0.0,0.0,0.0,0.0,0.0,0.0,0.0,0.0,0.0,0.0,0.0,0.0,0.0,0.0,0.0,0.0,0.0,0.0,0.0,0.0,0.0,0.0,0.0,0.0,0.0,0.0,0.0,0.0,0.0,0.0,0.0,0.0,0.0,0.0,0.0,0.0,0.0,0.0,0.0,0.0,0.0,0.0,0.0,0.0,0.0,0.0,0.0,0.0,0.0,0.0,0.0,0.0,0.0,0.0,0.0,0.0,0.0,0.0,0.0,0.0,0.0,0.0,0.0,0.0,0.0,0.0,0.0,0.0,0.0,0.0,0.0,0.0,0.0,0.0,0.0,0.0,0.0,0.0,0.0,0.0,0.0,0.0,0.0,0.0,0.0,0.0,0.0,0.0,0.0,0.0,0.0,0.0,0.0,0.0,0.0,0.0,0.0,0.0,0.0,0.0,0.0,0.0,0.0,0.0,0.0,0.0,0.0,0.0,0.0,0.0,0.0
30.4127133770419,102.499024083658,21.9678796312896,225.0,20.0,143.94843761406972,5.0,5.0,1.1217741608304546,8.729130503468616e+17,0.0,0.0,0.0,0.0,0.0,0.0,0.0,0.0,0.0,0.0,0.0,0.0,0.0,0.0,0.0,0.0,0.0,0.0,0.0,0.0,0.0,0.0,0.0,0.0,0.0,0.0,0.0,0.0,0.0,0.0,0.0,0.0,0.0,0.0,0.0,0.0,0.0,0.0,0.0,0.0,0.0,0.0,0.0,0.0,0.0,0.0,0.0,0.0,0.0,0.0,0.0,2989408612604830.5,5978817225209661.0,1.6428258687160118e+16,2.687770014911058e+16,4.161091034957752e+16,5.634412055004446e+16,7.106272353612007e+16,8.578132652219566e+16,9.658992843065971e+16,1.0739853033912376e+17,1.1269362704821946e+17,1.1798872375731515e+17,1.1762868982905854e+17,1.1726865590080192e+17,1.1245689316243214e+17,1.076451304240624e+17,9.926479475123782e+16,9.088445907841328e+16,7.985946101976952e+16,6.883446296112576e+16,5.691678858015668e+16,4.499911419918759e+16,3.524924693661288e+16,2.5499379674038176e+16,1.911277743570968e+16,1.2726175197381182e+16,8706314783116615.0,4686454368852046.0,2343227184426023.0,0.0,0.0,0.0,0.0,0.0,0.0,0.0,0.0,0.0,0.0,0.0,0.0,0.0,0.0,0.0,0.0,0.0,0.0,0.0,0.0,0.0,0.0,0.0,0.0,0.0,0.0,0.0,0.0,0.0,0.0,0.0,0.0,0.0,0.0,0.0,0.0,0.0,0.0,0.0,0.0,0.0,0.0,0.0,0.0,0.0,0.0,0.0,0.0,0.0,0.0,0.0,0.0,0.0,0.0,0.0,0.0,0.0,0.0,0.0,0.0,0.0,0.0,0.0,0.0,0.0,0.0,0.0,0.0,0.0,0.0,0.0,0.0,0.0,0.0,0.0,0.0,0.0,0.0,0.0,0.0,0.0,0.0,0.0,0.0,0.0,0.0,0.0,0.0,0.0,0.0,0.0,0.0,0.0,0.0,0.0,0.0,0.0,0.0,0.0,0.0,0.0,0.0,0.0,0.0,0.0,0.0,0.0,0.0,0.0,0.0,0.0,0.0,0.0,0.0,0.0,0.0,0.0,0.0,0.0,0.0,0.0,0.0,0.0,0.0,0.0,0.0,0.0,0.0,0.0,0.0,0.0,0.0,0.0,0.0,0.0,0.0,0.0,0.0,0.0,0.0,0.0,0.0,0.0,0.0,0.0,0.0,0.0,0.0,0.0,0.0,0.0,0.0,0.0,0.0,0.0,0.0,0.0,0.0,0.0,0.0
30.4430087278943,102.462778666411,23.46997760236,225.0,15.0,144.28104747705046,5.0,5.0,0.49446490906684065,3.8476984684999834e+17,0.0,0.0,0.0,0.0,0.0,0.0,0.0,0.0,0.0,0.0,0.0,0.0,0.0,0.0,0.0,0.0,0.0,0.0,0.0,0.0,0.0,0.0,0.0,0.0,0.0,0.0,0.0,0.0,0.0,0.0,0.0,0.0,0.0,0.0,0.0,0.0,0.0,0.0,0.0,0.0,0.0,0.0,0.0,0.0,0.0,0.0,0.0,0.0,0.0,0.0,0.0,679888526241205.4,1359777052482410.8,5575548455398975.0,9791319858315540.0,1.686886923179355e+16,2.394641860527157e+16,3.0854641650774836e+16,3.7762864696278104e+16,4.258462370851074e+16,4.740638272074338e+16,4.9595013634466696e+16,5.178364454819002e+16,5.158090806994644e+16,5.137817159170287e+16,4.935909397650231e+16,4.734001636130177e+16,4.400529594144698e+16,4.0670575521592184e+16,3.6045889664794504e+16,3.1421203807996828e+16,2.628838997752019e+16,2.115557614704357e+16,1.6424718107398632e+16,1.1693860067753698e+16,8851273073117659.0,6008686078481623.0,4330503867967916.0,2652321657454210.0,1525674896422403.8,399028135390597.56,199514067695298.78,0.0,0.0,0.0,0.0,0.0,0.0,0.0,0.0,0.0,0.0,0.0,0.0,0.0,0.0,0.0,0.0,0.0,0.0,0.0,0.0,0.0,0.0,0.0,0.0,0.0,0.0,0.0,0.0,0.0,0.0,0.0,0.0,0.0,0.0,0.0,0.0,0.0,0.0,0.0,0.0,0.0,0.0,0.0,0.0,0.0,0.0,0.0,0.0,0.0,0.0,0.0,0.0,0.0,0.0,0.0,0.0,0.0,0.0,0.0,0.0,0.0,0.0,0.0,0.0,0.0,0.0,0.0,0.0,0.0,0.0,0.0,0.0,0.0,0.0,0.0,0.0,0.0,0.0,0.0,0.0,0.0,0.0,0.0,0.0,0.0,0.0,0.0,0.0,0.0,0.0,0.0,0.0,0.0,0.0,0.0,0.0,0.0,0.0,0.0,0.0,0.0,0.0,0.0,0.0,0.0,0.0,0.0,0.0,0.0,0.0,0.0,0.0,0.0,0.0,0.0,0.0,0.0,0.0,0.0,0.0,0.0,0.0,0.0,0.0,0.0,0.0,0.0,0.0,0.0,0.0,0.0,0.0,0.0,0.0,0.0,0.0,0.0,0.0,0.0,0.0,0.0,0.0,0.0,0.0,0.0,0.0,0.0,0.0,0.0,0.0,0.0,0.0,0.0,0.0,0.0,0.0,0.0,0.0
30.4740213150653,102.425808372728,24.5511456592836,225.0,10.0,90.0,5.0,5.0,0.0,0.0,0.0,0.0,0.0,0.0,0.0,0.0,0.0,0.0,0.0,0.0,0.0,0.0,0.0,0.0,0.0,0.0,0.0,0.0,0.0,0.0,0.0,0.0,0.0,0.0,0.0,0.0,0.0,0.0,0.0,0.0,0.0,0.0,0.0,0.0,0.0,0.0,0.0,0.0,0.0,0.0,0.0,0.0,0.0,0.0,0.0,0.0,0.0,0.0,0.0,0.0,0.0,0.0,0.0,0.0,0.0,0.0,0.0,0.0,0.0,0.0,0.0,0.0,0.0,0.0,0.0,0.0,0.0,0.0,0.0,0.0,0.0,0.0,0.0,0.0,0.0,0.0,0.0,0.0,0.0,0.0,0.0,0.0,0.0,0.0,0.0,0.0,0.0,0.0,0.0,0.0,0.0,0.0,0.0,0.0,0.0,0.0,0.0,0.0,0.0,0.0,0.0,0.0,0.0,0.0,0.0,0.0,0.0,0.0,0.0,0.0,0.0,0.0,0.0,0.0,0.0,0.0,0.0,0.0,0.0,0.0,0.0,0.0,0.0,0.0,0.0,0.0,0.0,0.0,0.0,0.0,0.0,0.0,0.0,0.0,0.0,0.0,0.0,0.0,0.0,0.0,0.0,0.0,0.0,0.0,0.0,0.0,0.0,0.0,0.0,0.0,0.0,0.0,0.0,0.0,0.0,0.0,0.0,0.0,0.0,0.0,0.0,0.0,0.0,0.0,0.0,0.0,0.0,0.0,0.0,0.0,0.0,0.0,0.0,0.0,0.0,0.0,0.0,0.0,0.0,0.0,0.0,0.0,0.0,0.0,0.0,0.0,0.0,0.0,0.0,0.0,0.0,0.0,0.0,0.0,0.0,0.0,0.0,0.0,0.0,0.0,0.0,0.0,0.0,0.0,0.0,0.0,0.0,0.0,0.0,0.0,0.0,0.0,0.0,0.0,0.0,0.0,0.0,0.0,0.0,0.0,0.0,0.0,0.0,0.0,0.0,0.0,0.0,0.0,0.0,0.0,0.0,0.0,0.0,0.0,0.0,0.0,0.0,0.0,0.0,0.0
30.2486325120218,102.619544009471,2.46201938253052,225.0,80.0,90.0,5.0,5.0,0.370247794233653,2.88109802074094e+17,0.0,0.0,0.0,0.0,0.0,0.0,0.0,0.0,0.0,0.0,0.0,0.0,0.0,0.0,0.0,0.0,0.0,0.0,0.0,0.0,0.0,0.0,0.0,0.0,0.0,0.0,0.0,0.0,0.0,0.0,0.0,0.0,0.0,0.0,0.0,0.0,0.0,0.0,0.0,0.0,0.0,0.0,0.0,0.0,0.0,0.0,0.0,0.0,0.0,0.0,0.0,0.0,0.0,6593050416527987.0,1.3186100833055974e+16,2.5527805737362484e+16,3.786951064166899e+16,4.726303791151717e+16,5.665656518136533e+16,5.566642913518993e+16,5.467629308901451e+16,4.327016994479224e+16,3.186404680056996e+16,1.9648422027502188e+16,7432797254434415.0,3716398627217207.5,0.0,0.0,0.0,0.0,0.0,0.0,0.0,0.0,0.0,0.0,0.0,1302420131912576.8,2604840263825153.5,7437580125361856.0,1.2270319986898558e+16,1.432708029480924e+16,1.638384060271992e+16,1.2840587506003014e+16,9297334409286110.0,5282217555336008.0,1267100701385906.2,633550350692953.1,0.0,0.0,0.0,0.0,0.0,0.0,0.0,0.0,0.0,0.0,0.0,0.0,0.0,2001899659524366.2,4003799319048732.5,8433104556384527.0,1.2862409793720322e+16,1.4468712290504844e+16,1.6075014787289364e+16,1.2732968659439746e+16,9390922531590128.0,5829914204905381.0,2268905878220634.0,1134452939110317.0,0.0,0.0,0.0,0.0,0.0,0.0,0.0,0.0,0.0,0.0,0.0,0.0,0.0,0.0,0.0,0.0,0.0,0.0,0.0,0.0,0.0,0.0,0.0,0.0,0.0,0.0,0.0,0.0,0.0,0.0,0.0,0.0,0.0,0.0,0.0,0.0,0.0,0.0,0.0,0.0,0.0,0.0,0.0,0.0,0.0,0.0,0.0,0.0,0.0,0.0,0.0,0.0,0.0,0.0,0.0,0.0,0.0,0.0,0.0,0.0,0.0,0.0,0.0,0.0,0.0,0.0,0.0,0.0,0.0,0.0,0.0,0.0,0.0,0.0,0.0,0.0,0.0,0.0,0.0,0.0,0.0,0.0,0.0,0.0,0.0,0.0,0.0,0.0,0.0,0.0,0.0,0.0,0.0,0.0,0.0,0.0,0.0,0.0,0.0,0.0,0.0,0.0,0.0,0.0,0.0,0.0,0.0,0.0,0.0,0.0,0.0,0.0,0.0,0.0,0.0,0.0,0.0,0.0,0.0,0.0,0.0,0.0,0.0,0.0,0.0,0.0,0.0,0.0
30.2581119023011,102.608277710206,7.18980823265266,225.0,65.0,92.36638238489302,5.0,5.0,0.5319001722963475,4.13900246673092e+17,0.0,0.0,0.0,0.0,0.0,0.0,0.0,0.0,0.0,0.0,0.0,0.0,0.0,0.0,0.0,0.0,0.0,0.0,0.0,0.0,0.0,0.0,0.0,0.0,0.0,0.0,0.0,0.0,0.0,0.0,0.0,0.0,0.0,0.0,0.0,0.0,0.0,0.0,0.0,0.0,0.0,0.0,0.0,0.0,0.0,0.0,0.0,0.0,0.0,0.0,0.0,0.0,0.0,7991255238776800.0,1.59825104775536e+16,3.0377601988776788e+16,4.4772693499999976e+16,5.635805531089364e+16,6.794341712178729e+16,6.8292028029949544e+16,6.864063893811179e+16,5.65929147960794e+16,4.4545190654047e+16,2.911016001501814e+16,1.3675129375989272e+16,7628863383032150.0,1582597390075030.5,791298695037515.2,0.0,0.0,0.0,0.0,0.0,0.0,0.0,0.0,0.0,4621103186418677.0,9242206372837354.0,1.4697921084415068e+16,2.015363579599278e+16,1.9919606402010644e+16,1.9685577008028504e+16,1.4490986560021906e+16,9296396112015308.0,4648198056007654.0,0.0,0.0,0.0,0.0,0.0,0.0,0.0,0.0,0.0,0.0,0.0,0.0,0.0,1484834797356559.5,2969669594713119.0,1.081904034859179e+16,1.866841110247046e+16,2.4988141928139908e+16,3.1307872753809364e+16,3.016597056759102e+16,2.902406838137269e+16,2.1575907156439516e+16,1.4127745931506344e+16,8205116047144197.0,2282486162782052.5,1141243081391026.2,0.0,0.0,0.0,0.0,0.0,0.0,0.0,0.0,0.0,0.0,0.0,0.0,0.0,0.0,0.0,0.0,0.0,0.0,0.0,0.0,0.0,0.0,0.0,0.0,0.0,0.0,0.0,0.0,0.0,0.0,0.0,0.0,0.0,0.0,0.0,0.0,0.0,0.0,0.0,0.0,0.0,0.0,0.0,0.0,0.0,0.0,0.0,0.0,0.0,0.0,0.0,0.0,0.0,0.0,0.0,0.0,0.0,0.0,0.0,0.0,0.0,0.0,0.0,0.0,0.0,0.0,0.0,0.0,0.0,0.0,0.0,0.0,0.0,0.0,0.0,0.0,0.0,0.0,0.0,0.0,0.0,0.0,0.0,0.0,0.0,0.0,0.0,0.0,0.0,0.0,0.0,0.0,0.0,0.0,0.0,0.0,0.0,0.0,0.0,0.0,0.0,0.0,0.0,0.0,0.0,0.0,0.0,0.0,0.0,0.0,0.0,0.0,0.0,0.0,0.0,0.0,0.0,0.0,0.0,0.0,0.0,0.0,0.0,0.0,0.0,0.0,0.0,0.0
30.2750496291187,102.588101288216,11.3706888080417,225.0,50.0,111.468188902114,5.0,5.0,0.7110377508266064,5.5329686995672704e+17,0.0,0.0,0.0,0.0,0.0,0.0,0.0,0.0,0.0,0.0,0.0,0.0,0.0,0.0,0.0,0.0,0.0,0.0,0.0,0.0,0.0,0.0,0.0,0.0,0.0,0.0,0.0,0.0,0.0,0.0,0.0,0.0,0.0,0.0,0.0,0.0,0.0,0.0,0.0,0.0,0.0,0.0,0.0,0.0,0.0,0.0,0.0,0.0,0.0,0.0,0.0,430779921758216.4,861559843516432.8,7227019795157191.0,1.3592479746797948e+16,2.780091596652575e+16,4.200935218625356e+16,5.59908103114815e+16,6.997226843670946e+16,7.582422977474875e+16,8.167619111278805e+16,7.60003512208375e+16,7.032451132888695e+16,5.798333469903897e+16,4.564215806919101e+16,3.5947910890393196e+16,2.625366371159538e+16,2.0427840655322388e+16,1.460201759904939e+16,9652210790404372.0,4702403981759351.0,2351201990879675.5,0.0,0.0,0.0,1026518958322485.2,2053037916644970.5,6380449815839548.0,1.0707861715034122e+16,1.2974932346511676e+16,1.5242002977989228e+16,1.2525345830213974e+16,9808688682438718.0,5450853440180878.0,1093018197923034.9,546509098961517.44,0.0,0.0,0.0,0.0,0.0,0.0,0.0,0.0,0.0,0.0,0.0,0.0,0.0,5676057054810235.0,1.135211410962047e+16,2.223844643714943e+16,3.31247787646784e+16,3.923279983807028e+16,4.534082091146217e+16,4.153743128696622e+16,3.773404166247029e+16,2.7468970332194216e+16,1.7203899001918132e+16,8601949500959066.0,0.0,0.0,0.0,0.0,0.0,0.0,0.0,0.0,0.0,0.0,0.0,0.0,0.0,0.0,0.0,0.0,0.0,0.0,0.0,0.0,0.0,0.0,0.0,0.0,0.0,0.0,0.0,0.0,0.0,0.0,0.0,0.0,0.0,0.0,0.0,0.0,0.0,0.0,0.0,0.0,0.0,0.0,0.0,0.0,0.0,0.0,0.0,0.0,0.0,0.0,0.0,0.0,0.0,0.0,0.0,0.0,0.0,0.0,0.0,0.0,0.0,0.0,0.0,0.0,0.0,0.0,0.0,0.0,0.0,0.0,0.0,0.0,0.0,0.0,0.0,0.0,0.0,0.0,0.0,0.0,0.0,0.0,0.0,0.0,0.0,0.0,0.0,0.0,0.0,0.0,0.0,0.0,0.0,0.0,0.0,0.0,0.0,0.0,0.0,0.0,0.0,0.0,0.0,0.0,0.0,0.0,0.0,0.0,0.0,0.0,0.0,0.0,0.0,0.0,0.0,0.0,0.0,0.0,0.0,0.0,0.0,0.0,0.0,0.0,0.0,0.0,0.0,0.0,0.0,0.0
30.2974471145111,102.561373883863,14.8927689400555,225.0,40.0,131.1387745087084,5.0,5.0,1.011668235358048,7.872336840168064e+17,0.0,0.0,0.0,0.0,0.0,0.0,0.0,0.0,0.0,0.0,0.0,0.0,0.0,0.0,0.0,0.0,0.0,0.0,0.0,0.0,0.0,0.0,0.0,0.0,0.0,0.0,0.0,0.0,0.0,0.0,0.0,0.0,0.0,0.0,0.0,0.0,0.0,0.0,0.0,0.0,0.0,0.0,0.0,0.0,0.0,0.0,0.0,0.0,0.0,0.0,0.0,1155884621912523.5,2311769243825047.0,9007488968700952.0,1.5703208693576856e+16,3.033440330128232e+16,4.496559790898779e+16,6.320625788409775e+16,8.144691785920771e+16,9.530495182971672e+16,1.0916298580022573e+17,1.1262436915061486e+17,1.1608575250100398e+17,1.0886817773142738e+17,1.0165060296185072e+17,8.877172801901571e+16,7.58928530761807e+16,6.249242067113462e+16,4.909198826608852e+16,3.719741806362153e+16,2.5302847861154548e+16,1.7023893368470806e+16,8744938875787066.0,4641532206457941.0,538125537128817.2,1425631829182549.0,2313138121236281.0,3771916093404137.5,5230694065571995.0,5615686493992798.0,6000678922413601.0,3790200083364118.5,1579721244314636.0,789860622157318.0,0.0,0.0,0.0,0.0,0.0,0.0,0.0,0.0,0.0,0.0,0.0,0.0,0.0,0.0,0.0,6825686134013877.0,1.3651372268027754e+16,2.361453663781876e+16,3.357770100760977e+16,3.814404157694455e+16,4.271038214627934e+16,3.877846314759619e+16,3.484654414891305e+16,2.5636203828167776e+16,1.642586350742251e+16,8212931753711255.0,0.0,0.0,0.0,0.0,0.0,0.0,0.0,0.0,0.0,0.0,0.0,0.0,0.0,0.0,0.0,0.0,0.0,0.0,0.0,0.0,0.0,0.0,0.0,0.0,0.0,0.0,0.0,0.0,0.0,0.0,0.0,0.0,0.0,0.0,0.0,0.0,0.0,0.0,0.0,0.0,0.0,0.0,0.0,0.0,0.0,0.0,0.0,0.0,0.0,0.0,0.0,0.0,0.0,0.0,0.0,0.0,0.0,0.0,0.0,0.0,0.0,0.0,0.0,0.0,0.0,0.0,0.0,0.0,0.0,0.0,0.0,0.0,0.0,0.0,0.0,0.0,0.0,0.0,0.0,0.0,0.0,0.0,0.0,0.0,0.0,0.0,0.0,0.0,0.0,0.0,0.0,0.0,0.0,0.0,0.0,0.0,0.0,0.0,0.0,0.0,0.0,0.0,0.0,0.0,0.0,0.0,0.0,0.0,0.0,0.0,0.0,0.0,0.0,0.0,0.0,0.0,0.0,0.0,0.0,0.0,0.0,0.0,0.0,0.0,0.0,0.0,0.0,0.0,0.0,0.0
30.3233936142962,102.530376850991,17.7497379642719,225.0,30.0,139.2675615307617,5.0,5.0,1.3786868873082105,1.0728307161064333e+18,0.0,0.0,0.0,0.0,0.0,0.0,0.0,0.0,0.0,0.0,0.0,0.0,0.0,0.0,0.0,0.0,0.0,0.0,0.0,0.0,0.0,0.0,0.0,0.0,0.0,0.0,0.0,0.0,0.0,0.0,0.0,0.0,0.0,0.0,0.0,0.0,0.0,0.0,0.0,0.0,0.0,0.0,0.0,0.0,0.0,0.0,0.0,0.0,0.0,0.0,0.0,1614302641911226.8,3228605283822453.5,1.3154714454736018e+16,2.308082362564958e+16,4.025791785126198e+16,5.74350120768744e+16,7.89344808159528e+16,1.0043394955503123e+17,1.1918730638033496e+17,1.3794066320563867e+17,1.4754388135974906e+17,1.5714709951385942e+17,1.5498720344065238e+17,1.5282730736744538e+17,1.4143613737907456e+17,1.3004496739070376e+17,1.1356792333437242e+17,9.709087927804106e+16,7.964289198032992e+16,6.21949046826188e+16,4.751188750094393e+16,3.2828870319269056e+16,2.353626939946287e+16,1.4243668479656686e+16,1.0599316657940558e+16,6954964836224431.0,4665374853511346.0,2375784870798260.5,1187892435399130.2,0.0,0.0,0.0,0.0,0.0,0.0,0.0,0.0,0.0,0.0,0.0,0.0,0.0,0.0,0.0,0.0,0.0,0.0,0.0,4569341522483536.0,9138683044967072.0,1.5843226263623494e+16,2.2547769482279916e+16,2.539649638032372e+16,2.8245223278367524e+16,2.5682148484118052e+16,2.3119073689868576e+16,1.7535769907592806e+16,1.1952466125317036e+16,5976233062658518.0,0.0,0.0,0.0,0.0,0.0,0.0,0.0,0.0,0.0,0.0,0.0,0.0,0.0,0.0,0.0,0.0,0.0,0.0,0.0,0.0,0.0,0.0,0.0,0.0,0.0,0.0,0.0,0.0,0.0,0.0,0.0,0.0,0.0,0.0,0.0,0.0,0.0,0.0,0.0,0.0,0.0,0.0,0.0,0.0,0.0,0.0,0.0,0.0,0.0,0.0,0.0,0.0,0.0,0.0,0.0,0.0,0.0,0.0,0.0,0.0,0.0,0.0,0.0,0.0,0.0,0.0,0.0,0.0,0.0,0.0,0.0,0.0,0.0,0.0,0.0,0.0,0.0,0.0,0.0,0.0,0.0,0.0,0.0,0.0,0.0,0.0,0.0,0.0,0.0,0.0,0.0,0.0,0.0,0.0,0.0,0.0,0.0,0.0,0.0,0.0,0.0,0.0,0.0,0.0,0.0,0.0,0.0,0.0,0.0,0.0,0.0,0.0,0.0,0.0,0.0,0.0,0.0,0.0,0.0,0.0,0.0,0.0,0.0,0.0,0.0,0.0,0.0,0.0,0.0,0.0
30.3515700081203,102.496690436131,20.0562836186236,225.0,25.0,142.0900104734614,5.0,5.0,1.4609174826655318,1.1368187828061142e+18,0.0,0.0,0.0,0.0,0.0,0.0,0.0,0.0,0.0,0.0,0.0,0.0,0.0,0.0,0.0,0.0,0.0,0.0,0.0,0.0,0.0,0.0,0.0,0.0,0.0,0.0,0.0,0.0,0.0,0.0,0.0,0.0,0.0,0.0,0.0,0.0,0.0,0.0,0.0,0.0,0.0,0.0,0.0,0.0,0.0,0.0,0.0,0.0,0.0,0.0,0.0,1453697160510655.2,2907394321021310.5,1.370544122121138e+16,2.4503488121401452e+16,4.281942732620704e+16,6.113536653101264e+16,8.186129554482674e+16,1.0258722455864082e+17,1.2043608976101989e+17,1.3828495496339898e+17,1.485020015404818e+17,1.5871904811756464e+17,1.5959731422508278e+17,1.60475580332601e+17,1.527724801747808e+17,1.4506938001696064e+17,1.31213884754546e+17,1.173583894921314e+17,1.0048060804892066e+17,8.360282660570992e+16,6.741238343333261e+16,5.1221940260955304e+16,3.982893371084798e+16,2.843592716074066e+16,2.1485030237757916e+16,1.4534133314775178e+16,1.0223158245688778e+16,5912183176602380.0,2956091588301190.0,0.0,0.0,0.0,0.0,0.0,0.0,0.0,0.0,0.0,0.0,0.0,0.0,0.0,0.0,0.0,0.0,0.0,0.0,0.0,1801980497327919.5,3603960994655839.0,6075683674569755.0,8547406354483669.0,9884480734929794.0,1.122155511537592e+16,1.0583142352898558e+16,9944729590421198.0,7983951716284279.0,6023173842147362.0,4376646888830709.5,2730119935514057.5,1365059967757028.8,0.0,0.0,0.0,0.0,0.0,0.0,0.0,0.0,0.0,0.0,0.0,0.0,0.0,0.0,0.0,0.0,0.0,0.0,0.0,0.0,0.0,0.0,0.0,0.0,0.0,0.0,0.0,0.0,0.0,0.0,0.0,0.0,0.0,0.0,0.0,0.0,0.0,0.0,0.0,0.0,0.0,0.0,0.0,0.0,0.0,0.0,0.0,0.0,0.0,0.0,0.0,0.0,0.0,0.0,0.0,0.0,0.0,0.0,0.0,0.0,0.0,0.0,0.0,0.0,0.0,0.0,0.0,0.0,0.0,0.0,0.0,0.0,0.0,0.0,0.0,0.0,0.0,0.0,0.0,0.0,0.0,0.0,0.0,0.0,0.0,0.0,0.0,0.0,0.0,0.0,0.0,0.0,0.0,0.0,0.0,0.0,0.0,0.0,0.0,0.0,0.0,0.0,0.0,0.0,0.0,0.0,0.0,0.0,0.0,0.0,0.0,0.0,0.0,0.0,0.0,0.0,0.0,0.0,0.0,0.0,0.0,0.0,0.0,0.0,0.0,0.0,0.0,0.0
30.3809175567413,102.461581460507,21.9678796312896,225.0,20.0,144.2623984937066,5.0,5.0,1.1026960192778108,8.580673181851055e+17,0.0,0.0,0.0,0.0,0.0,0.0,0.0,0.0,0.0,0.0,0.0,0.0,0.0,0.0,0.0,0.0,0.0,0.0,0.0,0.0,0.0,0.0,0.0,0.0,0.0,0.0,0.0,0.0,0.0,0.0,0.0,0.0,0.0,0.0,0.0,0.0,0.0,0.0,0.0,0.0,0.0,0.0,0.0,0.0,0.0,0.0,0.0,0.0,0.0,0.0,0.0,918052491544155.9,1836104983088311.8,9968667195322022.0,1.8101229407555732e+16,3.2235314598885e+16,4.6369399790214264e+16,6.215982706059597e+16,7.795025433097765e+16,9.098793819437634e+16,1.0402562205777502e+17,1.1164530269796523e+17,1.1926498333815549e+17,1.2034448114271907e+17,1.2142397894728269e+17,1.1688901069281883e+17,1.1235404243835498e+17,1.0345856319996624e+17,9.456308396157752e+16,8.254916672212134e+16,7.053524948266516e+16,5.819263783813558e+16,4.585002619360603e+16,3.620084584861692e+16,2.655166550362782e+16,1.9941959937049876e+16,1.3332254370471934e+16,9032096991606914.0,4731939612741894.0,2365969806370947.0,0.0,0.0,0.0,0.0,0.0,0.0,0.0,0.0,0.0,0.0,0.0,0.0,0.0,0.0,0.0,0.0,0.0,0.0,0.0,0.0,0.0,0.0,0.0,0.0,0.0,0.0,0.0,184003753105538.3,368007506211076.6,588741883505513.1,809476260799949.4,404738130399974.7,0.0,0.0,0.0,0.0,0.0,0.0,0.0,0.0,0.0,0.0,0.0,0.0,0.0,0.0,0.0,0.0,0.0,0.0,0.0,0.0,0.0,0.0,0.0,0.0,0.0,0.0,0.0,0.0,0.0,0.0,0.0,0.0,0.0,0.0,0.0,0.0,0.0,0.0,0.0,0.0,0.0,0.0,0.0,0.0,0.0,0.0,0.0,0.0,0.0,0.0,0.0,0.0,0.0,0.0,0.0,0.0,0.0,0.0,0.0,0.0,0.0,0.0,0.0,0.0,0.0,0.0,0.0,0.0,0.0,0.0,0.0,0.0,0.0,0.0,0.0,0.0,0.0,0.0,0.0,0.0,0.0,0.0,0.0,0.0,0.0,0.0,0.0,0.0,0.0,0.0,0.0,0.0,0.0,0.0,0.0,0.0,0.0,0.0,0.0,0.0,0.0,0.0,0.0,0.0,0.0,0.0,0.0,0.0,0.0,0.0,0.0,0.0,0.0,0.0,0.0,0.0,0.0,0.0,0.0,0.0,0.0,0.0,0.0,0.0,0.0,0.0,0.0,0.0
30.4112129075937,102.425323914683,23.46997760236,225.0,15.0,145.21423519227307,5.0,5.0,0.4901636447935486,3.8142280085067904e+17,0.0,0.0,0.0,0.0,0.0,0.0,0.0,0.0,0.0,0.0,0.0,0.0,0.0,0.0,0.0,0.0,0.0,0.0,0.0,0.0,0.0,0.0,0.0,0.0,0.0,0.0,0.0,0.0,0.0,0.0,0.0,0.0,0.0,0.0,0.0,0.0,0.0,0.0,0.0,0.0,0.0,0.0,0.0,0.0,0.0,0.0,0.0,0.0,0.0,0.0,0.0,0.0,0.0,3390950765715695.0,6781901531431390.0,1.3408263205985742e+16,2.0034624880540096e+16,2.7513696093637584e+16,3.499276730673507e+16,4.063103470680011e+16,4.6269302106865144e+16,4.9477453955955496e+16,5.268560580504585e+16,5.299709429947919e+16,5.3308582793912536e+16,5.149484602599906e+16,4.9681109258085576e+16,4.587997737900132e+16,4.207884549991706e+16,3.7352029604726776e+16,3.26252137095365e+16,2.7193304898860052e+16,2.1761396088183604e+16,1.7054047905287048e+16,1.2346699722390494e+16,9183535538438732.0,6020371354486972.0,4144176791784146.5,2267982229081320.5,1133991114540660.2,0.0,0.0,0.0,0.0,0.0,0.0,0.0,0.0,0.0,0.0,0.0,0.0,0.0,0.0,0.0,0.0,0.0,0.0,0.0,0.0,0.0,0.0,0.0,0.0,0.0,0.0,0.0,0.0,0.0,284199282233710.8,568398564467421.6,284199282233710.8,0.0,0.0,0.0,0.0,0.0,0.0,0.0,0.0,0.0,0.0,0.0,0.0,0.0,0.0,0.0,0.0,0.0,0.0,0.0,0.0,0.0,0.0,0.0,0.0,0.0,0.0,0.0,0.0,0.0,0.0,0.0,0.0,0.0,0.0,0.0,0.0,0.0,0.0,0.0,0.0,0.0,0.0,0.0,0.0,0.0,0.0,0.0,0.0,0.0,0.0,0.0,0.0,0.0,0.0,0.0,0.0,0.0,0.0,0.0,0.0,0.0,0.0,0.0,0.0,0.0,0.0,0.0,0.0,0.0,0.0,0.0,0.0,0.0,0.0,0.0,0.0,0.0,0.0,0.0,0.0,0.0,0.0,0.0,0.0,0.0,0.0,0.0,0.0,0.0,0.0,0.0,0.0,0.0,0.0,0.0,0.0,0.0,0.0,0.0,0.0,0.0,0.0,0.0,0.0,0.0,0.0,0.0,0.0,0.0,0.0,0.0,0.0,0.0,0.0,0.0,0.0,0.0,0.0,0.0,0.0,0.0,0.0,0.0,0.0,0.0,0.0,0.0,0.0
30.4422254947646,102.388344328517,24.5511456592836,225.0,10.0,90.0,5.0,5.0,0.0,0.0,0.0,0.0,0.0,0.0,0.0,0.0,0.0,0.0,0.0,0.0,0.0,0.0,0.0,0.0,0.0,0.0,0.0,0.0,0.0,0.0,0.0,0.0,0.0,0.0,0.0,0.0,0.0,0.0,0.0,0.0,0.0,0.0,0.0,0.0,0.0,0.0,0.0,0.0,0.0,0.0,0.0,0.0,0.0,0.0,0.0,0.0,0.0,0.0,0.0,0.0,0.0,0.0,0.0,0.0,0.0,0.0,0.0,0.0,0.0,0.0,0.0,0.0,0.0,0.0,0.0,0.0,0.0,0.0,0.0,0.0,0.0,0.0,0.0,0.0,0.0,0.0,0.0,0.0,0.0,0.0,0.0,0.0,0.0,0.0,0.0,0.0,0.0,0.0,0.0,0.0,0.0,0.0,0.0,0.0,0.0,0.0,0.0,0.0,0.0,0.0,0.0,0.0,0.0,0.0,0.0,0.0,0.0,0.0,0.0,0.0,0.0,0.0,0.0,0.0,0.0,0.0,0.0,0.0,0.0,0.0,0.0,0.0,0.0,0.0,0.0,0.0,0.0,0.0,0.0,0.0,0.0,0.0,0.0,0.0,0.0,0.0,0.0,0.0,0.0,0.0,0.0,0.0,0.0,0.0,0.0,0.0,0.0,0.0,0.0,0.0,0.0,0.0,0.0,0.0,0.0,0.0,0.0,0.0,0.0,0.0,0.0,0.0,0.0,0.0,0.0,0.0,0.0,0.0,0.0,0.0,0.0,0.0,0.0,0.0,0.0,0.0,0.0,0.0,0.0,0.0,0.0,0.0,0.0,0.0,0.0,0.0,0.0,0.0,0.0,0.0,0.0,0.0,0.0,0.0,0.0,0.0,0.0,0.0,0.0,0.0,0.0,0.0,0.0,0.0,0.0,0.0,0.0,0.0,0.0,0.0,0.0,0.0,0.0,0.0,0.0,0.0,0.0,0.0,0.0,0.0,0.0,0.0,0.0,0.0,0.0,0.0,0.0,0.0,0.0,0.0,0.0,0.0,0.0,0.0,0.0,0.0,0.0,0.0,0.0,0.0
30.2168366917211,102.582149605257,2.46201938253052,225.0,80.0,90.0,5.0,5.0,0.418614961319448,3.257469066105737e+17,0.0,0.0,0.0,0.0,0.0,0.0,0.0,0.0,0.0,0.0,0.0,0.0,0.0,0.0,0.0,0.0,0.0,0.0,0.0,0.0,0.0,0.0,0.0,0.0,0.0,0.0,0.0,0.0,0.0,0.0,0.0,0.0,0.0,0.0,0.0,0.0,0.0,0.0,0.0,0.0,0.0,0.0,0.0,0.0,0.0,0.0,0.0,0.0,0.0,0.0,0.0,0.0,0.0,4368795321600515.0,8737590643201030.0,2.0468435167773824e+16,3.2199279692346612e+16,4.130011025173411e+16,5.0400940811121624e+16,4.966167793688239e+16,4.892241506264318e+16,3.870319416743845e+16,2.8483973272233704e+16,1.7474893059265088e+16,6465812846296473.0,3232906423148236.5,0.0,0.0,0.0,0.0,0.0,0.0,0.0,0.0,0.0,0.0,0.0,2415191449353681.5,4830382898707363.0,1.0990461418851586e+16,1.7150539938995806e+16,1.89405421916653e+16,2.073054444433479e+16,1.6705840159198456e+16,1.2681135874062122e+16,7744908235703438.0,2808680597344753.0,1404340298672376.5,0.0,0.0,0.0,0.0,0.0,0.0,0.0,0.0,0.0,0.0,0.0,0.0,0.0,3394707376884768.5,6789414753769537.0,1.3023253732165916e+16,1.9257092710562296e+16,2.258330662802007e+16,2.590952054547784e+16,2.3681698251846516e+16,2.145387595821519e+16,1.7257893728095538e+16,1.3061911497975886e+16,9462853280630676.0,5863795063285465.0,2931897531642732.5,0.0,0.0,0.0,0.0,0.0,0.0,0.0,0.0,0.0,0.0,0.0,0.0,0.0,0.0,0.0,0.0,0.0,0.0,0.0,0.0,0.0,0.0,0.0,0.0,0.0,0.0,0.0,0.0,0.0,0.0,0.0,0.0,0.0,0.0,0.0,0.0,0.0,0.0,0.0,0.0,0.0,0.0,0.0,0.0,0.0,0.0,0.0,0.0,0.0,0.0,0.0,0.0,0.0,0.0,0.0,0.0,0.0,0.0,0.0,0.0,0.0,0.0,0.0,0.0,0.0,0.0,0.0,0.0,0.0,0.0,0.0,0.0,0.0,0.0,0.0,0.0,0.0,0.0,0.0,0.0,0.0,0.0,0.0,0.0,0.0,0.0,0.0,0.0,0.0,0.0,0.0,0.0,0.0,0.0,0.0,0.0,0.0,0.0,0.0,0.0,0.0,0.0,0.0,0.0,0.0,0.0,0.0,0.0,0.0,0.0,0.0,0.0,0.0,0.0,0.0,0.0,0.0,0.0,0.0,0.0,0.0,0.0,0.0,0.0,0.0,0.0
30.2263160820005,102.570880832728,7.18980823265266,225.0,65.0,92.12645786369615,5.0,5.0,0.6029287950000555,4.6917145354447315e+17,0.0,0.0,0.0,0.0,0.0,0.0,0.0,0.0,0.0,0.0,0.0,0.0,0.0,0.0,0.0,0.0,0.0,0.0,0.0,0.0,0.0,0.0,0.0,0.0,0.0,0.0,0.0,0.0,0.0,0.0,0.0,0.0,0.0,0.0,0.0,0.0,0.0,0.0,0.0,0.0,0.0,0.0,0.0,0.0,0.0,0.0,0.0,0.0,0.0,0.0,0.0,0.0,0.0,5575936563111307.0,1.1151873126222614e+16,2.504883658894778e+16,3.8945800051672936e+16,5.033694295661306e+16,6.1728085861553176e+16,6.190865306378909e+16,6.2089220266024984e+16,5.084610810185689e+16,3.960299593768877e+16,2.579907441957834e+16,1.1995152901467912e+16,7348968216103270.0,2702783530738628.5,1351391765369314.2,0.0,0.0,0.0,0.0,0.0,0.0,0.0,0.0,0.0,6247854743480591.0,1.2495709486961182e+16,1.8771276883014376e+16,2.504684427906757e+16,2.453948061141944e+16,2.4032116943771304e+16,1.827318454004326e+16,1.2514252136315224e+16,6927998531702390.0,1341744927089556.8,670872463544778.4,0.0,0.0,0.0,0.0,0.0,0.0,0.0,0.0,0.0,0.0,0.0,2569019754199018.5,5138039508398037.0,1.4268772548026534e+16,2.339950558765503e+16,3.1613878852855444e+16,3.982825211805586e+16,4.0771836183923816e+16,4.1715420249791784e+16,3.5962854990711944e+16,3.0210289731632092e+16,2.3527792389188292e+16,1.6845295046744484e+16,1.2616683450183246e+16,8388071853622007.0,4194035926811003.5,0.0,0.0,0.0,0.0,0.0,0.0,0.0,0.0,0.0,0.0,0.0,0.0,0.0,0.0,0.0,0.0,0.0,0.0,0.0,0.0,0.0,0.0,0.0,0.0,0.0,0.0,0.0,0.0,0.0,0.0,0.0,0.0,0.0,0.0,0.0,0.0,0.0,0.0,0.0,0.0,0.0,0.0,0.0,0.0,0.0,0.0,0.0,0.0,0.0,0.0,0.0,0.0,0.0,0.0,0.0,0.0,0.0,0.0,0.0,0.0,0.0,0.0,0.0,0.0,0.0,0.0,0.0,0.0,0.0,0.0,0.0,0.0,0.0,0.0,0.0,0.0,0.0,0.0,0.0,0.0,0.0,0.0,0.0,0.0,0.0,0.0,0.0,0.0,0.0,0.0,0.0,0.0,0.0,0.0,0.0,0.0,0.0,0.0,0.0,0.0,0.0,0.0,0.0,0.0,0.0,0.0,0.0,0.0,0.0,0.0,0.0,0.0,0.0,0.0,0.0,0.0,0.0,0.0,0.0,0.0,0.0,0.0,0.0,0.0,0.0,0.0
30.2432538088181,102.550699070187,11.3706888080417,225.0,50.0,108.11044745768368,5.0,5.0,0.7732015638205255,6.016698896931972e+17,0.0,0.0,0.0,0.0,0.0,0.0,0.0,0.0,0.0,0.0,0.0,0.0,0.0,0.0,0.0,0.0,0.0,0.0,0.0,0.0,0.0,0.0,0.0,0.0,0.0,0.0,0.0,0.0,0.0,0.0,0.0,0.0,0.0,0.0,0.0,0.0,0.0,0.0,0.0,0.0,0.0,0.0,0.0,0.0,0.0,0.0,0.0,0.0,0.0,0.0,0.0,0.0,0.0,3934642016881654.0,7869284033763308.0,2.0957087878895948e+16,3.404489172402858e+16,4.781340464019025e+16,6.158191755635191e+16,6.706757947002469e+16,7.255324138369747e+16,6.7715962271809e+16,6.287868315992054e+16,5.290043677386211e+16,4.292219038780369e+16,3.5561185568880892e+16,2.8200180749958096e+16,2.2325195221587452e+16,1.6450209693216814e+16,1.07522667630753e+16,5054323832933781.0,2527161916466890.5,0.0,0.0,0.0,1797302968582109.2,3594605937164218.5,8554494394473571.0,1.3514382851782924e+16,1.571612243900581e+16,1.79178620262287e+16,1.5139138168272438e+16,1.2360414310316178e+16,7552018145377288.0,2743621980438398.5,1371810990219199.2,0.0,0.0,0.0,0.0,0.0,0.0,0.0,0.0,0.0,0.0,0.0,0.0,0.0,6175751970699344.0,1.2351503941398688e+16,2.430425440096102e+16,3.625700486052335e+16,4.4287201813620776e+16,5.231739876671819e+16,5.154078571314597e+16,5.076417265957373e+16,4.30796360440642e+16,3.539509942855468e+16,2.798137714770924e+16,2.05676548668638e+16,1.6449450204411976e+16,1.233124554196015e+16,6165622770980075.0,0.0,0.0,0.0,0.0,0.0,0.0,0.0,0.0,0.0,0.0,0.0,0.0,0.0,0.0,0.0,0.0,0.0,0.0,0.0,0.0,0.0,0.0,0.0,0.0,0.0,0.0,0.0,0.0,0.0,0.0,0.0,0.0,0.0,0.0,0.0,0.0,0.0,0.0,0.0,0.0,0.0,0.0,0.0,0.0,0.0,0.0,0.0,0.0,0.0,0.0,0.0,0.0,0.0,0.0,0.0,0.0,0.0,0.0,0.0,0.0,0.0,0.0,0.0,0.0,0.0,0.0,0.0,0.0,0.0,0.0,0.0,0.0,0.0,0.0,0.0,0.0,0.0,0.0,0.0,0.0,0.0,0.0,0.0,0.0,0.0,0.0,0.0,0.0,0.0,0.0,0.0,0.0,0.0,0.0,0.0,0.0,0.0,0.0,0.0,0.0,0.0,0.0,0.0,0.0,0.0,0.0,0.0,0.0,0.0,0.0,0.0,0.0,0.0,0.0,0.0,0.0,0.0,0.0,0.0,0.0,0.0,0.0,0.0,0.0,0.0,0.0
30.2656512942104,102.523963707621,14.8927689400555,225.0,40.0,127.07877920804464,5.0,5.0,1.0208140614929455,7.943505452069815e+17,0.0,0.0,0.0,0.0,0.0,0.0,0.0,0.0,0.0,0.0,0.0,0.0,0.0,0.0,0.0,0.0,0.0,0.0,0.0,0.0,0.0,0.0,0.0,0.0,0.0,0.0,0.0,0.0,0.0,0.0,0.0,0.0,0.0,0.0,0.0,0.0,0.0,0.0,0.0,0.0,0.0,0.0,0.0,0.0,0.0,0.0,0.0,0.0,0.0,0.0,0.0,0.0,0.0,3002867881887140.5,6005735763774281.0,1.8129863392652484e+16,3.0253991021530684e+16,4.80812344196523e+16,6.590847781777393e+16,8.031904722483122e+16,9.472961663188851e+16,1.0003199551359709e+17,1.0533437439530566e+17,1.0082302864889019e+17,9.631168290247472e+16,8.583399498500192e+16,7.535630706752912e+16,6.282419500990428e+16,5.029208295227944e+16,3.794093628138305e+16,2.558978961048665e+16,1.69546144681042e+16,8319439325721747.0,4941702262566294.0,1563965199410840.2,2709418439561940.0,3854871679713039.0,5482975033847295.0,7111078387981549.0,7006327396200631.0,6901576404419709.0,4758451138036582.0,2615325871653455.0,1326246614819062.8,37167357984670.74,18583678992335.37,0.0,0.0,0.0,0.0,0.0,0.0,0.0,0.0,0.0,0.0,0.0,64624951327062.63,129249902654125.27,7424454020477724.0,1.4719658138301322e+16,2.515542863731995e+16,3.5591199136338576e+16,4.179903258282207e+16,4.8006866029305576e+16,4.681443808604984e+16,4.562201014279411e+16,3.978230110727829e+16,3.3942592071762464e+16,2.8039114215521956e+16,2.213563635928144e+16,1.807674369794862e+16,1.4017851036615798e+16,7008925518307899.0,0.0,0.0,0.0,0.0,0.0,0.0,0.0,0.0,0.0,0.0,0.0,0.0,0.0,0.0,0.0,0.0,0.0,0.0,0.0,0.0,0.0,0.0,0.0,0.0,0.0,0.0,0.0,0.0,0.0,0.0,0.0,0.0,0.0,0.0,0.0,0.0,0.0,0.0,0.0,0.0,0.0,0.0,0.0,0.0,0.0,0.0,0.0,0.0,0.0,0.0,0.0,0.0,0.0,0.0,0.0,0.0,0.0,0.0,0.0,0.0,0.0,0.0,0.0,0.0,0.0,0.0,0.0,0.0,0.0,0.0,0.0,0.0,0.0,0.0,0.0,0.0,0.0,0.0,0.0,0.0,0.0,0.0,0.0,0.0,0.0,0.0,0.0,0.0,0.0,0.0,0.0,0.0,0.0,0.0,0.0,0.0,0.0,0.0,0.0,0.0,0.0,0.0,0.0,0.0,0.0,0.0,0.0,0.0,0.0,0.0,0.0,0.0,0.0,0.0,0.0,0.0,0.0,0.0,0.0,0.0,0.0,0.0,0.0,0.0,0.0,0.0
30.2915977939956,102.49295688366,17.7497379642719,225.0,30.0,136.6679588742444,5.0,5.0,1.3294878784276936,1.0345463105500234e+18,0.0,0.0,0.0,0.0,0.0,0.0,0.0,0.0,0.0,0.0,0.0,0.0,0.0,0.0,0.0,0.0,0.0,0.0,0.0,0.0,0.0,0.0,0.0,0.0,0.0,0.0,0.0,0.0,0.0,0.0,0.0,0.0,0.0,0.0,0.0,0.0,0.0,0.0,0.0,0.0,0.0,0.0,0.0,0.0,0.0,0.0,0.0,0.0,0.0,0.0,0.0,0.0,0.0,4628598142189743.0,9257196284379486.0,2.334381391564967e+16,3.7430431546919864e+16,5.873578562984962e+16,8.00411397127794e+16,1.0063986172039725e+17,1.2123858372801512e+17,1.334258109384482e+17,1.4561303814888128e+17,1.4637314609573754e+17,1.4713325404259376e+17,1.3726144669806234e+17,1.273896393535309e+17,1.1157225299644112e+17,9.575486663935134e+16,7.847379113317798e+16,6.1192715627004616e+16,4.699371397964799e+16,3.279471233229135e+16,2.447069438524405e+16,1.6146676438196744e+16,1.2572800218562186e+16,8998923998927625.0,6413995870219596.0,3829067741511568.0,1914533870755784.0,0.0,0.0,0.0,0.0,0.0,0.0,0.0,0.0,0.0,0.0,0.0,0.0,0.0,0.0,0.0,0.0,0.0,0.0,0.0,4109144476070199.5,8218288952140399.0,1.4808705925242934e+16,2.1399122898345468e+16,2.5865880918126984e+16,3.0332638937908496e+16,3.0508167312637164e+16,3.0683695687365836e+16,2.8264769987503988e+16,2.584584428764214e+16,2.2493722303696124e+16,1.9141600319750116e+16,1.5623237096119004e+16,1.2104873872487894e+16,6052436936243947.0,0.0,0.0,0.0,0.0,0.0,0.0,0.0,0.0,0.0,0.0,0.0,0.0,0.0,0.0,0.0,0.0,0.0,0.0,0.0,0.0,0.0,0.0,0.0,0.0,0.0,0.0,0.0,0.0,0.0,0.0,0.0,0.0,0.0,0.0,0.0,0.0,0.0,0.0,0.0,0.0,0.0,0.0,0.0,0.0,0.0,0.0,0.0,0.0,0.0,0.0,0.0,0.0,0.0,0.0,0.0,0.0,0.0,0.0,0.0,0.0,0.0,0.0,0.0,0.0,0.0,0.0,0.0,0.0,0.0,0.0,0.0,0.0,0.0,0.0,0.0,0.0,0.0,0.0,0.0,0.0,0.0,0.0,0.0,0.0,0.0,0.0,0.0,0.0,0.0,0.0,0.0,0.0,0.0,0.0,0.0,0.0,0.0,0.0,0.0,0.0,0.0,0.0,0.0,0.0,0.0,0.0,0.0,0.0,0.0,0.0,0.0,0.0,0.0,0.0,0.0,0.0,0.0,0.0,0.0,0.0,0.0,0.0,0.0,0.0,0.0,0.0
30.3197741878197,102.459259493683,20.0562836186236,225.0,25.0,140.7878479803526,5.0,5.0,1.3991920495321406,1.0887868901116333e+18,0.0,0.0,0.0,0.0,0.0,0.0,0.0,0.0,0.0,0.0,0.0,0.0,0.0,0.0,0.0,0.0,0.0,0.0,0.0,0.0,0.0,0.0,0.0,0.0,0.0,0.0,0.0,0.0,0.0,0.0,0.0,0.0,0.0,0.0,0.0,0.0,0.0,0.0,0.0,0.0,0.0,0.0,0.0,0.0,0.0,0.0,0.0,0.0,0.0,0.0,0.0,0.0,0.0,5648006315134149.0,1.1296012630268298e+16,2.638594736532412e+16,4.1475882100379944e+16,6.247169151419504e+16,8.346750092801014e+16,1.0390879956196213e+17,1.2435009819591411e+17,1.3790861848781022e+17,1.514671387797064e+17,1.549376453884369e+17,1.584081519971674e+17,1.515647252667722e+17,1.4472129853637702e+17,1.3076095872266256e+17,1.168006189089481e+17,9.971431355549259e+16,8.262800820203707e+16,6.718194692888002e+16,5.173588565572296e+16,4.083191519291371e+16,2.9927944730104456e+16,2.2942284092240916e+16,1.5956623454377378e+16,1.0862037092094152e+16,5767450729810925.0,3056004501795678.5,344558273780433.06,172279136890216.53,0.0,0.0,0.0,0.0,0.0,0.0,0.0,0.0,0.0,0.0,0.0,0.0,0.0,0.0,0.0,0.0,0.0,1045474877011127.5,2090949754022255.0,4702395936563155.0,7313842119104055.0,9353695014612538.0,1.1393547910121018e+16,1.2355079997618036e+16,1.3316612085115054e+16,1.3557383113455492e+16,1.3798154141795932e+16,1.3371076709944394e+16,1.2943999278092858e+16,1.1263305489435132e+16,9582611700777408.0,4791305850388704.0,0.0,0.0,0.0,0.0,0.0,0.0,0.0,0.0,0.0,0.0,0.0,0.0,0.0,0.0,0.0,0.0,0.0,0.0,0.0,0.0,0.0,0.0,0.0,0.0,0.0,0.0,0.0,0.0,0.0,0.0,0.0,0.0,0.0,0.0,0.0,0.0,0.0,0.0,0.0,0.0,0.0,0.0,0.0,0.0,0.0,0.0,0.0,0.0,0.0,0.0,0.0,0.0,0.0,0.0,0.0,0.0,0.0,0.0,0.0,0.0,0.0,0.0,0.0,0.0,0.0,0.0,0.0,0.0,0.0,0.0,0.0,0.0,0.0,0.0,0.0,0.0,0.0,0.0,0.0,0.0,0.0,0.0,0.0,0.0,0.0,0.0,0.0,0.0,0.0,0.0,0.0,0.0,0.0,0.0,0.0,0.0,0.0,0.0,0.0,0.0,0.0,0.0,0.0,0.0,0.0,0.0,0.0,0.0,0.0,0.0,0.0,0.0,0.0,0.0,0.0,0.0,0.0,0.0,0.0,0.0,0.0,0.0,0.0,0.0,0.0,0.0
30.3491217364407,102.424138837356,21.9678796312896,225.0,20.0,143.9247630832141,5.0,5.0,1.0593355901714259,8.243262268342557e+17,0.0,0.0,0.0,0.0,0.0,0.0,0.0,0.0,0.0,0.0,0.0,0.0,0.0,0.0,0.0,0.0,0.0,0.0,0.0,0.0,0.0,0.0,0.0,0.0,0.0,0.0,0.0,0.0,0.0,0.0,0.0,0.0,0.0,0.0,0.0,0.0,0.0,0.0,0.0,0.0,0.0,0.0,0.0,0.0,0.0,0.0,0.0,0.0,0.0,0.0,0.0,0.0,0.0,4507167947170703.0,9014335894341406.0,2.089689064775363e+16,3.277944540116586e+16,4.868794931878338e+16,6.459645323640089e+16,7.939943195512614e+16,9.42024106738514e+16,1.0445116208083875e+17,1.1469991348782608e+17,1.1784725969918688e+17,1.2099460591054771e+17,1.1706862309912654e+17,1.131426402877054e+17,1.0381945297134459e+17,9.449626565498378e+16,8.252736901568672e+16,7.055847237638967e+16,5.908415072536091e+16,4.760982907433217e+16,3.846440039233282e+16,2.931897171033346e+16,2.1886554988887944e+16,1.4454138267442428e+16,9291727749296500.0,4129317231150571.0,2064658615575285.5,0.0,0.0,0.0,0.0,0.0,0.0,0.0,0.0,0.0,0.0,0.0,0.0,0.0,0.0,0.0,0.0,0.0,0.0,0.0,0.0,0.0,0.0,0.0,0.0,0.0,0.0,0.0,1125073888426134.0,2250147776852268.0,4041716585221856.5,5833285393591446.0,6039639925466332.0,6245994457341217.0,3122997228670608.5,0.0,0.0,0.0,0.0,0.0,0.0,0.0,0.0,0.0,0.0,0.0,0.0,0.0,0.0,0.0,0.0,0.0,0.0,0.0,0.0,0.0,0.0,0.0,0.0,0.0,0.0,0.0,0.0,0.0,0.0,0.0,0.0,0.0,0.0,0.0,0.0,0.0,0.0,0.0,0.0,0.0,0.0,0.0,0.0,0.0,0.0,0.0,0.0,0.0,0.0,0.0,0.0,0.0,0.0,0.0,0.0,0.0,0.0,0.0,0.0,0.0,0.0,0.0,0.0,0.0,0.0,0.0,0.0,0.0,0.0,0.0,0.0,0.0,0.0,0.0,0.0,0.0,0.0,0.0,0.0,0.0,0.0,0.0,0.0,0.0,0.0,0.0,0.0,0.0,0.0,0.0,0.0,0.0,0.0,0.0,0.0,0.0,0.0,0.0,0.0,0.0,0.0,0.0,0.0,0.0,0.0,0.0,0.0,0.0,0.0,0.0,0.0,0.0,0.0,0.0,0.0,0.0,0.0,0.0,0.0,0.0,0.0,0.0,0.0,0.0,0.0
30.3794170872931,102.387869162955,23.46997760236,225.0,15.0,145.9171940380046,5.0,5.0,0.47685649892432314,3.7106779206395776e+17,0.0,0.0,0.0,0.0,0.0,0.0,0.0,0.0,0.0,0.0,0.0,0.0,0.0,0.0,0.0,0.0,0.0,0.0,0.0,0.0,0.0,0.0,0.0,0.0,0.0,0.0,0.0,0.0,0.0,0.0,0.0,0.0,0.0,0.0,0.0,0.0,0.0,0.0,0.0,0.0,0.0,0.0,0.0,0.0,0.0,0.0,0.0,0.0,0.0,0.0,0.0,0.0,0.0,1851498924347049.5,3702997848694099.0,9214711417790806.0,1.4726424986887512e+16,2.1996029967244096e+16,2.926563494760068e+16,3.555720082071664e+16,4.18487666938326e+16,4.599375214005085e+16,5.01387375862691e+16,5.147003930399118e+16,5.280134102171328e+16,5.119015642587046e+16,4.957897183002764e+16,4.6099823209942696e+16,4.262067458985774e+16,3.805934949261967e+16,3.3498024395381596e+16,2.840660711892189e+16,2.3315189842462184e+16,1.8884873124682692e+16,1.4454556406903204e+16,1.0556744025984506e+16,6658931645065809.0,4218801422890481.0,1778671200715153.8,889335600357576.9,0.0,0.0,0.0,0.0,0.0,0.0,0.0,0.0,0.0,0.0,0.0,0.0,0.0,0.0,0.0,0.0,0.0,0.0,0.0,0.0,0.0,0.0,0.0,0.0,0.0,0.0,0.0,0.0,0.0,1465697028905896.5,2931394057811793.0,3339434534273577.5,3747475010735362.0,1873737505367681.0,0.0,0.0,0.0,0.0,0.0,0.0,0.0,0.0,0.0,0.0,0.0,0.0,0.0,0.0,0.0,0.0,0.0,0.0,0.0,0.0,0.0,0.0,0.0,0.0,0.0,0.0,0.0,0.0,0.0,0.0,0.0,0.0,0.0,0.0,0.0,0.0,0.0,0.0,0.0,0.0,0.0,0.0,0.0,0.0,0.0,0.0,0.0,0.0,0.0,0.0,0.0,0.0,0.0,0.0,0.0,0.0,0.0,0.0,0.0,0.0,0.0,0.0,0.0,0.0,0.0,0.0,0.0,0.0,0.0,0.0,0.0,0.0,0.0,0.0,0.0,0.0,0.0,0.0,0.0,0.0,0.0,0.0,0.0,0.0,0.0,0.0,0.0,0.0,0.0,0.0,0.0,0.0,0.0,0.0,0.0,0.0,0.0,0.0,0.0,0.0,0.0,0.0,0.0,0.0,0.0,0.0,0.0,0.0,0.0,0.0,0.0,0.0,0.0,0.0,0.0,0.0,0.0,0.0,0.0,0.0,0.0,0.0,0.0,0.0,0.0,0.0
30.410429674464,102.350880284307,24.5511456592836,225.0,10.0,90.0,5.0,5.0,0.0,0.0,0.0,0.0,0.0,0.0,0.0,0.0,0.0,0.0,0.0,0.0,0.0,0.0,0.0,0.0,0.0,0.0,0.0,0.0,0.0,0.0,0.0,0.0,0.0,0.0,0.0,0.0,0.0,0.0,0.0,0.0,0.0,0.0,0.0,0.0,0.0,0.0,0.0,0.0,0.0,0.0,0.0,0.0,0.0,0.0,0.0,0.0,0.0,0.0,0.0,0.0,0.0,0.0,0.0,0.0,0.0,0.0,0.0,0.0,0.0,0.0,0.0,0.0,0.0,0.0,0.0,0.0,0.0,0.0,0.0,0.0,0.0,0.0,0.0,0.0,0.0,0.0,0.0,0.0,0.0,0.0,0.0,0.0,0.0,0.0,0.0,0.0,0.0,0.0,0.0,0.0,0.0,0.0,0.0,0.0,0.0,0.0,0.0,0.0,0.0,0.0,0.0,0.0,0.0,0.0,0.0,0.0,0.0,0.0,0.0,0.0,0.0,0.0,0.0,0.0,0.0,0.0,0.0,0.0,0.0,0.0,0.0,0.0,0.0,0.0,0.0,0.0,0.0,0.0,0.0,0.0,0.0,0.0,0.0,0.0,0.0,0.0,0.0,0.0,0.0,0.0,0.0,0.0,0.0,0.0,0.0,0.0,0.0,0.0,0.0,0.0,0.0,0.0,0.0,0.0,0.0,0.0,0.0,0.0,0.0,0.0,0.0,0.0,0.0,0.0,0.0,0.0,0.0,0.0,0.0,0.0,0.0,0.0,0.0,0.0,0.0,0.0,0.0,0.0,0.0,0.0,0.0,0.0,0.0,0.0,0.0,0.0,0.0,0.0,0.0,0.0,0.0,0.0,0.0,0.0,0.0,0.0,0.0,0.0,0.0,0.0,0.0,0.0,0.0,0.0,0.0,0.0,0.0,0.0,0.0,0.0,0.0,0.0,0.0,0.0,0.0,0.0,0.0,0.0,0.0,0.0,0.0,0.0,0.0,0.0,0.0,0.0,0.0,0.0,0.0,0.0,0.0,0.0,0.0,0.0,0.0,0.0,0.0,0.0,0.0,0.0
30.1850408714205,102.544755201043,2.46201938253052,225.0,80.0,90.0,5.0,5.0,0.421679740251547,3.281317765957023e+17,0.0,0.0,0.0,0.0,0.0,0.0,0.0,0.0,0.0,0.0,0.0,0.0,0.0,0.0,0.0,0.0,0.0,0.0,0.0,0.0,0.0,0.0,0.0,0.0,0.0,0.0,0.0,0.0,0.0,0.0,0.0,0.0,0.0,0.0,0.0,0.0,0.0,0.0,0.0,0.0,0.0,0.0,0.0,0.0,0.0,0.0,0.0,0.0,0.0,0.0,0.0,0.0,0.0,0.0,0.0,8651841228920647.0,1.7303682457841294e+16,2.6608817246990628e+16,3.591395203613997e+16,3.690814152481636e+16,3.7902331013492744e+16,2.9791626765971464e+16,2.1680922518450184e+16,1.2951784367981304e+16,4222646217512426.0,2111323108756213.0,0.0,0.0,0.0,0.0,0.0,0.0,0.0,0.0,0.0,0.0,0.0,2769690496603718.5,5539380993207437.0,1.2098432489996234e+16,1.865748398678503e+16,2.0315703479911544e+16,2.1973922973038052e+16,1.7845693762455826e+16,1.3717464551873596e+16,8251897183092672.0,2786329814311749.0,1393164907155874.5,0.0,0.0,0.0,0.0,0.0,0.0,0.0,0.0,0.0,0.0,0.0,0.0,0.0,2975722747871801.5,5951445495743603.0,1.2401709365129068e+16,1.8851973234514536e+16,2.426102146516384e+16,2.9670069695813144e+16,3.079791164603854e+16,3.192575359626394e+16,2.9979433534349188e+16,2.8033113472434436e+16,2.4925153736874924e+16,2.1817194001315416e+16,1.7000652269140058e+16,1.2184110536964698e+16,6092055268482349.0,0.0,0.0,0.0,0.0,0.0,0.0,0.0,0.0,0.0,0.0,0.0,0.0,0.0,0.0,0.0,0.0,0.0,0.0,0.0,0.0,0.0,0.0,0.0,0.0,0.0,0.0,0.0,0.0,0.0,0.0,0.0,0.0,0.0,0.0,0.0,0.0,0.0,0.0,0.0,0.0,0.0,0.0,0.0,0.0,0.0,0.0,0.0,0.0,0.0,0.0,0.0,0.0,0.0,0.0,0.0,0.0,0.0,0.0,0.0,0.0,0.0,0.0,0.0,0.0,0.0,0.0,0.0,0.0,0.0,0.0,0.0,0.0,0.0,0.0,0.0,0.0,0.0,0.0,0.0,0.0,0.0,0.0,0.0,0.0,0.0,0.0,0.0,0.0,0.0,0.0,0.0,0.0,0.0,0.0,0.0,0.0,0.0,0.0,0.0,0.0,0.0,0.0,0.0,0.0,0.0,0.0,0.0,0.0,0.0,0.0,0.0,0.0,0.0,0.0,0.0,0.0,0.0,0.0,0.0,0.0,0.0,0.0,0.0,0.0
30.1945202616998,102.53348395525,7.18980823265266,225.0,65.0,91.84803542137858,5.0,5.0,0.6148499744883064,4.7844796704797357e+17,0.0,0.0,0.0,0.0,0.0,0.0,0.0,0.0,0.0,0.0,0.0,0.0,0.0,0.0,0.0,0.0,0.0,0.0,0.0,0.0,0.0,0.0,0.0,0.0,0.0,0.0,0.0,0.0,0.0,0.0,0.0,0.0,0.0,0.0,0.0,0.0,0.0,0.0,0.0,0.0,0.0,0.0,0.0,0.0,0.0,0.0,0.0,0.0,0.0,0.0,0.0,0.0,0.0,0.0,0.0,1.1167295870567424e+16,2.233459174113485e+16,3.4169287105341972e+16,4.600398246954911e+16,4.76924973205205e+16,4.938101217149188e+16,4.017559520059909e+16,3.0970178229706316e+16,1.9730587764782252e+16,8490997299858185.0,5460234855087167.0,2429472410316149.0,1214736205158074.5,0.0,0.0,0.0,0.0,0.0,0.0,0.0,0.0,0.0,6674495062664688.0,1.3348990125329376e+16,1.974725709066192e+16,2.6145524055994464e+16,2.606915379094343e+16,2.5992783525892404e+16,1.9662773594875184e+16,1.3332763663857968e+16,7237405687350354.0,1142047710842740.5,571023855421370.2,0.0,0.0,0.0,0.0,0.0,0.0,0.0,0.0,0.0,0.0,0.0,1923995621634464.5,3847991243268929.0,1.227698769809795e+16,2.0705984152926972e+16,2.9551167207105e+16,3.839635026128303e+16,4.2290545514879224e+16,4.618474076847541e+16,4.4836559762504744e+16,4.348837875653407e+16,4.022207758051898e+16,3.695577640450387e+16,3.3721841917683708e+16,3.0487907430863536e+16,2.4648201028503884e+16,1.880849462614423e+16,9404247313072116.0,0.0,0.0,0.0,0.0,0.0,0.0,0.0,0.0,0.0,0.0,0.0,0.0,0.0,0.0,0.0,0.0,0.0,0.0,0.0,0.0,0.0,0.0,0.0,0.0,0.0,0.0,0.0,0.0,0.0,0.0,0.0,0.0,0.0,0.0,0.0,0.0,0.0,0.0,0.0,0.0,0.0,0.0,0.0,0.0,0.0,0.0,0.0,0.0,0.0,0.0,0.0,0.0,0.0,0.0,0.0,0.0,0.0,0.0,0.0,0.0,0.0,0.0,0.0,0.0,0.0,0.0,0.0,0.0,0.0,0.0,0.0,0.0,0.0,0.0,0.0,0.0,0.0,0.0,0.0,0.0,0.0,0.0,0.0,0.0,0.0,0.0,0.0,0.0,0.0,0.0,0.0,0.0,0.0,0.0,0.0,0.0,0.0,0.0,0.0,0.0,0.0,0.0,0.0,0.0,0.0,0.0,0.0,0.0,0.0,0.0,0.0,0.0,0.0,0.0,0.0,0.0,0.0,0.0,0.0,0.0,0.0,0.0,0.0,0.0
30.2114579885174,102.513296852158,11.3706888080417,225.0,50.0,105.64778743381655,5.0,5.0,0.783457970026475,6.096509532079816e+17,0.0,0.0,0.0,0.0,0.0,0.0,0.0,0.0,0.0,0.0,0.0,0.0,0.0,0.0,0.0,0.0,0.0,0.0,0.0,0.0,0.0,0.0,0.0,0.0,0.0,0.0,0.0,0.0,0.0,0.0,0.0,0.0,0.0,0.0,0.0,0.0,0.0,0.0,0.0,0.0,0.0,0.0,0.0,0.0,0.0,0.0,0.0,0.0,0.0,0.0,0.0,0.0,0.0,0.0,0.0,9278061612889218.0,1.8556123225778436e+16,3.160247223025159e+16,4.4648821234724744e+16,5.089112902814976e+16,5.7133436821574776e+16,5.399951064193813e+16,5.0865584462301496e+16,4.416055452867415e+16,3.745552459504679e+16,3.2630765687335e+16,2.7806006779623204e+16,2.2115774632775668e+16,1.6425542485928124e+16,1.0714717798267756e+16,5003893110607390.0,2501946555303695.0,0.0,0.0,0.0,2474269684742930.5,4948539369485861.0,9878299850949822.0,1.4808060332413782e+16,1.6430533259092208e+16,1.8053006185770636e+16,1.5129916886737148e+16,1.2206827587703658e+16,7296848015007687.0,2386868442311717.0,1193434221155858.5,0.0,0.0,0.0,0.0,0.0,0.0,0.0,0.0,0.0,0.0,0.0,0.0,0.0,4885304019317807.0,9770608038635614.0,2.0412445321991996e+16,3.1054282605348372e+16,4.002508374496501e+16,4.899588488458165e+16,5.172061394206467e+16,5.44453429995477e+16,5.2070349586617736e+16,4.969535617368779e+16,4.675811149313218e+16,4.382086681257657e+16,4.091815541623857e+16,3.801544401990056e+16,3.078518853016663e+16,2.355493304043271e+16,1.1777466520216356e+16,0.0,0.0,0.0,0.0,0.0,0.0,0.0,0.0,0.0,0.0,0.0,0.0,0.0,0.0,0.0,0.0,0.0,0.0,0.0,0.0,0.0,0.0,0.0,0.0,0.0,0.0,0.0,0.0,0.0,0.0,0.0,0.0,0.0,0.0,0.0,0.0,0.0,0.0,0.0,0.0,0.0,0.0,0.0,0.0,0.0,0.0,0.0,0.0,0.0,0.0,0.0,0.0,0.0,0.0,0.0,0.0,0.0,0.0,0.0,0.0,0.0,0.0,0.0,0.0,0.0,0.0,0.0,0.0,0.0,0.0,0.0,0.0,0.0,0.0,0.0,0.0,0.0,0.0,0.0,0.0,0.0,0.0,0.0,0.0,0.0,0.0,0.0,0.0,0.0,0.0,0.0,0.0,0.0,0.0,0.0,0.0,0.0,0.0,0.0,0.0,0.0,0.0,0.0,0.0,0.0,0.0,0.0,0.0,0.0,0.0,0.0,0.0,0.0,0.0,0.0,0.0,0.0,0.0,0.0,0.0,0.0,0.0,0.0,0.0
30.2338554739098,102.486553531378,14.8927689400555,225.0,40.0,123.2613962886822,5.0,5.0,0.9884218637643816,7.691444269757085e+17,0.0,0.0,0.0,0.0,0.0,0.0,0.0,0.0,0.0,0.0,0.0,0.0,0.0,0.0,0.0,0.0,0.0,0.0,0.0,0.0,0.0,0.0,0.0,0.0,0.0,0.0,0.0,0.0,0.0,0.0,0.0,0.0,0.0,0.0,0.0,0.0,0.0,0.0,0.0,0.0,0.0,0.0,0.0,0.0,0.0,0.0,0.0,0.0,0.0,0.0,0.0,0.0,0.0,0.0,0.0,7094085100307911.0,1.4188170200615822e+16,2.9770441165731316e+16,4.535271213084681e+16,5.992349591714858e+16,7.449427970345035e+16,8.150892510083131e+16,8.852357049821227e+16,8.703620284771755e+16,8.554883519722285e+16,7.788356909406669e+16,7.0218302990910536e+16,5.906217000917884e+16,4.7906037027447144e+16,3.589446724029052e+16,2.3882897453133896e+16,1.5685159077870056e+16,7487420702606215.0,5456625208893972.0,3425829715181728.0,4604508602001145.0,5783187488820561.0,6603462469152995.0,7423737449485432.0,6822451492454315.0,6221165535423200.0,4108020550326178.0,1994875565229155.8,1148486241733959.2,302096918238762.7,151048459119381.34,0.0,0.0,0.0,0.0,0.0,0.0,0.0,0.0,0.0,0.0,0.0,0.0,0.0,5342424182430649.0,1.0684848364861298e+16,1.9855916627537668e+16,2.9026984890214044e+16,3.670681010108644e+16,4.438663531195884e+16,4.723522291467373e+16,5.0083810517388616e+16,4.919674662339648e+16,4.830968272940434e+16,4.66495362952487e+16,4.498938986109308e+16,4.142678039416661e+16,3.7864170927240136e+16,2.9454978361981776e+16,2.1045785796723416e+16,1.0522892898361708e+16,0.0,0.0,0.0,0.0,0.0,0.0,0.0,0.0,0.0,0.0,0.0,0.0,0.0,0.0,0.0,0.0,0.0,0.0,0.0,0.0,0.0,0.0,0.0,0.0,0.0,0.0,0.0,0.0,0.0,0.0,0.0,0.0,0.0,0.0,0.0,0.0,0.0,0.0,0.0,0.0,0.0,0.0,0.0,0.0,0.0,0.0,0.0,0.0,0.0,0.0,0.0,0.0,0.0,0.0,0.0,0.0,0.0,0.0,0.0,0.0,0.0,0.0,0.0,0.0,0.0,0.0,0.0,0.0,0.0,0.0,0.0,0.0,0.0,0.0,0.0,0.0,0.0,0.0,0.0,0.0,0.0,0.0,0.0,0.0,0.0,0.0,0.0,0.0,0.0,0.0,0.0,0.0,0.0,0.0,0.0,0.0,0.0,0.0,0.0,0.0,0.0,0.0,0.0,0.0,0.0,0.0,0.0,0.0,0.0,0.0,0.0,0.0,0.0,0.0,0.0,0.0,0.0,0.0,0.0,0.0,0.0,0.0,0.0,0.0
30.2598019736949,102.455536916329,17.7497379642719,225.0,30.0,133.9978331734886,5.0,5.0,1.2396549127516872,9.646424289773764e+17,0.0,0.0,0.0,0.0,0.0,0.0,0.0,0.0,0.0,0.0,0.0,0.0,0.0,0.0,0.0,0.0,0.0,0.0,0.0,0.0,0.0,0.0,0.0,0.0,0.0,0.0,0.0,0.0,0.0,0.0,0.0,0.0,0.0,0.0,0.0,0.0,0.0,0.0,0.0,0.0,0.0,0.0,0.0,0.0,0.0,0.0,0.0,0.0,0.0,0.0,0.0,0.0,0.0,0.0,0.0,8702803865859282.0,1.7405607731718564e+16,3.5939700562008388e+16,5.447379339229822e+16,7.536004362393718e+16,9.624629385557614e+16,1.1054074530345358e+17,1.2483519675133102e+17,1.2858527071886413e+17,1.3233534468639726e+17,1.2528329482920048e+17,1.1823124497200365e+17,1.0401416249364094e+17,8.979708001527826e+16,7.360785888825086e+16,5.741863776122348e+16,4.508293514430064e+16,3.2747232527377788e+16,2.6115165002752984e+16,1.948309747812818e+16,1.5909369631228762e+16,1.2335641784329346e+16,8689653163454829.0,5043664542580313.0,3589713770128339.0,2135762997676365.2,1918638576373176.2,1701514155069987.0,871579519823155.6,41644884576324.125,20822442288162.062,0.0,0.0,0.0,0.0,0.0,0.0,0.0,0.0,0.0,0.0,0.0,0.0,0.0,2813045191239809.0,5626090382479618.0,1.1397476030544748e+16,1.7168861678609878e+16,2.2514335446276384e+16,2.7859809213942892e+16,3.0831047348946308e+16,3.3802285483949708e+16,3.487006304687125e+16,3.593784060979279e+16,3.5666911084729e+16,3.539598155966521e+16,3.241108420764962e+16,2.942618685563403e+16,2.2309901256685708e+16,1.5193615657737382e+16,7596807828868691.0,0.0,0.0,0.0,0.0,0.0,0.0,0.0,0.0,0.0,0.0,0.0,0.0,0.0,0.0,0.0,0.0,0.0,0.0,0.0,0.0,0.0,0.0,0.0,0.0,0.0,0.0,0.0,0.0,0.0,0.0,0.0,0.0,0.0,0.0,0.0,0.0,0.0,0.0,0.0,0.0,0.0,0.0,0.0,0.0,0.0,0.0,0.0,0.0,0.0,0.0,0.0,0.0,0.0,0.0,0.0,0.0,0.0,0.0,0.0,0.0,0.0,0.0,0.0,0.0,0.0,0.0,0.0,0.0,0.0,0.0,0.0,0.0,0.0,0.0,0.0,0.0,0.0,0.0,0.0,0.0,0.0,0.0,0.0,0.0,0.0,0.0,0.0,0.0,0.0,0.0,0.0,0.0,0.0,0.0,0.0,0.0,0.0,0.0,0.0,0.0,0.0,0.0,0.0,0.0,0.0,0.0,0.0,0.0,0.0,0.0,0.0,0.0,0.0,0.0,0.0,0.0,0.0,0.0,0.0,0.0,0.0,0.0,0.0,0.0
30.287978367519,102.421828551235,20.0562836186236,225.0,25.0,139.34993172604055,5.0,5.0,1.2955004955942426,1.0080988926486423e+18,0.0,0.0,0.0,0.0,0.0,0.0,0.0,0.0,0.0,0.0,0.0,0.0,0.0,0.0,0.0,0.0,0.0,0.0,0.0,0.0,0.0,0.0,0.0,0.0,0.0,0.0,0.0,0.0,0.0,0.0,0.0,0.0,0.0,0.0,0.0,0.0,0.0,0.0,0.0,0.0,0.0,0.0,0.0,0.0,0.0,0.0,0.0,0.0,0.0,0.0,0.0,0.0,0.0,0.0,0.0,9838172771440262.0,1.9676345542880524e+16,3.856838369763407e+16,5.746042185238761e+16,7.89757256915153e+16,1.0049102953064298e+17,1.1721937609867683e+17,1.3394772266671069e+17,1.4070480535331232e+17,1.474618880399139e+17,1.4300649576718437e+17,1.385511034944548e+17,1.2560505297711475e+17,1.1265900245977472e+17,9.647788521616502e+16,8.029676797255534e+16,6.629818589406586e+16,5.229960381557638e+16,4.272673108737426e+16,3.3153858359172136e+16,2.5280393579500424e+16,1.7406928799828712e+16,1.137667281487785e+16,5346416829926990.0,3751271112872075.5,2156125395817159.8,1556549443128981.5,956973490440803.5,478486745220401.75,0.0,0.0,0.0,0.0,0.0,0.0,0.0,0.0,0.0,0.0,0.0,0.0,0.0,0.0,0.0,228284368462577.88,456568736925155.75,2491166923153325.5,4525765109381495.0,7072148653924391.0,9618532198467288.0,1.1902324259622914e+16,1.4186116320778544e+16,1.6750943094838944e+16,1.931576986889934e+16,2.1129797337249536e+16,2.2943824805599732e+16,2.262816787526892e+16,2.2312510944938104e+16,1.7594063679254066e+16,1.2875616413570024e+16,6437808206785012.0,0.0,0.0,0.0,0.0,0.0,0.0,0.0,0.0,0.0,0.0,0.0,0.0,0.0,0.0,0.0,0.0,0.0,0.0,0.0,0.0,0.0,0.0,0.0,0.0,0.0,0.0,0.0,0.0,0.0,0.0,0.0,0.0,0.0,0.0,0.0,0.0,0.0,0.0,0.0,0.0,0.0,0.0,0.0,0.0,0.0,0.0,0.0,0.0,0.0,0.0,0.0,0.0,0.0,0.0,0.0,0.0,0.0,0.0,0.0,0.0,0.0,0.0,0.0,0.0,0.0,0.0,0.0,0.0,0.0,0.0,0.0,0.0,0.0,0.0,0.0,0.0,0.0,0.0,0.0,0.0,0.0,0.0,0.0,0.0,0.0,0.0,0.0,0.0,0.0,0.0,0.0,0.0,0.0,0.0,0.0,0.0,0.0,0.0,0.0,0.0,0.0,0.0,0.0,0.0,0.0,0.0,0.0,0.0,0.0,0.0,0.0,0.0,0.0,0.0,0.0,0.0,0.0,0.0,0.0,0.0,0.0,0.0,0.0,0.0
30.31732591614,102.386696214205,21.9678796312896,225.0,20.0,143.45733825355367,5.0,5.0,0.9840086653525478,7.657102789787465e+17,0.0,0.0,0.0,0.0,0.0,0.0,0.0,0.0,0.0,0.0,0.0,0.0,0.0,0.0,0.0,0.0,0.0,0.0,0.0,0.0,0.0,0.0,0.0,0.0,0.0,0.0,0.0,0.0,0.0,0.0,0.0,0.0,0.0,0.0,0.0,0.0,0.0,0.0,0.0,0.0,0.0,0.0,0.0,0.0,0.0,0.0,0.0,0.0,0.0,0.0,0.0,0.0,0.0,0.0,0.0,7810043896867391.0,1.5620087793734782e+16,3.0048530042462788e+16,4.44769722911908e+16,6.06713245240023e+16,7.686567675681381e+16,8.95709880364975e+16,1.0227629931618118e+17,1.0786342077476144e+17,1.1345054223334174e+17,1.1089912295332222e+17,1.083477036733027e+17,9.975063754006155e+16,9.115357140682037e+16,8.01995733182793e+16,6.924557522973822e+16,5.8736688674558376e+16,4.822780211937853e+16,4.005018564691245e+16,3.1872569174446372e+16,2.4285714825116684e+16,1.6698860475786998e+16,1.087009419317476e+16,5041327910562522.0,2520663955281261.0,0.0,0.0,0.0,0.0,0.0,0.0,0.0,0.0,0.0,0.0,0.0,0.0,0.0,0.0,0.0,0.0,0.0,0.0,0.0,0.0,0.0,0.0,0.0,0.0,0.0,12781212613684.477,25562425227368.953,2120565522643339.0,4215568620059309.0,8112402251628632.0,1.2009235883197956e+16,1.404640371485457e+16,1.6083571546511188e+16,1.3091461834481918e+16,1.0099352122452648e+16,5049676061226324.0,0.0,0.0,0.0,0.0,0.0,0.0,0.0,0.0,0.0,0.0,0.0,0.0,0.0,0.0,0.0,0.0,0.0,0.0,0.0,0.0,0.0,0.0,0.0,0.0,0.0,0.0,0.0,0.0,0.0,0.0,0.0,0.0,0.0,0.0,0.0,0.0,0.0,0.0,0.0,0.0,0.0,0.0,0.0,0.0,0.0,0.0,0.0,0.0,0.0,0.0,0.0,0.0,0.0,0.0,0.0,0.0,0.0,0.0,0.0,0.0,0.0,0.0,0.0,0.0,0.0,0.0,0.0,0.0,0.0,0.0,0.0,0.0,0.0,0.0,0.0,0.0,0.0,0.0,0.0,0.0,0.0,0.0,0.0,0.0,0.0,0.0,0.0,0.0,0.0,0.0,0.0,0.0,0.0,0.0,0.0,0.0,0.0,0.0,0.0,0.0,0.0,0.0,0.0,0.0,0.0,0.0,0.0,0.0,0.0,0.0,0.0,0.0,0.0,0.0,0.0,0.0,0.0,0.0,0.0,0.0,0.0,0.0,0.0,0.0
30.3476212669924,102.350414411226,23.46997760236,225.0,15.0,146.4049330554528,5.0,5.0,0.4476418973359254,3.483343329795397e+17,0.0,0.0,0.0,0.0,0.0,0.0,0.0,0.0,0.0,0.0,0.0,0.0,0.0,0.0,0.0,0.0,0.0,0.0,0.0,0.0,0.0,0.0,0.0,0.0,0.0,0.0,0.0,0.0,0.0,0.0,0.0,0.0,0.0,0.0,0.0,0.0,0.0,0.0,0.0,0.0,0.0,0.0,0.0,0.0,0.0,0.0,0.0,0.0,0.0,0.0,0.0,0.0,0.0,0.0,0.0,3570203474018956.0,7140406948037912.0,1.3668448746335568e+16,2.0196490544633224e+16,2.723635936265815e+16,3.4276228180683076e+16,3.94583437294527e+16,4.464045927822234e+16,4.691124850695082e+16,4.91820377356793e+16,4.823307982761237e+16,4.728412191954544e+16,4.396549313259244e+16,4.064686434563942e+16,3.6310896989029336e+16,3.1974929632419252e+16,2.773443032766777e+16,2.3493931022916276e+16,1.9669233926093456e+16,1.5844536829270636e+16,1.2261264305014148e+16,8677991780757660.0,5645341635894887.0,2612691491032115.0,1306345745516057.5,0.0,0.0,0.0,0.0,0.0,0.0,0.0,0.0,0.0,0.0,0.0,0.0,0.0,0.0,0.0,0.0,0.0,0.0,0.0,0.0,0.0,0.0,0.0,0.0,0.0,0.0,0.0,545909340023018.56,1091818680046037.1,3854024044007556.5,6616229407969076.0,7872880422943455.0,9129531437917832.0,7327797591343975.0,5526063744770116.0,2763031872385058.0,0.0,0.0,0.0,0.0,0.0,0.0,0.0,0.0,0.0,0.0,0.0,0.0,0.0,0.0,0.0,0.0,0.0,0.0,0.0,0.0,0.0,0.0,0.0,0.0,0.0,0.0,0.0,0.0,0.0,0.0,0.0,0.0,0.0,0.0,0.0,0.0,0.0,0.0,0.0,0.0,0.0,0.0,0.0,0.0,0.0,0.0,0.0,0.0,0.0,0.0,0.0,0.0,0.0,0.0,0.0,0.0,0.0,0.0,0.0,0.0,0.0,0.0,0.0,0.0,0.0,0.0,0.0,0.0,0.0,0.0,0.0,0.0,0.0,0.0,0.0,0.0,0.0,0.0,0.0,0.0,0.0,0.0,0.0,0.0,0.0,0.0,0.0,0.0,0.0,0.0,0.0,0.0,0.0,0.0,0.0,0.0,0.0,0.0,0.0,0.0,0.0,0.0,0.0,0.0,0.0,0.0,0.0,0.0,0.0,0.0,0.0,0.0,0.0,0.0,0.0,0.0,0.0,0.0,0.0,0.0,0.0,0.0,0.0,0.0
30.3786338541634,102.313416240097,24.5511456592836,225.0,10.0,90.0,5.0,5.0,0.0,0.0,0.0,0.0,0.0,0.0,0.0,0.0,0.0,0.0,0.0,0.0,0.0,0.0,0.0,0.0,0.0,0.0,0.0,0.0,0.0,0.0,0.0,0.0,0.0,0.0,0.0,0.0,0.0,0.0,0.0,0.0,0.0,0.0,0.0,0.0,0.0,0.0,0.0,0.0,0.0,0.0,0.0,0.0,0.0,0.0,0.0,0.0,0.0,0.0,0.0,0.0,0.0,0.0,0.0,0.0,0.0,0.0,0.0,0.0,0.0,0.0,0.0,0.0,0.0,0.0,0.0,0.0,0.0,0.0,0.0,0.0,0.0,0.0,0.0,0.0,0.0,0.0,0.0,0.0,0.0,0.0,0.0,0.0,0.0,0.0,0.0,0.0,0.0,0.0,0.0,0.0,0.0,0.0,0.0,0.0,0.0,0.0,0.0,0.0,0.0,0.0,0.0,0.0,0.0,0.0,0.0,0.0,0.0,0.0,0.0,0.0,0.0,0.0,0.0,0.0,0.0,0.0,0.0,0.0,0.0,0.0,0.0,0.0,0.0,0.0,0.0,0.0,0.0,0.0,0.0,0.0,0.0,0.0,0.0,0.0,0.0,0.0,0.0,0.0,0.0,0.0,0.0,0.0,0.0,0.0,0.0,0.0,0.0,0.0,0.0,0.0,0.0,0.0,0.0,0.0,0.0,0.0,0.0,0.0,0.0,0.0,0.0,0.0,0.0,0.0,0.0,0.0,0.0,0.0,0.0,0.0,0.0,0.0,0.0,0.0,0.0,0.0,0.0,0.0,0.0,0.0,0.0,0.0,0.0,0.0,0.0,0.0,0.0,0.0,0.0,0.0,0.0,0.0,0.0,0.0,0.0,0.0,0.0,0.0,0.0,0.0,0.0,0.0,0.0,0.0,0.0,0.0,0.0,0.0,0.0,0.0,0.0,0.0,0.0,0.0,0.0,0.0,0.0,0.0,0.0,0.0,0.0,0.0,0.0,0.0,0.0,0.0,0.0,0.0,0.0,0.0,0.0,0.0,0.0,0.0,0.0,0.0,0.0,0.0,0.0,0.0
30.1532450511199,102.507360796829,2.46201938253052,225.0,80.0,90.0,5.0,5.0,0.388320943711887,3.021734956331797e+17,0.0,0.0,0.0,0.0,0.0,0.0,0.0,0.0,0.0,0.0,0.0,0.0,0.0,0.0,0.0,0.0,0.0,0.0,0.0,0.0,0.0,0.0,0.0,0.0,0.0,0.0,0.0,0.0,0.0,0.0,0.0,0.0,0.0,0.0,0.0,0.0,0.0,0.0,0.0,0.0,0.0,0.0,0.0,0.0,0.0,0.0,0.0,0.0,0.0,0.0,0.0,0.0,0.0,0.0,0.0,0.0,0.0,7902698579552610.0,1.580539715910522e+16,1.861677217333246e+16,2.14281471875597e+16,1.662393465112838e+16,1.1819722114697058e+16,6285160643653641.0,750599172610222.5,375299586305111.25,0.0,0.0,0.0,0.0,0.0,0.0,0.0,0.0,0.0,0.0,0.0,2214286431176923.8,4428572862353847.5,9752733585363036.0,1.5076894308372222e+16,1.6823517435698284e+16,1.8570140563024344e+16,1.4452435871451712e+16,1.033473117987908e+16,5760221687172372.0,1185712194465663.0,592856097232831.5,0.0,0.0,0.0,0.0,0.0,0.0,0.0,0.0,0.0,0.0,0.0,0.0,0.0,1252784106437838.8,2505568212875677.5,8179999460700775.0,1.3854430708525872e+16,2.0365062697718868e+16,2.6875694686911868e+16,3.1541536713426984e+16,3.6207378739942104e+16,3.810557104313098e+16,4.000376334631985e+16,3.943455178563817e+16,3.886534022495649e+16,3.450033393867499e+16,3.0135327652393504e+16,2.2230701485790268e+16,1.4326075319187032e+16,7163037659593516.0,0.0,0.0,0.0,0.0,0.0,0.0,0.0,0.0,0.0,0.0,0.0,0.0,0.0,0.0,0.0,0.0,0.0,0.0,0.0,0.0,0.0,0.0,0.0,0.0,0.0,0.0,0.0,0.0,0.0,0.0,0.0,0.0,0.0,0.0,0.0,0.0,0.0,0.0,0.0,0.0,0.0,0.0,0.0,0.0,0.0,0.0,0.0,0.0,0.0,0.0,0.0,0.0,0.0,0.0,0.0,0.0,0.0,0.0,0.0,0.0,0.0,0.0,0.0,0.0,0.0,0.0,0.0,0.0,0.0,0.0,0.0,0.0,0.0,0.0,0.0,0.0,0.0,0.0,0.0,0.0,0.0,0.0,0.0,0.0,0.0,0.0,0.0,0.0,0.0,0.0,0.0,0.0,0.0,0.0,0.0,0.0,0.0,0.0,0.0,0.0,0.0,0.0,0.0,0.0,0.0,0.0,0.0,0.0,0.0,0.0,0.0,0.0,0.0,0.0,0.0,0.0,0.0,0.0,0.0,0.0,0.0,0.0
30.1627244413992,102.496087077772,7.18980823265266,225.0,65.0,91.29309190511162,5.0,5.0,0.5782429967520287,4.499621008945782e+17,0.0,0.0,0.0,0.0,0.0,0.0,0.0,0.0,0.0,0.0,0.0,0.0,0.0,0.0,0.0,0.0,0.0,0.0,0.0,0.0,0.0,0.0,0.0,0.0,0.0,0.0,0.0,0.0,0.0,0.0,0.0,0.0,0.0,0.0,0.0,0.0,0.0,0.0,0.0,0.0,0.0,0.0,0.0,0.0,0.0,0.0,0.0,0.0,0.0,0.0,0.0,0.0,0.0,0.0,0.0,0.0,0.0,1.097239081193619e+16,2.194478162387238e+16,2.5735954119181744e+16,2.9527126614491096e+16,2.350742526117351e+16,1.7487723907855928e+16,1.062791780833977e+16,3768111708823613.0,2770628190352144.5,1773144671880676.2,886572335940338.1,0.0,0.0,0.0,0.0,0.0,0.0,0.0,4441796906156.635,8883593812313.27,5916063957553492.0,1.1823244321294672e+16,1.7299948710304122e+16,2.277665309931357e+16,2.2129760593488988e+16,2.148286808766441e+16,1.5455708281978596e+16,9428548476292786.0,4714274238146393.0,0.0,0.0,0.0,0.0,0.0,0.0,0.0,0.0,0.0,0.0,0.0,0.0,0.0,864757129346673.0,1729514258693346.0,7542702037757539.0,1.3355889816821734e+16,2.1534863299705004e+16,2.9713836782588276e+16,3.62115994491314e+16,4.270936211567451e+16,4.626187709538616e+16,4.981439207509781e+16,5.1474594979300584e+16,5.313479788350337e+16,5.30684388867831e+16,5.3002079890062856e+16,4.849339392837635e+16,4.398470796668985e+16,3.324057098341744e+16,2.249643400014503e+16,1.1248217000072516e+16,0.0,0.0,0.0,0.0,0.0,0.0,0.0,0.0,0.0,0.0,0.0,0.0,0.0,0.0,0.0,0.0,0.0,0.0,0.0,0.0,0.0,0.0,0.0,0.0,0.0,0.0,0.0,0.0,0.0,0.0,0.0,0.0,0.0,0.0,0.0,0.0,0.0,0.0,0.0,0.0,0.0,0.0,0.0,0.0,0.0,0.0,0.0,0.0,0.0,0.0,0.0,0.0,0.0,0.0,0.0,0.0,0.0,0.0,0.0,0.0,0.0,0.0,0.0,0.0,0.0,0.0,0.0,0.0,0.0,0.0,0.0,0.0,0.0,0.0,0.0,0.0,0.0,0.0,0.0,0.0,0.0,0.0,0.0,0.0,0.0,0.0,0.0,0.0,0.0,0.0,0.0,0.0,0.0,0.0,0.0,0.0,0.0,0.0,0.0,0.0,0.0,0.0,0.0,0.0,0.0,0.0,0.0,0.0,0.0,0.0,0.0,0.0,0.0,0.0,0.0,0.0,0.0,0.0,0.0,0.0,0.0,0.0
30.1796621682168,102.47589463413,11.3706888080417,225.0,50.0,102.86308400083905,5.0,5.0,0.7387895081881077,5.748920109546088e+17,0.0,0.0,0.0,0.0,0.0,0.0,0.0,0.0,0.0,0.0,0.0,0.0,0.0,0.0,0.0,0.0,0.0,0.0,0.0,0.0,0.0,0.0,0.0,0.0,0.0,0.0,0.0,0.0,0.0,0.0,0.0,0.0,0.0,0.0,0.0,0.0,0.0,0.0,0.0,0.0,0.0,0.0,0.0,0.0,0.0,0.0,0.0,0.0,0.0,0.0,0.0,0.0,0.0,0.0,0.0,0.0,0.0,1.0632413693648086e+16,2.1264827387296172e+16,2.768227309647845e+16,3.409971880566072e+16,3.347949605504458e+16,3.2859273304428428e+16,3.0721296798760004e+16,2.8583320293091584e+16,2.6290114723211732e+16,2.399690915333189e+16,1.914086858441625e+16,1.4284828015500608e+16,9246800659801462.0,4208773304102313.0,2104386652051156.5,0.0,0.0,0.0,3139601850056605.5,6279203700113211.0,9791946658783638.0,1.3304689617454064e+16,1.4334240757084586e+16,1.5363791896715108e+16,1.1962519217816316e+16,8561246538917522.0,4689127719063391.0,817008899209259.1,408504449604629.56,0.0,0.0,0.0,0.0,0.0,0.0,0.0,0.0,0.0,0.0,0.0,0.0,0.0,2270607404122122.5,4541214808244245.0,1.3151239967557212e+16,2.1761265126870172e+16,3.125838864736659e+16,4.0755512167863e+16,4.669561874056623e+16,5.263572531326946e+16,5.542368131898723e+16,5.8211637324705016e+16,5.975694712699584e+16,6.130225692928666e+16,6.088037214505515e+16,6.0458487360823656e+16,5.439395954599776e+16,4.8329431731171864e+16,3.580116050386285e+16,2.327288927655384e+16,1.163644463827692e+16,0.0,0.0,0.0,0.0,0.0,0.0,0.0,0.0,0.0,0.0,0.0,0.0,0.0,0.0,0.0,0.0,0.0,0.0,0.0,0.0,0.0,0.0,0.0,0.0,0.0,0.0,0.0,0.0,0.0,0.0,0.0,0.0,0.0,0.0,0.0,0.0,0.0,0.0,0.0,0.0,0.0,0.0,0.0,0.0,0.0,0.0,0.0,0.0,0.0,0.0,0.0,0.0,0.0,0.0,0.0,0.0,0.0,0.0,0.0,0.0,0.0,0.0,0.0,0.0,0.0,0.0,0.0,0.0,0.0,0.0,0.0,0.0,0.0,0.0,0.0,0.0,0.0,0.0,0.0,0.0,0.0,0.0,0.0,0.0,0.0,0.0,0.0,0.0,0.0,0.0,0.0,0.0,0.0,0.0,0.0,0.0,0.0,0.0,0.0,0.0,0.0,0.0,0.0,0.0,0.0,0.0,0.0,0.0,0.0,0.0,0.0,0.0,0.0,0.0,0.0,0.0,0.0,0.0,0.0,0.0,0.0,0.0
30.2020596536092,102.449143355135,14.8927689400555,225.0,40.0,119.42074495556034,5.0,5.0,0.9123497927214012,7.099486406053292e+17,0.0,0.0,0.0,0.0,0.0,0.0,0.0,0.0,0.0,0.0,0.0,0.0,0.0,0.0,0.0,0.0,0.0,0.0,0.0,0.0,0.0,0.0,0.0,0.0,0.0,0.0,0.0,0.0,0.0,0.0,0.0,0.0,0.0,0.0,0.0,0.0,0.0,0.0,0.0,0.0,0.0,0.0,0.0,0.0,0.0,0.0,0.0,0.0,0.0,0.0,0.0,0.0,0.0,0.0,0.0,0.0,0.0,1.0175273556914704e+16,2.035054711382941e+16,3.3261649498974652e+16,4.6172751884119896e+16,5.490384347747623e+16,6.363493507083259e+16,6.594253095282554e+16,6.825012683481848e+16,6.449546449697044e+16,6.074080215912241e+16,5.17017650985792e+16,4.2662728038036e+16,3.211795311546012e+16,2.1573178192884244e+16,1.4996495830412196e+16,8419813467940153.0,7933352037313945.0,7446890606687735.0,8164337088172133.0,8881783569656529.0,8530050820460792.0,8178318071265055.0,6383737416940308.0,4589156762615561.0,3136349297270848.5,1683541831926135.2,1062354768906675.0,441167705887214.44,220583852943607.22,0.0,0.0,0.0,0.0,0.0,0.0,0.0,0.0,0.0,0.0,0.0,0.0,0.0,2439630358019302.5,4879260716038605.0,1.1883214859348704e+16,1.8887169002658796e+16,2.713728670552538e+16,3.538740440839197e+16,4.183830684571915e+16,4.828920928304634e+16,5.2458418794712504e+16,5.662762830637869e+16,5.903978221624324e+16,6.14519361261078e+16,6.010535187466774e+16,5.87587676232277e+16,5.116431959745672e+16,4.356987157168577e+16,3.132076191492892e+16,1.907165225817207e+16,9535826129086036.0,0.0,0.0,0.0,0.0,0.0,0.0,0.0,0.0,0.0,0.0,0.0,0.0,0.0,0.0,0.0,0.0,0.0,0.0,0.0,0.0,0.0,0.0,0.0,0.0,0.0,0.0,0.0,0.0,0.0,0.0,0.0,0.0,0.0,0.0,0.0,0.0,0.0,0.0,0.0,0.0,0.0,0.0,0.0,0.0,0.0,0.0,0.0,0.0,0.0,0.0,0.0,0.0,0.0,0.0,0.0,0.0,0.0,0.0,0.0,0.0,0.0,0.0,0.0,0.0,0.0,0.0,0.0,0.0,0.0,0.0,0.0,0.0,0.0,0.0,0.0,0.0,0.0,0.0,0.0,0.0,0.0,0.0,0.0,0.0,0.0,0.0,0.0,0.0,0.0,0.0,0.0,0.0,0.0,0.0,0.0,0.0,0.0,0.0,0.0,0.0,0.0,0.0,0.0,0.0,0.0,0.0,0.0,0.0,0.0,0.0,0.0,0.0,0.0,0.0,0.0,0.0,0.0,0.0,0.0,0.0,0.0,0.0
30.2280061533943,102.418116948997,17.7497379642719,225.0,30.0,131.21123152890374,5.0,5.0,1.1172380546613139,8.693832611869201e+17,0.0,0.0,0.0,0.0,0.0,0.0,0.0,0.0,0.0,0.0,0.0,0.0,0.0,0.0,0.0,0.0,0.0,0.0,0.0,0.0,0.0,0.0,0.0,0.0,0.0,0.0,0.0,0.0,0.0,0.0,0.0,0.0,0.0,0.0,0.0,0.0,0.0,0.0,0.0,0.0,0.0,0.0,0.0,0.0,0.0,0.0,0.0,0.0,0.0,0.0,0.0,0.0,0.0,0.0,0.0,0.0,0.0,1.2097826545542234e+16,2.4195653091084468e+16,4.289569193983502e+16,6.159573078858557e+16,7.78890292106527e+16,9.418232763271984e+16,1.0182955063593144e+17,1.09476773639143e+17,1.0668599252988915e+17,1.0389521142063528e+17,9.277030181940576e+16,8.164539221817624e+16,6.801683733122359e+16,5.438828244427096e+16,4.430371129076184e+16,3.4219140137252708e+16,2.965470644596188e+16,2.5090272754671044e+16,2.1162226112617816e+16,1.7234179470564588e+16,1.204255600512502e+16,6850932539685455.0,5618916548213653.0,4386900556741851.5,3910986493956251.5,3435072431170651.0,2027651761699212.0,620231092227773.1,310115546113886.56,0.0,0.0,0.0,0.0,0.0,0.0,0.0,0.0,0.0,0.0,0.0,0.0,0.0,1259649564965669.0,2519299129931338.0,6558566269990498.0,1.0597833410049658e+16,1.6456166486049818e+16,2.231449956204998e+16,2.8064113362242316e+16,3.381372716243465e+16,3.8391780969488056e+16,4.2969834776541464e+16,4.536965890587908e+16,4.7769483035216696e+16,4.619708703342753e+16,4.462469103163835e+16,3.794601285210554e+16,3.1267334672572704e+16,2.1778896431064244e+16,1.2290458189555786e+16,6145229094777893.0,0.0,0.0,0.0,0.0,0.0,0.0,0.0,0.0,0.0,0.0,0.0,0.0,0.0,0.0,0.0,0.0,0.0,0.0,0.0,0.0,0.0,0.0,0.0,0.0,0.0,0.0,0.0,0.0,0.0,0.0,0.0,0.0,0.0,0.0,0.0,0.0,0.0,0.0,0.0,0.0,0.0,0.0,0.0,0.0,0.0,0.0,0.0,0.0,0.0,0.0,0.0,0.0,0.0,0.0,0.0,0.0,0.0,0.0,0.0,0.0,0.0,0.0,0.0,0.0,0.0,0.0,0.0,0.0,0.0,0.0,0.0,0.0,0.0,0.0,0.0,0.0,0.0,0.0,0.0,0.0,0.0,0.0,0.0,0.0,0.0,0.0,0.0,0.0,0.0,0.0,0.0,0.0,0.0,0.0,0.0,0.0,0.0,0.0,0.0,0.0,0.0,0.0,0.0,0.0,0.0,0.0,0.0,0.0,0.0,0.0,0.0,0.0,0.0,0.0,0.0,0.0,0.0,0.0,0.0,0.0,0.0,0.0
30.2561825472184,102.384397608788,20.0562836186236,225.0,25.0,138.3509484969339,5.0,5.0,1.148756983184609,8.939098414930362e+17,0.0,0.0,0.0,0.0,0.0,0.0,0.0,0.0,0.0,0.0,0.0,0.0,0.0,0.0,0.0,0.0,0.0,0.0,0.0,0.0,0.0,0.0,0.0,0.0,0.0,0.0,0.0,0.0,0.0,0.0,0.0,0.0,0.0,0.0,0.0,0.0,0.0,0.0,0.0,0.0,0.0,0.0,0.0,0.0,0.0,0.0,0.0,0.0,0.0,0.0,0.0,0.0,0.0,0.0,0.0,0.0,0.0,1.2642491097084684e+16,2.528498219416937e+16,4.560154616006529e+16,6.5918110125961224e+16,8.488981822829114e+16,1.0386152633062106e+17,1.1451081477716514e+17,1.251601032237092e+17,1.2452227315457726e+17,1.2388444308544534e+17,1.1380233867102554e+17,1.0372023425660568e+17,8.987260375317546e+16,7.602497324974525e+16,6.429430502350324e+16,5.2563636797261224e+16,4.493217494429153e+16,3.730071309132183e+16,3.006860737627796e+16,2.2836501661234096e+16,1.5937351616336608e+16,9038201571439122.0,7046024194591651.0,5053846817744180.0,3956392648476865.5,2858938479209551.5,1429469239604775.8,0.0,0.0,0.0,0.0,0.0,0.0,0.0,0.0,0.0,0.0,0.0,0.0,0.0,0.0,0.0,0.0,0.0,1023234737914354.6,2046469475828709.2,4614145884506250.0,7181822293183792.0,1.0485352616002136e+16,1.3788882938820478e+16,1.7569509162002566e+16,2.1350135385184652e+16,2.507211416290736e+16,2.8794092940630064e+16,3.035755849730111e+16,3.1921024053972164e+16,2.837375737253555e+16,2.4826490691098948e+16,1.76606017604746e+16,1.0494712829850254e+16,5247356414925127.0,0.0,0.0,0.0,0.0,0.0,0.0,0.0,0.0,0.0,0.0,0.0,0.0,0.0,0.0,0.0,0.0,0.0,0.0,0.0,0.0,0.0,0.0,0.0,0.0,0.0,0.0,0.0,0.0,0.0,0.0,0.0,0.0,0.0,0.0,0.0,0.0,0.0,0.0,0.0,0.0,0.0,0.0,0.0,0.0,0.0,0.0,0.0,0.0,0.0,0.0,0.0,0.0,0.0,0.0,0.0,0.0,0.0,0.0,0.0,0.0,0.0,0.0,0.0,0.0,0.0,0.0,0.0,0.0,0.0,0.0,0.0,0.0,0.0,0.0,0.0,0.0,0.0,0.0,0.0,0.0,0.0,0.0,0.0,0.0,0.0,0.0,0.0,0.0,0.0,0.0,0.0,0.0,0.0,0.0,0.0,0.0,0.0,0.0,0.0,0.0,0.0,0.0,0.0,0.0,0.0,0.0,0.0,0.0,0.0,0.0,0.0,0.0,0.0,0.0,0.0,0.0,0.0,0.0,0.0,0.0,0.0,0.0
30.2855300958394,102.349253591055,21.9678796312896,225.0,20.0,143.4072515732465,5.0,5.0,0.8748399205277572,6.807601835183564e+17,0.0,0.0,0.0,0.0,0.0,0.0,0.0,0.0,0.0,0.0,0.0,0.0,0.0,0.0,0.0,0.0,0.0,0.0,0.0,0.0,0.0,0.0,0.0,0.0,0.0,0.0,0.0,0.0,0.0,0.0,0.0,0.0,0.0,0.0,0.0,0.0,0.0,0.0,0.0,0.0,0.0,0.0,0.0,0.0,0.0,0.0,0.0,0.0,0.0,0.0,0.0,0.0,0.0,0.0,0.0,0.0,0.0,9806048159234324.0,1.961209631846865e+16,3.5370968305182196e+16,5.112984029189574e+16,6.5939191471762584e+16,8.074854265162942e+16,8.895037126203432e+16,9.71521998724392e+16,9.716648661617378e+16,9.718077335990834e+16,9.027208557895357e+16,8.33633977979988e+16,7.34375493088661e+16,6.351170081973338e+16,5.5036934682930504e+16,4.656216854612763e+16,4.0228586922746056e+16,3.3895005299364476e+16,2.7571534292942376e+16,2.1248063286520276e+16,1.4655733928979848e+16,8063404571439420.0,4738590276056921.0,1413775980674421.5,706887990337210.8,0.0,0.0,0.0,0.0,0.0,0.0,0.0,0.0,0.0,0.0,0.0,0.0,0.0,0.0,0.0,0.0,0.0,0.0,0.0,0.0,0.0,0.0,0.0,0.0,0.0,3204020026077187.0,6408040052154374.0,1.2325569154673614e+16,1.8243098257192852e+16,2.1444843072458584e+16,2.4646587887724316e+16,2.2128250018719236e+16,1.960991214971416e+16,1.3790744262542566e+16,7971576375370976.0,3985788187685488.0,0.0,0.0,0.0,0.0,0.0,0.0,0.0,0.0,0.0,0.0,0.0,0.0,0.0,0.0,0.0,0.0,0.0,0.0,0.0,0.0,0.0,0.0,0.0,0.0,0.0,0.0,0.0,0.0,0.0,0.0,0.0,0.0,0.0,0.0,0.0,0.0,0.0,0.0,0.0,0.0,0.0,0.0,0.0,0.0,0.0,0.0,0.0,0.0,0.0,0.0,0.0,0.0,0.0,0.0,0.0,0.0,0.0,0.0,0.0,0.0,0.0,0.0,0.0,0.0,0.0,0.0,0.0,0.0,0.0,0.0,0.0,0.0,0.0,0.0,0.0,0.0,0.0,0.0,0.0,0.0,0.0,0.0,0.0,0.0,0.0,0.0,0.0,0.0,0.0,0.0,0.0,0.0,0.0,0.0,0.0,0.0,0.0,0.0,0.0,0.0,0.0,0.0,0.0,0.0,0.0,0.0,0.0,0.0,0.0,0.0,0.0,0.0,0.0,0.0,0.0,0.0,0.0,0.0,0.0,0.0,0.0,0.0
30.3158254466918,102.312959659498,23.46997760236,225.0,15.0,146.94920333135096,5.0,5.0,0.4051182874576065,3.1524441585828634e+17,0.0,0.0,0.0,0.0,0.0,0.0,0.0,0.0,0.0,0.0,0.0,0.0,0.0,0.0,0.0,0.0,0.0,0.0,0.0,0.0,0.0,0.0,0.0,0.0,0.0,0.0,0.0,0.0,0.0,0.0,0.0,0.0,0.0,0.0,0.0,0.0,0.0,0.0,0.0,0.0,0.0,0.0,0.0,0.0,0.0,0.0,0.0,0.0,0.0,0.0,0.0,0.0,0.0,0.0,0.0,0.0,0.0,4569921440533487.0,9139842881066974.0,1.6247738924035366e+16,2.335563496700376e+16,2.9590729902333268e+16,3.5825824837662772e+16,3.910248389543793e+16,4.237914295321309e+16,4.227672704881054e+16,4.2174311144408e+16,3.942138635820413e+16,3.6668461572000264e+16,3.2761525101692996e+16,2.8854588631385724e+16,2.5508107987513564e+16,2.2161627343641396e+16,1.976209243274785e+16,1.7362557521854306e+16,1.4397974302659756e+16,1.1433391083465212e+16,7943168790090113.0,4452946496715015.0,2226473248357507.5,0.0,0.0,0.0,0.0,0.0,0.0,0.0,0.0,0.0,0.0,0.0,0.0,0.0,0.0,0.0,0.0,0.0,0.0,0.0,0.0,0.0,0.0,0.0,0.0,0.0,0.0,0.0,1827595881722158.2,3655191763444316.5,7158849271287046.0,1.0662506779129776e+16,1.2185494291755976e+16,1.3708481804382174e+16,1.1906222940260676e+16,1.0103964076139176e+16,6704953039456782.0,3305942002774387.0,1652971001387193.5,0.0,0.0,0.0,0.0,0.0,0.0,0.0,0.0,0.0,0.0,0.0,0.0,0.0,0.0,0.0,0.0,0.0,0.0,0.0,0.0,0.0,0.0,0.0,0.0,0.0,0.0,0.0,0.0,0.0,0.0,0.0,0.0,0.0,0.0,0.0,0.0,0.0,0.0,0.0,0.0,0.0,0.0,0.0,0.0,0.0,0.0,0.0,0.0,0.0,0.0,0.0,0.0,0.0,0.0,0.0,0.0,0.0,0.0,0.0,0.0,0.0,0.0,0.0,0.0,0.0,0.0,0.0,0.0,0.0,0.0,0.0,0.0,0.0,0.0,0.0,0.0,0.0,0.0,0.0,0.0,0.0,0.0,0.0,0.0,0.0,0.0,0.0,0.0,0.0,0.0,0.0,0.0,0.0,0.0,0.0,0.0,0.0,0.0,0.0,0.0,0.0,0.0,0.0,0.0,0.0,0.0,0.0,0.0,0.0,0.0,0.0,0.0,0.0,0.0,0.0,0.0,0.0,0.0,0.0,0.0,0.0,0.0
30.3468380338627,102.275952195887,24.5511456592836,225.0,10.0,90.0,5.0,5.0,0.0,0.0,0.0,0.0,0.0,0.0,0.0,0.0,0.0,0.0,0.0,0.0,0.0,0.0,0.0,0.0,0.0,0.0,0.0,0.0,0.0,0.0,0.0,0.0,0.0,0.0,0.0,0.0,0.0,0.0,0.0,0.0,0.0,0.0,0.0,0.0,0.0,0.0,0.0,0.0,0.0,0.0,0.0,0.0,0.0,0.0,0.0,0.0,0.0,0.0,0.0,0.0,0.0,0.0,0.0,0.0,0.0,0.0,0.0,0.0,0.0,0.0,0.0,0.0,0.0,0.0,0.0,0.0,0.0,0.0,0.0,0.0,0.0,0.0,0.0,0.0,0.0,0.0,0.0,0.0,0.0,0.0,0.0,0.0,0.0,0.0,0.0,0.0,0.0,0.0,0.0,0.0,0.0,0.0,0.0,0.0,0.0,0.0,0.0,0.0,0.0,0.0,0.0,0.0,0.0,0.0,0.0,0.0,0.0,0.0,0.0,0.0,0.0,0.0,0.0,0.0,0.0,0.0,0.0,0.0,0.0,0.0,0.0,0.0,0.0,0.0,0.0,0.0,0.0,0.0,0.0,0.0,0.0,0.0,0.0,0.0,0.0,0.0,0.0,0.0,0.0,0.0,0.0,0.0,0.0,0.0,0.0,0.0,0.0,0.0,0.0,0.0,0.0,0.0,0.0,0.0,0.0,0.0,0.0,0.0,0.0,0.0,0.0,0.0,0.0,0.0,0.0,0.0,0.0,0.0,0.0,0.0,0.0,0.0,0.0,0.0,0.0,0.0,0.0,0.0,0.0,0.0,0.0,0.0,0.0,0.0,0.0,0.0,0.0,0.0,0.0,0.0,0.0,0.0,0.0,0.0,0.0,0.0,0.0,0.0,0.0,0.0,0.0,0.0,0.0,0.0,0.0,0.0,0.0,0.0,0.0,0.0,0.0,0.0,0.0,0.0,0.0,0.0,0.0,0.0,0.0,0.0,0.0,0.0,0.0,0.0,0.0,0.0,0.0,0.0,0.0,0.0,0.0,0.0,0.0,0.0,0.0,0.0,0.0,0.0,0.0,0.0
30.1214492308192,102.469966392615,2.46201938253052,225.0,80.0,90.0,5.0,5.0,0.338751499328257,2.6360083420828048e+17,0.0,0.0,0.0,0.0,0.0,0.0,0.0,0.0,0.0,0.0,0.0,0.0,0.0,0.0,0.0,0.0,0.0,0.0,0.0,0.0,0.0,0.0,0.0,0.0,0.0,0.0,0.0,0.0,0.0,0.0,0.0,0.0,0.0,0.0,0.0,0.0,0.0,0.0,0.0,0.0,0.0,0.0,0.0,0.0,0.0,0.0,0.0,0.0,0.0,0.0,0.0,0.0,0.0,0.0,0.0,0.0,0.0,0.0,0.0,2999826024392607.0,5999652048785214.0,4607216188545185.0,3214780328305155.0,1607390164152577.5,0.0,0.0,0.0,0.0,0.0,0.0,0.0,0.0,0.0,0.0,0.0,0.0,0.0,750649304463473.8,1501298608926947.5,4851674494730934.0,8202050380534922.0,9253186249112382.0,1.0304322117689844e+16,7995393797878637.0,5686465478067431.0,2843385190609864.5,304903152297.34155,152451576148.67078,0.0,0.0,0.0,0.0,0.0,0.0,0.0,0.0,0.0,0.0,0.0,0.0,0.0,0.0,0.0,3324651563240448.5,6649303126480897.0,1.3216070929205334e+16,1.9782838731929772e+16,2.7049424347739304e+16,3.431600996354884e+16,3.957215704940239e+16,4.4828304135255944e+16,4.652725701642796e+16,4.8226209897599976e+16,4.472216924565806e+16,4.121812859371614e+16,3.3305260665173324e+16,2.539239273663051e+16,1.683558294714354e+16,8278773157656565.0,4139386578828282.5,0.0,0.0,0.0,0.0,0.0,0.0,0.0,0.0,0.0,0.0,0.0,0.0,0.0,0.0,0.0,0.0,0.0,0.0,0.0,0.0,0.0,0.0,0.0,0.0,0.0,0.0,0.0,0.0,0.0,0.0,0.0,0.0,0.0,0.0,0.0,0.0,0.0,0.0,0.0,0.0,0.0,0.0,0.0,0.0,0.0,0.0,0.0,0.0,0.0,0.0,0.0,0.0,0.0,0.0,0.0,0.0,0.0,0.0,0.0,0.0,0.0,0.0,0.0,0.0,0.0,0.0,0.0,0.0,0.0,0.0,0.0,0.0,0.0,0.0,0.0,0.0,0.0,0.0,0.0,0.0,0.0,0.0,0.0,0.0,0.0,0.0,0.0,0.0,0.0,0.0,0.0,0.0,0.0,0.0,0.0,0.0,0.0,0.0,0.0,0.0,0.0,0.0,0.0,0.0,0.0,0.0,0.0,0.0,0.0,0.0,0.0,0.0,0.0,0.0,0.0,0.0,0.0,0.0,0.0,0.0
30.1309286210986,102.458690200294,7.18980823265266,225.0,65.0,90.66394267636684,5.0,5.0,0.5096984696584708,3.9662390295861766e+17,0.0,0.0,0.0,0.0,0.0,0.0,0.0,0.0,0.0,0.0,0.0,0.0,0.0,0.0,0.0,0.0,0.0,0.0,0.0,0.0,0.0,0.0,0.0,0.0,0.0,0.0,0.0,0.0,0.0,0.0,0.0,0.0,0.0,0.0,0.0,0.0,0.0,0.0,0.0,0.0,0.0,0.0,0.0,0.0,0.0,0.0,0.0,0.0,0.0,0.0,0.0,0.0,0.0,0.0,0.0,0.0,0.0,0.0,0.0,4415073518826368.0,8830147037652736.0,6681613458111525.0,4533079878570312.0,3183913022116297.5,1834746165662282.5,1399823197302389.2,964900228942495.9,482450114471247.94,0.0,0.0,0.0,0.0,0.0,0.0,0.0,0.0,0.0,3653811070329899.0,7307622140659798.0,1.0729470860735852e+16,1.4151319580811904e+16,1.3613353787753244e+16,1.3075387994694582e+16,8975556117358850.0,4875724240023120.0,2437862120011560.0,0.0,0.0,0.0,0.0,0.0,0.0,0.0,0.0,0.0,0.0,0.0,0.0,0.0,0.0,0.0,2720194429187995.5,5440388858375991.0,1.2075242282927922e+16,1.8710095707479852e+16,2.6878569082105908e+16,3.504704245673195e+16,4.258175378858506e+16,5.011646512043816e+16,5.570622381291476e+16,6.129598250539135e+16,6.322319173578236e+16,6.5150400966173384e+16,6.105836918673471e+16,5.696633740729603e+16,4.6601687647542904e+16,3.623703788778977e+16,2.416213133485684e+16,1.2087224781923912e+16,6043612390961956.0,0.0,0.0,0.0,0.0,0.0,0.0,0.0,0.0,0.0,0.0,0.0,0.0,0.0,0.0,0.0,0.0,0.0,0.0,0.0,0.0,0.0,0.0,0.0,0.0,0.0,0.0,0.0,0.0,0.0,0.0,0.0,0.0,0.0,0.0,0.0,0.0,0.0,0.0,0.0,0.0,0.0,0.0,0.0,0.0,0.0,0.0,0.0,0.0,0.0,0.0,0.0,0.0,0.0,0.0,0.0,0.0,0.0,0.0,0.0,0.0,0.0,0.0,0.0,0.0,0.0,0.0,0.0,0.0,0.0,0.0,0.0,0.0,0.0,0.0,0.0,0.0,0.0,0.0,0.0,0.0,0.0,0.0,0.0,0.0,0.0,0.0,0.0,0.0,0.0,0.0,0.0,0.0,0.0,0.0,0.0,0.0,0.0,0.0,0.0,0.0,0.0,0.0,0.0,0.0,0.0,0.0,0.0,0.0,0.0,0.0,0.0,0.0,0.0,0.0,0.0,0.0,0.0,0.0,0.0,0.0
30.1478663479161,102.438492416101,11.3706888080417,225.0,50.0,99.85313615356537,5.0,5.0,0.6637114711901393,5.1646973615249165e+17,0.0,0.0,0.0,0.0,0.0,0.0,0.0,0.0,0.0,0.0,0.0,0.0,0.0,0.0,0.0,0.0,0.0,0.0,0.0,0.0,0.0,0.0,0.0,0.0,0.0,0.0,0.0,0.0,0.0,0.0,0.0,0.0,0.0,0.0,0.0,0.0,0.0,0.0,0.0,0.0,0.0,0.0,0.0,0.0,0.0,0.0,0.0,0.0,0.0,0.0,0.0,0.0,0.0,0.0,0.0,0.0,0.0,0.0,0.0,5743584491189806.0,1.1487168982379612e+16,1.3831603136055664e+16,1.6176037289731722e+16,1.8111262613553372e+16,2.004648793737502e+16,1.9387927136785388e+16,1.872936633619576e+16,1.5027362990874302e+16,1.1325359645552848e+16,7272034069173822.0,3218708492794797.5,1609354246397398.8,0.0,840707355748139.2,1681414711496278.5,4098978796824966.5,6516542882153655.0,8419188427263697.0,1.0321833972373738e+16,9945680646113512.0,9569527319853288.0,6728276581417920.0,3887025842982549.0,1943512921491274.5,0.0,0.0,0.0,0.0,0.0,0.0,0.0,0.0,0.0,0.0,0.0,0.0,0.0,0.0,0.0,450309863720320.8,900619727440641.6,6397995786163506.0,1.1895371844886372e+16,2.07398539227304e+16,2.9584336000574424e+16,3.8273937139579736e+16,4.6963538278585064e+16,5.404550874124747e+16,6.112747920390988e+16,6.612894721040671e+16,7.113041521690355e+16,7.210548054913403e+16,7.30805458813645e+16,6.735842655865401e+16,6.1636307235943544e+16,4.910910434451788e+16,3.6581901453092216e+16,2.3595824674997204e+16,1.0609747896902182e+16,5304873948451091.0,0.0,0.0,0.0,0.0,0.0,0.0,0.0,0.0,0.0,0.0,0.0,0.0,0.0,0.0,0.0,0.0,0.0,0.0,0.0,0.0,0.0,0.0,0.0,0.0,0.0,0.0,0.0,0.0,0.0,0.0,0.0,0.0,0.0,0.0,0.0,0.0,0.0,0.0,0.0,0.0,0.0,0.0,0.0,0.0,0.0,0.0,0.0,0.0,0.0,0.0,0.0,0.0,0.0,0.0,0.0,0.0,0.0,0.0,0.0,0.0,0.0,0.0,0.0,0.0,0.0,0.0,0.0,0.0,0.0,0.0,0.0,0.0,0.0,0.0,0.0,0.0,0.0,0.0,0.0,0.0,0.0,0.0,0.0,0.0,0.0,0.0,0.0,0.0,0.0,0.0,0.0,0.0,0.0,0.0,0.0,0.0,0.0,0.0,0.0,0.0,0.0,0.0,0.0,0.0,0.0,0.0,0.0,0.0,0.0,0.0,0.0,0.0,0.0,0.0,0.0,0.0,0.0,0.0,0.0,0.0
30.1702638333085,102.411733178892,14.8927689400555,225.0,40.0,114.99122930952592,5.0,5.0,0.803686116599139,6.253915663760864e+17,0.0,0.0,0.0,0.0,0.0,0.0,0.0,0.0,0.0,0.0,0.0,0.0,0.0,0.0,0.0,0.0,0.0,0.0,0.0,0.0,0.0,0.0,0.0,0.0,0.0,0.0,0.0,0.0,0.0,0.0,0.0,0.0,0.0,0.0,0.0,0.0,0.0,0.0,0.0,0.0,0.0,0.0,0.0,0.0,0.0,0.0,0.0,0.0,0.0,0.0,0.0,0.0,0.0,0.0,0.0,0.0,0.0,0.0,0.0,8946471124219507.0,1.7892942248439014e+16,2.7459620987762556e+16,3.70262997270861e+16,4.276362903127954e+16,4.8500958335472984e+16,4.828887216149097e+16,4.807678598750897e+16,4.170795441657427e+16,3.5339122845639564e+16,2.714908868912235e+16,1.8959054532605136e+16,1.4957016589138552e+16,1.0954978645671972e+16,1.142219519015003e+16,1.188941173462809e+16,1.194367014479951e+16,1.199792855497093e+16,1.0116013675314478e+16,8234098795658021.0,5724524704057850.0,3214950612457677.5,2325311125512357.0,1435671638567037.0,763985142295769.2,92298646024501.55,46149323012250.77,0.0,0.0,0.0,0.0,0.0,0.0,0.0,0.0,0.0,0.0,0.0,0.0,0.0,0.0,0.0,4650199884757017.0,9300399769514034.0,1.7568205195019154e+16,2.5836010620524276e+16,3.508635785287732e+16,4.433670508523036e+16,5.2508792169514264e+16,6.068087925379818e+16,6.5848018469192584e+16,7.101515768458699e+16,7.056464256972333e+16,7.011412745485966e+16,6.232665060198404e+16,5.453917374910843e+16,4.172948482917889e+16,2.8919795909249336e+16,1.7977305226867228e+16,7034814544485117.0,3517407272242558.5,0.0,0.0,0.0,0.0,0.0,0.0,0.0,0.0,0.0,0.0,0.0,0.0,0.0,0.0,0.0,0.0,0.0,0.0,0.0,0.0,0.0,0.0,0.0,0.0,0.0,0.0,0.0,0.0,0.0,0.0,0.0,0.0,0.0,0.0,0.0,0.0,0.0,0.0,0.0,0.0,0.0,0.0,0.0,0.0,0.0,0.0,0.0,0.0,0.0,0.0,0.0,0.0,0.0,0.0,0.0,0.0,0.0,0.0,0.0,0.0,0.0,0.0,0.0,0.0,0.0,0.0,0.0,0.0,0.0,0.0,0.0,0.0,0.0,0.0,0.0,0.0,0.0,0.0,0.0,0.0,0.0,0.0,0.0,0.0,0.0,0.0,0.0,0.0,0.0,0.0,0.0,0.0,0.0,0.0,0.0,0.0,0.0,0.0,0.0,0.0,0.0,0.0,0.0,0.0,0.0,0.0,0.0,0.0,0.0,0.0,0.0,0.0,0.0,0.0,0.0,0.0,0.0,0.0,0.0,0.0
30.1962103330936,102.380696981666,17.7497379642719,225.0,30.0,128.37690225907636,5.0,5.0,0.9553385268519065,7.434004960239185e+17,0.0,0.0,0.0,0.0,0.0,0.0,0.0,0.0,0.0,0.0,0.0,0.0,0.0,0.0,0.0,0.0,0.0,0.0,0.0,0.0,0.0,0.0,0.0,0.0,0.0,0.0,0.0,0.0,0.0,0.0,0.0,0.0,0.0,0.0,0.0,0.0,0.0,0.0,0.0,0.0,0.0,0.0,0.0,0.0,0.0,0.0,0.0,0.0,0.0,0.0,0.0,0.0,0.0,0.0,0.0,0.0,0.0,0.0,0.0,1.295006308390978e+16,2.590012616781956e+16,4.1942544404297576e+16,5.798496264077559e+16,6.916426885338645e+16,8.034357506599731e+16,8.208101532748442e+16,8.38184555889715e+16,7.692072945892768e+16,7.002300332888388e+16,6.004882257926885e+16,5.007464182965381e+16,4.3207246003305864e+16,3.633985017695791e+16,3.3015069790494508e+16,2.96902894040311e+16,2.4537315784440056e+16,1.9384342164849012e+16,1.335521703663048e+16,7326091908411950.0,6646936722762859.0,5967781537113770.0,5464604620033065.0,4961427702952359.0,3037733338562203.5,1114038974172048.0,557019487086024.0,0.0,0.0,0.0,0.0,0.0,0.0,0.0,0.0,0.0,0.0,0.0,0.0,0.0,0.0,0.0,2145920011487529.5,4291840022975059.0,1.0160440360278004e+16,1.6029040697580948e+16,2.3788627878993676e+16,3.154821506040641e+16,3.893779594450163e+16,4.632737682859685e+16,5.047954242311928e+16,5.463170801764173e+16,5.361399388911276e+16,5.259627976058381e+16,4.587714099080727e+16,3.9158002221030744e+16,2.9471536182385452e+16,1.978507014374017e+16,1.2944723462256626e+16,6104376780773087.0,3052188390386543.5,0.0,0.0,0.0,0.0,0.0,0.0,0.0,0.0,0.0,0.0,0.0,0.0,0.0,0.0,0.0,0.0,0.0,0.0,0.0,0.0,0.0,0.0,0.0,0.0,0.0,0.0,0.0,0.0,0.0,0.0,0.0,0.0,0.0,0.0,0.0,0.0,0.0,0.0,0.0,0.0,0.0,0.0,0.0,0.0,0.0,0.0,0.0,0.0,0.0,0.0,0.0,0.0,0.0,0.0,0.0,0.0,0.0,0.0,0.0,0.0,0.0,0.0,0.0,0.0,0.0,0.0,0.0,0.0,0.0,0.0,0.0,0.0,0.0,0.0,0.0,0.0,0.0,0.0,0.0,0.0,0.0,0.0,0.0,0.0,0.0,0.0,0.0,0.0,0.0,0.0,0.0,0.0,0.0,0.0,0.0,0.0,0.0,0.0,0.0,0.0,0.0,0.0,0.0,0.0,0.0,0.0,0.0,0.0,0.0,0.0,0.0,0.0,0.0,0.0,0.0,0.0,0.0,0.0,0.0,0.0
30.2243867269177,102.34696666634,20.0562836186236,225.0,25.0,136.73215330682473,5.0,5.0,0.9713508091501377,7.558605175434163e+17,0.0,0.0,0.0,0.0,0.0,0.0,0.0,0.0,0.0,0.0,0.0,0.0,0.0,0.0,0.0,0.0,0.0,0.0,0.0,0.0,0.0,0.0,0.0,0.0,0.0,0.0,0.0,0.0,0.0,0.0,0.0,0.0,0.0,0.0,0.0,0.0,0.0,0.0,0.0,0.0,0.0,0.0,0.0,0.0,0.0,0.0,0.0,0.0,0.0,0.0,0.0,0.0,0.0,0.0,0.0,0.0,0.0,0.0,0.0,1.4282290504724314e+16,2.8564581009448628e+16,4.694721328367323e+16,6.532984555789783e+16,7.9243829425099e+16,9.31578132923002e+16,9.73607714484084e+16,1.015637296045166e+17,9.613301550616595e+16,9.070230140781531e+16,8.058828952975677e+16,7.0474277651698264e+16,6.1960640823739384e+16,5.34470039957805e+16,4.739508958731333e+16,4.134317517884617e+16,3.3867394210455564e+16,2.639161324206496e+16,1.857760342008282e+16,1.0763593598100684e+16,8651187374304607.0,6538781150508529.0,5014397483703083.0,3490013816897637.0,1745006908448818.5,0.0,0.0,0.0,0.0,0.0,0.0,0.0,0.0,0.0,0.0,0.0,0.0,0.0,0.0,0.0,0.0,0.0,123777888388830.44,247555776777660.88,2813212945948522.0,5378870115119383.0,9460590113612356.0,1.3542310112105328e+16,1.8404139651529852e+16,2.326596919095438e+16,2.8394045545220464e+16,3.3522121899486556e+16,3.562317751439226e+16,3.772423312929796e+16,3.397721762500778e+16,3.0230202120717596e+16,2.3135391770066104e+16,1.604058141941461e+16,1.009126284654111e+16,4141944273667612.5,2070972136833806.2,0.0,0.0,0.0,0.0,0.0,0.0,0.0,0.0,0.0,0.0,0.0,0.0,0.0,0.0,0.0,0.0,0.0,0.0,0.0,0.0,0.0,0.0,0.0,0.0,0.0,0.0,0.0,0.0,0.0,0.0,0.0,0.0,0.0,0.0,0.0,0.0,0.0,0.0,0.0,0.0,0.0,0.0,0.0,0.0,0.0,0.0,0.0,0.0,0.0,0.0,0.0,0.0,0.0,0.0,0.0,0.0,0.0,0.0,0.0,0.0,0.0,0.0,0.0,0.0,0.0,0.0,0.0,0.0,0.0,0.0,0.0,0.0,0.0,0.0,0.0,0.0,0.0,0.0,0.0,0.0,0.0,0.0,0.0,0.0,0.0,0.0,0.0,0.0,0.0,0.0,0.0,0.0,0.0,0.0,0.0,0.0,0.0,0.0,0.0,0.0,0.0,0.0,0.0,0.0,0.0,0.0,0.0,0.0,0.0,0.0,0.0,0.0,0.0,0.0,0.0,0.0,0.0,0.0,0.0,0.0
30.2537342755388,102.311810967904,21.9678796312896,225.0,20.0,142.9183892253334,5.0,5.0,0.7353909112508675,5.722473791535076e+17,0.0,0.0,0.0,0.0,0.0,0.0,0.0,0.0,0.0,0.0,0.0,0.0,0.0,0.0,0.0,0.0,0.0,0.0,0.0,0.0,0.0,0.0,0.0,0.0,0.0,0.0,0.0,0.0,0.0,0.0,0.0,0.0,0.0,0.0,0.0,0.0,0.0,0.0,0.0,0.0,0.0,0.0,0.0,0.0,0.0,0.0,0.0,0.0,0.0,0.0,0.0,0.0,0.0,0.0,0.0,0.0,0.0,0.0,0.0,1.1475697908010458e+16,2.2951395816020916e+16,3.768760256843807e+16,5.2423809320855224e+16,6.286259354972705e+16,7.330137777859886e+16,7.671273353944784e+16,8.012408930029683e+16,7.648844376357486e+16,7.285279822685288e+16,6.542067421150439e+16,5.798855019615589e+16,5.138480490412626e+16,4.478105961209661e+16,4.011609432504525e+16,3.545112903799387e+16,2.922939809857255e+16,2.3007667159151236e+16,1.6250591662236392e+16,9493516165321552.0,6000757236792997.0,2507998308264444.0,1253999154132222.0,0.0,0.0,0.0,0.0,0.0,0.0,0.0,0.0,0.0,0.0,0.0,0.0,0.0,0.0,0.0,0.0,0.0,0.0,0.0,0.0,0.0,0.0,0.0,0.0,0.0,4405950091433196.0,8811900182866392.0,1.5788957523458318e+16,2.2766014864050244e+16,2.6025285581442756e+16,2.928455629883528e+16,2.6467971482639616e+16,2.3651386666443948e+16,1.7441878000417132e+16,1.1232369334390314e+16,6425065109851726.0,1617760885313139.0,808880442656569.5,0.0,0.0,0.0,0.0,0.0,0.0,0.0,0.0,0.0,0.0,0.0,0.0,0.0,0.0,0.0,0.0,0.0,0.0,0.0,0.0,0.0,0.0,0.0,0.0,0.0,0.0,0.0,0.0,0.0,0.0,0.0,0.0,0.0,0.0,0.0,0.0,0.0,0.0,0.0,0.0,0.0,0.0,0.0,0.0,0.0,0.0,0.0,0.0,0.0,0.0,0.0,0.0,0.0,0.0,0.0,0.0,0.0,0.0,0.0,0.0,0.0,0.0,0.0,0.0,0.0,0.0,0.0,0.0,0.0,0.0,0.0,0.0,0.0,0.0,0.0,0.0,0.0,0.0,0.0,0.0,0.0,0.0,0.0,0.0,0.0,0.0,0.0,0.0,0.0,0.0,0.0,0.0,0.0,0.0,0.0,0.0,0.0,0.0,0.0,0.0,0.0,0.0,0.0,0.0,0.0,0.0,0.0,0.0,0.0,0.0,0.0,0.0,0.0,0.0,0.0,0.0,0.0,0.0,0.0,0.0
30.2840296263911,102.27550490777,23.46997760236,225.0,15.0,147.0614803112525,5.0,5.0,0.3470119939629046,2.7002877115021008e+17,0.0,0.0,0.0,0.0,0.0,0.0,0.0,0.0,0.0,0.0,0.0,0.0,0.0,0.0,0.0,0.0,0.0,0.0,0.0,0.0,0.0,0.0,0.0,0.0,0.0,0.0,0.0,0.0,0.0,0.0,0.0,0.0,0.0,0.0,0.0,0.0,0.0,0.0,0.0,0.0,0.0,0.0,0.0,0.0,0.0,0.0,0.0,0.0,0.0,0.0,0.0,0.0,0.0,0.0,0.0,0.0,0.0,0.0,0.0,5317203906062173.0,1.0634407812124346e+16,1.7198821776553718e+16,2.3763235740983092e+16,2.8285074372467444e+16,3.280691300395179e+16,3.4236101780174756e+16,3.5665290556397724e+16,3.410952025901965e+16,3.2553749961641584e+16,2.9499816037006904e+16,2.644588211237222e+16,2.381899735798177e+16,2.1192112603591308e+16,1.9588177229284348e+16,1.7984241854977388e+16,1.522476230020274e+16,1.2465282745428096e+16,8771663654045089.0,5078044562662083.0,2545004390709310.5,11964218756537.76,5982109378268.88,0.0,0.0,0.0,0.0,0.0,0.0,0.0,0.0,0.0,0.0,0.0,0.0,0.0,0.0,0.0,0.0,0.0,0.0,0.0,0.0,0.0,0.0,0.0,0.0,0.0,2923383866581131.0,5846767733162262.0,9720481100955210.0,1.359419446874816e+16,1.48576050651084e+16,1.6121015661468642e+16,1.3839801679086002e+16,1.1558587696703364e+16,7932834056972427.0,4307080417241492.0,2153540208620746.0,0.0,0.0,0.0,0.0,0.0,0.0,0.0,0.0,0.0,0.0,0.0,0.0,0.0,0.0,0.0,0.0,0.0,0.0,0.0,0.0,0.0,0.0,0.0,0.0,0.0,0.0,0.0,0.0,0.0,0.0,0.0,0.0,0.0,0.0,0.0,0.0,0.0,0.0,0.0,0.0,0.0,0.0,0.0,0.0,0.0,0.0,0.0,0.0,0.0,0.0,0.0,0.0,0.0,0.0,0.0,0.0,0.0,0.0,0.0,0.0,0.0,0.0,0.0,0.0,0.0,0.0,0.0,0.0,0.0,0.0,0.0,0.0,0.0,0.0,0.0,0.0,0.0,0.0,0.0,0.0,0.0,0.0,0.0,0.0,0.0,0.0,0.0,0.0,0.0,0.0,0.0,0.0,0.0,0.0,0.0,0.0,0.0,0.0,0.0,0.0,0.0,0.0,0.0,0.0,0.0,0.0,0.0,0.0,0.0,0.0,0.0,0.0,0.0,0.0,0.0,0.0,0.0,0.0,0.0,0.0,0.0,0.0
30.3150422135621,102.238488151677,24.5511456592836,225.0,10.0,90.0,5.0,5.0,0.0,0.0,0.0,0.0,0.0,0.0,0.0,0.0,0.0,0.0,0.0,0.0,0.0,0.0,0.0,0.0,0.0,0.0,0.0,0.0,0.0,0.0,0.0,0.0,0.0,0.0,0.0,0.0,0.0,0.0,0.0,0.0,0.0,0.0,0.0,0.0,0.0,0.0,0.0,0.0,0.0,0.0,0.0,0.0,0.0,0.0,0.0,0.0,0.0,0.0,0.0,0.0,0.0,0.0,0.0,0.0,0.0,0.0,0.0,0.0,0.0,0.0,0.0,0.0,0.0,0.0,0.0,0.0,0.0,0.0,0.0,0.0,0.0,0.0,0.0,0.0,0.0,0.0,0.0,0.0,0.0,0.0,0.0,0.0,0.0,0.0,0.0,0.0,0.0,0.0,0.0,0.0,0.0,0.0,0.0,0.0,0.0,0.0,0.0,0.0,0.0,0.0,0.0,0.0,0.0,0.0,0.0,0.0,0.0,0.0,0.0,0.0,0.0,0.0,0.0,0.0,0.0,0.0,0.0,0.0,0.0,0.0,0.0,0.0,0.0,0.0,0.0,0.0,0.0,0.0,0.0,0.0,0.0,0.0,0.0,0.0,0.0,0.0,0.0,0.0,0.0,0.0,0.0,0.0,0.0,0.0,0.0,0.0,0.0,0.0,0.0,0.0,0.0,0.0,0.0,0.0,0.0,0.0,0.0,0.0,0.0,0.0,0.0,0.0,0.0,0.0,0.0,0.0,0.0,0.0,0.0,0.0,0.0,0.0,0.0,0.0,0.0,0.0,0.0,0.0,0.0,0.0,0.0,0.0,0.0,0.0,0.0,0.0,0.0,0.0,0.0,0.0,0.0,0.0,0.0,0.0,0.0,0.0,0.0,0.0,0.0,0.0,0.0,0.0,0.0,0.0,0.0,0.0,0.0,0.0,0.0,0.0,0.0,0.0,0.0,0.0,0.0,0.0,0.0,0.0,0.0,0.0,0.0,0.0,0.0,0.0,0.0,0.0,0.0,0.0,0.0,0.0,0.0,0.0,0.0,0.0,0.0,0.0,0.0,0.0,0.0,0.0
30.0896534105186,102.432571988401,2.46201938253052,225.0,80.0,90.0,5.0,5.0,0.26972195073671,2.0988521485357386e+17,0.0,0.0,0.0,0.0,0.0,0.0,0.0,0.0,0.0,0.0,0.0,0.0,0.0,0.0,0.0,0.0,0.0,0.0,0.0,0.0,0.0,0.0,0.0,0.0,0.0,0.0,0.0,0.0,0.0,0.0,0.0,0.0,0.0,0.0,0.0,0.0,0.0,0.0,0.0,0.0,0.0,0.0,0.0,0.0,0.0,0.0,0.0,0.0,0.0,0.0,0.0,0.0,0.0,0.0,0.0,0.0,0.0,0.0,0.0,0.0,0.0,0.0,0.0,0.0,0.0,0.0,0.0,0.0,0.0,0.0,0.0,0.0,0.0,0.0,0.0,0.0,0.0,0.0,0.0,1187686256430381.0,2375372512860762.0,2764135939828774.5,3152899366796788.0,2201072509816489.5,1249245652836191.2,624622826418095.6,0.0,0.0,0.0,0.0,0.0,0.0,0.0,0.0,0.0,0.0,0.0,0.0,0.0,0.0,0.0,0.0,0.0,436288599458659.9,872577198917319.8,5940640274013321.0,1.1008703349109324e+16,1.895776364614444e+16,2.690682394317956e+16,3.4088992376703796e+16,4.1271160810228024e+16,4.40301089709073e+16,4.678905713158657e+16,4.359881700131711e+16,4.0408576871047656e+16,3.2975269816653676e+16,2.55419627622597e+16,1.7717445187439598e+16,9892927612619500.0,5154417627375972.0,415907642132443.1,207953821066221.56,0.0,0.0,0.0,0.0,0.0,0.0,0.0,0.0,0.0,0.0,0.0,0.0,0.0,0.0,0.0,0.0,0.0,0.0,0.0,0.0,0.0,0.0,0.0,0.0,0.0,0.0,0.0,0.0,0.0,0.0,0.0,0.0,0.0,0.0,0.0,0.0,0.0,0.0,0.0,0.0,0.0,0.0,0.0,0.0,0.0,0.0,0.0,0.0,0.0,0.0,0.0,0.0,0.0,0.0,0.0,0.0,0.0,0.0,0.0,0.0,0.0,0.0,0.0,0.0,0.0,0.0,0.0,0.0,0.0,0.0,0.0,0.0,0.0,0.0,0.0,0.0,0.0,0.0,0.0,0.0,0.0,0.0,0.0,0.0,0.0,0.0,0.0,0.0,0.0,0.0,0.0,0.0,0.0,0.0,0.0,0.0,0.0,0.0,0.0,0.0,0.0,0.0,0.0,0.0,0.0,0.0,0.0,0.0,0.0,0.0,0.0,0.0,0.0,0.0,0.0,0.0,0.0,0.0
30.0991328007979,102.421293322817,7.18980823265266,225.0,65.0,90.12418646250737,5.0,5.0,0.42297661137008863,3.2914094204407994e+17,0.0,0.0,0.0,0.0,0.0,0.0,0.0,0.0,0.0,0.0,0.0,0.0,0.0,0.0,0.0,0.0,0.0,0.0,0.0,0.0,0.0,0.0,0.0,0.0,0.0,0.0,0.0,0.0,0.0,0.0,0.0,0.0,0.0,0.0,0.0,0.0,0.0,0.0,0.0,0.0,0.0,0.0,0.0,0.0,0.0,0.0,0.0,0.0,0.0,0.0,0.0,0.0,0.0,0.0,0.0,0.0,0.0,0.0,0.0,0.0,0.0,0.0,0.0,1183789392591.3662,2367578785182.7324,1183789392591.3662,0.0,0.0,0.0,0.0,0.0,0.0,0.0,0.0,0.0,0.0,0.0,1191953664354409.5,2383907328708819.0,3993965815517831.0,5604024302326841.0,4846146405108007.0,4088268507889172.5,2459716803903012.5,831165099916851.5,415582549958425.75,0.0,0.0,0.0,0.0,0.0,0.0,0.0,0.0,0.0,0.0,0.0,0.0,0.0,0.0,0.0,0.0,0.0,3757647263393299.5,7515294526786599.0,1.6164548694956776e+16,2.481380286312695e+16,3.50524129783686e+16,4.529102309361025e+16,5.3366527596482536e+16,6.144203209935482e+16,6.38630832570528e+16,6.6284134414750776e+16,6.1868416624401624e+16,5.745269883405246e+16,4.739870398939298e+16,3.7344709144733496e+16,2.624273139442905e+16,1.51407536441246e+16,8043757125018852.0,946760605913106.9,473380302956553.44,0.0,0.0,0.0,0.0,0.0,0.0,0.0,0.0,0.0,0.0,0.0,0.0,0.0,0.0,0.0,0.0,0.0,0.0,0.0,0.0,0.0,0.0,0.0,0.0,0.0,0.0,0.0,0.0,0.0,0.0,0.0,0.0,0.0,0.0,0.0,0.0,0.0,0.0,0.0,0.0,0.0,0.0,0.0,0.0,0.0,0.0,0.0,0.0,0.0,0.0,0.0,0.0,0.0,0.0,0.0,0.0,0.0,0.0,0.0,0.0,0.0,0.0,0.0,0.0,0.0,0.0,0.0,0.0,0.0,0.0,0.0,0.0,0.0,0.0,0.0,0.0,0.0,0.0,0.0,0.0,0.0,0.0,0.0,0.0,0.0,0.0,0.0,0.0,0.0,0.0,0.0,0.0,0.0,0.0,0.0,0.0,0.0,0.0,0.0,0.0,0.0,0.0,0.0,0.0,0.0,0.0,0.0,0.0,0.0,0.0,0.0,0.0,0.0,0.0,0.0,0.0,0.0,0.0
30.1160705276155,102.401090198072,11.3706888080417,225.0,50.0,96.4370263524467,5.0,5.0,0.5877837493844088,4.5738627571847526e+17,0.0,0.0,0.0,0.0,0.0,0.0,0.0,0.0,0.0,0.0,0.0,0.0,0.0,0.0,0.0,0.0,0.0,0.0,0.0,0.0,0.0,0.0,0.0,0.0,0.0,0.0,0.0,0.0,0.0,0.0,0.0,0.0,0.0,0.0,0.0,0.0,0.0,0.0,0.0,0.0,0.0,0.0,0.0,0.0,0.0,0.0,0.0,0.0,0.0,0.0,0.0,0.0,0.0,0.0,0.0,0.0,0.0,0.0,0.0,0.0,0.0,2877666111025892.5,5755332222051785.0,8556633305760702.0,1.1357934389469618e+16,1.1585511905573588e+16,1.1813089421677556e+16,9262508755136834.0,6711928088596112.0,4001334386611366.5,1290740684626621.0,645370342313310.5,0.0,1779892893425044.0,3559785786850088.0,5500076074310607.0,7440366361771126.0,7643790631067282.0,7847214900363440.0,6231922533300459.0,4616630166237478.0,2452705638838915.5,288781111440354.06,144390555720177.03,0.0,0.0,0.0,0.0,0.0,0.0,0.0,0.0,0.0,0.0,0.0,0.0,0.0,0.0,0.0,0.0,0.0,2383627681119521.5,4767255362239043.0,1.2266789618678522e+16,1.9766323875118e+16,3.040980943000198e+16,4.105329498488597e+16,5.15555780339953e+16,6.205786108310462e+16,6.9137156020062136e+16,7.621645095701963e+16,7.68575325407503e+16,7.749861412448094e+16,7.05132694277339e+16,6.3527924730986856e+16,5.045979865617524e+16,3.7391672581363624e+16,2.466830590365554e+16,1.194493922594745e+16,7212537443096174.0,2480135660244898.5,1240067830122449.2,0.0,0.0,0.0,0.0,0.0,0.0,0.0,0.0,0.0,0.0,0.0,0.0,0.0,0.0,0.0,0.0,0.0,0.0,0.0,0.0,0.0,0.0,0.0,0.0,0.0,0.0,0.0,0.0,0.0,0.0,0.0,0.0,0.0,0.0,0.0,0.0,0.0,0.0,0.0,0.0,0.0,0.0,0.0,0.0,0.0,0.0,0.0,0.0,0.0,0.0,0.0,0.0,0.0,0.0,0.0,0.0,0.0,0.0,0.0,0.0,0.0,0.0,0.0,0.0,0.0,0.0,0.0,0.0,0.0,0.0,0.0,0.0,0.0,0.0,0.0,0.0,0.0,0.0,0.0,0.0,0.0,0.0,0.0,0.0,0.0,0.0,0.0,0.0,0.0,0.0,0.0,0.0,0.0,0.0,0.0,0.0,0.0,0.0,0.0,0.0,0.0,0.0,0.0,0.0,0.0,0.0,0.0,0.0,0.0,0.0,0.0,0.0,0.0,0.0,0.0,0.0,0.0,0.0
30.1384680130079,102.374323002649,14.8927689400555,225.0,40.0,109.7734497857991,5.0,5.0,0.6925335359104541,5.388977411028635e+17,0.0,0.0,0.0,0.0,0.0,0.0,0.0,0.0,0.0,0.0,0.0,0.0,0.0,0.0,0.0,0.0,0.0,0.0,0.0,0.0,0.0,0.0,0.0,0.0,0.0,0.0,0.0,0.0,0.0,0.0,0.0,0.0,0.0,0.0,0.0,0.0,0.0,0.0,0.0,0.0,0.0,0.0,0.0,0.0,0.0,0.0,0.0,0.0,0.0,0.0,0.0,0.0,0.0,0.0,0.0,0.0,0.0,0.0,0.0,0.0,0.0,7226213453186734.0,1.4452426906373468e+16,2.1453286934864028e+16,2.845414696335459e+16,3.037545274060383e+16,3.229675851785308e+16,2.837045281097787e+16,2.4444147104102656e+16,1.914623165933594e+16,1.384831621456922e+16,1.3633330903295622e+16,1.341834559202202e+16,1.5131753404011246e+16,1.6845161216000476e+16,1.5920038213180612e+16,1.4994915210360746e+16,1.1564174826401574e+16,8133434442442402.0,5252181213538319.0,2370927984634234.5,2387536117207582.5,2404144249780929.5,1547153109947541.0,690161970114152.5,345080985057076.25,0.0,0.0,0.0,0.0,0.0,0.0,0.0,0.0,0.0,0.0,0.0,0.0,0.0,0.0,0.0,1996755852747122.8,3993511705494245.5,1.1503956007365964e+16,1.901440030923768e+16,2.9834375040227532e+16,4.0654349771217384e+16,5.1213712522741256e+16,6.177307527426514e+16,6.795622133404001e+16,7.413936739381486e+16,7.29663858344964e+16,7.179340427517794e+16,6.295107363239031e+16,5.410874298960268e+16,4.1014495643971384e+16,2.7920248298340092e+16,1.878595181285986e+16,9651655327379626.0,6573877357052775.0,3496099386725923.0,1748049693362961.5,0.0,0.0,0.0,0.0,0.0,0.0,0.0,0.0,0.0,0.0,0.0,0.0,0.0,0.0,0.0,0.0,0.0,0.0,0.0,0.0,0.0,0.0,0.0,0.0,0.0,0.0,0.0,0.0,0.0,0.0,0.0,0.0,0.0,0.0,0.0,0.0,0.0,0.0,0.0,0.0,0.0,0.0,0.0,0.0,0.0,0.0,0.0,0.0,0.0,0.0,0.0,0.0,0.0,0.0,0.0,0.0,0.0,0.0,0.0,0.0,0.0,0.0,0.0,0.0,0.0,0.0,0.0,0.0,0.0,0.0,0.0,0.0,0.0,0.0,0.0,0.0,0.0,0.0,0.0,0.0,0.0,0.0,0.0,0.0,0.0,0.0,0.0,0.0,0.0,0.0,0.0,0.0,0.0,0.0,0.0,0.0,0.0,0.0,0.0,0.0,0.0,0.0,0.0,0.0,0.0,0.0,0.0,0.0,0.0,0.0,0.0,0.0,0.0,0.0,0.0,0.0,0.0,0.0
30.164414512793,102.343277014335,17.7497379642719,225.0,30.0,123.39147702214945,5.0,5.0,0.8016121661071599,6.237777135049509e+17,0.0,0.0,0.0,0.0,0.0,0.0,0.0,0.0,0.0,0.0,0.0,0.0,0.0,0.0,0.0,0.0,0.0,0.0,0.0,0.0,0.0,0.0,0.0,0.0,0.0,0.0,0.0,0.0,0.0,0.0,0.0,0.0,0.0,0.0,0.0,0.0,0.0,0.0,0.0,0.0,0.0,0.0,0.0,0.0,0.0,0.0,0.0,0.0,0.0,0.0,0.0,0.0,0.0,0.0,0.0,0.0,0.0,0.0,0.0,0.0,0.0,1.1834564316166824e+16,2.366912863233365e+16,3.6095656694291416e+16,4.852218475624918e+16,5.371207808081747e+16,5.890197140538575e+16,5.616158124152309e+16,5.342119107766044e+16,4.831631123193481e+16,4.321143138620917e+16,4.06906989813432e+16,3.816996657647722e+16,3.5874362309186772e+16,3.3578758041896332e+16,2.8147494599263956e+16,2.2716231156631572e+16,1.56003124417422e+16,8484393726852831.0,7498539787399982.0,6512685847947134.0,5883863213920874.0,5255040579894614.0,3253264192136071.5,1251487804377529.8,625743902188764.9,0.0,0.0,0.0,0.0,0.0,0.0,0.0,0.0,0.0,0.0,0.0,0.0,0.0,0.0,0.0,448459689063293.0,896919378126586.0,6510805188949598.0,1.2124690999772608e+16,2.105814784185037e+16,2.9991604683928124e+16,3.893407270571047e+16,4.7876540727492824e+16,5.290037251606085e+16,5.792420430462887e+16,5.652800628299791e+16,5.5131808261366936e+16,4.754347966453543e+16,3.995515106770392e+16,3.081930583838501e+16,2.168346060906609e+16,1.6255127845967526e+16,1.0826795082868956e+16,7249431240474720.0,3672067398080482.5,1836033699040241.2,0.0,0.0,0.0,0.0,0.0,0.0,0.0,0.0,0.0,0.0,0.0,0.0,0.0,0.0,0.0,0.0,0.0,0.0,0.0,0.0,0.0,0.0,0.0,0.0,0.0,0.0,0.0,0.0,0.0,0.0,0.0,0.0,0.0,0.0,0.0,0.0,0.0,0.0,0.0,0.0,0.0,0.0,0.0,0.0,0.0,0.0,0.0,0.0,0.0,0.0,0.0,0.0,0.0,0.0,0.0,0.0,0.0,0.0,0.0,0.0,0.0,0.0,0.0,0.0,0.0,0.0,0.0,0.0,0.0,0.0,0.0,0.0,0.0,0.0,0.0,0.0,0.0,0.0,0.0,0.0,0.0,0.0,0.0,0.0,0.0,0.0,0.0,0.0,0.0,0.0,0.0,0.0,0.0,0.0,0.0,0.0,0.0,0.0,0.0,0.0,0.0,0.0,0.0,0.0,0.0,0.0,0.0,0.0,0.0,0.0,0.0,0.0,0.0,0.0,0.0,0.0,0.0,0.0
30.1925909066171,102.309535723892,20.0562836186236,225.0,25.0,133.78217164826063,5.0,5.0,0.7962988605147449,6.196431435049907e+17,0.0,0.0,0.0,0.0,0.0,0.0,0.0,0.0,0.0,0.0,0.0,0.0,0.0,0.0,0.0,0.0,0.0,0.0,0.0,0.0,0.0,0.0,0.0,0.0,0.0,0.0,0.0,0.0,0.0,0.0,0.0,0.0,0.0,0.0,0.0,0.0,0.0,0.0,0.0,0.0,0.0,0.0,0.0,0.0,0.0,0.0,0.0,0.0,0.0,0.0,0.0,0.0,0.0,0.0,0.0,0.0,0.0,0.0,0.0,0.0,0.0,1.371872857419503e+16,2.743745714839006e+16,4.2449565435237496e+16,5.746167372208494e+16,6.5445325160568216e+16,7.342897659905149e+16,7.292827117719704e+16,7.242756575534261e+16,6.762893267696171e+16,6.283029959858081e+16,5.7984961168894904e+16,5.3139622739209e+16,4.831903419135874e+16,4.349844564350847e+16,3.5742422675909736e+16,2.7986399708311004e+16,1.9802939721861764e+16,1.1619479735412526e+16,9529510131425820.0,7439540527439114.0,5903547509190722.0,4367554490942331.0,2301715472088614.5,235876453234897.72,117938226617448.86,0.0,0.0,0.0,0.0,0.0,0.0,0.0,0.0,0.0,0.0,0.0,0.0,0.0,0.0,0.0,197991647553048.2,395983295106096.4,2769383759557194.5,5142784224008294.0,9393452588841210.0,1.364412095367413e+16,1.8909664318454904e+16,2.4175207683235676e+16,2.958634898697135e+16,3.4997490290707028e+16,3.705947080624366e+16,3.91214513217803e+16,3.5383179732499868e+16,3.164490814321944e+16,2.5236578620699452e+16,1.8828249098179464e+16,1.3353463854329654e+16,7878678610479843.0,4910028186786525.0,1941377763093208.2,970688881546604.1,0.0,0.0,0.0,0.0,0.0,0.0,0.0,0.0,0.0,0.0,0.0,0.0,0.0,0.0,0.0,0.0,0.0,0.0,0.0,0.0,0.0,0.0,0.0,0.0,0.0,0.0,0.0,0.0,0.0,0.0,0.0,0.0,0.0,0.0,0.0,0.0,0.0,0.0,0.0,0.0,0.0,0.0,0.0,0.0,0.0,0.0,0.0,0.0,0.0,0.0,0.0,0.0,0.0,0.0,0.0,0.0,0.0,0.0,0.0,0.0,0.0,0.0,0.0,0.0,0.0,0.0,0.0,0.0,0.0,0.0,0.0,0.0,0.0,0.0,0.0,0.0,0.0,0.0,0.0,0.0,0.0,0.0,0.0,0.0,0.0,0.0,0.0,0.0,0.0,0.0,0.0,0.0,0.0,0.0,0.0,0.0,0.0,0.0,0.0,0.0,0.0,0.0,0.0,0.0,0.0,0.0,0.0,0.0,0.0,0.0,0.0,0.0,0.0,0.0,0.0,0.0,0.0,0.0
30.2219384552381,102.274368344753,21.9678796312896,225.0,20.0,141.90223134542754,5.0,5.0,0.5924144028576878,4.6098963724132115e+17,0.0,0.0,0.0,0.0,0.0,0.0,0.0,0.0,0.0,0.0,0.0,0.0,0.0,0.0,0.0,0.0,0.0,0.0,0.0,0.0,0.0,0.0,0.0,0.0,0.0,0.0,0.0,0.0,0.0,0.0,0.0,0.0,0.0,0.0,0.0,0.0,0.0,0.0,0.0,0.0,0.0,0.0,0.0,0.0,0.0,0.0,0.0,0.0,0.0,0.0,0.0,0.0,0.0,0.0,0.0,0.0,0.0,0.0,0.0,0.0,0.0,1.1116821458077278e+16,2.2233642916154556e+16,3.429617187657655e+16,4.635870083699855e+16,5.3075433171021224e+16,5.979216550504389e+16,6.004760563670303e+16,6.030304576836217e+16,5.647390610008936e+16,5.264476643181655e+16,4.8170461804131816e+16,4.369615717644708e+16,3.946946724593777e+16,3.524277731542846e+16,2.893593496715897e+16,2.262909261888947e+16,1.5865637791807414e+16,9102182964725356.0,5959130591940842.0,2816078219156326.5,1562127847271869.8,308177475387412.7,154088737693706.34,0.0,0.0,0.0,0.0,0.0,0.0,0.0,0.0,0.0,0.0,0.0,0.0,0.0,0.0,0.0,0.0,0.0,0.0,0.0,0.0,0.0,0.0,0.0,5246701515389379.0,1.0493403030778758e+16,1.7543498456764436e+16,2.4593593882750116e+16,2.752661112647927e+16,3.0459628370208428e+16,2.739919087002184e+16,2.4338753369835252e+16,1.824029027523951e+16,1.214182718064377e+16,7627208756765606.0,3112590332887442.0,1917822089347542.2,723053845807642.2,361526922903821.1,0.0,0.0,0.0,0.0,0.0,0.0,0.0,0.0,0.0,0.0,0.0,0.0,0.0,0.0,0.0,0.0,0.0,0.0,0.0,0.0,0.0,0.0,0.0,0.0,0.0,0.0,0.0,0.0,0.0,0.0,0.0,0.0,0.0,0.0,0.0,0.0,0.0,0.0,0.0,0.0,0.0,0.0,0.0,0.0,0.0,0.0,0.0,0.0,0.0,0.0,0.0,0.0,0.0,0.0,0.0,0.0,0.0,0.0,0.0,0.0,0.0,0.0,0.0,0.0,0.0,0.0,0.0,0.0,0.0,0.0,0.0,0.0,0.0,0.0,0.0,0.0,0.0,0.0,0.0,0.0,0.0,0.0,0.0,0.0,0.0,0.0,0.0,0.0,0.0,0.0,0.0,0.0,0.0,0.0,0.0,0.0,0.0,0.0,0.0,0.0,0.0,0.0,0.0,0.0,0.0,0.0,0.0,0.0,0.0,0.0,0.0,0.0,0.0,0.0,0.0,0.0,0.0,0.0
30.2522338060905,102.238050156041,23.46997760236,225.0,15.0,145.81389841250493,5.0,5.0,0.28273105374097374,2.2000830039275366e+17,0.0,0.0,0.0,0.0,0.0,0.0,0.0,0.0,0.0,0.0,0.0,0.0,0.0,0.0,0.0,0.0,0.0,0.0,0.0,0.0,0.0,0.0,0.0,0.0,0.0,0.0,0.0,0.0,0.0,0.0,0.0,0.0,0.0,0.0,0.0,0.0,0.0,0.0,0.0,0.0,0.0,0.0,0.0,0.0,0.0,0.0,0.0,0.0,0.0,0.0,0.0,0.0,0.0,0.0,0.0,0.0,0.0,0.0,0.0,0.0,0.0,5349971205964636.0,1.0699942411929272e+16,1.6047626027584286e+16,2.1395309643239296e+16,2.433712099337189e+16,2.7278932343504484e+16,2.7578613385312776e+16,2.7878294427121068e+16,2.630014353321028e+16,2.4721992639299496e+16,2.2909047091832684e+16,2.109610154436587e+16,1.922846043237336e+16,1.736081932038085e+16,1.4352885680395668e+16,1.1344952040410484e+16,7815569171117261.0,4286186301824038.0,2333626363676773.0,381066425529507.9,190533212764753.94,0.0,0.0,0.0,0.0,0.0,0.0,0.0,0.0,0.0,0.0,0.0,0.0,0.0,0.0,0.0,0.0,0.0,0.0,0.0,0.0,0.0,0.0,0.0,0.0,0.0,3365284946735026.0,6730569893470052.0,1.0635730291383036e+16,1.4540890689296018e+16,1.549197891557705e+16,1.6443067141858082e+16,1.4013647511806474e+16,1.1584227881754868e+16,7909623875420070.0,4235019869085271.5,2132973844385131.0,30927819684991.047,15463909842495.523,0.0,0.0,0.0,0.0,0.0,0.0,0.0,0.0,0.0,0.0,0.0,0.0,0.0,0.0,0.0,0.0,0.0,0.0,0.0,0.0,0.0,0.0,0.0,0.0,0.0,0.0,0.0,0.0,0.0,0.0,0.0,0.0,0.0,0.0,0.0,0.0,0.0,0.0,0.0,0.0,0.0,0.0,0.0,0.0,0.0,0.0,0.0,0.0,0.0,0.0,0.0,0.0,0.0,0.0,0.0,0.0,0.0,0.0,0.0,0.0,0.0,0.0,0.0,0.0,0.0,0.0,0.0,0.0,0.0,0.0,0.0,0.0,0.0,0.0,0.0,0.0,0.0,0.0,0.0,0.0,0.0,0.0,0.0,0.0,0.0,0.0,0.0,0.0,0.0,0.0,0.0,0.0,0.0,0.0,0.0,0.0,0.0,0.0,0.0,0.0,0.0,0.0,0.0,0.0,0.0,0.0,0.0,0.0,0.0,0.0,0.0,0.0,0.0,0.0,0.0,0.0,0.0,0.0,0.0,0.0
30.2832463932614,102.201024107467,24.5511456592836,225.0,10.0,90.0,5.0,5.0,0.0,0.0,0.0,0.0,0.0,0.0,0.0,0.0,0.0,0.0,0.0,0.0,0.0,0.0,0.0,0.0,0.0,0.0,0.0,0.0,0.0,0.0,0.0,0.0,0.0,0.0,0.0,0.0,0.0,0.0,0.0,0.0,0.0,0.0,0.0,0.0,0.0,0.0,0.0,0.0,0.0,0.0,0.0,0.0,0.0,0.0,0.0,0.0,0.0,0.0,0.0,0.0,0.0,0.0,0.0,0.0,0.0,0.0,0.0,0.0,0.0,0.0,0.0,0.0,0.0,0.0,0.0,0.0,0.0,0.0,0.0,0.0,0.0,0.0,0.0,0.0,0.0,0.0,0.0,0.0,0.0,0.0,0.0,0.0,0.0,0.0,0.0,0.0,0.0,0.0,0.0,0.0,0.0,0.0,0.0,0.0,0.0,0.0,0.0,0.0,0.0,0.0,0.0,0.0,0.0,0.0,0.0,0.0,0.0,0.0,0.0,0.0,0.0,0.0,0.0,0.0,0.0,0.0,0.0,0.0,0.0,0.0,0.0,0.0,0.0,0.0,0.0,0.0,0.0,0.0,0.0,0.0,0.0,0.0,0.0,0.0,0.0,0.0,0.0,0.0,0.0,0.0,0.0,0.0,0.0,0.0,0.0,0.0,0.0,0.0,0.0,0.0,0.0,0.0,0.0,0.0,0.0,0.0,0.0,0.0,0.0,0.0,0.0,0.0,0.0,0.0,0.0,0.0,0.0,0.0,0.0,0.0,0.0,0.0,0.0,0.0,0.0,0.0,0.0,0.0,0.0,0.0,0.0,0.0,0.0,0.0,0.0,0.0,0.0,0.0,0.0,0.0,0.0,0.0,0.0,0.0,0.0,0.0,0.0,0.0,0.0,0.0,0.0,0.0,0.0,0.0,0.0,0.0,0.0,0.0,0.0,0.0,0.0,0.0,0.0,0.0,0.0,0.0,0.0,0.0,0.0,0.0,0.0,0.0,0.0,0.0,0.0,0.0,0.0,0.0,0.0,0.0,0.0,0.0,0.0,0.0,0.0,0.0,0.0,0.0,0.0,0.0
30.0578575902179,102.395177584187,2.46201938253052,225.0,80.0,90.0,5.0,5.0,0.188538819500742,1.4671223654978038e+17,0.0,0.0,0.0,0.0,0.0,0.0,0.0,0.0,0.0,0.0,0.0,0.0,0.0,0.0,0.0,0.0,0.0,0.0,0.0,0.0,0.0,0.0,0.0,0.0,0.0,0.0,0.0,0.0,0.0,0.0,0.0,0.0,0.0,0.0,0.0,0.0,0.0,0.0,0.0,0.0,0.0,0.0,0.0,0.0,0.0,0.0,0.0,0.0,0.0,0.0,0.0,0.0,0.0,0.0,0.0,0.0,0.0,0.0,0.0,0.0,0.0,0.0,0.0,0.0,0.0,0.0,0.0,0.0,0.0,0.0,0.0,0.0,0.0,0.0,0.0,0.0,0.0,0.0,0.0,0.0,0.0,0.0,0.0,0.0,0.0,0.0,0.0,0.0,0.0,0.0,0.0,0.0,0.0,0.0,0.0,0.0,0.0,0.0,0.0,0.0,0.0,0.0,0.0,0.0,0.0,1625915736034060.0,3251831472068120.0,1.0629028810286392e+16,1.8006226148504662e+16,2.544884234608257e+16,3.289145854366047e+16,3.5689564959029644e+16,3.848767137439882e+16,3.507934561379403e+16,3.1671019853189252e+16,2.4574294190793852e+16,1.7477568528398446e+16,1.120201457897953e+16,4926460629560614.0,2463230314780307.0,0.0,0.0,0.0,0.0,0.0,0.0,0.0,0.0,0.0,0.0,0.0,0.0,0.0,0.0,0.0,0.0,0.0,0.0,0.0,0.0,0.0,0.0,0.0,0.0,0.0,0.0,0.0,0.0,0.0,0.0,0.0,0.0,0.0,0.0,0.0,0.0,0.0,0.0,0.0,0.0,0.0,0.0,0.0,0.0,0.0,0.0,0.0,0.0,0.0,0.0,0.0,0.0,0.0,0.0,0.0,0.0,0.0,0.0,0.0,0.0,0.0,0.0,0.0,0.0,0.0,0.0,0.0,0.0,0.0,0.0,0.0,0.0,0.0,0.0,0.0,0.0,0.0,0.0,0.0,0.0,0.0,0.0,0.0,0.0,0.0,0.0,0.0,0.0,0.0,0.0,0.0,0.0,0.0,0.0,0.0,0.0,0.0,0.0,0.0,0.0,0.0,0.0,0.0,0.0,0.0,0.0,0.0,0.0,0.0,0.0,0.0,0.0,0.0,0.0,0.0,0.0,0.0,0.0,0.0,0.0
30.0673369804973,102.383896445339,7.18980823265266,225.0,65.0,90.07252326361565,5.0,5.0,0.338097724404956,2.6309209663661414e+17,0.0,0.0,0.0,0.0,0.0,0.0,0.0,0.0,0.0,0.0,0.0,0.0,0.0,0.0,0.0,0.0,0.0,0.0,0.0,0.0,0.0,0.0,0.0,0.0,0.0,0.0,0.0,0.0,0.0,0.0,0.0,0.0,0.0,0.0,0.0,0.0,0.0,0.0,0.0,0.0,0.0,0.0,0.0,0.0,0.0,0.0,0.0,0.0,0.0,0.0,0.0,0.0,0.0,0.0,0.0,0.0,0.0,0.0,0.0,0.0,0.0,0.0,0.0,0.0,0.0,0.0,0.0,0.0,0.0,0.0,0.0,0.0,0.0,0.0,0.0,0.0,0.0,0.0,0.0,460299904273827.56,920599808547655.1,460299904273827.56,0.0,0.0,0.0,0.0,0.0,0.0,0.0,0.0,0.0,0.0,0.0,0.0,0.0,0.0,0.0,0.0,0.0,0.0,0.0,0.0,0.0,1331662873550266.5,2663325747100533.0,9939966615202210.0,1.7216607483303886e+16,2.7887192522236276e+16,3.8557777561168664e+16,4.706942930742176e+16,5.5581081053674856e+16,5.758198271625089e+16,5.958288437882692e+16,5.452525147425924e+16,4.9467618569691544e+16,3.9360306412708616e+16,2.9252994255725696e+16,1.9386609665646292e+16,9520225075566894.0,4924603889287201.0,328982703007508.2,164491351503754.1,0.0,0.0,0.0,0.0,0.0,0.0,0.0,0.0,0.0,0.0,0.0,0.0,0.0,0.0,0.0,0.0,0.0,0.0,0.0,0.0,0.0,0.0,0.0,0.0,0.0,0.0,0.0,0.0,0.0,0.0,0.0,0.0,0.0,0.0,0.0,0.0,0.0,0.0,0.0,0.0,0.0,0.0,0.0,0.0,0.0,0.0,0.0,0.0,0.0,0.0,0.0,0.0,0.0,0.0,0.0,0.0,0.0,0.0,0.0,0.0,0.0,0.0,0.0,0.0,0.0,0.0,0.0,0.0,0.0,0.0,0.0,0.0,0.0,0.0,0.0,0.0,0.0,0.0,0.0,0.0,0.0,0.0,0.0,0.0,0.0,0.0,0.0,0.0,0.0,0.0,0.0,0.0,0.0,0.0,0.0,0.0,0.0,0.0,0.0,0.0,0.0,0.0,0.0,0.0,0.0,0.0,0.0,0.0,0.0,0.0,0.0,0.0,0.0,0.0,0.0,0.0,0.0,0.0
30.0842747073149,102.363687980043,11.3706888080417,225.0,50.0,93.85865492506287,5.0,5.0,0.5247051846242217,4.083014382360766e+17,0.0,0.0,0.0,0.0,0.0,0.0,0.0,0.0,0.0,0.0,0.0,0.0,0.0,0.0,0.0,0.0,0.0,0.0,0.0,0.0,0.0,0.0,0.0,0.0,0.0,0.0,0.0,0.0,0.0,0.0,0.0,0.0,0.0,0.0,0.0,0.0,0.0,0.0,0.0,0.0,0.0,0.0,0.0,0.0,0.0,0.0,0.0,0.0,0.0,0.0,0.0,0.0,0.0,0.0,0.0,0.0,0.0,0.0,0.0,0.0,0.0,0.0,0.0,1815753724438527.0,3631507448877054.0,4156769943861102.5,4682032438845150.0,3443604499600042.0,2205176560354934.2,1102588280177467.1,0.0,85336463009331.58,170672926018663.16,2708131886872537.0,5245590847726411.0,6869205375985862.0,8492819904245313.0,7225573507841493.0,5958327111437674.0,3690081600944652.5,1421836090451631.0,710918045225815.5,0.0,0.0,0.0,0.0,0.0,0.0,0.0,0.0,0.0,0.0,0.0,0.0,0.0,0.0,0.0,0.0,0.0,0.0,0.0,384092195003810.44,768184390007620.9,7032346207062276.0,1.3296508024116928e+16,2.4936811334592664e+16,3.657711464506839e+16,4.931449272146425e+16,6.2051870797860104e+16,7.026639243168033e+16,7.848091406550058e+16,7.844116385956824e+16,7.840141365363589e+16,6.94617779158541e+16,6.052214217807231e+16,4.620432399712522e+16,3.1886505816178116e+16,2.0690856603022304e+16,9495207389866494.0,6958593185407802.0,4421978980949108.0,2506806973906661.0,591634966864213.4,295817483432106.7,0.0,0.0,0.0,0.0,0.0,0.0,0.0,0.0,0.0,0.0,0.0,0.0,0.0,0.0,0.0,0.0,0.0,0.0,0.0,0.0,0.0,0.0,0.0,0.0,0.0,0.0,0.0,0.0,0.0,0.0,0.0,0.0,0.0,0.0,0.0,0.0,0.0,0.0,0.0,0.0,0.0,0.0,0.0,0.0,0.0,0.0,0.0,0.0,0.0,0.0,0.0,0.0,0.0,0.0,0.0,0.0,0.0,0.0,0.0,0.0,0.0,0.0,0.0,0.0,0.0,0.0,0.0,0.0,0.0,0.0,0.0,0.0,0.0,0.0,0.0,0.0,0.0,0.0,0.0,0.0,0.0,0.0,0.0,0.0,0.0,0.0,0.0,0.0,0.0,0.0,0.0,0.0,0.0,0.0,0.0,0.0,0.0,0.0,0.0,0.0,0.0,0.0,0.0,0.0,0.0,0.0,0.0,0.0,0.0,0.0,0.0,0.0,0.0,0.0,0.0,0.0
30.1066721927073,102.336912826407,14.8927689400555,225.0,40.0,104.6052991474729,5.0,5.0,0.6235299378313173,4.8520231524319085e+17,0.0,0.0,0.0,0.0,0.0,0.0,0.0,0.0,0.0,0.0,0.0,0.0,0.0,0.0,0.0,0.0,0.0,0.0,0.0,0.0,0.0,0.0,0.0,0.0,0.0,0.0,0.0,0.0,0.0,0.0,0.0,0.0,0.0,0.0,0.0,0.0,0.0,0.0,0.0,0.0,0.0,0.0,0.0,0.0,0.0,0.0,0.0,0.0,0.0,0.0,0.0,0.0,0.0,0.0,0.0,0.0,0.0,0.0,0.0,0.0,0.0,0.0,0.0,5408246629974461.0,1.0816493259948922e+16,1.4000968997531176e+16,1.7185444735113428e+16,1.5735557951339824e+16,1.4285671167566218e+16,1.2758307913700686e+16,1.1230944659835152e+16,1.404824631745303e+16,1.6865547975070906e+16,1.870511395375117e+16,2.0544679932431428e+16,1.8637134503528724e+16,1.672958907462602e+16,1.2035742906534976e+16,7341896738443930.0,4597996268848916.0,1854095799253903.2,1828075846528979.0,1802055893804054.8,1018776160569356.5,235496427334658.44,117748213667329.22,0.0,0.0,0.0,0.0,0.0,0.0,0.0,0.0,0.0,0.0,0.0,0.0,0.0,0.0,0.0,313597305188787.6,627194610377575.2,7469320828757638.0,1.4311447047137702e+16,2.6430332578225136e+16,3.8549218109312584e+16,5.1114096420200136e+16,6.36789747310877e+16,7.027510801052011e+16,7.687124128995253e+16,7.464632819426971e+16,7.242141509858691e+16,6.194681985038081e+16,5.1472224602174696e+16,3.8422549778483784e+16,2.5372874954792876e+16,1.9283118606689264e+16,1.3193362258585654e+16,1.04757506339585e+16,7758139009331344.0,4906223438876988.0,2054307868422633.8,1027153934211316.9,0.0,0.0,0.0,0.0,0.0,0.0,0.0,0.0,0.0,0.0,0.0,0.0,0.0,0.0,0.0,0.0,0.0,0.0,0.0,0.0,0.0,0.0,0.0,0.0,0.0,0.0,0.0,0.0,0.0,0.0,0.0,0.0,0.0,0.0,0.0,0.0,0.0,0.0,0.0,0.0,0.0,0.0,0.0,0.0,0.0,0.0,0.0,0.0,0.0,0.0,0.0,0.0,0.0,0.0,0.0,0.0,0.0,0.0,0.0,0.0,0.0,0.0,0.0,0.0,0.0,0.0,0.0,0.0,0.0,0.0,0.0,0.0,0.0,0.0,0.0,0.0,0.0,0.0,0.0,0.0,0.0,0.0,0.0,0.0,0.0,0.0,0.0,0.0,0.0,0.0,0.0,0.0,0.0,0.0,0.0,0.0,0.0,0.0,0.0,0.0,0.0,0.0,0.0,0.0,0.0,0.0,0.0,0.0,0.0,0.0,0.0,0.0,0.0,0.0,0.0,0.0
30.1326186924924,102.305857047003,17.7497379642719,225.0,30.0,118.35559308539752,5.0,5.0,0.6850275747035142,5.3305694736583834e+17,0.0,0.0,0.0,0.0,0.0,0.0,0.0,0.0,0.0,0.0,0.0,0.0,0.0,0.0,0.0,0.0,0.0,0.0,0.0,0.0,0.0,0.0,0.0,0.0,0.0,0.0,0.0,0.0,0.0,0.0,0.0,0.0,0.0,0.0,0.0,0.0,0.0,0.0,0.0,0.0,0.0,0.0,0.0,0.0,0.0,0.0,0.0,0.0,0.0,0.0,0.0,0.0,0.0,0.0,0.0,0.0,0.0,0.0,0.0,0.0,0.0,0.0,0.0,9853337010358458.0,1.9706674020716916e+16,2.6683429943072584e+16,3.3660185865428252e+16,3.4700810662014984e+16,3.574143545860173e+16,3.5975133700128532e+16,3.620883194165534e+16,3.769962465115445e+16,3.919041736065356e+16,3.81346652471721e+16,3.707891313369062e+16,3.0786741641014304e+16,2.4494570148337984e+16,1.6500370700362082e+16,8506171252386179.0,7371553334817431.0,6236935417248681.0,5501131431009548.0,4765327444770416.0,2753754593589955.5,742181742409494.9,371090871204747.44,0.0,0.0,0.0,0.0,0.0,0.0,0.0,0.0,0.0,0.0,0.0,0.0,0.0,0.0,0.0,0.0,0.0,4544528622930600.0,9089057245861200.0,1.8473152197880956e+16,2.785724714990071e+16,3.765236866011794e+16,4.744749017033517e+16,5.252304539784711e+16,5.759860062535906e+16,5.553432676559117e+16,5.347005290582329e+16,4.587580553650566e+16,3.828155816718804e+16,3.099303500127213e+16,2.3704511835356212e+16,1.9783532146891172e+16,1.5862552458426132e+16,1.2613708221395786e+16,9364863984365438.0,6707116510844665.0,4049369037323893.0,2024684518661946.5,0.0,0.0,0.0,0.0,0.0,0.0,0.0,0.0,0.0,0.0,0.0,0.0,0.0,0.0,0.0,0.0,0.0,0.0,0.0,0.0,0.0,0.0,0.0,0.0,0.0,0.0,0.0,0.0,0.0,0.0,0.0,0.0,0.0,0.0,0.0,0.0,0.0,0.0,0.0,0.0,0.0,0.0,0.0,0.0,0.0,0.0,0.0,0.0,0.0,0.0,0.0,0.0,0.0,0.0,0.0,0.0,0.0,0.0,0.0,0.0,0.0,0.0,0.0,0.0,0.0,0.0,0.0,0.0,0.0,0.0,0.0,0.0,0.0,0.0,0.0,0.0,0.0,0.0,0.0,0.0,0.0,0.0,0.0,0.0,0.0,0.0,0.0,0.0,0.0,0.0,0.0,0.0,0.0,0.0,0.0,0.0,0.0,0.0,0.0,0.0,0.0,0.0,0.0,0.0,0.0,0.0,0.0,0.0,0.0,0.0,0.0,0.0,0.0,0.0,0.0,0.0
30.1607950863165,102.272104781444,20.0562836186236,225.0,25.0,131.62012162579634,5.0,5.0,0.6593436922742205,5.130709315179538e+17,0.0,0.0,0.0,0.0,0.0,0.0,0.0,0.0,0.0,0.0,0.0,0.0,0.0,0.0,0.0,0.0,0.0,0.0,0.0,0.0,0.0,0.0,0.0,0.0,0.0,0.0,0.0,0.0,0.0,0.0,0.0,0.0,0.0,0.0,0.0,0.0,0.0,0.0,0.0,0.0,0.0,0.0,0.0,0.0,0.0,0.0,0.0,0.0,0.0,0.0,0.0,0.0,0.0,0.0,0.0,0.0,0.0,0.0,0.0,0.0,0.0,0.0,0.0,1.2050147753259272e+16,2.4100295506518544e+16,3.4355710587137028e+16,4.461112566775551e+16,4.8544461799814744e+16,5.247779793187397e+16,5.2874332034590536e+16,5.32708661373071e+16,5.256509416037449e+16,5.185932218344187e+16,4.817346441187556e+16,4.448760664030924e+16,3.6026593200470252e+16,2.756557976063126e+16,1.919103053170414e+16,1.0816481302777022e+16,8522596431222790.0,6228711559668560.0,4619588909245689.0,3010466258822817.0,1505233129411408.5,0.0,0.0,0.0,0.0,0.0,0.0,0.0,0.0,0.0,0.0,0.0,0.0,0.0,0.0,0.0,0.0,0.0,0.0,0.0,1738576071276542.0,3477152142553084.0,8146248129260851.0,1.2815344115968618e+16,1.8695108213435412e+16,2.45748723109022e+16,3.0155642797171388e+16,3.5736413283440576e+16,3.747935604638579e+16,3.922229880933101e+16,3.60075190588894e+16,3.279273930844779e+16,2.729103186326669e+16,2.1789324418085584e+16,1.7004569702008156e+16,1.2219814985930726e+16,9782001536396664.0,7344188086862600.0,6007359597094122.0,4670531107325644.0,2335265553662822.0,0.0,0.0,0.0,0.0,0.0,0.0,0.0,0.0,0.0,0.0,0.0,0.0,0.0,0.0,0.0,0.0,0.0,0.0,0.0,0.0,0.0,0.0,0.0,0.0,0.0,0.0,0.0,0.0,0.0,0.0,0.0,0.0,0.0,0.0,0.0,0.0,0.0,0.0,0.0,0.0,0.0,0.0,0.0,0.0,0.0,0.0,0.0,0.0,0.0,0.0,0.0,0.0,0.0,0.0,0.0,0.0,0.0,0.0,0.0,0.0,0.0,0.0,0.0,0.0,0.0,0.0,0.0,0.0,0.0,0.0,0.0,0.0,0.0,0.0,0.0,0.0,0.0,0.0,0.0,0.0,0.0,0.0,0.0,0.0,0.0,0.0,0.0,0.0,0.0,0.0,0.0,0.0,0.0,0.0,0.0,0.0,0.0,0.0,0.0,0.0,0.0,0.0,0.0,0.0,0.0,0.0,0.0,0.0,0.0,0.0,0.0,0.0,0.0,0.0,0.0,0.0
30.1901426349375,102.236925721602,21.9678796312896,225.0,20.0,142.10257244233077,5.0,5.0,0.4756516057960087,3.701301996565873e+17,0.0,0.0,0.0,0.0,0.0,0.0,0.0,0.0,0.0,0.0,0.0,0.0,0.0,0.0,0.0,0.0,0.0,0.0,0.0,0.0,0.0,0.0,0.0,0.0,0.0,0.0,0.0,0.0,0.0,0.0,0.0,0.0,0.0,0.0,0.0,0.0,0.0,0.0,0.0,0.0,0.0,0.0,0.0,0.0,0.0,0.0,0.0,0.0,0.0,0.0,0.0,0.0,0.0,0.0,0.0,0.0,0.0,0.0,0.0,0.0,0.0,0.0,0.0,9852156325925602.0,1.9704312651851204e+16,2.803333231867762e+16,3.636235198550403e+16,4.028572666637703e+16,4.4209101347250024e+16,4.489385869636947e+16,4.5578616045488904e+16,4.427830576083312e+16,4.297799547617735e+16,3.86944468118752e+16,3.4410898147573036e+16,2.7593459254910492e+16,2.0776020362247948e+16,1.4037024944438404e+16,7298029526628859.0,4620275963799470.0,1942522400970080.8,971261200485040.4,0.0,0.0,0.0,0.0,0.0,0.0,0.0,0.0,0.0,0.0,0.0,0.0,0.0,0.0,0.0,0.0,0.0,0.0,0.0,0.0,0.0,0.0,0.0,24256635386248.92,48513270772497.84,5458466535808663.0,1.086841980084483e+16,1.7937972644481368e+16,2.5007525488117908e+16,2.7754554211124764e+16,3.0501582934131624e+16,2.746448744637242e+16,2.442739195861321e+16,1.8736311815533416e+16,1.304523167245362e+16,9146563221012660.0,5247894769571700.0,4540292402757317.0,3832690035942932.5,3861895909195248.0,3891101782447563.5,1945550891223781.8,0.0,0.0,0.0,0.0,0.0,0.0,0.0,0.0,0.0,0.0,0.0,0.0,0.0,0.0,0.0,0.0,0.0,0.0,0.0,0.0,0.0,0.0,0.0,0.0,0.0,0.0,0.0,0.0,0.0,0.0,0.0,0.0,0.0,0.0,0.0,0.0,0.0,0.0,0.0,0.0,0.0,0.0,0.0,0.0,0.0,0.0,0.0,0.0,0.0,0.0,0.0,0.0,0.0,0.0,0.0,0.0,0.0,0.0,0.0,0.0,0.0,0.0,0.0,0.0,0.0,0.0,0.0,0.0,0.0,0.0,0.0,0.0,0.0,0.0,0.0,0.0,0.0,0.0,0.0,0.0,0.0,0.0,0.0,0.0,0.0,0.0,0.0,0.0,0.0,0.0,0.0,0.0,0.0,0.0,0.0,0.0,0.0,0.0,0.0,0.0,0.0,0.0,0.0,0.0,0.0,0.0,0.0,0.0,0.0,0.0,0.0,0.0,0.0,0.0,0.0,0.0
30.2204379857899,102.200595404313,23.46997760236,225.0,15.0,146.5024419789316,5.0,5.0,0.22478653870543944,1.749185442397925e+17,0.0,0.0,0.0,0.0,0.0,0.0,0.0,0.0,0.0,0.0,0.0,0.0,0.0,0.0,0.0,0.0,0.0,0.0,0.0,0.0,0.0,0.0,0.0,0.0,0.0,0.0,0.0,0.0,0.0,0.0,0.0,0.0,0.0,0.0,0.0,0.0,0.0,0.0,0.0,0.0,0.0,0.0,0.0,0.0,0.0,0.0,0.0,0.0,0.0,0.0,0.0,0.0,0.0,0.0,0.0,0.0,0.0,0.0,0.0,0.0,0.0,0.0,0.0,4805376283303029.0,9610752566606058.0,1.2594982385452416e+16,1.5579212204298774e+16,1.83219965680897e+16,2.106478093188063e+16,2.1963855114458412e+16,2.2862929297036196e+16,2.1959630226459184e+16,2.1056331155882176e+16,1.89107450832046e+16,1.6765159010527024e+16,1.3147834263953186e+16,9530509517379342.0,5986260892957336.0,2442012268535331.5,1221006134267665.8,0.0,0.0,0.0,0.0,0.0,0.0,0.0,0.0,0.0,0.0,0.0,0.0,0.0,0.0,0.0,0.0,0.0,0.0,0.0,0.0,0.0,0.0,0.0,0.0,0.0,0.0,0.0,3313308142199143.0,6626616284398286.0,1.0362509163388554e+16,1.4098402042378822e+16,1.494068379639996e+16,1.5782965550421098e+16,1.3338041743214562e+16,1.089311793600803e+16,7496707815484556.0,4100297694961083.0,2271512308717839.0,442726922474594.56,935458208047538.9,1428189493620482.8,2031365428502542.2,2634541363384601.0,1317270681692300.5,0.0,0.0,0.0,0.0,0.0,0.0,0.0,0.0,0.0,0.0,0.0,0.0,0.0,0.0,0.0,0.0,0.0,0.0,0.0,0.0,0.0,0.0,0.0,0.0,0.0,0.0,0.0,0.0,0.0,0.0,0.0,0.0,0.0,0.0,0.0,0.0,0.0,0.0,0.0,0.0,0.0,0.0,0.0,0.0,0.0,0.0,0.0,0.0,0.0,0.0,0.0,0.0,0.0,0.0,0.0,0.0,0.0,0.0,0.0,0.0,0.0,0.0,0.0,0.0,0.0,0.0,0.0,0.0,0.0,0.0,0.0,0.0,0.0,0.0,0.0,0.0,0.0,0.0,0.0,0.0,0.0,0.0,0.0,0.0,0.0,0.0,0.0,0.0,0.0,0.0,0.0,0.0,0.0,0.0,0.0,0.0,0.0,0.0,0.0,0.0,0.0,0.0,0.0,0.0,0.0,0.0,0.0,0.0,0.0,0.0,0.0,0.0,0.0,0.0,0.0,0.0
30.2514505729608,102.163560063257,24.5511456592836,225.0,10.0,90.0,5.0,5.0,0.0,0.0,0.0,0.0,0.0,0.0,0.0,0.0,0.0,0.0,0.0,0.0,0.0,0.0,0.0,0.0,0.0,0.0,0.0,0.0,0.0,0.0,0.0,0.0,0.0,0.0,0.0,0.0,0.0,0.0,0.0,0.0,0.0,0.0,0.0,0.0,0.0,0.0,0.0,0.0,0.0,0.0,0.0,0.0,0.0,0.0,0.0,0.0,0.0,0.0,0.0,0.0,0.0,0.0,0.0,0.0,0.0,0.0,0.0,0.0,0.0,0.0,0.0,0.0,0.0,0.0,0.0,0.0,0.0,0.0,0.0,0.0,0.0,0.0,0.0,0.0,0.0,0.0,0.0,0.0,0.0,0.0,0.0,0.0,0.0,0.0,0.0,0.0,0.0,0.0,0.0,0.0,0.0,0.0,0.0,0.0,0.0,0.0,0.0,0.0,0.0,0.0,0.0,0.0,0.0,0.0,0.0,0.0,0.0,0.0,0.0,0.0,0.0,0.0,0.0,0.0,0.0,0.0,0.0,0.0,0.0,0.0,0.0,0.0,0.0,0.0,0.0,0.0,0.0,0.0,0.0,0.0,0.0,0.0,0.0,0.0,0.0,0.0,0.0,0.0,0.0,0.0,0.0,0.0,0.0,0.0,0.0,0.0,0.0,0.0,0.0,0.0,0.0,0.0,0.0,0.0,0.0,0.0,0.0,0.0,0.0,0.0,0.0,0.0,0.0,0.0,0.0,0.0,0.0,0.0,0.0,0.0,0.0,0.0,0.0,0.0,0.0,0.0,0.0,0.0,0.0,0.0,0.0,0.0,0.0,0.0,0.0,0.0,0.0,0.0,0.0,0.0,0.0,0.0,0.0,0.0,0.0,0.0,0.0,0.0,0.0,0.0,0.0,0.0,0.0,0.0,0.0,0.0,0.0,0.0,0.0,0.0,0.0,0.0,0.0,0.0,0.0,0.0,0.0,0.0,0.0,0.0,0.0,0.0,0.0,0.0,0.0,0.0,0.0,0.0,0.0,0.0,0.0,0.0,0.0,0.0,0.0,0.0,0.0,0.0,0.0,0.0
30.0260617699173,102.357783179972,2.46201938253052,225.0,80.0,90.07925522446175,5.0,5.0,0.13530134893776946,1.0528528588132106e+17,0.0,0.0,0.0,0.0,0.0,0.0,0.0,0.0,0.0,0.0,0.0,0.0,0.0,0.0,0.0,0.0,0.0,0.0,0.0,0.0,0.0,0.0,0.0,0.0,0.0,0.0,0.0,0.0,0.0,0.0,0.0,0.0,0.0,0.0,0.0,0.0,0.0,0.0,0.0,0.0,0.0,0.0,0.0,0.0,0.0,0.0,0.0,0.0,0.0,0.0,0.0,0.0,0.0,0.0,0.0,0.0,0.0,0.0,0.0,0.0,0.0,0.0,0.0,0.0,0.0,0.0,0.0,0.0,0.0,0.0,0.0,0.0,0.0,0.0,0.0,0.0,0.0,0.0,0.0,0.0,0.0,0.0,0.0,0.0,0.0,0.0,0.0,0.0,0.0,0.0,0.0,0.0,0.0,0.0,0.0,0.0,0.0,0.0,0.0,0.0,0.0,0.0,0.0,0.0,0.0,0.0,0.0,6410854503649756.0,1.2821709007299512e+16,1.993883529284825e+16,2.705596157839698e+16,2.935400453796715e+16,3.165204749753733e+16,2.783671786240277e+16,2.4021388227268216e+16,1.6805065735839136e+16,9588743244410058.0,4794371622205029.0,0.0,0.0,0.0,1892447495320.743,3784894990641.486,72718163204480.84,141651431418320.2,70825715709160.1,0.0,0.0,0.0,0.0,0.0,0.0,0.0,0.0,0.0,0.0,0.0,0.0,0.0,0.0,0.0,0.0,0.0,0.0,0.0,0.0,0.0,0.0,0.0,0.0,0.0,0.0,0.0,0.0,0.0,0.0,0.0,0.0,0.0,0.0,0.0,0.0,0.0,0.0,0.0,0.0,0.0,0.0,0.0,0.0,0.0,0.0,0.0,0.0,0.0,0.0,0.0,0.0,0.0,0.0,0.0,0.0,0.0,0.0,0.0,0.0,0.0,0.0,0.0,0.0,0.0,0.0,0.0,0.0,0.0,0.0,0.0,0.0,0.0,0.0,0.0,0.0,0.0,0.0,0.0,0.0,0.0,0.0,0.0,0.0,0.0,0.0,0.0,0.0,0.0,0.0,0.0,0.0,0.0,0.0,0.0,0.0,0.0,0.0,0.0,0.0,0.0,0.0,0.0,0.0,0.0,0.0,0.0,0.0,0.0,0.0,0.0,0.0,0.0,0.0
30.0355411601967,102.346499567861,7.18980823265266,225.0,65.0,90.52343168462531,5.0,5.0,0.3005983592321021,2.3391181562989718e+17,0.0,0.0,0.0,0.0,0.0,0.0,0.0,0.0,0.0,0.0,0.0,0.0,0.0,0.0,0.0,0.0,0.0,0.0,0.0,0.0,0.0,0.0,0.0,0.0,0.0,0.0,0.0,0.0,0.0,0.0,0.0,0.0,0.0,0.0,0.0,0.0,0.0,0.0,0.0,0.0,0.0,0.0,0.0,0.0,0.0,0.0,0.0,0.0,0.0,0.0,0.0,0.0,0.0,0.0,0.0,0.0,0.0,0.0,0.0,0.0,0.0,0.0,0.0,0.0,0.0,0.0,0.0,0.0,0.0,0.0,0.0,0.0,0.0,0.0,0.0,0.0,0.0,669189652732879.0,1338379305465758.0,1181545359299669.5,1024711413133581.5,512355706566790.75,0.0,0.0,0.0,0.0,0.0,0.0,0.0,0.0,0.0,0.0,0.0,0.0,0.0,0.0,0.0,0.0,0.0,0.0,0.0,0.0,0.0,713447825136856.6,1426895650273713.2,8203085829885734.0,1.4979276009497752e+16,2.574437776818395e+16,3.650947952687015e+16,4.503522018807002e+16,5.3560960849269864e+16,5.474003472738237e+16,5.591910860549488e+16,4.915522743218789e+16,4.239134625888091e+16,3.181107977128915e+16,2.123081328369739e+16,1.2873077877849434e+16,4515342472001471.0,2765422363656584.0,1015502255311697.4,507751127655848.7,0.0,0.0,0.0,0.0,0.0,0.0,0.0,0.0,0.0,0.0,0.0,0.0,0.0,0.0,0.0,0.0,0.0,0.0,0.0,0.0,0.0,0.0,0.0,0.0,0.0,0.0,0.0,0.0,0.0,0.0,0.0,0.0,0.0,0.0,0.0,0.0,0.0,0.0,0.0,0.0,0.0,0.0,0.0,0.0,0.0,0.0,0.0,0.0,0.0,0.0,0.0,0.0,0.0,0.0,0.0,0.0,0.0,0.0,0.0,0.0,0.0,0.0,0.0,0.0,0.0,0.0,0.0,0.0,0.0,0.0,0.0,0.0,0.0,0.0,0.0,0.0,0.0,0.0,0.0,0.0,0.0,0.0,0.0,0.0,0.0,0.0,0.0,0.0,0.0,0.0,0.0,0.0,0.0,0.0,0.0,0.0,0.0,0.0,0.0,0.0,0.0,0.0,0.0,0.0,0.0,0.0,0.0,0.0,0.0,0.0,0.0,0.0,0.0,0.0,0.0,0.0,0.0,0.0
30.0524788870142,102.326285762015,11.3706888080417,225.0,50.0,94.28474611986857,5.0,5.0,0.5134491345511618,3.995424978475248e+17,0.0,0.0,0.0,0.0,0.0,0.0,0.0,0.0,0.0,0.0,0.0,0.0,0.0,0.0,0.0,0.0,0.0,0.0,0.0,0.0,0.0,0.0,0.0,0.0,0.0,0.0,0.0,0.0,0.0,0.0,0.0,0.0,0.0,0.0,0.0,0.0,0.0,0.0,0.0,0.0,0.0,0.0,0.0,0.0,0.0,0.0,0.0,0.0,0.0,0.0,0.0,0.0,0.0,0.0,0.0,0.0,0.0,0.0,0.0,0.0,0.0,0.0,0.0,0.0,0.0,1197711684341.357,2395423368682.714,1197711684341.357,0.0,0.0,0.0,914828662558746.0,1829657325117492.0,5524840392967523.0,9220023460817554.0,1.0574677572528362e+16,1.192933168423917e+16,1.0495720882123898e+16,9062110080008626.0,5594212364864746.0,2126314649720865.0,1063157324860432.5,0.0,0.0,0.0,0.0,0.0,0.0,0.0,0.0,0.0,0.0,0.0,0.0,0.0,0.0,0.0,0.0,0.0,0.0,0.0,0.0,0.0,5359019932898232.0,1.0718039865796464e+16,2.2963450243266884e+16,3.5208860620737308e+16,4.9111145277652904e+16,6.3013429934568504e+16,7.1483652218822376e+16,7.995387450307626e+16,7.867905979230394e+16,7.740424508153162e+16,6.605422212760959e+16,5.470419917368755e+16,3.969891882889097e+16,2.469363848409438e+16,1.7565276776546752e+16,1.0436915068999124e+16,8931181013843687.0,7425446958688249.0,4619731245880612.0,1814015533072974.8,907007766536487.4,0.0,0.0,0.0,0.0,0.0,0.0,0.0,0.0,0.0,0.0,0.0,0.0,0.0,0.0,0.0,0.0,0.0,0.0,0.0,0.0,0.0,0.0,0.0,0.0,0.0,0.0,0.0,0.0,0.0,0.0,0.0,0.0,0.0,0.0,0.0,0.0,0.0,0.0,0.0,0.0,0.0,0.0,0.0,0.0,0.0,0.0,0.0,0.0,0.0,0.0,0.0,0.0,0.0,0.0,0.0,0.0,0.0,0.0,0.0,0.0,0.0,0.0,0.0,0.0,0.0,0.0,0.0,0.0,0.0,0.0,0.0,0.0,0.0,0.0,0.0,0.0,0.0,0.0,0.0,0.0,0.0,0.0,0.0,0.0,0.0,0.0,0.0,0.0,0.0,0.0,0.0,0.0,0.0,0.0,0.0,0.0,0.0,0.0,0.0,0.0,0.0,0.0,0.0,0.0,0.0,0.0,0.0,0.0,0.0,0.0,0.0,0.0,0.0,0.0,0.0,0.0
30.0748763724066,102.299502650164,14.8927689400555,225.0,40.0,103.65728275337044,5.0,5.0,0.6110541801976914,4.7549425453755437e+17,0.0,0.0,0.0,0.0,0.0,0.0,0.0,0.0,0.0,0.0,0.0,0.0,0.0,0.0,0.0,0.0,0.0,0.0,0.0,0.0,0.0,0.0,0.0,0.0,0.0,0.0,0.0,0.0,0.0,0.0,0.0,0.0,0.0,0.0,0.0,0.0,0.0,0.0,0.0,0.0,0.0,0.0,0.0,0.0,0.0,0.0,0.0,0.0,0.0,0.0,0.0,0.0,0.0,0.0,0.0,0.0,0.0,0.0,0.0,0.0,0.0,0.0,0.0,0.0,0.0,2696859554753773.0,5393719109507546.0,6061727950642269.0,6729736791776992.0,8363137378950530.0,9996537966124066.0,1.4975057759689868e+16,1.9953577553255668e+16,2.2819382702089324e+16,2.568518785092298e+16,2.2823653587615332e+16,1.996211932430769e+16,1.404487129029761e+16,8127623256287535.0,4942645796114862.0,1757668335942189.0,1526608143940321.0,1295547951938453.2,647773975969226.6,0.0,0.0,0.0,0.0,0.0,0.0,0.0,0.0,0.0,0.0,0.0,0.0,0.0,0.0,0.0,0.0,0.0,0.0,0.0,6553730566755291.0,1.3107461133510582e+16,2.6010021731730704e+16,3.8912582329950824e+16,5.229944080124939e+16,6.568629927254797e+16,7.215897386111786e+16,7.863164844968773e+16,7.47346421790496e+16,7.0837635908411464e+16,5.9080005861586e+16,4.732237581476053e+16,3.58498077592874e+16,2.437723970381427e+16,2.148255600389217e+16,1.8587872303970064e+16,1.5813843287513092e+16,1.3039814271056122e+16,9272223053713818.0,5504631836371513.0,3044803604890831.0,584975373410149.1,292487686705074.56,0.0,0.0,0.0,0.0,0.0,0.0,0.0,0.0,0.0,0.0,0.0,0.0,0.0,0.0,0.0,0.0,0.0,0.0,0.0,0.0,0.0,0.0,0.0,0.0,0.0,0.0,0.0,0.0,0.0,0.0,0.0,0.0,0.0,0.0,0.0,0.0,0.0,0.0,0.0,0.0,0.0,0.0,0.0,0.0,0.0,0.0,0.0,0.0,0.0,0.0,0.0,0.0,0.0,0.0,0.0,0.0,0.0,0.0,0.0,0.0,0.0,0.0,0.0,0.0,0.0,0.0,0.0,0.0,0.0,0.0,0.0,0.0,0.0,0.0,0.0,0.0,0.0,0.0,0.0,0.0,0.0,0.0,0.0,0.0,0.0,0.0,0.0,0.0,0.0,0.0,0.0,0.0,0.0,0.0,0.0,0.0,0.0,0.0,0.0,0.0,0.0,0.0,0.0,0.0,0.0,0.0,0.0,0.0,0.0,0.0,0.0,0.0,0.0,0.0
30.1008228721917,102.268437079672,17.7497379642719,225.0,30.0,118.92706724733995,5.0,5.0,0.6235805709724355,4.8524171562448454e+17,0.0,0.0,0.0,0.0,0.0,0.0,0.0,0.0,0.0,0.0,0.0,0.0,0.0,0.0,0.0,0.0,0.0,0.0,0.0,0.0,0.0,0.0,0.0,0.0,0.0,0.0,0.0,0.0,0.0,0.0,0.0,0.0,0.0,0.0,0.0,0.0,0.0,0.0,0.0,0.0,0.0,0.0,0.0,0.0,0.0,0.0,0.0,0.0,0.0,0.0,0.0,0.0,0.0,0.0,0.0,0.0,0.0,0.0,0.0,0.0,0.0,0.0,0.0,0.0,0.0,6089849746297128.0,1.2179699492594256e+16,1.638053929684253e+16,2.058137910109081e+16,2.4217649536449532e+16,2.785391997180826e+16,3.284822453309348e+16,3.78425290943787e+16,3.796620930128041e+16,3.808988950818212e+16,3.1652668426991556e+16,2.5215447345800988e+16,1.741166045373307e+16,9607873561665150.0,8282480875561374.0,6957088189457598.0,5619845029758260.0,4282601870058921.0,2503607509830499.5,724613149602077.2,362306574801038.6,0.0,0.0,0.0,0.0,0.0,0.0,0.0,0.0,0.0,0.0,0.0,0.0,0.0,0.0,0.0,0.0,0.0,4408226420730482.0,8816452841460964.0,1.822133404985584e+16,2.7626215258250716e+16,3.741793722905781e+16,4.7209659199864904e+16,5.159073580173066e+16,5.5971812403596424e+16,5.297573961917027e+16,4.997966683474412e+16,4.307226728826572e+16,3.616486774178731e+16,3.1124937367795184e+16,2.6085006993803064e+16,2.3535349844133384e+16,2.098569269446371e+16,1.823041803357444e+16,1.547514337268517e+16,1.2649494198084614e+16,9823845023484062.0,6796078499594618.0,3768311975705174.5,1884155987852587.2,0.0,0.0,0.0,0.0,0.0,0.0,0.0,0.0,0.0,0.0,0.0,0.0,0.0,0.0,0.0,0.0,0.0,0.0,0.0,0.0,0.0,0.0,0.0,0.0,0.0,0.0,0.0,0.0,0.0,0.0,0.0,0.0,0.0,0.0,0.0,0.0,0.0,0.0,0.0,0.0,0.0,0.0,0.0,0.0,0.0,0.0,0.0,0.0,0.0,0.0,0.0,0.0,0.0,0.0,0.0,0.0,0.0,0.0,0.0,0.0,0.0,0.0,0.0,0.0,0.0,0.0,0.0,0.0,0.0,0.0,0.0,0.0,0.0,0.0,0.0,0.0,0.0,0.0,0.0,0.0,0.0,0.0,0.0,0.0,0.0,0.0,0.0,0.0,0.0,0.0,0.0,0.0,0.0,0.0,0.0,0.0,0.0,0.0,0.0,0.0,0.0,0.0,0.0,0.0,0.0,0.0,0.0,0.0,0.0,0.0,0.0,0.0,0.0,0.0
30.1289992660158,102.234673838996,20.0562836186236,225.0,25.0,135.07182702233982,5.0,5.0,0.581656517672735,4.526183458531094e+17,0.0,0.0,0.0,0.0,0.0,0.0,0.0,0.0,0.0,0.0,0.0,0.0,0.0,0.0,0.0,0.0,0.0,0.0,0.0,0.0,0.0,0.0,0.0,0.0,0.0,0.0,0.0,0.0,0.0,0.0,0.0,0.0,0.0,0.0,0.0,0.0,0.0,0.0,0.0,0.0,0.0,0.0,0.0,0.0,0.0,0.0,0.0,0.0,0.0,0.0,0.0,0.0,0.0,0.0,0.0,0.0,0.0,0.0,0.0,0.0,0.0,0.0,0.0,0.0,0.0,8695661776149374.0,1.7391323552298748e+16,2.416481893837093e+16,3.0938314324443104e+16,3.5219937041014828e+16,3.950155975758655e+16,4.2879393123366424e+16,4.625722648914631e+16,4.5240385082995704e+16,4.422354367684508e+16,3.616285848560159e+16,2.810217329435812e+16,2.0212460315603536e+16,1.2322747336848956e+16,9786330629827310.0,7249913922805664.0,5147008621584169.0,3044103320362674.5,1522051660181337.2,0.0,0.0,0.0,0.0,0.0,0.0,0.0,0.0,0.0,0.0,0.0,0.0,0.0,0.0,0.0,0.0,0.0,0.0,0.0,1380625503413901.5,2761251006827803.0,7424803157828856.0,1.208835530882991e+16,1.831674316199749e+16,2.4545131015165068e+16,3.0183566888624856e+16,3.5822002762084656e+16,3.772292775542738e+16,3.962385274877011e+16,3.710597348361629e+16,3.4588094218462476e+16,3.0190459893067452e+16,2.579282556767244e+16,2.187012046323183e+16,1.7947415358791224e+16,1.580361987375397e+16,1.3659824388716718e+16,1.2346156792116868e+16,1.1032489195517018e+16,8379343901546904.0,5726198607576788.0,2863099303788394.0,0.0,0.0,0.0,0.0,0.0,0.0,0.0,0.0,0.0,0.0,0.0,0.0,0.0,0.0,0.0,0.0,0.0,0.0,0.0,0.0,0.0,0.0,0.0,0.0,0.0,0.0,0.0,0.0,0.0,0.0,0.0,0.0,0.0,0.0,0.0,0.0,0.0,0.0,0.0,0.0,0.0,0.0,0.0,0.0,0.0,0.0,0.0,0.0,0.0,0.0,0.0,0.0,0.0,0.0,0.0,0.0,0.0,0.0,0.0,0.0,0.0,0.0,0.0,0.0,0.0,0.0,0.0,0.0,0.0,0.0,0.0,0.0,0.0,0.0,0.0,0.0,0.0,0.0,0.0,0.0,0.0,0.0,0.0,0.0,0.0,0.0,0.0,0.0,0.0,0.0,0.0,0.0,0.0,0.0,0.0,0.0,0.0,0.0,0.0,0.0,0.0,0.0,0.0,0.0,0.0,0.0,0.0,0.0,0.0,0.0,0.0,0.0,0.0,0.0
30.1583468146369,102.199483098451,21.9678796312896,225.0,20.0,148.01689887871072,5.0,5.0,0.41535920522433933,3.2321342698214054e+17,0.0,0.0,0.0,0.0,0.0,0.0,0.0,0.0,0.0,0.0,0.0,0.0,0.0,0.0,0.0,0.0,0.0,0.0,0.0,0.0,0.0,0.0,0.0,0.0,0.0,0.0,0.0,0.0,0.0,0.0,0.0,0.0,0.0,0.0,0.0,0.0,0.0,0.0,0.0,0.0,0.0,0.0,0.0,0.0,0.0,0.0,0.0,0.0,0.0,0.0,0.0,0.0,0.0,0.0,0.0,0.0,0.0,0.0,0.0,0.0,0.0,0.0,0.0,0.0,0.0,6390968525039406.0,1.2781937050078812e+16,1.9297528566701644e+16,2.5813120083324476e+16,3.0152643328744452e+16,3.4492166574164436e+16,3.624287295531623e+16,3.799357933646803e+16,3.6210301750134616e+16,3.44270241638012e+16,2.786542778418639e+16,2.130383140457159e+16,1.4663080871964418e+16,8022330339357243.0,5290059445219470.0,2557788551081698.0,1278894275540849.0,0.0,0.0,0.0,0.0,0.0,0.0,0.0,0.0,0.0,0.0,0.0,0.0,0.0,0.0,0.0,0.0,0.0,0.0,0.0,0.0,0.0,0.0,0.0,201972039580875.2,403944079161750.4,6532640513211320.0,1.2661336947260892e+16,1.9718066452871464e+16,2.6774795958482036e+16,2.924821336550037e+16,3.1721630772518696e+16,2.8784232892675636e+16,2.5846835012832584e+16,2.0732190720457548e+16,1.5617546428082516e+16,1.2383498296508992e+16,9149450164935472.0,8765588889929458.0,8381727614923446.0,8803256769724494.0,9224785924525540.0,7632191250547842.0,6039596576570142.0,3019798288285071.0,0.0,0.0,0.0,0.0,0.0,0.0,0.0,0.0,0.0,0.0,0.0,0.0,0.0,0.0,0.0,0.0,0.0,0.0,0.0,0.0,0.0,0.0,0.0,0.0,0.0,0.0,0.0,0.0,0.0,0.0,0.0,0.0,0.0,0.0,0.0,0.0,0.0,0.0,0.0,0.0,0.0,0.0,0.0,0.0,0.0,0.0,0.0,0.0,0.0,0.0,0.0,0.0,0.0,0.0,0.0,0.0,0.0,0.0,0.0,0.0,0.0,0.0,0.0,0.0,0.0,0.0,0.0,0.0,0.0,0.0,0.0,0.0,0.0,0.0,0.0,0.0,0.0,0.0,0.0,0.0,0.0,0.0,0.0,0.0,0.0,0.0,0.0,0.0,0.0,0.0,0.0,0.0,0.0,0.0,0.0,0.0,0.0,0.0,0.0,0.0,0.0,0.0,0.0,0.0,0.0,0.0,0.0,0.0,0.0,0.0,0.0,0.0,0.0,0.0
30.1886421654892,102.163140652585,23.46997760236,225.0,15.0,153.28991326831414,5.0,5.0,0.18967061608426788,1.4759294858843738e+17,0.0,0.0,0.0,0.0,0.0,0.0,0.0,0.0,0.0,0.0,0.0,0.0,0.0,0.0,0.0,0.0,0.0,0.0,0.0,0.0,0.0,0.0,0.0,0.0,0.0,0.0,0.0,0.0,0.0,0.0,0.0,0.0,0.0,0.0,0.0,0.0,0.0,0.0,0.0,0.0,0.0,0.0,0.0,0.0,0.0,0.0,0.0,0.0,0.0,0.0,0.0,0.0,0.0,0.0,0.0,0.0,0.0,0.0,0.0,0.0,0.0,0.0,0.0,0.0,0.0,0.0,0.0,5117379035034466.0,1.0234758070068932e+16,1.3957095606348086e+16,1.7679433142627238e+16,1.892947020448461e+16,2.0179507266341976e+16,1.843209892114374e+16,1.6684690575945502e+16,1.3139908926396046e+16,9595127276846584.0,6136541552652580.0,2677955828458576.5,1338977914229288.2,0.0,0.0,0.0,0.0,0.0,0.0,0.0,0.0,0.0,0.0,0.0,0.0,0.0,0.0,0.0,0.0,0.0,0.0,0.0,0.0,0.0,0.0,0.0,0.0,0.0,238592959551481.9,477185919102963.8,4181367321595980.0,7885548724088996.0,1.1443118214717526e+16,1.5000687705346058e+16,1.5365809141591372e+16,1.5730930577836686e+16,1.3198717155473862e+16,1.0666503733111044e+16,7546464970205673.0,4426426207300301.5,3037206332218841.5,1647986457137381.2,2390117729182895.0,3132249001228408.5,4209680739203208.5,5287112477178008.0,4834119822315316.0,4381127167452623.5,3143422812909353.5,1905718458366083.2,952859229183041.6,0.0,0.0,0.0,0.0,0.0,0.0,0.0,0.0,0.0,0.0,0.0,0.0,0.0,0.0,0.0,0.0,0.0,0.0,0.0,0.0,0.0,0.0,0.0,0.0,0.0,0.0,0.0,0.0,0.0,0.0,0.0,0.0,0.0,0.0,0.0,0.0,0.0,0.0,0.0,0.0,0.0,0.0,0.0,0.0,0.0,0.0,0.0,0.0,0.0,0.0,0.0,0.0,0.0,0.0,0.0,0.0,0.0,0.0,0.0,0.0,0.0,0.0,0.0,0.0,0.0,0.0,0.0,0.0,0.0,0.0,0.0,0.0,0.0,0.0,0.0,0.0,0.0,0.0,0.0,0.0,0.0,0.0,0.0,0.0,0.0,0.0,0.0,0.0,0.0,0.0,0.0,0.0,0.0,0.0,0.0,0.0,0.0,0.0,0.0,0.0,0.0,0.0,0.0,0.0,0.0,0.0,0.0,0.0,0.0,0.0,0.0,0.0
30.2196547526602,102.126096019047,24.5511456592836,225.0,10.0,90.0,5.0,5.0,0.0,0.0,0.0,0.0,0.0,0.0,0.0,0.0,0.0,0.0,0.0,0.0,0.0,0.0,0.0,0.0,0.0,0.0,0.0,0.0,0.0,0.0,0.0,0.0,0.0,0.0,0.0,0.0,0.0,0.0,0.0,0.0,0.0,0.0,0.0,0.0,0.0,0.0,0.0,0.0,0.0,0.0,0.0,0.0,0.0,0.0,0.0,0.0,0.0,0.0,0.0,0.0,0.0,0.0,0.0,0.0,0.0,0.0,0.0,0.0,0.0,0.0,0.0,0.0,0.0,0.0,0.0,0.0,0.0,0.0,0.0,0.0,0.0,0.0,0.0,0.0,0.0,0.0,0.0,0.0,0.0,0.0,0.0,0.0,0.0,0.0,0.0,0.0,0.0,0.0,0.0,0.0,0.0,0.0,0.0,0.0,0.0,0.0,0.0,0.0,0.0,0.0,0.0,0.0,0.0,0.0,0.0,0.0,0.0,0.0,0.0,0.0,0.0,0.0,0.0,0.0,0.0,0.0,0.0,0.0,0.0,0.0,0.0,0.0,0.0,0.0,0.0,0.0,0.0,0.0,0.0,0.0,0.0,0.0,0.0,0.0,0.0,0.0,0.0,0.0,0.0,0.0,0.0,0.0,0.0,0.0,0.0,0.0,0.0,0.0,0.0,0.0,0.0,0.0,0.0,0.0,0.0,0.0,0.0,0.0,0.0,0.0,0.0,0.0,0.0,0.0,0.0,0.0,0.0,0.0,0.0,0.0,0.0,0.0,0.0,0.0,0.0,0.0,0.0,0.0,0.0,0.0,0.0,0.0,0.0,0.0,0.0,0.0,0.0,0.0,0.0,0.0,0.0,0.0,0.0,0.0,0.0,0.0,0.0,0.0,0.0,0.0,0.0,0.0,0.0,0.0,0.0,0.0,0.0,0.0,0.0,0.0,0.0,0.0,0.0,0.0,0.0,0.0,0.0,0.0,0.0,0.0,0.0,0.0,0.0,0.0,0.0,0.0,0.0,0.0,0.0,0.0,0.0,0.0,0.0,0.0,0.0,0.0,0.0,0.0,0.0,0.0
29.9942659496167,102.320388775758,2.46201938253052,225.0,80.0,90.0,5.0,5.0,0.14806352771619,1.1521622634646411e+17,0.0,0.0,0.0,0.0,0.0,0.0,0.0,0.0,0.0,0.0,0.0,0.0,0.0,0.0,0.0,0.0,0.0,0.0,0.0,0.0,0.0,0.0,0.0,0.0,0.0,0.0,0.0,0.0,0.0,0.0,0.0,0.0,0.0,0.0,0.0,0.0,0.0,0.0,0.0,0.0,0.0,0.0,0.0,0.0,0.0,0.0,0.0,0.0,0.0,0.0,0.0,0.0,0.0,0.0,0.0,0.0,0.0,0.0,0.0,0.0,0.0,0.0,0.0,0.0,0.0,0.0,0.0,0.0,0.0,0.0,0.0,0.0,0.0,0.0,0.0,0.0,0.0,0.0,0.0,0.0,0.0,0.0,0.0,0.0,0.0,0.0,0.0,0.0,0.0,0.0,0.0,0.0,0.0,0.0,0.0,0.0,0.0,0.0,0.0,0.0,0.0,0.0,0.0,0.0,0.0,1642531054784569.2,3285062109569138.5,1.0334657298963132e+16,1.7384252488357122e+16,2.3845288273701784e+16,3.030632405904645e+16,3.150353744659566e+16,3.2700750834144876e+16,2.7899971527789308e+16,2.3099192221433744e+16,1.576839438112056e+16,8437596540807372.0,4220322316956382.5,3048093105393.7153,1524046552696.8577,0.0,0.0,0.0,0.0,0.0,0.0,0.0,0.0,0.0,0.0,0.0,0.0,0.0,0.0,0.0,0.0,0.0,0.0,0.0,0.0,0.0,0.0,0.0,0.0,0.0,0.0,0.0,0.0,0.0,0.0,0.0,0.0,0.0,0.0,0.0,0.0,0.0,0.0,0.0,0.0,0.0,0.0,0.0,0.0,0.0,0.0,0.0,0.0,0.0,0.0,0.0,0.0,0.0,0.0,0.0,0.0,0.0,0.0,0.0,0.0,0.0,0.0,0.0,0.0,0.0,0.0,0.0,0.0,0.0,0.0,0.0,0.0,0.0,0.0,0.0,0.0,0.0,0.0,0.0,0.0,0.0,0.0,0.0,0.0,0.0,0.0,0.0,0.0,0.0,0.0,0.0,0.0,0.0,0.0,0.0,0.0,0.0,0.0,0.0,0.0,0.0,0.0,0.0,0.0,0.0,0.0,0.0,0.0,0.0,0.0,0.0,0.0,0.0,0.0,0.0,0.0,0.0,0.0,0.0,0.0
30.003745339896,102.309102690383,7.18980823265266,225.0,65.0,93.13245481824482,5.0,5.0,0.2997245993429345,2.3323189587710186e+17,0.0,0.0,0.0,0.0,0.0,0.0,0.0,0.0,0.0,0.0,0.0,0.0,0.0,0.0,0.0,0.0,0.0,0.0,0.0,0.0,0.0,0.0,0.0,0.0,0.0,0.0,0.0,0.0,0.0,0.0,0.0,0.0,0.0,0.0,0.0,0.0,0.0,0.0,0.0,0.0,0.0,0.0,0.0,0.0,0.0,0.0,0.0,0.0,0.0,0.0,0.0,0.0,0.0,0.0,0.0,0.0,0.0,0.0,0.0,0.0,0.0,0.0,0.0,0.0,0.0,0.0,0.0,0.0,0.0,0.0,0.0,0.0,0.0,0.0,0.0,0.0,0.0,722039376233257.4,1444078752466514.8,1165999057444133.2,887919362421752.2,443959681210876.1,0.0,0.0,0.0,0.0,0.0,0.0,0.0,0.0,0.0,0.0,0.0,0.0,0.0,0.0,0.0,0.0,0.0,0.0,0.0,0.0,0.0,1154240045125835.8,2308480090251671.5,9874403537253192.0,1.7440326984254712e+16,2.8201270883743804e+16,3.89622147832329e+16,4.650584736620528e+16,5.404947994917766e+16,5.389345980158967e+16,5.373743965400169e+16,4.576174381819953e+16,3.778604798239735e+16,2.706986713867658e+16,1.6353686294955804e+16,1.0905738665801882e+16,5457791036647959.0,4685113919054762.0,3912436801461564.5,2402215493646908.0,891994185832251.2,445997092916125.6,0.0,0.0,0.0,0.0,0.0,0.0,0.0,0.0,0.0,0.0,0.0,0.0,0.0,0.0,0.0,0.0,0.0,0.0,0.0,0.0,0.0,0.0,0.0,0.0,0.0,0.0,0.0,0.0,0.0,0.0,0.0,0.0,0.0,0.0,0.0,0.0,0.0,0.0,0.0,0.0,0.0,0.0,0.0,0.0,0.0,0.0,0.0,0.0,0.0,0.0,0.0,0.0,0.0,0.0,0.0,0.0,0.0,0.0,0.0,0.0,0.0,0.0,0.0,0.0,0.0,0.0,0.0,0.0,0.0,0.0,0.0,0.0,0.0,0.0,0.0,0.0,0.0,0.0,0.0,0.0,0.0,0.0,0.0,0.0,0.0,0.0,0.0,0.0,0.0,0.0,0.0,0.0,0.0,0.0,0.0,0.0,0.0,0.0,0.0,0.0,0.0,0.0,0.0,0.0,0.0,0.0,0.0,0.0,0.0,0.0,0.0,0.0,0.0,0.0,0.0,0.0
30.0206830667136,102.288883543986,11.3706888080417,225.0,50.0,99.0452404855275,5.0,5.0,0.4991844656377956,3.884423886739132e+17,0.0,0.0,0.0,0.0,0.0,0.0,0.0,0.0,0.0,0.0,0.0,0.0,0.0,0.0,0.0,0.0,0.0,0.0,0.0,0.0,0.0,0.0,0.0,0.0,0.0,0.0,0.0,0.0,0.0,0.0,0.0,0.0,0.0,0.0,0.0,0.0,0.0,0.0,0.0,0.0,0.0,0.0,0.0,0.0,0.0,0.0,0.0,0.0,0.0,0.0,0.0,0.0,0.0,0.0,0.0,0.0,0.0,0.0,0.0,0.0,0.0,0.0,0.0,0.0,0.0,0.0,0.0,0.0,0.0,0.0,0.0,533557172882278.9,1067114345764557.8,4404947699378982.5,7742781052993409.0,9203834178217412.0,1.0664887303441418e+16,8949967280218596.0,7235047256995775.0,4476583010009359.0,1718118763022943.8,859059381511471.9,0.0,0.0,0.0,0.0,0.0,0.0,0.0,0.0,0.0,0.0,0.0,0.0,0.0,0.0,0.0,0.0,0.0,0.0,0.0,0.0,0.0,5121748178112887.0,1.0243496356225774e+16,2.2489302138311936e+16,3.473510792039809e+16,4.844388806522147e+16,6.215266821004486e+16,6.9837231566785736e+16,7.752179492352661e+16,7.45325977609866e+16,7.1543400598446584e+16,5.9082774632773176e+16,4.662214866709976e+16,3.4239159922344164e+16,2.1856171177588576e+16,1.9476606732236136e+16,1.7097042286883694e+16,1.5093064276205252e+16,1.3089086265526806e+16,9121304905740590.0,5153523545954373.0,2576761772977186.5,0.0,0.0,0.0,0.0,0.0,0.0,0.0,0.0,0.0,0.0,0.0,0.0,0.0,0.0,0.0,0.0,0.0,0.0,0.0,0.0,0.0,0.0,0.0,0.0,0.0,0.0,0.0,0.0,0.0,0.0,0.0,0.0,0.0,0.0,0.0,0.0,0.0,0.0,0.0,0.0,0.0,0.0,0.0,0.0,0.0,0.0,0.0,0.0,0.0,0.0,0.0,0.0,0.0,0.0,0.0,0.0,0.0,0.0,0.0,0.0,0.0,0.0,0.0,0.0,0.0,0.0,0.0,0.0,0.0,0.0,0.0,0.0,0.0,0.0,0.0,0.0,0.0,0.0,0.0,0.0,0.0,0.0,0.0,0.0,0.0,0.0,0.0,0.0,0.0,0.0,0.0,0.0,0.0,0.0,0.0,0.0,0.0,0.0,0.0,0.0,0.0,0.0,0.0,0.0,0.0,0.0,0.0,0.0,0.0,0.0,0.0,0.0,0.0,0.0,0.0,0.0
30.043080552106,102.262092473921,14.8927689400555,225.0,40.0,110.24277716413359,5.0,5.0,0.58319962569691,4.538191215345533e+17,0.0,0.0,0.0,0.0,0.0,0.0,0.0,0.0,0.0,0.0,0.0,0.0,0.0,0.0,0.0,0.0,0.0,0.0,0.0,0.0,0.0,0.0,0.0,0.0,0.0,0.0,0.0,0.0,0.0,0.0,0.0,0.0,0.0,0.0,0.0,0.0,0.0,0.0,0.0,0.0,0.0,0.0,0.0,0.0,0.0,0.0,0.0,0.0,0.0,0.0,0.0,0.0,0.0,0.0,0.0,0.0,0.0,0.0,0.0,0.0,0.0,0.0,0.0,0.0,0.0,0.0,0.0,968024272820836.9,1936048545641673.8,3950254529051840.0,5964460512462006.0,1.0861748380786254e+16,1.5759036249110504e+16,1.9027424484974796e+16,2.229581272083909e+16,1.972074882909242e+16,1.7145684937345752e+16,1.2397162765660906e+16,7648640593976064.0,5658192523000979.0,3667744452025894.0,2928975182092055.0,2190205912158216.2,1120415665848584.6,50625419538952.68,25312709769476.34,0.0,0.0,0.0,0.0,0.0,0.0,0.0,0.0,0.0,0.0,0.0,0.0,0.0,0.0,0.0,0.0,0.0,6295662179119380.0,1.259132435823876e+16,2.499938754852596e+16,3.740745073881315e+16,5.003753958651536e+16,6.266762843421755e+16,6.789269459855759e+16,7.311776076289763e+16,6.807708814668691e+16,6.303641553047619e+16,5.1963114682496536e+16,4.088981383451687e+16,3.4273157389251996e+16,2.765650094398711e+16,2.685301895626911e+16,2.604953696855111e+16,2.3019320676657788e+16,1.9989104384764464e+16,1.5401652610917938e+16,1.081420083707141e+16,6877663117496139.0,2941125397920869.0,1470562698960434.5,0.0,0.0,0.0,0.0,0.0,0.0,0.0,0.0,0.0,0.0,0.0,0.0,0.0,0.0,0.0,0.0,0.0,0.0,0.0,0.0,0.0,0.0,0.0,0.0,0.0,0.0,0.0,0.0,0.0,0.0,0.0,0.0,0.0,0.0,0.0,0.0,0.0,0.0,0.0,0.0,0.0,0.0,0.0,0.0,0.0,0.0,0.0,0.0,0.0,0.0,0.0,0.0,0.0,0.0,0.0,0.0,0.0,0.0,0.0,0.0,0.0,0.0,0.0,0.0,0.0,0.0,0.0,0.0,0.0,0.0,0.0,0.0,0.0,0.0,0.0,0.0,0.0,0.0,0.0,0.0,0.0,0.0,0.0,0.0,0.0,0.0,0.0,0.0,0.0,0.0,0.0,0.0,0.0,0.0,0.0,0.0,0.0,0.0,0.0,0.0,0.0,0.0,0.0,0.0,0.0,0.0,0.0,0.0,0.0,0.0,0.0,0.0,0.0,0.0
30.0690270518911,102.231017112341,17.7497379642719,225.0,30.0,128.9102283027829,5.0,5.0,0.584825066512151,4.550839648066964e+17,0.0,0.0,0.0,0.0,0.0,0.0,0.0,0.0,0.0,0.0,0.0,0.0,0.0,0.0,0.0,0.0,0.0,0.0,0.0,0.0,0.0,0.0,0.0,0.0,0.0,0.0,0.0,0.0,0.0,0.0,0.0,0.0,0.0,0.0,0.0,0.0,0.0,0.0,0.0,0.0,0.0,0.0,0.0,0.0,0.0,0.0,0.0,0.0,0.0,0.0,0.0,0.0,0.0,0.0,0.0,0.0,0.0,0.0,0.0,0.0,0.0,0.0,0.0,0.0,0.0,0.0,0.0,3943434063797655.5,7886868127595311.0,1.246643519164217e+16,1.704600225568903e+16,2.248220594479802e+16,2.7918409633907012e+16,2.982812794890774e+16,3.1737846263908476e+16,2.675648839553496e+16,2.177513052716144e+16,1.6462201349952614e+16,1.114927217274379e+16,1.0203987768432992e+16,9258703364122196.0,7377618570107962.0,5496533776093730.0,3184486450741629.5,872439125389528.4,436219562694764.2,0.0,0.0,0.0,0.0,0.0,0.0,0.0,0.0,0.0,0.0,0.0,0.0,0.0,0.0,0.0,0.0,0.0,4178625983539935.0,8357251967079870.0,1.7282023706411082e+16,2.6206795445742292e+16,3.5070574676061884e+16,4.3934353906381464e+16,4.747965101888098e+16,5.102494813138047e+16,4.838275778788562e+16,4.574056744439076e+16,4.120796056124758e+16,3.667535367810441e+16,3.451438160484915e+16,3.2353409531593896e+16,3.0459680557247984e+16,2.856595158290208e+16,2.5869698940591732e+16,2.317344629828138e+16,1.978823570338226e+16,1.6403025108483136e+16,1.2314372505630582e+16,8225719902778029.0,4753828232873088.0,1281936562968145.5,640968281484072.8,0.0,0.0,0.0,0.0,0.0,0.0,0.0,0.0,0.0,0.0,0.0,0.0,0.0,0.0,0.0,0.0,0.0,0.0,0.0,0.0,0.0,0.0,0.0,0.0,0.0,0.0,0.0,0.0,0.0,0.0,0.0,0.0,0.0,0.0,0.0,0.0,0.0,0.0,0.0,0.0,0.0,0.0,0.0,0.0,0.0,0.0,0.0,0.0,0.0,0.0,0.0,0.0,0.0,0.0,0.0,0.0,0.0,0.0,0.0,0.0,0.0,0.0,0.0,0.0,0.0,0.0,0.0,0.0,0.0,0.0,0.0,0.0,0.0,0.0,0.0,0.0,0.0,0.0,0.0,0.0,0.0,0.0,0.0,0.0,0.0,0.0,0.0,0.0,0.0,0.0,0.0,0.0,0.0,0.0,0.0,0.0,0.0,0.0,0.0,0.0,0.0,0.0,0.0,0.0,0.0,0.0,0.0,0.0,0.0,0.0,0.0,0.0
30.0972034457152,102.197242896549,20.0562836186236,225.0,25.0,146.53235980446553,5.0,5.0,0.5454518735342052,4.2444555719813594e+17,0.0,0.0,0.0,0.0,0.0,0.0,0.0,0.0,0.0,0.0,0.0,0.0,0.0,0.0,0.0,0.0,0.0,0.0,0.0,0.0,0.0,0.0,0.0,0.0,0.0,0.0,0.0,0.0,0.0,0.0,0.0,0.0,0.0,0.0,0.0,0.0,0.0,0.0,0.0,0.0,0.0,0.0,0.0,0.0,0.0,0.0,0.0,0.0,0.0,0.0,0.0,0.0,0.0,0.0,0.0,0.0,0.0,0.0,0.0,0.0,0.0,0.0,0.0,0.0,0.0,0.0,0.0,6164401509961827.0,1.2328803019923654e+16,1.6724030368364998e+16,2.111925771680634e+16,2.762625710278119e+16,3.4133256488756036e+16,3.613944834491068e+16,3.814564020106532e+16,3.2822829600025612e+16,2.7500018998985892e+16,2.132560112603882e+16,1.5151183253091744e+16,1.2486677807481922e+16,9822172361872102.0,6922099915130216.0,4022027468388331.0,2011013734194165.5,0.0,0.0,0.0,0.0,0.0,0.0,0.0,0.0,0.0,0.0,0.0,0.0,0.0,0.0,0.0,0.0,0.0,0.0,0.0,1028066408219843.6,2056132816439687.2,6310213379904387.0,1.0564293943369086e+16,1.6856629948587346e+16,2.31489659538056e+16,2.9364852912647776e+16,3.558073987148994e+16,3.826934165865668e+16,4.095794344582342e+16,3.935635256028913e+16,3.7754761674754824e+16,3.4164476093991908e+16,3.057419051322899e+16,2.7709137283802696e+16,2.484408405437639e+16,2.323575684417374e+16,2.1627429633971096e+16,2.0196442936498264e+16,1.876545623902544e+16,1.5583034460520352e+16,1.2400612682015262e+16,8174599771481011.0,3948586860946762.0,1974293430473381.0,0.0,0.0,0.0,0.0,0.0,0.0,0.0,0.0,0.0,0.0,0.0,0.0,0.0,0.0,0.0,0.0,0.0,0.0,0.0,0.0,0.0,0.0,0.0,0.0,0.0,0.0,0.0,0.0,0.0,0.0,0.0,0.0,0.0,0.0,0.0,0.0,0.0,0.0,0.0,0.0,0.0,0.0,0.0,0.0,0.0,0.0,0.0,0.0,0.0,0.0,0.0,0.0,0.0,0.0,0.0,0.0,0.0,0.0,0.0,0.0,0.0,0.0,0.0,0.0,0.0,0.0,0.0,0.0,0.0,0.0,0.0,0.0,0.0,0.0,0.0,0.0,0.0,0.0,0.0,0.0,0.0,0.0,0.0,0.0,0.0,0.0,0.0,0.0,0.0,0.0,0.0,0.0,0.0,0.0,0.0,0.0,0.0,0.0,0.0,0.0,0.0,0.0,0.0,0.0,0.0,0.0,0.0,0.0,0.0,0.0,0.0,0.0
30.1265509943362,102.1620404753,21.9678796312896,225.0,20.0,158.8310345505087,5.0,5.0,0.40058841876226237,3.1171948041352954e+17,0.0,0.0,0.0,0.0,0.0,0.0,0.0,0.0,0.0,0.0,0.0,0.0,0.0,0.0,0.0,0.0,0.0,0.0,0.0,0.0,0.0,0.0,0.0,0.0,0.0,0.0,0.0,0.0,0.0,0.0,0.0,0.0,0.0,0.0,0.0,0.0,0.0,0.0,0.0,0.0,0.0,0.0,0.0,0.0,0.0,0.0,0.0,0.0,0.0,0.0,0.0,0.0,0.0,0.0,0.0,0.0,0.0,0.0,0.0,0.0,0.0,0.0,0.0,0.0,0.0,0.0,0.0,4348779832902596.0,8697559665805192.0,1.3590147369174222e+16,1.8482735072543252e+16,2.3627175204009196e+16,2.877161533547514e+16,2.9684908402203708e+16,3.059820146893227e+16,2.596600155805203e+16,2.133380164717179e+16,1.605868412147412e+16,1.078356659577645e+16,7742570848604569.0,4701575101432687.0,2688720566998666.0,675866032564645.6,337933016282322.8,0.0,0.0,0.0,0.0,0.0,0.0,0.0,0.0,0.0,0.0,0.0,0.0,0.0,0.0,0.0,0.0,0.0,0.0,0.0,0.0,0.0,514391126258911.2,1028782252517822.4,7957056507666667.0,1.4885330762815512e+16,2.2105099967303864e+16,2.9324869171792212e+16,3.1571177732672324e+16,3.3817486293552428e+16,3.0786784771067724e+16,2.7756083248583028e+16,2.3277019417441772e+16,1.8797955586300516e+16,1.6547963555551224e+16,1.4297971524801934e+16,1.452797659287702e+16,1.4757981660952108e+16,1.5308303692865446e+16,1.5858625724778782e+16,1.4121265382689566e+16,1.238390504060035e+16,8574736633866890.0,4765568227133431.0,2382784113566715.5,0.0,0.0,0.0,0.0,0.0,0.0,0.0,0.0,0.0,0.0,0.0,0.0,0.0,0.0,0.0,0.0,0.0,0.0,0.0,0.0,0.0,0.0,0.0,0.0,0.0,0.0,0.0,0.0,0.0,0.0,0.0,0.0,0.0,0.0,0.0,0.0,0.0,0.0,0.0,0.0,0.0,0.0,0.0,0.0,0.0,0.0,0.0,0.0,0.0,0.0,0.0,0.0,0.0,0.0,0.0,0.0,0.0,0.0,0.0,0.0,0.0,0.0,0.0,0.0,0.0,0.0,0.0,0.0,0.0,0.0,0.0,0.0,0.0,0.0,0.0,0.0,0.0,0.0,0.0,0.0,0.0,0.0,0.0,0.0,0.0,0.0,0.0,0.0,0.0,0.0,0.0,0.0,0.0,0.0,0.0,0.0,0.0,0.0,0.0,0.0,0.0,0.0,0.0,0.0,0.0,0.0,0.0,0.0,0.0,0.0,0.0,0.0
30.1568463451886,102.125685900856,23.46997760236,225.0,15.0,160.9672378005769,5.0,5.0,0.188163424033813,1.464201210656077e+17,0.0,0.0,0.0,0.0,0.0,0.0,0.0,0.0,0.0,0.0,0.0,0.0,0.0,0.0,0.0,0.0,0.0,0.0,0.0,0.0,0.0,0.0,0.0,0.0,0.0,0.0,0.0,0.0,0.0,0.0,0.0,0.0,0.0,0.0,0.0,0.0,0.0,0.0,0.0,0.0,0.0,0.0,0.0,0.0,0.0,0.0,0.0,0.0,0.0,0.0,0.0,0.0,0.0,0.0,0.0,0.0,0.0,0.0,0.0,0.0,0.0,0.0,0.0,0.0,0.0,0.0,0.0,0.0,0.0,4849400740177808.0,9698801480355616.0,1.26422554500261e+16,1.5585709419696584e+16,1.5536398546458568e+16,1.5487087673220552e+16,1.265588732225278e+16,9824686971285006.0,6859361437609402.0,3894035903933797.5,2195928776229150.0,497821648524502.6,248910824262251.3,0.0,0.0,0.0,0.0,0.0,0.0,0.0,0.0,0.0,0.0,0.0,0.0,0.0,0.0,0.0,0.0,0.0,0.0,0.0,0.0,0.0,0.0,0.0,672132178399146.1,1344264356798292.2,5407523460194509.0,9470782563590722.0,1.2852167054559406e+16,1.623355154552809e+16,1.6243999686979326e+16,1.6254447828430566e+16,1.354308360443881e+16,1.0831719380447056e+16,8077916444955280.0,5324113509463503.0,4482990038208551.0,3641866566953599.0,4733616123998472.0,5825365681043344.0,7043452365716297.0,8261539050389249.0,7987752010599304.0,7713964970809359.0,5903212651827668.0,4092460332845977.5,3265181257568945.5,2437902182291914.0,1218951091145957.0,0.0,0.0,0.0,0.0,0.0,0.0,0.0,0.0,0.0,0.0,0.0,0.0,0.0,0.0,0.0,0.0,0.0,0.0,0.0,0.0,0.0,0.0,0.0,0.0,0.0,0.0,0.0,0.0,0.0,0.0,0.0,0.0,0.0,0.0,0.0,0.0,0.0,0.0,0.0,0.0,0.0,0.0,0.0,0.0,0.0,0.0,0.0,0.0,0.0,0.0,0.0,0.0,0.0,0.0,0.0,0.0,0.0,0.0,0.0,0.0,0.0,0.0,0.0,0.0,0.0,0.0,0.0,0.0,0.0,0.0,0.0,0.0,0.0,0.0,0.0,0.0,0.0,0.0,0.0,0.0,0.0,0.0,0.0,0.0,0.0,0.0,0.0,0.0,0.0,0.0,0.0,0.0,0.0,0.0,0.0,0.0,0.0,0.0,0.0,0.0,0.0,0.0,0.0,0.0,0.0,0.0,0.0,0.0,0.0,0.0
30.1878589323595,102.088631974836,24.5511456592836,225.0,10.0,90.0,5.0,5.0,0.0,0.0,0.0,0.0,0.0,0.0,0.0,0.0,0.0,0.0,0.0,0.0,0.0,0.0,0.0,0.0,0.0,0.0,0.0,0.0,0.0,0.0,0.0,0.0,0.0,0.0,0.0,0.0,0.0,0.0,0.0,0.0,0.0,0.0,0.0,0.0,0.0,0.0,0.0,0.0,0.0,0.0,0.0,0.0,0.0,0.0,0.0,0.0,0.0,0.0,0.0,0.0,0.0,0.0,0.0,0.0,0.0,0.0,0.0,0.0,0.0,0.0,0.0,0.0,0.0,0.0,0.0,0.0,0.0,0.0,0.0,0.0,0.0,0.0,0.0,0.0,0.0,0.0,0.0,0.0,0.0,0.0,0.0,0.0,0.0,0.0,0.0,0.0,0.0,0.0,0.0,0.0,0.0,0.0,0.0,0.0,0.0,0.0,0.0,0.0,0.0,0.0,0.0,0.0,0.0,0.0,0.0,0.0,0.0,0.0,0.0,0.0,0.0,0.0,0.0,0.0,0.0,0.0,0.0,0.0,0.0,0.0,0.0,0.0,0.0,0.0,0.0,0.0,0.0,0.0,0.0,0.0,0.0,0.0,0.0,0.0,0.0,0.0,0.0,0.0,0.0,0.0,0.0,0.0,0.0,0.0,0.0,0.0,0.0,0.0,0.0,0.0,0.0,0.0,0.0,0.0,0.0,0.0,0.0,0.0,0.0,0.0,0.0,0.0,0.0,0.0,0.0,0.0,0.0,0.0,0.0,0.0,0.0,0.0,0.0,0.0,0.0,0.0,0.0,0.0,0.0,0.0,0.0,0.0,0.0,0.0,0.0,0.0,0.0,0.0,0.0,0.0,0.0,0.0,0.0,0.0,0.0,0.0,0.0,0.0,0.0,0.0,0.0,0.0,0.0,0.0,0.0,0.0,0.0,0.0,0.0,0.0,0.0,0.0,0.0,0.0,0.0,0.0,0.0,0.0,0.0,0.0,0.0,0.0,0.0,0.0,0.0,0.0,0.0,0.0,0.0,0.0,0.0,0.0,0.0,0.0,0.0,0.0,0.0,0.0,0.0,0.0
29.962470129316,102.282994371544,2.46201938253052,225.0,80.0,90.89687905495005,5.0,5.0,0.13768708774425942,1.0714175807654645e+17,0.0,0.0,0.0,0.0,0.0,0.0,0.0,0.0,0.0,0.0,0.0,0.0,0.0,0.0,0.0,0.0,0.0,0.0,0.0,0.0,0.0,0.0,0.0,0.0,0.0,0.0,0.0,0.0,0.0,0.0,0.0,0.0,0.0,0.0,0.0,0.0,0.0,0.0,0.0,0.0,0.0,0.0,0.0,0.0,0.0,0.0,0.0,0.0,0.0,0.0,0.0,0.0,0.0,0.0,0.0,0.0,0.0,0.0,0.0,0.0,0.0,0.0,0.0,0.0,0.0,0.0,0.0,0.0,0.0,0.0,0.0,0.0,0.0,0.0,0.0,0.0,0.0,0.0,0.0,0.0,0.0,0.0,0.0,0.0,0.0,0.0,0.0,0.0,0.0,0.0,0.0,0.0,0.0,0.0,0.0,0.0,0.0,0.0,0.0,0.0,0.0,0.0,0.0,0.0,0.0,2003783149217005.5,4007566298434011.0,1.1287968936433838e+16,1.8568371574433664e+16,2.4242223388974256e+16,2.9916075203514844e+16,2.970714278018748e+16,2.949821035686012e+16,2.3854939175530784e+16,1.8211667994201452e+16,1.1750053825244788e+16,5288439656288127.0,2939494838476505.5,590550020664884.5,661759877472704.0,732969734280523.5,530438486074671.0,327907237868818.44,163953618934409.22,0.0,0.0,0.0,0.0,0.0,0.0,0.0,0.0,0.0,0.0,0.0,0.0,0.0,0.0,0.0,0.0,0.0,0.0,0.0,0.0,0.0,0.0,0.0,0.0,0.0,0.0,0.0,0.0,0.0,0.0,0.0,0.0,0.0,0.0,0.0,0.0,0.0,0.0,0.0,0.0,0.0,0.0,0.0,0.0,0.0,0.0,0.0,0.0,0.0,0.0,0.0,0.0,0.0,0.0,0.0,0.0,0.0,0.0,0.0,0.0,0.0,0.0,0.0,0.0,0.0,0.0,0.0,0.0,0.0,0.0,0.0,0.0,0.0,0.0,0.0,0.0,0.0,0.0,0.0,0.0,0.0,0.0,0.0,0.0,0.0,0.0,0.0,0.0,0.0,0.0,0.0,0.0,0.0,0.0,0.0,0.0,0.0,0.0,0.0,0.0,0.0,0.0,0.0,0.0,0.0,0.0,0.0,0.0,0.0,0.0,0.0,0.0,0.0,0.0,0.0,0.0
29.9719495195954,102.271705812905,7.18980823265266,225.0,65.0,97.5036815180567,5.0,5.0,0.2705517388481074,2.1053091779161018e+17,0.0,0.0,0.0,0.0,0.0,0.0,0.0,0.0,0.0,0.0,0.0,0.0,0.0,0.0,0.0,0.0,0.0,0.0,0.0,0.0,0.0,0.0,0.0,0.0,0.0,0.0,0.0,0.0,0.0,0.0,0.0,0.0,0.0,0.0,0.0,0.0,0.0,0.0,0.0,0.0,0.0,0.0,0.0,0.0,0.0,0.0,0.0,0.0,0.0,0.0,0.0,0.0,0.0,0.0,0.0,0.0,0.0,0.0,0.0,0.0,0.0,0.0,0.0,0.0,0.0,0.0,0.0,0.0,0.0,0.0,0.0,0.0,0.0,0.0,0.0,0.0,0.0,91846493484284.75,183692986968569.5,91846493484284.75,0.0,0.0,0.0,0.0,0.0,0.0,0.0,0.0,0.0,0.0,0.0,0.0,0.0,0.0,0.0,0.0,0.0,0.0,0.0,0.0,0.0,0.0,0.0,727021460022275.5,1454042920044551.0,8999072760762101.0,1.6544102601479652e+16,2.7260061235115284e+16,3.797601986875092e+16,4.428893725455005e+16,5.0601854640349176e+16,4.845359208185515e+16,4.630532952336113e+16,3.742110540133837e+16,2.8536881279315596e+16,1.9973691587144476e+16,1.1410501894973354e+16,9933937328557118.0,8457372762140885.0,7535569003795807.0,6613765245450728.0,4530559657113167.0,2447354068775604.5,1223677034387802.2,0.0,0.0,0.0,0.0,0.0,0.0,0.0,0.0,0.0,0.0,0.0,0.0,0.0,0.0,0.0,0.0,0.0,0.0,0.0,0.0,0.0,0.0,0.0,0.0,0.0,0.0,0.0,0.0,0.0,0.0,0.0,0.0,0.0,0.0,0.0,0.0,0.0,0.0,0.0,0.0,0.0,0.0,0.0,0.0,0.0,0.0,0.0,0.0,0.0,0.0,0.0,0.0,0.0,0.0,0.0,0.0,0.0,0.0,0.0,0.0,0.0,0.0,0.0,0.0,0.0,0.0,0.0,0.0,0.0,0.0,0.0,0.0,0.0,0.0,0.0,0.0,0.0,0.0,0.0,0.0,0.0,0.0,0.0,0.0,0.0,0.0,0.0,0.0,0.0,0.0,0.0,0.0,0.0,0.0,0.0,0.0,0.0,0.0,0.0,0.0,0.0,0.0,0.0,0.0,0.0,0.0,0.0,0.0,0.0,0.0,0.0,0.0,0.0,0.0,0.0,0.0
29.988887246413,102.251481325957,11.3706888080417,225.0,50.0,105.653044912427,5.0,5.0,0.459960170870321,3.5791984680342374e+17,0.0,0.0,0.0,0.0,0.0,0.0,0.0,0.0,0.0,0.0,0.0,0.0,0.0,0.0,0.0,0.0,0.0,0.0,0.0,0.0,0.0,0.0,0.0,0.0,0.0,0.0,0.0,0.0,0.0,0.0,0.0,0.0,0.0,0.0,0.0,0.0,0.0,0.0,0.0,0.0,0.0,0.0,0.0,0.0,0.0,0.0,0.0,0.0,0.0,0.0,0.0,0.0,0.0,0.0,0.0,0.0,0.0,0.0,0.0,0.0,0.0,0.0,0.0,0.0,0.0,0.0,0.0,0.0,0.0,0.0,0.0,220858215728135.53,441716431456271.06,3285290757497769.5,6128865083539267.0,6826359259103786.0,7523853434668305.0,6326370640302201.0,5128887845936100.0,2795873275011537.0,462858704086974.94,231701768715033.44,544833343091.88556,272416671545.94278,0.0,0.0,0.0,0.0,0.0,0.0,0.0,0.0,0.0,0.0,0.0,0.0,0.0,0.0,0.0,0.0,0.0,0.0,0.0,4075826202428000.5,8151652404856001.0,2.001908200226148e+16,3.188651159966696e+16,4.507356120435079e+16,5.826061080903462e+16,6.446588486940798e+16,7.0671158929781336e+16,6.58349385954228e+16,6.0998718261064264e+16,4.913019350433608e+16,3.7261668747607896e+16,3.0053425091412744e+16,2.2845181435217584e+16,2.2693454622166636e+16,2.254172780911569e+16,1.9936447583921744e+16,1.73311673587278e+16,1.2548985556973936e+16,7766803755220073.0,4142361557660776.0,517919360101480.0,258959680050740.0,0.0,0.0,0.0,0.0,0.0,0.0,0.0,0.0,0.0,0.0,0.0,0.0,0.0,0.0,0.0,0.0,0.0,0.0,0.0,0.0,0.0,0.0,0.0,0.0,0.0,0.0,0.0,0.0,0.0,0.0,0.0,0.0,0.0,0.0,0.0,0.0,0.0,0.0,0.0,0.0,0.0,0.0,0.0,0.0,0.0,0.0,0.0,0.0,0.0,0.0,0.0,0.0,0.0,0.0,0.0,0.0,0.0,0.0,0.0,0.0,0.0,0.0,0.0,0.0,0.0,0.0,0.0,0.0,0.0,0.0,0.0,0.0,0.0,0.0,0.0,0.0,0.0,0.0,0.0,0.0,0.0,0.0,0.0,0.0,0.0,0.0,0.0,0.0,0.0,0.0,0.0,0.0,0.0,0.0,0.0,0.0,0.0,0.0,0.0,0.0,0.0,0.0,0.0,0.0,0.0,0.0,0.0,0.0,0.0,0.0,0.0,0.0,0.0,0.0
30.0112847318054,102.224682297678,14.8927689400555,225.0,40.0,122.01283980934292,5.0,5.0,0.5281203912279904,4.109589949156256e+17,0.0,0.0,0.0,0.0,0.0,0.0,0.0,0.0,0.0,0.0,0.0,0.0,0.0,0.0,0.0,0.0,0.0,0.0,0.0,0.0,0.0,0.0,0.0,0.0,0.0,0.0,0.0,0.0,0.0,0.0,0.0,0.0,0.0,0.0,0.0,0.0,0.0,0.0,0.0,0.0,0.0,0.0,0.0,0.0,0.0,0.0,0.0,0.0,0.0,0.0,0.0,0.0,0.0,0.0,0.0,0.0,0.0,0.0,0.0,0.0,0.0,0.0,0.0,0.0,0.0,0.0,0.0,0.0,0.0,848268538773029.8,1696537077546059.5,4891195514957685.0,8085853952369311.0,1.1464484337583366e+16,1.4843114722797424e+16,1.3324614245993878e+16,1.1806113769190334e+16,9066703482255400.0,6327293195320469.0,5955190677864214.0,5583088160407958.0,4796691590164291.0,4010295019920624.5,2542045986006963.5,1073796952093303.0,536898476046651.5,0.0,0.0,0.0,0.0,0.0,0.0,0.0,0.0,0.0,0.0,0.0,0.0,0.0,0.0,0.0,0.0,0.0,5215964110959368.0,1.0431928221918736e+16,2.166969365241807e+16,3.29074590829174e+16,4.431377810532294e+16,5.572009712772849e+16,5.92709297186006e+16,6.282176230947269e+16,5.715223870886666e+16,5.148271510826062e+16,4.36367212919545e+16,3.5790727475648356e+16,3.4205867924867556e+16,3.262100837408676e+16,3.234363969718943e+16,3.20662710202921e+16,2.856986052500924e+16,2.507345002972638e+16,1.9691685346275212e+16,1.4309920662824048e+16,9308741657964270.0,4307562653104491.0,2153781326552245.5,0.0,0.0,0.0,0.0,0.0,0.0,0.0,0.0,0.0,0.0,0.0,0.0,0.0,0.0,0.0,0.0,0.0,0.0,0.0,0.0,0.0,0.0,0.0,0.0,0.0,0.0,0.0,0.0,0.0,0.0,0.0,0.0,0.0,0.0,0.0,0.0,0.0,0.0,0.0,0.0,0.0,0.0,0.0,0.0,0.0,0.0,0.0,0.0,0.0,0.0,0.0,0.0,0.0,0.0,0.0,0.0,0.0,0.0,0.0,0.0,0.0,0.0,0.0,0.0,0.0,0.0,0.0,0.0,0.0,0.0,0.0,0.0,0.0,0.0,0.0,0.0,0.0,0.0,0.0,0.0,0.0,0.0,0.0,0.0,0.0,0.0,0.0,0.0,0.0,0.0,0.0,0.0,0.0,0.0,0.0,0.0,0.0,0.0,0.0,0.0,0.0,0.0,0.0,0.0,0.0,0.0,0.0,0.0,0.0,0.0,0.0,0.0,0.0,0.0
30.0372312315905,102.193597145009,17.7497379642719,225.0,30.0,143.53977225883233,5.0,5.0,0.5459008617607307,4.247949391825597e+17,0.0,0.0,0.0,0.0,0.0,0.0,0.0,0.0,0.0,0.0,0.0,0.0,0.0,0.0,0.0,0.0,0.0,0.0,0.0,0.0,0.0,0.0,0.0,0.0,0.0,0.0,0.0,0.0,0.0,0.0,0.0,0.0,0.0,0.0,0.0,0.0,0.0,0.0,0.0,0.0,0.0,0.0,0.0,0.0,0.0,0.0,0.0,0.0,0.0,0.0,0.0,0.0,0.0,0.0,0.0,0.0,0.0,0.0,0.0,0.0,0.0,0.0,0.0,0.0,0.0,0.0,0.0,0.0,0.0,2486057177206660.5,4972114354413321.0,1.0042015632140338e+16,1.5111916909867352e+16,1.846531774925481e+16,2.181871858864226e+16,1.9336463699409812e+16,1.685420881017737e+16,1.4474971467243864e+16,1.2095734124310358e+16,1.1350792102786808e+16,1.060585008126326e+16,8447646038375830.0,6289441995488398.0,3749693975881518.5,1209945956274638.5,604972978137319.2,0.0,0.0,0.0,0.0,0.0,0.0,0.0,0.0,0.0,0.0,0.0,0.0,0.0,0.0,0.0,0.0,0.0,3546894125266116.0,7093788250532232.0,1.5228465884131892e+16,2.336314351773155e+16,3.1231127240938076e+16,3.90991109641446e+16,4.215466229918815e+16,4.5210213634231704e+16,4.375512895317705e+16,4.23000442721224e+16,4.099120088895607e+16,3.968235750578974e+16,3.929773631314707e+16,3.891311512050439e+16,3.735231813064762e+16,3.579152114079084e+16,3.291652533495246e+16,3.0041529529114084e+16,2.5775526793227576e+16,2.1509524057341064e+16,1.6163248438186896e+16,1.0816972819032728e+16,6416330184910072.0,2015687550787414.0,1007843775393707.0,0.0,0.0,0.0,0.0,0.0,0.0,0.0,0.0,0.0,0.0,0.0,0.0,0.0,0.0,0.0,0.0,0.0,0.0,0.0,0.0,0.0,0.0,0.0,0.0,0.0,0.0,0.0,0.0,0.0,0.0,0.0,0.0,0.0,0.0,0.0,0.0,0.0,0.0,0.0,0.0,0.0,0.0,0.0,0.0,0.0,0.0,0.0,0.0,0.0,0.0,0.0,0.0,0.0,0.0,0.0,0.0,0.0,0.0,0.0,0.0,0.0,0.0,0.0,0.0,0.0,0.0,0.0,0.0,0.0,0.0,0.0,0.0,0.0,0.0,0.0,0.0,0.0,0.0,0.0,0.0,0.0,0.0,0.0,0.0,0.0,0.0,0.0,0.0,0.0,0.0,0.0,0.0,0.0,0.0,0.0,0.0,0.0,0.0,0.0,0.0,0.0,0.0,0.0,0.0,0.0,0.0,0.0,0.0,0.0,0.0,0.0,0.0
30.0654076254146,102.159811954101,20.0562836186236,225.0,25.0,161.01562703087998,5.0,5.0,0.5213805105628085,4.057143298164917e+17,0.0,0.0,0.0,0.0,0.0,0.0,0.0,0.0,0.0,0.0,0.0,0.0,0.0,0.0,0.0,0.0,0.0,0.0,0.0,0.0,0.0,0.0,0.0,0.0,0.0,0.0,0.0,0.0,0.0,0.0,0.0,0.0,0.0,0.0,0.0,0.0,0.0,0.0,0.0,0.0,0.0,0.0,0.0,0.0,0.0,0.0,0.0,0.0,0.0,0.0,0.0,0.0,0.0,0.0,0.0,0.0,0.0,0.0,0.0,0.0,0.0,0.0,0.0,0.0,0.0,0.0,0.0,0.0,0.0,0.0,0.0,8698859079782677.0,1.7397718159565354e+16,2.2495066451658092e+16,2.759241474375083e+16,2.5300673304538996e+16,2.3008931865327164e+16,1.9526372946968576e+16,1.6043814028609984e+16,1.3660244522098028e+16,1.1276675015586074e+16,8110174934563993.0,4943674853541912.0,2471837426770956.0,0.0,0.0,0.0,0.0,0.0,0.0,0.0,0.0,0.0,0.0,0.0,0.0,0.0,0.0,0.0,0.0,0.0,0.0,0.0,730578378489819.9,1461156756979639.8,5177589280707817.0,8894021804435996.0,1.5129752203058086e+16,2.1365482601680176e+16,2.854866872924077e+16,3.573185485680136e+16,3.9308440577188264e+16,4.288502629757517e+16,4.2136736975783624e+16,4.138844765399207e+16,3.870444013050265e+16,3.6020432607013212e+16,3.4243553699662412e+16,3.246667479231162e+16,3.1547176409079044e+16,3.062767802584646e+16,2.8690955271417132e+16,2.6754232516987804e+16,2.220328849158992e+16,1.7652344466192044e+16,1.184778290665771e+16,6043221347123375.0,3859485447157853.5,1675749547192332.2,2080263711585745.2,2484777875979158.0,1242388937989579.0,0.0,0.0,0.0,0.0,0.0,0.0,0.0,0.0,0.0,0.0,0.0,0.0,0.0,0.0,0.0,0.0,0.0,0.0,0.0,0.0,0.0,0.0,0.0,0.0,0.0,0.0,0.0,0.0,0.0,0.0,0.0,0.0,0.0,0.0,0.0,0.0,0.0,0.0,0.0,0.0,0.0,0.0,0.0,0.0,0.0,0.0,0.0,0.0,0.0,0.0,0.0,0.0,0.0,0.0,0.0,0.0,0.0,0.0,0.0,0.0,0.0,0.0,0.0,0.0,0.0,0.0,0.0,0.0,0.0,0.0,0.0,0.0,0.0,0.0,0.0,0.0,0.0,0.0,0.0,0.0,0.0,0.0,0.0,0.0,0.0,0.0,0.0,0.0,0.0,0.0,0.0,0.0,0.0,0.0,0.0,0.0,0.0,0.0,0.0,0.0,0.0,0.0,0.0,0.0,0.0,0.0,0.0,0.0
30.0947551740356,102.124597852149,21.9678796312896,225.0,20.0,168.57656053152715,5.0,5.0,0.3883449179036696,3.021921512464121e+17,0.0,0.0,0.0,0.0,0.0,0.0,0.0,0.0,0.0,0.0,0.0,0.0,0.0,0.0,0.0,0.0,0.0,0.0,0.0,0.0,0.0,0.0,0.0,0.0,0.0,0.0,0.0,0.0,0.0,0.0,0.0,0.0,0.0,0.0,0.0,0.0,0.0,0.0,0.0,0.0,0.0,0.0,0.0,0.0,0.0,0.0,0.0,0.0,0.0,0.0,0.0,0.0,0.0,0.0,0.0,0.0,0.0,0.0,0.0,0.0,0.0,0.0,0.0,0.0,0.0,0.0,0.0,0.0,0.0,0.0,0.0,6895086734867511.0,1.3790173469735022e+16,1.797013490011263e+16,2.2150096330490236e+16,2.0128417721992144e+16,1.8106739113494052e+16,1.449289484867832e+16,1.0879050583862586e+16,8258503799000650.0,5637957014138713.0,3335885333759568.0,1033813653380422.5,516906826690211.25,0.0,0.0,0.0,0.0,0.0,0.0,0.0,0.0,0.0,0.0,0.0,0.0,0.0,0.0,0.0,0.0,0.0,0.0,0.0,0.0,0.0,933228219213858.0,1866456438427716.0,9093085483799074.0,1.6319714529170434e+16,2.3549147239893964e+16,3.077857995061749e+16,3.2936369288936172e+16,3.509415862725485e+16,3.2298413403655548e+16,2.9502668180056252e+16,2.577680771489765e+16,2.2050947249739044e+16,2.0786392959033304e+16,1.952183866832756e+16,2.038385006884268e+16,2.12458614693578e+16,2.1572559352859996e+16,2.189925723636219e+16,1.9206865782576336e+16,1.6514474328790484e+16,1.1704300226241014e+16,6894126123691547.0,5652276607517192.0,4410427091342836.5,4453119139757839.5,4495811188172842.0,2247905594086421.0,0.0,0.0,0.0,0.0,0.0,0.0,0.0,0.0,0.0,0.0,0.0,0.0,0.0,0.0,0.0,0.0,0.0,0.0,0.0,0.0,0.0,0.0,0.0,0.0,0.0,0.0,0.0,0.0,0.0,0.0,0.0,0.0,0.0,0.0,0.0,0.0,0.0,0.0,0.0,0.0,0.0,0.0,0.0,0.0,0.0,0.0,0.0,0.0,0.0,0.0,0.0,0.0,0.0,0.0,0.0,0.0,0.0,0.0,0.0,0.0,0.0,0.0,0.0,0.0,0.0,0.0,0.0,0.0,0.0,0.0,0.0,0.0,0.0,0.0,0.0,0.0,0.0,0.0,0.0,0.0,0.0,0.0,0.0,0.0,0.0,0.0,0.0,0.0,0.0,0.0,0.0,0.0,0.0,0.0,0.0,0.0,0.0,0.0,0.0,0.0,0.0,0.0,0.0,0.0,0.0,0.0,0.0,0.0
30.125050524888,102.088231149128,23.46997760236,225.0,15.0,166.57143839384312,5.0,5.0,0.18197788366929835,1.4160681808879918e+17,0.0,0.0,0.0,0.0,0.0,0.0,0.0,0.0,0.0,0.0,0.0,0.0,0.0,0.0,0.0,0.0,0.0,0.0,0.0,0.0,0.0,0.0,0.0,0.0,0.0,0.0,0.0,0.0,0.0,0.0,0.0,0.0,0.0,0.0,0.0,0.0,0.0,0.0,0.0,0.0,0.0,0.0,0.0,0.0,0.0,0.0,0.0,0.0,0.0,0.0,0.0,0.0,0.0,0.0,0.0,0.0,0.0,0.0,0.0,0.0,0.0,0.0,0.0,0.0,0.0,0.0,0.0,0.0,0.0,0.0,0.0,3911851881623196.0,7823703763246392.0,9416204735450876.0,1.1008705707655362e+16,9416335748110864.0,7823965788566369.0,5884999661504125.0,3946033534441880.0,2383000790659999.0,819968046878118.6,409984023439059.3,0.0,0.0,0.0,0.0,0.0,0.0,0.0,0.0,0.0,0.0,0.0,0.0,0.0,0.0,0.0,0.0,0.0,0.0,0.0,0.0,0.0,0.0,0.0,903961994245465.2,1807923988490930.5,5915322547259221.0,1.0022721106027512e+16,1.3125958732144982e+16,1.6229196358262456e+16,1.6127189463886822e+16,1.6025182569511188e+16,1.3533150392211948e+16,1.1041118214912712e+16,8717830235107051.0,6394542255301390.0,6104449499274419.0,5814356743247448.0,7159907021614025.0,8505457299980602.0,9614692286397270.0,1.072392727281394e+16,9928584339997282.0,9133241407180624.0,7121741300350983.0,5110241193521341.0,5146419982926577.0,5182598772331812.0,4688266419380461.0,4193934066429111.0,2096967033214555.5,0.0,0.0,0.0,0.0,0.0,0.0,0.0,0.0,0.0,0.0,0.0,0.0,0.0,0.0,0.0,0.0,0.0,0.0,0.0,0.0,0.0,0.0,0.0,0.0,0.0,0.0,0.0,0.0,0.0,0.0,0.0,0.0,0.0,0.0,0.0,0.0,0.0,0.0,0.0,0.0,0.0,0.0,0.0,0.0,0.0,0.0,0.0,0.0,0.0,0.0,0.0,0.0,0.0,0.0,0.0,0.0,0.0,0.0,0.0,0.0,0.0,0.0,0.0,0.0,0.0,0.0,0.0,0.0,0.0,0.0,0.0,0.0,0.0,0.0,0.0,0.0,0.0,0.0,0.0,0.0,0.0,0.0,0.0,0.0,0.0,0.0,0.0,0.0,0.0,0.0,0.0,0.0,0.0,0.0,0.0,0.0,0.0,0.0,0.0,0.0,0.0,0.0,0.0,0.0,0.0,0.0,0.0,0.0
30.1560631120589,102.051167930626,24.5511456592836,225.0,10.0,90.0,5.0,5.0,0.0,0.0,0.0,0.0,0.0,0.0,0.0,0.0,0.0,0.0,0.0,0.0,0.0,0.0,0.0,0.0,0.0,0.0,0.0,0.0,0.0,0.0,0.0,0.0,0.0,0.0,0.0,0.0,0.0,0.0,0.0,0.0,0.0,0.0,0.0,0.0,0.0,0.0,0.0,0.0,0.0,0.0,0.0,0.0,0.0,0.0,0.0,0.0,0.0,0.0,0.0,0.0,0.0,0.0,0.0,0.0,0.0,0.0,0.0,0.0,0.0,0.0,0.0,0.0,0.0,0.0,0.0,0.0,0.0,0.0,0.0,0.0,0.0,0.0,0.0,0.0,0.0,0.0,0.0,0.0,0.0,0.0,0.0,0.0,0.0,0.0,0.0,0.0,0.0,0.0,0.0,0.0,0.0,0.0,0.0,0.0,0.0,0.0,0.0,0.0,0.0,0.0,0.0,0.0,0.0,0.0,0.0,0.0,0.0,0.0,0.0,0.0,0.0,0.0,0.0,0.0,0.0,0.0,0.0,0.0,0.0,0.0,0.0,0.0,0.0,0.0,0.0,0.0,0.0,0.0,0.0,0.0,0.0,0.0,0.0,0.0,0.0,0.0,0.0,0.0,0.0,0.0,0.0,0.0,0.0,0.0,0.0,0.0,0.0,0.0,0.0,0.0,0.0,0.0,0.0,0.0,0.0,0.0,0.0,0.0,0.0,0.0,0.0,0.0,0.0,0.0,0.0,0.0,0.0,0.0,0.0,0.0,0.0,0.0,0.0,0.0,0.0,0.0,0.0,0.0,0.0,0.0,0.0,0.0,0.0,0.0,0.0,0.0,0.0,0.0,0.0,0.0,0.0,0.0,0.0,0.0,0.0,0.0,0.0,0.0,0.0,0.0,0.0,0.0,0.0,0.0,0.0,0.0,0.0,0.0,0.0,0.0,0.0,0.0,0.0,0.0,0.0,0.0,0.0,0.0,0.0,0.0,0.0,0.0,0.0,0.0,0.0,0.0,0.0,0.0,0.0,0.0,0.0,0.0,0.0,0.0,0.0,0.0,0.0,0.0,0.0,0.0
29.9306743090154,102.24559996733,2.46201938253052,225.0,80.0,91.41078984847476,5.0,5.0,0.10626657664686363,8.269176168406352e+16,0.0,0.0,0.0,0.0,0.0,0.0,0.0,0.0,0.0,0.0,0.0,0.0,0.0,0.0,0.0,0.0,0.0,0.0,0.0,0.0,0.0,0.0,0.0,0.0,0.0,0.0,0.0,0.0,0.0,0.0,0.0,0.0,0.0,0.0,0.0,0.0,0.0,0.0,0.0,0.0,0.0,0.0,0.0,0.0,0.0,0.0,0.0,0.0,0.0,0.0,0.0,0.0,0.0,0.0,0.0,0.0,0.0,0.0,0.0,0.0,0.0,0.0,0.0,0.0,0.0,0.0,0.0,0.0,0.0,0.0,0.0,0.0,0.0,0.0,0.0,0.0,0.0,0.0,0.0,0.0,0.0,0.0,0.0,0.0,0.0,0.0,0.0,0.0,0.0,0.0,0.0,0.0,0.0,0.0,0.0,0.0,0.0,0.0,0.0,0.0,0.0,0.0,0.0,0.0,0.0,980561710360314.2,1961123420720628.5,8881396260029539.0,1.580166909933845e+16,2.117822144007395e+16,2.6554773780809456e+16,2.530298773408108e+16,2.405120168735271e+16,1.771945635583879e+16,1.1387711024324866e+16,6167709314584485.0,947707604844103.6,845868585223135.6,744029565602167.4,813852862452590.6,883676159303013.9,610520493038926.2,337364826774838.5,179934670884064.62,22504514993290.707,11252257496645.354,0.0,0.0,0.0,0.0,0.0,0.0,0.0,0.0,0.0,0.0,0.0,0.0,0.0,0.0,0.0,0.0,0.0,0.0,0.0,0.0,0.0,0.0,0.0,0.0,0.0,0.0,0.0,0.0,0.0,0.0,0.0,0.0,0.0,0.0,0.0,0.0,0.0,0.0,0.0,0.0,0.0,0.0,0.0,0.0,0.0,0.0,0.0,0.0,0.0,0.0,0.0,0.0,0.0,0.0,0.0,0.0,0.0,0.0,0.0,0.0,0.0,0.0,0.0,0.0,0.0,0.0,0.0,0.0,0.0,0.0,0.0,0.0,0.0,0.0,0.0,0.0,0.0,0.0,0.0,0.0,0.0,0.0,0.0,0.0,0.0,0.0,0.0,0.0,0.0,0.0,0.0,0.0,0.0,0.0,0.0,0.0,0.0,0.0,0.0,0.0,0.0,0.0,0.0,0.0,0.0,0.0,0.0,0.0,0.0,0.0,0.0,0.0,0.0,0.0
29.9401536992948,102.234308935427,7.18980823265266,225.0,65.0,101.02232808211497,5.0,5.0,0.2260050448305243,1.758667296550518e+17,0.0,0.0,0.0,0.0,0.0,0.0,0.0,0.0,0.0,0.0,0.0,0.0,0.0,0.0,0.0,0.0,0.0,0.0,0.0,0.0,0.0,0.0,0.0,0.0,0.0,0.0,0.0,0.0,0.0,0.0,0.0,0.0,0.0,0.0,0.0,0.0,0.0,0.0,0.0,0.0,0.0,0.0,0.0,0.0,0.0,0.0,0.0,0.0,0.0,0.0,0.0,0.0,0.0,0.0,0.0,0.0,0.0,0.0,0.0,0.0,0.0,0.0,0.0,0.0,0.0,0.0,0.0,0.0,0.0,0.0,0.0,0.0,0.0,0.0,0.0,0.0,0.0,0.0,0.0,0.0,0.0,0.0,0.0,0.0,0.0,0.0,0.0,0.0,0.0,0.0,0.0,0.0,0.0,0.0,0.0,0.0,0.0,0.0,0.0,0.0,0.0,0.0,0.0,0.0,0.0,6563999675943277.0,1.3127999351886554e+16,2.324180590746892e+16,3.335561246305128e+16,3.887298384174799e+16,4.439035522044469e+16,4.103326134630765e+16,3.767616747217062e+16,2.866689584880198e+16,1.9657624225433336e+16,1.4143728254667904e+16,8629832283902473.0,9151487890118968.0,9673143496335464.0,8315621094876228.0,6958098693416991.0,4677997570913686.0,2397896448410378.5,1198948224205189.2,0.0,0.0,0.0,0.0,0.0,0.0,0.0,0.0,0.0,0.0,0.0,0.0,0.0,0.0,0.0,0.0,0.0,0.0,0.0,0.0,0.0,0.0,0.0,0.0,0.0,0.0,0.0,0.0,0.0,0.0,0.0,0.0,0.0,0.0,0.0,0.0,0.0,0.0,0.0,0.0,0.0,0.0,0.0,0.0,0.0,0.0,0.0,0.0,0.0,0.0,0.0,0.0,0.0,0.0,0.0,0.0,0.0,0.0,0.0,0.0,0.0,0.0,0.0,0.0,0.0,0.0,0.0,0.0,0.0,0.0,0.0,0.0,0.0,0.0,0.0,0.0,0.0,0.0,0.0,0.0,0.0,0.0,0.0,0.0,0.0,0.0,0.0,0.0,0.0,0.0,0.0,0.0,0.0,0.0,0.0,0.0,0.0,0.0,0.0,0.0,0.0,0.0,0.0,0.0,0.0,0.0,0.0,0.0,0.0,0.0,0.0,0.0,0.0,0.0,0.0,0.0
29.9570914261123,102.214079107928,11.3706888080417,225.0,50.0,111.3547854697,5.0,5.0,0.395768319882752,3.07968701190043e+17,0.0,0.0,0.0,0.0,0.0,0.0,0.0,0.0,0.0,0.0,0.0,0.0,0.0,0.0,0.0,0.0,0.0,0.0,0.0,0.0,0.0,0.0,0.0,0.0,0.0,0.0,0.0,0.0,0.0,0.0,0.0,0.0,0.0,0.0,0.0,0.0,0.0,0.0,0.0,0.0,0.0,0.0,0.0,0.0,0.0,0.0,0.0,0.0,0.0,0.0,0.0,0.0,0.0,0.0,0.0,0.0,0.0,0.0,0.0,0.0,0.0,0.0,0.0,0.0,0.0,0.0,0.0,0.0,0.0,0.0,0.0,0.0,0.0,1500432289970280.2,3000864579940560.5,4313400472045037.5,5625936364149514.0,4542375528256075.0,3458814692362636.0,1729407346181318.0,0.0,0.0,0.0,0.0,0.0,0.0,0.0,0.0,0.0,0.0,0.0,0.0,0.0,0.0,0.0,0.0,0.0,0.0,0.0,0.0,0.0,0.0,0.0,2993529532238211.0,5987059064476422.0,1.6810171098249934e+16,2.7633283132023444e+16,3.985532279411638e+16,5.207736245620932e+16,5.65488488398072e+16,6.1020335223405064e+16,5.472339450934436e+16,4.842645379528366e+16,3.8081311244033864e+16,2.7736168692784056e+16,2.544253874258533e+16,2.31489087923866e+16,2.363321909292852e+16,2.4117529393470436e+16,2.0918062455577504e+16,1.7718595517684572e+16,1.2721409553377398e+16,7724223589070224.0,4008694742933345.5,293165896796466.1,146582948398233.06,0.0,0.0,0.0,0.0,0.0,0.0,0.0,0.0,0.0,0.0,0.0,0.0,0.0,0.0,0.0,0.0,0.0,0.0,0.0,0.0,0.0,0.0,0.0,0.0,0.0,0.0,0.0,0.0,0.0,0.0,0.0,0.0,0.0,0.0,0.0,0.0,0.0,0.0,0.0,0.0,0.0,0.0,0.0,0.0,0.0,0.0,0.0,0.0,0.0,0.0,0.0,0.0,0.0,0.0,0.0,0.0,0.0,0.0,0.0,0.0,0.0,0.0,0.0,0.0,0.0,0.0,0.0,0.0,0.0,0.0,0.0,0.0,0.0,0.0,0.0,0.0,0.0,0.0,0.0,0.0,0.0,0.0,0.0,0.0,0.0,0.0,0.0,0.0,0.0,0.0,0.0,0.0,0.0,0.0,0.0,0.0,0.0,0.0,0.0,0.0,0.0,0.0,0.0,0.0,0.0,0.0,0.0,0.0,0.0,0.0,0.0,0.0,0.0,0.0
29.9794889115047,102.187272121435,14.8927689400555,225.0,40.0,132.20818558847316,5.0,5.0,0.45574879385338557,3.546427469321874e+17,0.0,0.0,0.0,0.0,0.0,0.0,0.0,0.0,0.0,0.0,0.0,0.0,0.0,0.0,0.0,0.0,0.0,0.0,0.0,0.0,0.0,0.0,0.0,0.0,0.0,0.0,0.0,0.0,0.0,0.0,0.0,0.0,0.0,0.0,0.0,0.0,0.0,0.0,0.0,0.0,0.0,0.0,0.0,0.0,0.0,0.0,0.0,0.0,0.0,0.0,0.0,0.0,0.0,0.0,0.0,0.0,0.0,0.0,0.0,0.0,0.0,0.0,0.0,0.0,0.0,0.0,0.0,0.0,0.0,0.0,0.0,0.0,0.0,3134698589432066.0,6269397178864132.0,6291872796073756.0,6314348413283379.0,5471866688137151.0,4629384962990925.0,4431051914068128.0,4232718865145331.5,3243596868013335.0,2254474870881339.5,1209191594906816.5,163908318932294.03,81954159466147.02,0.0,0.0,0.0,0.0,0.0,0.0,0.0,0.0,0.0,0.0,0.0,0.0,0.0,0.0,0.0,0.0,0.0,4227378091957169.5,8454756183914339.0,1.8936431888609804e+16,2.9418107593305268e+16,3.953379257976207e+16,4.964947756621887e+16,5.152230271862691e+16,5.339512787103494e+16,4.713040711967261e+16,4.086568636831027e+16,3.646295238537801e+16,3.2060218402445764e+16,3.3934050724800576e+16,3.580788304715539e+16,3.5458204704348176e+16,3.5108526361540964e+16,3.1106590097355844e+16,2.710465383317072e+16,2.1024138613712316e+16,1.4943623394253916e+16,9457038547496754.0,3970453700739592.0,1985226850369796.0,0.0,0.0,0.0,0.0,0.0,0.0,0.0,0.0,0.0,0.0,0.0,0.0,0.0,0.0,0.0,0.0,0.0,0.0,0.0,0.0,0.0,0.0,0.0,0.0,0.0,0.0,0.0,0.0,0.0,0.0,0.0,0.0,0.0,0.0,0.0,0.0,0.0,0.0,0.0,0.0,0.0,0.0,0.0,0.0,0.0,0.0,0.0,0.0,0.0,0.0,0.0,0.0,0.0,0.0,0.0,0.0,0.0,0.0,0.0,0.0,0.0,0.0,0.0,0.0,0.0,0.0,0.0,0.0,0.0,0.0,0.0,0.0,0.0,0.0,0.0,0.0,0.0,0.0,0.0,0.0,0.0,0.0,0.0,0.0,0.0,0.0,0.0,0.0,0.0,0.0,0.0,0.0,0.0,0.0,0.0,0.0,0.0,0.0,0.0,0.0,0.0,0.0,0.0,0.0,0.0,0.0,0.0,0.0,0.0,0.0,0.0,0.0,0.0,0.0
30.0054354112898,102.156177177678,17.7497379642719,225.0,30.0,155.4662881178563,5.0,5.0,0.49384065185265275,3.842840786017491e+17,0.0,0.0,0.0,0.0,0.0,0.0,0.0,0.0,0.0,0.0,0.0,0.0,0.0,0.0,0.0,0.0,0.0,0.0,0.0,0.0,0.0,0.0,0.0,0.0,0.0,0.0,0.0,0.0,0.0,0.0,0.0,0.0,0.0,0.0,0.0,0.0,0.0,0.0,0.0,0.0,0.0,0.0,0.0,0.0,0.0,0.0,0.0,0.0,0.0,0.0,0.0,0.0,0.0,0.0,0.0,0.0,0.0,0.0,0.0,0.0,0.0,0.0,0.0,0.0,0.0,0.0,0.0,0.0,0.0,0.0,0.0,0.0,0.0,5190527684705770.0,1.038105536941154e+16,1.1273458399344024e+16,1.2165861429276514e+16,1.1817175802904322e+16,1.146849017653213e+16,1.0776219611853644e+16,1.0083949047175164e+16,7574508654922746.0,5065068262670329.0,2625726021696662.0,186383780722995.53,93191890361497.77,0.0,0.0,0.0,0.0,0.0,0.0,0.0,0.0,0.0,0.0,0.0,0.0,0.0,0.0,0.0,0.0,0.0,2152408681532091.5,4304817363064183.0,1.1576825941116002e+16,1.884883451916782e+16,2.5899973512178476e+16,3.2951112505189136e+16,3.5555544592881704e+16,3.8159976680574264e+16,3.837218713082259e+16,3.858439758107092e+16,4.024601202243703e+16,4.190762646380315e+16,4.29763599911574e+16,4.4045093518511656e+16,4.277416876406033e+16,4.150324400960899e+16,3.8122158409868184e+16,3.474107281012737e+16,2.9105019575303964e+16,2.3468966340480556e+16,1.6734154197562494e+16,9999342054644428.0,5382252699907349.0,765163345170269.8,906022393597317.1,1046881442024364.8,1731186827624335.8,2415492213224306.5,2303370951261703.5,2191249689299099.8,1095624844649549.9,0.0,0.0,0.0,0.0,0.0,0.0,0.0,0.0,0.0,0.0,0.0,0.0,0.0,0.0,0.0,0.0,0.0,0.0,0.0,0.0,0.0,0.0,0.0,0.0,0.0,0.0,0.0,0.0,0.0,0.0,0.0,0.0,0.0,0.0,0.0,0.0,0.0,0.0,0.0,0.0,0.0,0.0,0.0,0.0,0.0,0.0,0.0,0.0,0.0,0.0,0.0,0.0,0.0,0.0,0.0,0.0,0.0,0.0,0.0,0.0,0.0,0.0,0.0,0.0,0.0,0.0,0.0,0.0,0.0,0.0,0.0,0.0,0.0,0.0,0.0,0.0,0.0,0.0,0.0,0.0,0.0,0.0,0.0,0.0,0.0,0.0,0.0,0.0,0.0,0.0,0.0,0.0,0.0,0.0,0.0,0.0,0.0,0.0,0.0,0.0,0.0,0.0,0.0,0.0,0.0,0.0
30.0336118051139,102.122381011653,20.0562836186236,225.0,25.0,169.25518681274244,5.0,5.0,0.4920155707237775,3.8286388442099034e+17,0.0,0.0,0.0,0.0,0.0,0.0,0.0,0.0,0.0,0.0,0.0,0.0,0.0,0.0,0.0,0.0,0.0,0.0,0.0,0.0,0.0,0.0,0.0,0.0,0.0,0.0,0.0,0.0,0.0,0.0,0.0,0.0,0.0,0.0,0.0,0.0,0.0,0.0,0.0,0.0,0.0,0.0,0.0,0.0,0.0,0.0,0.0,0.0,0.0,0.0,0.0,0.0,0.0,0.0,0.0,0.0,0.0,0.0,0.0,0.0,0.0,0.0,0.0,0.0,0.0,0.0,0.0,0.0,0.0,0.0,0.0,0.0,0.0,6175826873444690.0,1.235165374688938e+16,1.3692149545631038e+16,1.5032645344372696e+16,1.45318771206531e+16,1.4031108896933504e+16,1.246666200802897e+16,1.0902215119124434e+16,7867627882211787.0,4833040645299139.0,2416520322649569.5,0.0,0.0,0.0,0.0,0.0,0.0,0.0,0.0,0.0,0.0,0.0,0.0,0.0,0.0,0.0,0.0,0.0,0.0,0.0,2499119677847.739,4998239355695.478,3018068311323025.5,6031138383290355.0,1.209336722692609e+16,1.8155596070561824e+16,2.5736503879085964e+16,3.3317411687610108e+16,3.7741393003196424e+16,4.2165374318782744e+16,4.259780068436849e+16,4.303022704995424e+16,4.163473638227441e+16,4.023924571459458e+16,3.933370504151038e+16,3.84281643684262e+16,3.754026569349428e+16,3.665236701856236e+16,3.335279025167017e+16,3.0053213484777972e+16,2.3658767316789244e+16,1.7264321148800526e+16,1.083682718360484e+16,4409333218409156.5,4491041714609979.0,4572750210810801.0,5598097211846374.0,6623444212881948.0,5694539877217307.0,4765635541552666.0,2382817770776333.0,0.0,0.0,0.0,0.0,0.0,0.0,0.0,0.0,0.0,0.0,0.0,0.0,0.0,0.0,0.0,0.0,0.0,0.0,0.0,0.0,0.0,0.0,0.0,0.0,0.0,0.0,0.0,0.0,0.0,0.0,0.0,0.0,0.0,0.0,0.0,0.0,0.0,0.0,0.0,0.0,0.0,0.0,0.0,0.0,0.0,0.0,0.0,0.0,0.0,0.0,0.0,0.0,0.0,0.0,0.0,0.0,0.0,0.0,0.0,0.0,0.0,0.0,0.0,0.0,0.0,0.0,0.0,0.0,0.0,0.0,0.0,0.0,0.0,0.0,0.0,0.0,0.0,0.0,0.0,0.0,0.0,0.0,0.0,0.0,0.0,0.0,0.0,0.0,0.0,0.0,0.0,0.0,0.0,0.0,0.0,0.0,0.0,0.0,0.0,0.0,0.0,0.0,0.0,0.0,0.0,0.0
30.0629593537349,102.087155228998,21.9678796312896,225.0,20.0,171.96471586666482,5.0,5.0,0.35818539245590475,2.787233958811321e+17,0.0,0.0,0.0,0.0,0.0,0.0,0.0,0.0,0.0,0.0,0.0,0.0,0.0,0.0,0.0,0.0,0.0,0.0,0.0,0.0,0.0,0.0,0.0,0.0,0.0,0.0,0.0,0.0,0.0,0.0,0.0,0.0,0.0,0.0,0.0,0.0,0.0,0.0,0.0,0.0,0.0,0.0,0.0,0.0,0.0,0.0,0.0,0.0,0.0,0.0,0.0,0.0,0.0,0.0,0.0,0.0,0.0,0.0,0.0,0.0,0.0,0.0,0.0,0.0,0.0,0.0,0.0,0.0,0.0,0.0,0.0,0.0,0.0,4691219388808702.0,9382438777617404.0,1.024172601753244e+16,1.1101013257447478e+16,1.0118372262311384e+16,9135731267175292.0,7302800063676123.0,5469868860176953.0,3395908612198300.0,1321948364219647.2,660974182109823.6,0.0,0.0,0.0,0.0,0.0,0.0,0.0,0.0,0.0,0.0,0.0,0.0,0.0,0.0,0.0,0.0,0.0,0.0,0.0,0.0,0.0,1026201638761430.1,2052403277522860.2,8543939991952198.0,1.5035476706381536e+16,2.132334678215035e+16,2.761121685791917e+16,2.945848978459309e+16,3.1305762711266996e+16,2.933478200004878e+16,2.7363801288830564e+16,2.507639102880801e+16,2.2788980768785452e+16,2.2939258674479084e+16,2.3089536580172704e+16,2.4426839733648932e+16,2.576414288712516e+16,2.5009724919346104e+16,2.425530695156704e+16,2.0100508252986732e+16,1.594570955440642e+16,1.0984406222183152e+16,6023102889959886.0,6958758657057403.0,7894414424154921.0,8527255352337681.0,9160096280520444.0,6591270228201315.0,4022444175882185.5,2011222087941092.8,0.0,0.0,0.0,0.0,0.0,0.0,0.0,0.0,0.0,0.0,0.0,0.0,0.0,0.0,0.0,0.0,0.0,0.0,0.0,0.0,0.0,0.0,0.0,0.0,0.0,0.0,0.0,0.0,0.0,0.0,0.0,0.0,0.0,0.0,0.0,0.0,0.0,0.0,0.0,0.0,0.0,0.0,0.0,0.0,0.0,0.0,0.0,0.0,0.0,0.0,0.0,0.0,0.0,0.0,0.0,0.0,0.0,0.0,0.0,0.0,0.0,0.0,0.0,0.0,0.0,0.0,0.0,0.0,0.0,0.0,0.0,0.0,0.0,0.0,0.0,0.0,0.0,0.0,0.0,0.0,0.0,0.0,0.0,0.0,0.0,0.0,0.0,0.0,0.0,0.0,0.0,0.0,0.0,0.0,0.0,0.0,0.0,0.0,0.0,0.0,0.0,0.0,0.0,0.0,0.0,0.0
30.0932547045873,102.050776397399,23.46997760236,225.0,15.0,167.74755985406406,5.0,5.0,0.1629298770006878,1.2678453550759322e+17,0.0,0.0,0.0,0.0,0.0,0.0,0.0,0.0,0.0,0.0,0.0,0.0,0.0,0.0,0.0,0.0,0.0,0.0,0.0,0.0,0.0,0.0,0.0,0.0,0.0,0.0,0.0,0.0,0.0,0.0,0.0,0.0,0.0,0.0,0.0,0.0,0.0,0.0,0.0,0.0,0.0,0.0,0.0,0.0,0.0,0.0,0.0,0.0,0.0,0.0,0.0,0.0,0.0,0.0,0.0,0.0,0.0,0.0,0.0,0.0,0.0,0.0,0.0,0.0,0.0,0.0,0.0,0.0,0.0,0.0,0.0,0.0,0.0,2469039038948776.5,4938078077897553.0,5067213964520313.0,5196349851143072.0,4110366859559660.5,3024383867976250.0,1960466878746131.5,896549889516012.5,448274944758006.25,0.0,0.0,0.0,0.0,0.0,0.0,0.0,0.0,0.0,0.0,0.0,0.0,0.0,0.0,0.0,0.0,0.0,0.0,0.0,0.0,0.0,0.0,0.0,780305784182027.9,1560611568364055.8,5150863363836887.0,8741115159309721.0,1.1267935585413374e+16,1.3794756011517028e+16,1.3689315669425922e+16,1.3583875327334816e+16,1.1597403667079546e+16,9610932006824278.0,8110051847789682.0,6609171688755088.0,7027819780759686.0,7446467872764285.0,9041517552398080.0,1.0636567232031874e+16,1.1168293534390678e+16,1.1700019836749486e+16,1.0179342053501278e+16,8658664270253072.0,6697555739907195.0,4736447209561321.0,5791511623937154.0,6846576038312987.0,6577011078746668.0,6307446119180347.0,4401984799641170.5,2496523480101994.0,1248261740050997.0,0.0,0.0,0.0,0.0,0.0,0.0,0.0,0.0,0.0,0.0,0.0,0.0,0.0,0.0,0.0,0.0,0.0,0.0,0.0,0.0,0.0,0.0,0.0,0.0,0.0,0.0,0.0,0.0,0.0,0.0,0.0,0.0,0.0,0.0,0.0,0.0,0.0,0.0,0.0,0.0,0.0,0.0,0.0,0.0,0.0,0.0,0.0,0.0,0.0,0.0,0.0,0.0,0.0,0.0,0.0,0.0,0.0,0.0,0.0,0.0,0.0,0.0,0.0,0.0,0.0,0.0,0.0,0.0,0.0,0.0,0.0,0.0,0.0,0.0,0.0,0.0,0.0,0.0,0.0,0.0,0.0,0.0,0.0,0.0,0.0,0.0,0.0,0.0,0.0,0.0,0.0,0.0,0.0,0.0,0.0,0.0,0.0,0.0,0.0,0.0,0.0,0.0,0.0,0.0,0.0,0.0
30.1242672917583,102.013703886416,24.5511456592836,225.0,10.0,90.0,5.0,5.0,0.0,0.0,0.0,0.0,0.0,0.0,0.0,0.0,0.0,0.0,0.0,0.0,0.0,0.0,0.0,0.0,0.0,0.0,0.0,0.0,0.0,0.0,0.0,0.0,0.0,0.0,0.0,0.0,0.0,0.0,0.0,0.0,0.0,0.0,0.0,0.0,0.0,0.0,0.0,0.0,0.0,0.0,0.0,0.0,0.0,0.0,0.0,0.0,0.0,0.0,0.0,0.0,0.0,0.0,0.0,0.0,0.0,0.0,0.0,0.0,0.0,0.0,0.0,0.0,0.0,0.0,0.0,0.0,0.0,0.0,0.0,0.0,0.0,0.0,0.0,0.0,0.0,0.0,0.0,0.0,0.0,0.0,0.0,0.0,0.0,0.0,0.0,0.0,0.0,0.0,0.0,0.0,0.0,0.0,0.0,0.0,0.0,0.0,0.0,0.0,0.0,0.0,0.0,0.0,0.0,0.0,0.0,0.0,0.0,0.0,0.0,0.0,0.0,0.0,0.0,0.0,0.0,0.0,0.0,0.0,0.0,0.0,0.0,0.0,0.0,0.0,0.0,0.0,0.0,0.0,0.0,0.0,0.0,0.0,0.0,0.0,0.0,0.0,0.0,0.0,0.0,0.0,0.0,0.0,0.0,0.0,0.0,0.0,0.0,0.0,0.0,0.0,0.0,0.0,0.0,0.0,0.0,0.0,0.0,0.0,0.0,0.0,0.0,0.0,0.0,0.0,0.0,0.0,0.0,0.0,0.0,0.0,0.0,0.0,0.0,0.0,0.0,0.0,0.0,0.0,0.0,0.0,0.0,0.0,0.0,0.0,0.0,0.0,0.0,0.0,0.0,0.0,0.0,0.0,0.0,0.0,0.0,0.0,0.0,0.0,0.0,0.0,0.0,0.0,0.0,0.0,0.0,0.0,0.0,0.0,0.0,0.0,0.0,0.0,0.0,0.0,0.0,0.0,0.0,0.0,0.0,0.0,0.0,0.0,0.0,0.0,0.0,0.0,0.0,0.0,0.0,0.0,0.0,0.0,0.0,0.0,0.0,0.0,0.0,0.0,0.0,0.0
29.8988784887148,102.208205563116,2.46201938253052,225.0,80.0,90.0,5.0,5.0,0.0832623263258259,6.479091227974673e+16,0.0,0.0,0.0,0.0,0.0,0.0,0.0,0.0,0.0,0.0,0.0,0.0,0.0,0.0,0.0,0.0,0.0,0.0,0.0,0.0,0.0,0.0,0.0,0.0,0.0,0.0,0.0,0.0,0.0,0.0,0.0,0.0,0.0,0.0,0.0,0.0,0.0,0.0,0.0,0.0,0.0,0.0,0.0,0.0,0.0,0.0,0.0,0.0,0.0,0.0,0.0,0.0,0.0,0.0,0.0,0.0,0.0,0.0,0.0,0.0,0.0,0.0,0.0,0.0,0.0,0.0,0.0,0.0,0.0,0.0,0.0,0.0,0.0,0.0,0.0,0.0,0.0,0.0,0.0,0.0,0.0,0.0,0.0,0.0,0.0,0.0,0.0,0.0,0.0,0.0,0.0,0.0,0.0,0.0,0.0,0.0,0.0,0.0,0.0,0.0,0.0,0.0,0.0,0.0,0.0,0.0,0.0,6224484252946536.0,1.2448968505893072e+16,1.7979983057026706e+16,2.3510997608160336e+16,2.211453168184109e+16,2.0718065755521828e+16,1.4415473082846662e+16,8112880410171495.0,4056440205085747.5,0.0,0.0,0.0,0.0,0.0,0.0,0.0,0.0,0.0,0.0,0.0,0.0,0.0,0.0,0.0,0.0,0.0,0.0,0.0,0.0,0.0,0.0,0.0,0.0,0.0,0.0,0.0,0.0,0.0,0.0,0.0,0.0,0.0,0.0,0.0,0.0,0.0,0.0,0.0,0.0,0.0,0.0,0.0,0.0,0.0,0.0,0.0,0.0,0.0,0.0,0.0,0.0,0.0,0.0,0.0,0.0,0.0,0.0,0.0,0.0,0.0,0.0,0.0,0.0,0.0,0.0,0.0,0.0,0.0,0.0,0.0,0.0,0.0,0.0,0.0,0.0,0.0,0.0,0.0,0.0,0.0,0.0,0.0,0.0,0.0,0.0,0.0,0.0,0.0,0.0,0.0,0.0,0.0,0.0,0.0,0.0,0.0,0.0,0.0,0.0,0.0,0.0,0.0,0.0,0.0,0.0,0.0,0.0,0.0,0.0,0.0,0.0,0.0,0.0,0.0,0.0,0.0,0.0,0.0,0.0,0.0,0.0,0.0,0.0
29.9083578789941,102.196912057949,7.18980823265266,225.0,65.0,100.09894062573647,5.0,5.0,0.18883664331088665,1.4694398933893968e+17,0.0,0.0,0.0,0.0,0.0,0.0,0.0,0.0,0.0,0.0,0.0,0.0,0.0,0.0,0.0,0.0,0.0,0.0,0.0,0.0,0.0,0.0,0.0,0.0,0.0,0.0,0.0,0.0,0.0,0.0,0.0,0.0,0.0,0.0,0.0,0.0,0.0,0.0,0.0,0.0,0.0,0.0,0.0,0.0,0.0,0.0,0.0,0.0,0.0,0.0,0.0,0.0,0.0,0.0,0.0,0.0,0.0,0.0,0.0,0.0,0.0,0.0,0.0,0.0,0.0,0.0,0.0,0.0,0.0,0.0,0.0,0.0,0.0,0.0,0.0,0.0,0.0,0.0,0.0,0.0,0.0,0.0,0.0,0.0,0.0,0.0,0.0,0.0,0.0,0.0,0.0,0.0,0.0,0.0,0.0,0.0,0.0,0.0,0.0,0.0,0.0,0.0,0.0,0.0,0.0,4950836185833462.0,9901672371666924.0,1.9353325336033492e+16,2.8804978300400064e+16,3.412726906224922e+16,3.9449559824098376e+16,3.605794057109499e+16,3.2666321318091612e+16,2.394365059115542e+16,1.5220979864219226e+16,1.100513735206177e+16,6789294839904315.0,7356436823614442.0,7923578807324568.0,6511396071591701.0,5099213335858836.0,3093802006617293.5,1088390677375751.5,544195338687875.75,0.0,0.0,0.0,0.0,0.0,0.0,0.0,0.0,0.0,0.0,0.0,0.0,0.0,0.0,0.0,0.0,0.0,0.0,0.0,0.0,0.0,0.0,0.0,0.0,0.0,0.0,0.0,0.0,0.0,0.0,0.0,0.0,0.0,0.0,0.0,0.0,0.0,0.0,0.0,0.0,0.0,0.0,0.0,0.0,0.0,0.0,0.0,0.0,0.0,0.0,0.0,0.0,0.0,0.0,0.0,0.0,0.0,0.0,0.0,0.0,0.0,0.0,0.0,0.0,0.0,0.0,0.0,0.0,0.0,0.0,0.0,0.0,0.0,0.0,0.0,0.0,0.0,0.0,0.0,0.0,0.0,0.0,0.0,0.0,0.0,0.0,0.0,0.0,0.0,0.0,0.0,0.0,0.0,0.0,0.0,0.0,0.0,0.0,0.0,0.0,0.0,0.0,0.0,0.0,0.0,0.0,0.0,0.0,0.0,0.0,0.0,0.0,0.0,0.0,0.0,0.0
29.9252956058117,102.1766768899,11.3706888080417,225.0,50.0,113.98493360582933,5.0,5.0,0.3137624053590518,2.441554707797676e+17,0.0,0.0,0.0,0.0,0.0,0.0,0.0,0.0,0.0,0.0,0.0,0.0,0.0,0.0,0.0,0.0,0.0,0.0,0.0,0.0,0.0,0.0,0.0,0.0,0.0,0.0,0.0,0.0,0.0,0.0,0.0,0.0,0.0,0.0,0.0,0.0,0.0,0.0,0.0,0.0,0.0,0.0,0.0,0.0,0.0,0.0,0.0,0.0,0.0,0.0,0.0,0.0,0.0,0.0,0.0,0.0,0.0,0.0,0.0,0.0,0.0,0.0,0.0,0.0,0.0,0.0,0.0,0.0,0.0,0.0,0.0,0.0,0.0,0.0,0.0,1544451167214012.0,3088902334428024.0,3175677093189767.5,3262451851951511.0,1631225925975755.5,0.0,0.0,0.0,0.0,0.0,0.0,0.0,0.0,0.0,0.0,0.0,0.0,0.0,0.0,0.0,0.0,0.0,0.0,0.0,0.0,0.0,0.0,0.0,1691558945995241.5,3383117891990483.0,1.239560646505675e+16,2.1408095038123016e+16,3.2019595292909212e+16,4.263109554769541e+16,4.6180369019793896e+16,4.972964249189238e+16,4.379520277008845e+16,3.786076304828452e+16,2.9168575809056616e+16,2.0476388569828708e+16,2.0403684924096604e+16,2.0330981278364496e+16,2.081028318525163e+16,2.128958509213877e+16,1.811821794318834e+16,1.494685079423791e+16,1.0347223817535156e+16,5747596840832403.0,2873798420416201.5,0.0,0.0,0.0,0.0,0.0,0.0,0.0,0.0,0.0,0.0,0.0,0.0,0.0,0.0,0.0,0.0,0.0,0.0,0.0,0.0,0.0,0.0,0.0,0.0,0.0,0.0,0.0,0.0,0.0,0.0,0.0,0.0,0.0,0.0,0.0,0.0,0.0,0.0,0.0,0.0,0.0,0.0,0.0,0.0,0.0,0.0,0.0,0.0,0.0,0.0,0.0,0.0,0.0,0.0,0.0,0.0,0.0,0.0,0.0,0.0,0.0,0.0,0.0,0.0,0.0,0.0,0.0,0.0,0.0,0.0,0.0,0.0,0.0,0.0,0.0,0.0,0.0,0.0,0.0,0.0,0.0,0.0,0.0,0.0,0.0,0.0,0.0,0.0,0.0,0.0,0.0,0.0,0.0,0.0,0.0,0.0,0.0,0.0,0.0,0.0,0.0,0.0,0.0,0.0,0.0,0.0,0.0,0.0,0.0,0.0,0.0,0.0,0.0,0.0,0.0,0.0
29.9476930912041,102.149861945193,14.8927689400555,225.0,40.0,137.7136687234164,5.0,5.0,0.3602062382311132,2.8029592510449366e+17,0.0,0.0,0.0,0.0,0.0,0.0,0.0,0.0,0.0,0.0,0.0,0.0,0.0,0.0,0.0,0.0,0.0,0.0,0.0,0.0,0.0,0.0,0.0,0.0,0.0,0.0,0.0,0.0,0.0,0.0,0.0,0.0,0.0,0.0,0.0,0.0,0.0,0.0,0.0,0.0,0.0,0.0,0.0,0.0,0.0,0.0,0.0,0.0,0.0,0.0,0.0,0.0,0.0,0.0,0.0,0.0,0.0,0.0,0.0,0.0,0.0,0.0,0.0,0.0,0.0,0.0,0.0,0.0,0.0,0.0,0.0,0.0,0.0,0.0,0.0,1559180286875426.8,3118360573750853.5,2939574376789352.0,2760788179827849.5,2519584601065558.0,2278381022303266.5,1402498695324741.0,526616368346215.44,263308184173107.72,0.0,0.0,0.0,0.0,0.0,0.0,0.0,0.0,0.0,0.0,0.0,0.0,0.0,0.0,0.0,0.0,0.0,0.0,0.0,2532721778536042.5,5065443557072085.0,1.3790401984832302e+16,2.2515360412592524e+16,3.0901250743933264e+16,3.928714107527401e+16,4.041867493903468e+16,4.155020880279536e+16,3.605836534540154e+16,3.0566521888007708e+16,2.870782615892404e+16,2.6849130429840372e+16,2.981493411535079e+16,3.278073780086121e+16,3.2598874412733576e+16,3.241701102460594e+16,2.858803580132446e+16,2.4759060578042972e+16,1.884237587956441e+16,1.2925691181085846e+16,7910581695586653.0,2895472210087460.0,1447736105043730.0,0.0,0.0,0.0,0.0,0.0,0.0,0.0,0.0,0.0,0.0,0.0,0.0,0.0,0.0,0.0,0.0,0.0,0.0,0.0,0.0,0.0,0.0,0.0,0.0,0.0,0.0,0.0,0.0,0.0,0.0,0.0,0.0,0.0,0.0,0.0,0.0,0.0,0.0,0.0,0.0,0.0,0.0,0.0,0.0,0.0,0.0,0.0,0.0,0.0,0.0,0.0,0.0,0.0,0.0,0.0,0.0,0.0,0.0,0.0,0.0,0.0,0.0,0.0,0.0,0.0,0.0,0.0,0.0,0.0,0.0,0.0,0.0,0.0,0.0,0.0,0.0,0.0,0.0,0.0,0.0,0.0,0.0,0.0,0.0,0.0,0.0,0.0,0.0,0.0,0.0,0.0,0.0,0.0,0.0,0.0,0.0,0.0,0.0,0.0,0.0,0.0,0.0,0.0,0.0,0.0,0.0,0.0,0.0,0.0,0.0,0.0,0.0,0.0,0.0
29.9736395909892,102.118757210347,17.7497379642719,225.0,30.0,163.41698418819303,5.0,5.0,0.4001791021100781,3.1140096902336576e+17,0.0,0.0,0.0,0.0,0.0,0.0,0.0,0.0,0.0,0.0,0.0,0.0,0.0,0.0,0.0,0.0,0.0,0.0,0.0,0.0,0.0,0.0,0.0,0.0,0.0,0.0,0.0,0.0,0.0,0.0,0.0,0.0,0.0,0.0,0.0,0.0,0.0,0.0,0.0,0.0,0.0,0.0,0.0,0.0,0.0,0.0,0.0,0.0,0.0,0.0,0.0,0.0,0.0,0.0,0.0,0.0,0.0,0.0,0.0,0.0,0.0,0.0,0.0,0.0,0.0,0.0,0.0,0.0,0.0,0.0,0.0,0.0,0.0,0.0,0.0,3121259138922700.5,6242518277845401.0,7513971640676147.0,8785425003506893.0,8034716607612381.0,7284008211717869.0,5219481902192968.0,3154955592668066.5,1577477796334033.2,0.0,0.0,0.0,0.0,0.0,0.0,0.0,0.0,0.0,0.0,0.0,0.0,0.0,0.0,0.0,0.0,0.0,0.0,0.0,676614497490762.5,1353228994981525.0,6786032253348876.0,1.2218835511716228e+16,1.759190488709324e+16,2.2964974262470252e+16,2.5174002157737504e+16,2.738303005300475e+16,2.89415432365021e+16,3.050005641999944e+16,3.3944625235364316e+16,3.738919405072919e+16,3.951484591449491e+16,4.164049777826063e+16,4.127916573886976e+16,4.091783369947888e+16,3.7744184704245176e+16,3.457053570901147e+16,2.8495128213344656e+16,2.2419720717677844e+16,1.5481253126923892e+16,8542785536169941.0,4379880091129433.5,216974646088925.72,672213199172586.2,1127451752256247.2,1708308268839174.2,2289164785422101.5,2207366887600503.2,2125568989778904.8,1199889010180030.8,274209030581156.88,137104515290578.44,0.0,0.0,0.0,0.0,0.0,0.0,0.0,0.0,0.0,0.0,0.0,0.0,0.0,0.0,0.0,0.0,0.0,0.0,0.0,0.0,0.0,0.0,0.0,0.0,0.0,0.0,0.0,0.0,0.0,0.0,0.0,0.0,0.0,0.0,0.0,0.0,0.0,0.0,0.0,0.0,0.0,0.0,0.0,0.0,0.0,0.0,0.0,0.0,0.0,0.0,0.0,0.0,0.0,0.0,0.0,0.0,0.0,0.0,0.0,0.0,0.0,0.0,0.0,0.0,0.0,0.0,0.0,0.0,0.0,0.0,0.0,0.0,0.0,0.0,0.0,0.0,0.0,0.0,0.0,0.0,0.0,0.0,0.0,0.0,0.0,0.0,0.0,0.0,0.0,0.0,0.0,0.0,0.0,0.0,0.0,0.0,0.0,0.0,0.0,0.0,0.0,0.0,0.0,0.0
30.0018159848133,102.084950069205,20.0562836186236,225.0,25.0,171.7763847189843,5.0,5.0,0.4051185524233305,3.152446220424243e+17,0.0,0.0,0.0,0.0,0.0,0.0,0.0,0.0,0.0,0.0,0.0,0.0,0.0,0.0,0.0,0.0,0.0,0.0,0.0,0.0,0.0,0.0,0.0,0.0,0.0,0.0,0.0,0.0,0.0,0.0,0.0,0.0,0.0,0.0,0.0,0.0,0.0,0.0,0.0,0.0,0.0,0.0,0.0,0.0,0.0,0.0,0.0,0.0,0.0,0.0,0.0,0.0,0.0,0.0,0.0,0.0,0.0,0.0,0.0,0.0,0.0,0.0,0.0,0.0,0.0,0.0,0.0,0.0,0.0,0.0,0.0,0.0,0.0,0.0,0.0,3557788367715035.0,7115576735430070.0,8679187789163050.0,1.0242798842896032e+16,9165923832199914.0,8089048821503795.0,5679204809039715.0,3269360796575637.0,1634680398287818.5,0.0,0.0,0.0,0.0,0.0,0.0,0.0,0.0,0.0,0.0,0.0,0.0,0.0,0.0,0.0,0.0,0.0,0.0,0.0,0.0,0.0,1104158271053604.8,2208316542107209.5,6907443014860456.0,1.1606569487613702e+16,1.8215952667551824e+16,2.4825335847489944e+16,2.9361511742522304e+16,3.389768763755466e+16,3.5210127139787188e+16,3.652256664201971e+16,3.649279838187462e+16,3.646303012172953e+16,3.658873782504776e+16,3.671444552836599e+16,3.5745701232613892e+16,3.47769569368618e+16,3.0713071240031896e+16,2.6649185543202e+16,2.004626963276216e+16,1.3443353722322322e+16,8237664944568091.0,3031976166813859.0,4950786675358146.0,6869597183902434.0,8296569955594470.0,9723542727286504.0,8503732246268898.0,7283921765251293.0,4897636379374553.0,2511350993497813.5,1255675496748906.8,0.0,0.0,0.0,0.0,0.0,0.0,0.0,0.0,0.0,0.0,0.0,0.0,0.0,0.0,0.0,0.0,0.0,0.0,0.0,0.0,0.0,0.0,0.0,0.0,0.0,0.0,0.0,0.0,0.0,0.0,0.0,0.0,0.0,0.0,0.0,0.0,0.0,0.0,0.0,0.0,0.0,0.0,0.0,0.0,0.0,0.0,0.0,0.0,0.0,0.0,0.0,0.0,0.0,0.0,0.0,0.0,0.0,0.0,0.0,0.0,0.0,0.0,0.0,0.0,0.0,0.0,0.0,0.0,0.0,0.0,0.0,0.0,0.0,0.0,0.0,0.0,0.0,0.0,0.0,0.0,0.0,0.0,0.0,0.0,0.0,0.0,0.0,0.0,0.0,0.0,0.0,0.0,0.0,0.0,0.0,0.0,0.0,0.0,0.0,0.0,0.0,0.0,0.0,0.0
30.0311635334343,102.049712605848,21.9678796312896,225.0,20.0,168.9016773148945,5.0,5.0,0.28631842069007374,2.2279982433366365e+17,0.0,0.0,0.0,0.0,0.0,0.0,0.0,0.0,0.0,0.0,0.0,0.0,0.0,0.0,0.0,0.0,0.0,0.0,0.0,0.0,0.0,0.0,0.0,0.0,0.0,0.0,0.0,0.0,0.0,0.0,0.0,0.0,0.0,0.0,0.0,0.0,0.0,0.0,0.0,0.0,0.0,0.0,0.0,0.0,0.0,0.0,0.0,0.0,0.0,0.0,0.0,0.0,0.0,0.0,0.0,0.0,0.0,0.0,0.0,0.0,0.0,0.0,0.0,0.0,0.0,0.0,0.0,0.0,0.0,0.0,0.0,0.0,0.0,0.0,0.0,2400702245234946.0,4801404490469892.0,5244602460681957.0,5687800430894023.0,4581808482353608.0,3475816533813194.5,2113550665582073.5,751284797350952.0,375642398675476.0,0.0,0.0,0.0,0.0,0.0,0.0,0.0,0.0,0.0,0.0,0.0,0.0,0.0,0.0,0.0,0.0,0.0,0.0,0.0,0.0,0.0,453422357883847.5,906844715767695.0,5641924012898246.0,1.0377003310028796e+16,1.498863685363267e+16,1.9600270397236544e+16,2.1243449465574576e+16,2.288662853391261e+16,2.1954719147499612e+16,2.102280976108661e+16,2.019619099785554e+16,1.936957223462447e+16,2.035732610096779e+16,2.1345079967311108e+16,2.245586284805923e+16,2.356664572880736e+16,2.2032510420063504e+16,2.0498375111319644e+16,1.605489580248723e+16,1.1611416493654816e+16,8703856269262537.0,5796296044870261.0,8320057909034255.0,1.0843819773198248e+16,1.1373699593061252e+16,1.1903579412924258e+16,9514425678287066.0,7125271943649875.0,4177588298196576.0,1229904652743275.8,614952326371637.9,0.0,0.0,0.0,0.0,0.0,0.0,0.0,0.0,0.0,0.0,0.0,0.0,0.0,0.0,0.0,0.0,0.0,0.0,0.0,0.0,0.0,0.0,0.0,0.0,0.0,0.0,0.0,0.0,0.0,0.0,0.0,0.0,0.0,0.0,0.0,0.0,0.0,0.0,0.0,0.0,0.0,0.0,0.0,0.0,0.0,0.0,0.0,0.0,0.0,0.0,0.0,0.0,0.0,0.0,0.0,0.0,0.0,0.0,0.0,0.0,0.0,0.0,0.0,0.0,0.0,0.0,0.0,0.0,0.0,0.0,0.0,0.0,0.0,0.0,0.0,0.0,0.0,0.0,0.0,0.0,0.0,0.0,0.0,0.0,0.0,0.0,0.0,0.0,0.0,0.0,0.0,0.0,0.0,0.0,0.0,0.0,0.0,0.0,0.0,0.0,0.0,0.0,0.0,0.0
30.0614588842867,102.013321645671,23.46997760236,225.0,15.0,164.01562608486105,5.0,5.0,0.1263525108826804,9.832171175340128e+16,0.0,0.0,0.0,0.0,0.0,0.0,0.0,0.0,0.0,0.0,0.0,0.0,0.0,0.0,0.0,0.0,0.0,0.0,0.0,0.0,0.0,0.0,0.0,0.0,0.0,0.0,0.0,0.0,0.0,0.0,0.0,0.0,0.0,0.0,0.0,0.0,0.0,0.0,0.0,0.0,0.0,0.0,0.0,0.0,0.0,0.0,0.0,0.0,0.0,0.0,0.0,0.0,0.0,0.0,0.0,0.0,0.0,0.0,0.0,0.0,0.0,0.0,0.0,0.0,0.0,0.0,0.0,0.0,0.0,0.0,0.0,0.0,0.0,0.0,0.0,836620084279172.4,1673240168558344.8,1653822497295036.8,1634404826031728.2,1177242703203952.5,720080580376176.5,361550302733549.8,3020025090923.068,1510012545461.534,0.0,0.0,0.0,0.0,0.0,0.0,0.0,0.0,0.0,0.0,0.0,0.0,0.0,0.0,0.0,0.0,0.0,0.0,0.0,0.0,0.0,355813512419893.25,711627024839786.5,3174493652261033.0,5637360279682279.0,7419623441476302.0,9201886603270326.0,9039258219556894.0,8876629835843460.0,7778536807509877.0,6680443779176295.0,6219234985910619.0,5758026192644942.0,6891844198788618.0,8025662204932293.0,9445529511909896.0,1.0865396818887496e+16,1.0724870721602984e+16,1.0584344624318472e+16,8418528036433600.0,6252711448548724.0,5242925176442341.0,4233138904335958.0,5771480340011112.0,7309821775686265.0,7235780020737000.0,7161738265787735.0,5076958330588900.0,2992178395390063.0,1496089197695031.5,0.0,0.0,0.0,0.0,0.0,0.0,0.0,0.0,0.0,0.0,0.0,0.0,0.0,0.0,0.0,0.0,0.0,0.0,0.0,0.0,0.0,0.0,0.0,0.0,0.0,0.0,0.0,0.0,0.0,0.0,0.0,0.0,0.0,0.0,0.0,0.0,0.0,0.0,0.0,0.0,0.0,0.0,0.0,0.0,0.0,0.0,0.0,0.0,0.0,0.0,0.0,0.0,0.0,0.0,0.0,0.0,0.0,0.0,0.0,0.0,0.0,0.0,0.0,0.0,0.0,0.0,0.0,0.0,0.0,0.0,0.0,0.0,0.0,0.0,0.0,0.0,0.0,0.0,0.0,0.0,0.0,0.0,0.0,0.0,0.0,0.0,0.0,0.0,0.0,0.0,0.0,0.0,0.0,0.0,0.0,0.0,0.0,0.0,0.0,0.0,0.0,0.0,0.0,0.0,0.0,0.0
30.0924714714576,101.976239842206,24.5511456592836,225.0,10.0,90.0,5.0,5.0,0.0,0.0,0.0,0.0,0.0,0.0,0.0,0.0,0.0,0.0,0.0,0.0,0.0,0.0,0.0,0.0,0.0,0.0,0.0,0.0,0.0,0.0,0.0,0.0,0.0,0.0,0.0,0.0,0.0,0.0,0.0,0.0,0.0,0.0,0.0,0.0,0.0,0.0,0.0,0.0,0.0,0.0,0.0,0.0,0.0,0.0,0.0,0.0,0.0,0.0,0.0,0.0,0.0,0.0,0.0,0.0,0.0,0.0,0.0,0.0,0.0,0.0,0.0,0.0,0.0,0.0,0.0,0.0,0.0,0.0,0.0,0.0,0.0,0.0,0.0,0.0,0.0,0.0,0.0,0.0,0.0,0.0,0.0,0.0,0.0,0.0,0.0,0.0,0.0,0.0,0.0,0.0,0.0,0.0,0.0,0.0,0.0,0.0,0.0,0.0,0.0,0.0,0.0,0.0,0.0,0.0,0.0,0.0,0.0,0.0,0.0,0.0,0.0,0.0,0.0,0.0,0.0,0.0,0.0,0.0,0.0,0.0,0.0,0.0,0.0,0.0,0.0,0.0,0.0,0.0,0.0,0.0,0.0,0.0,0.0,0.0,0.0,0.0,0.0,0.0,0.0,0.0,0.0,0.0,0.0,0.0,0.0,0.0,0.0,0.0,0.0,0.0,0.0,0.0,0.0,0.0,0.0,0.0,0.0,0.0,0.0,0.0,0.0,0.0,0.0,0.0,0.0,0.0,0.0,0.0,0.0,0.0,0.0,0.0,0.0,0.0,0.0,0.0,0.0,0.0,0.0,0.0,0.0,0.0,0.0,0.0,0.0,0.0,0.0,0.0,0.0,0.0,0.0,0.0,0.0,0.0,0.0,0.0,0.0,0.0,0.0,0.0,0.0,0.0,0.0,0.0,0.0,0.0,0.0,0.0,0.0,0.0,0.0,0.0,0.0,0.0,0.0,0.0,0.0,0.0,0.0,0.0,0.0,0.0,0.0,0.0,0.0,0.0,0.0,0.0,0.0,0.0,0.0,0.0,0.0,0.0,0.0,0.0,0.0,0.0,0.0,0.0
29.8670826684141,102.170811158902,2.46201938253052,225.0,80.0,90.0,5.0,5.0,0.063600182542209,4.9490736445950104e+16,0.0,0.0,0.0,0.0,0.0,0.0,0.0,0.0,0.0,0.0,0.0,0.0,0.0,0.0,0.0,0.0,0.0,0.0,0.0,0.0,0.0,0.0,0.0,0.0,0.0,0.0,0.0,0.0,0.0,0.0,0.0,0.0,0.0,0.0,0.0,0.0,0.0,0.0,0.0,0.0,0.0,0.0,0.0,0.0,0.0,0.0,0.0,0.0,0.0,0.0,0.0,0.0,0.0,0.0,0.0,0.0,0.0,0.0,0.0,0.0,0.0,0.0,0.0,0.0,0.0,0.0,0.0,0.0,0.0,0.0,0.0,0.0,0.0,0.0,0.0,0.0,0.0,0.0,0.0,0.0,0.0,0.0,0.0,0.0,0.0,0.0,0.0,0.0,0.0,0.0,0.0,0.0,0.0,0.0,0.0,0.0,0.0,0.0,0.0,0.0,0.0,0.0,0.0,0.0,0.0,0.0,0.0,4481824185042143.0,8963648370084286.0,1.3475449977943288e+16,1.7987251585802292e+16,1.7117591606466376e+16,1.624793162713046e+16,1.1269918245031766e+16,6291904862933073.0,3145952431466536.5,0.0,0.0,0.0,0.0,0.0,0.0,0.0,0.0,0.0,0.0,0.0,0.0,0.0,0.0,0.0,0.0,0.0,0.0,0.0,0.0,0.0,0.0,0.0,0.0,0.0,0.0,0.0,0.0,0.0,0.0,0.0,0.0,0.0,0.0,0.0,0.0,0.0,0.0,0.0,0.0,0.0,0.0,0.0,0.0,0.0,0.0,0.0,0.0,0.0,0.0,0.0,0.0,0.0,0.0,0.0,0.0,0.0,0.0,0.0,0.0,0.0,0.0,0.0,0.0,0.0,0.0,0.0,0.0,0.0,0.0,0.0,0.0,0.0,0.0,0.0,0.0,0.0,0.0,0.0,0.0,0.0,0.0,0.0,0.0,0.0,0.0,0.0,0.0,0.0,0.0,0.0,0.0,0.0,0.0,0.0,0.0,0.0,0.0,0.0,0.0,0.0,0.0,0.0,0.0,0.0,0.0,0.0,0.0,0.0,0.0,0.0,0.0,0.0,0.0,0.0,0.0,0.0,0.0,0.0,0.0,0.0,0.0,0.0,0.0
29.8765620586935,102.159515180472,7.18980823265266,225.0,65.0,97.62554350529146,5.0,5.0,0.13903953669738328,1.0819417163921558e+17,0.0,0.0,0.0,0.0,0.0,0.0,0.0,0.0,0.0,0.0,0.0,0.0,0.0,0.0,0.0,0.0,0.0,0.0,0.0,0.0,0.0,0.0,0.0,0.0,0.0,0.0,0.0,0.0,0.0,0.0,0.0,0.0,0.0,0.0,0.0,0.0,0.0,0.0,0.0,0.0,0.0,0.0,0.0,0.0,0.0,0.0,0.0,0.0,0.0,0.0,0.0,0.0,0.0,0.0,0.0,0.0,0.0,0.0,0.0,0.0,0.0,0.0,0.0,0.0,0.0,0.0,0.0,0.0,0.0,0.0,0.0,0.0,0.0,0.0,0.0,0.0,0.0,0.0,0.0,0.0,0.0,0.0,0.0,0.0,0.0,0.0,0.0,0.0,0.0,0.0,0.0,0.0,0.0,0.0,0.0,0.0,0.0,0.0,0.0,0.0,0.0,0.0,0.0,0.0,0.0,3349973030823392.5,6699946061646785.0,1.4258103268588756e+16,2.1816260475530736e+16,2.6272415986139812e+16,3.0728571496748892e+16,2.817506883682933e+16,2.562156617690977e+16,1.844562242385117e+16,1.1269678670792568e+16,7707659432405514.0,4145640194018458.5,4654200324160190.0,5162760454301921.0,3956254281784199.5,2749748109266478.5,1374874054633239.2,0.0,0.0,0.0,0.0,0.0,0.0,0.0,0.0,0.0,0.0,0.0,0.0,0.0,0.0,0.0,0.0,0.0,0.0,0.0,0.0,0.0,0.0,0.0,0.0,0.0,0.0,0.0,0.0,0.0,0.0,0.0,0.0,0.0,0.0,0.0,0.0,0.0,0.0,0.0,0.0,0.0,0.0,0.0,0.0,0.0,0.0,0.0,0.0,0.0,0.0,0.0,0.0,0.0,0.0,0.0,0.0,0.0,0.0,0.0,0.0,0.0,0.0,0.0,0.0,0.0,0.0,0.0,0.0,0.0,0.0,0.0,0.0,0.0,0.0,0.0,0.0,0.0,0.0,0.0,0.0,0.0,0.0,0.0,0.0,0.0,0.0,0.0,0.0,0.0,0.0,0.0,0.0,0.0,0.0,0.0,0.0,0.0,0.0,0.0,0.0,0.0,0.0,0.0,0.0,0.0,0.0,0.0,0.0,0.0,0.0,0.0,0.0,0.0,0.0,0.0,0.0,0.0,0.0
29.8934997855111,102.139274671871,11.3706888080417,225.0,50.0,114.76222633181133,5.0,5.0,0.21394540826905978,1.6648247522620195e+17,0.0,0.0,0.0,0.0,0.0,0.0,0.0,0.0,0.0,0.0,0.0,0.0,0.0,0.0,0.0,0.0,0.0,0.0,0.0,0.0,0.0,0.0,0.0,0.0,0.0,0.0,0.0,0.0,0.0,0.0,0.0,0.0,0.0,0.0,0.0,0.0,0.0,0.0,0.0,0.0,0.0,0.0,0.0,0.0,0.0,0.0,0.0,0.0,0.0,0.0,0.0,0.0,0.0,0.0,0.0,0.0,0.0,0.0,0.0,0.0,0.0,0.0,0.0,0.0,0.0,0.0,0.0,0.0,0.0,0.0,0.0,0.0,0.0,0.0,0.0,0.0,0.0,1051131070384634.0,2102262140769268.0,1051131070384634.0,0.0,0.0,0.0,0.0,0.0,0.0,0.0,0.0,0.0,0.0,0.0,0.0,0.0,0.0,0.0,0.0,0.0,0.0,0.0,0.0,0.0,0.0,0.0,338253053183703.44,676506106367406.9,7385677747244617.0,1.4094849388121828e+16,2.2118811774127864e+16,3.01427741601339e+16,3.2957891321977044e+16,3.5773008483820196e+16,3.123318756090633e+16,2.6693366637992464e+16,2.025135643050831e+16,1.3809346223024158e+16,1.4282482642026306e+16,1.4755619061028454e+16,1.495063389576346e+16,1.5145648730498466e+16,1.2570579044878514e+16,9995509359258564.0,6644547147222912.0,3293584935187258.5,1646792467593629.2,0.0,0.0,0.0,0.0,0.0,0.0,0.0,0.0,0.0,0.0,0.0,0.0,0.0,0.0,0.0,0.0,0.0,0.0,0.0,0.0,0.0,0.0,0.0,0.0,0.0,0.0,0.0,0.0,0.0,0.0,0.0,0.0,0.0,0.0,0.0,0.0,0.0,0.0,0.0,0.0,0.0,0.0,0.0,0.0,0.0,0.0,0.0,0.0,0.0,0.0,0.0,0.0,0.0,0.0,0.0,0.0,0.0,0.0,0.0,0.0,0.0,0.0,0.0,0.0,0.0,0.0,0.0,0.0,0.0,0.0,0.0,0.0,0.0,0.0,0.0,0.0,0.0,0.0,0.0,0.0,0.0,0.0,0.0,0.0,0.0,0.0,0.0,0.0,0.0,0.0,0.0,0.0,0.0,0.0,0.0,0.0,0.0,0.0,0.0,0.0,0.0,0.0,0.0,0.0,0.0,0.0,0.0,0.0,0.0,0.0,0.0,0.0,0.0,0.0,0.0,0.0
29.9158972709035,102.11245176895,14.8927689400555,225.0,40.0,141.9241364216972,5.0,5.0,0.23946650439310052,1.8634181825950874e+17,0.0,0.0,0.0,0.0,0.0,0.0,0.0,0.0,0.0,0.0,0.0,0.0,0.0,0.0,0.0,0.0,0.0,0.0,0.0,0.0,0.0,0.0,0.0,0.0,0.0,0.0,0.0,0.0,0.0,0.0,0.0,0.0,0.0,0.0,0.0,0.0,0.0,0.0,0.0,0.0,0.0,0.0,0.0,0.0,0.0,0.0,0.0,0.0,0.0,0.0,0.0,0.0,0.0,0.0,0.0,0.0,0.0,0.0,0.0,0.0,0.0,0.0,0.0,0.0,0.0,0.0,0.0,0.0,0.0,0.0,0.0,0.0,0.0,0.0,0.0,0.0,0.0,515045648387036.9,1030091296774073.8,933079386020601.9,836067475267129.9,418033737633564.94,0.0,0.0,0.0,0.0,0.0,0.0,0.0,0.0,0.0,0.0,0.0,0.0,0.0,0.0,0.0,0.0,0.0,0.0,0.0,0.0,0.0,852144016321549.6,1704288032643099.2,7593220878504234.0,1.3482153724365368e+16,1.9591237319503976e+16,2.5700320914642584e+16,2.6580245930564496e+16,2.7460170946486412e+16,2.331335821793762e+16,1.916654548938883e+16,1.908313493191731e+16,1.8999724374445788e+16,2.167007522181457e+16,2.434042606918335e+16,2.43627080442811e+16,2.4384990019378856e+16,2.137409232578965e+16,1.836319463220045e+16,1.377082978823901e+16,9178464944277572.0,5436922642366397.0,1695380340455222.0,847690170227611.0,0.0,0.0,0.0,0.0,0.0,0.0,0.0,0.0,0.0,0.0,0.0,0.0,0.0,0.0,0.0,0.0,0.0,0.0,0.0,0.0,0.0,0.0,0.0,0.0,0.0,0.0,0.0,0.0,0.0,0.0,0.0,0.0,0.0,0.0,0.0,0.0,0.0,0.0,0.0,0.0,0.0,0.0,0.0,0.0,0.0,0.0,0.0,0.0,0.0,0.0,0.0,0.0,0.0,0.0,0.0,0.0,0.0,0.0,0.0,0.0,0.0,0.0,0.0,0.0,0.0,0.0,0.0,0.0,0.0,0.0,0.0,0.0,0.0,0.0,0.0,0.0,0.0,0.0,0.0,0.0,0.0,0.0,0.0,0.0,0.0,0.0,0.0,0.0,0.0,0.0,0.0,0.0,0.0,0.0,0.0,0.0,0.0,0.0,0.0,0.0,0.0,0.0,0.0,0.0,0.0,0.0,0.0,0.0,0.0,0.0,0.0,0.0,0.0,0.0
29.9418437706886,102.081337243015,17.7497379642719,225.0,30.0,167.80782729018097,5.0,5.0,0.27181723714506617,2.1151567035338182e+17,0.0,0.0,0.0,0.0,0.0,0.0,0.0,0.0,0.0,0.0,0.0,0.0,0.0,0.0,0.0,0.0,0.0,0.0,0.0,0.0,0.0,0.0,0.0,0.0,0.0,0.0,0.0,0.0,0.0,0.0,0.0,0.0,0.0,0.0,0.0,0.0,0.0,0.0,0.0,0.0,0.0,0.0,0.0,0.0,0.0,0.0,0.0,0.0,0.0,0.0,0.0,0.0,0.0,0.0,0.0,0.0,0.0,0.0,0.0,0.0,0.0,0.0,0.0,0.0,0.0,0.0,0.0,0.0,0.0,0.0,0.0,0.0,0.0,0.0,0.0,0.0,0.0,1819205924697358.8,3638411849394717.5,3671227264399115.5,3704042679403513.0,2512167557756995.0,1320292436110476.8,660146218055238.4,0.0,0.0,0.0,0.0,0.0,0.0,0.0,0.0,0.0,0.0,0.0,0.0,0.0,0.0,0.0,0.0,0.0,0.0,0.0,0.0,0.0,3171419130400213.0,6342838260800426.0,9520559575165382.0,1.2698280889530338e+16,1.4149163944295564e+16,1.5600046999060792e+16,1.7628062100874542e+16,1.9656077202688292e+16,2.317289441511117e+16,2.6689711627534052e+16,2.9141293585736052e+16,3.159287554393806e+16,3.212454161820994e+16,3.2656207692481816e+16,3.040853101163052e+16,2.8160854330779228e+16,2.3163324286044664e+16,1.81657942413101e+16,1.2394003228627826e+16,6622212215945549.0,3311106107972774.5,0.0,374279249932458.94,748558499864917.9,1098757529427952.5,1448956558990987.2,1553558466311147.5,1658160373631308.2,1193494039124174.0,728827704617040.1,406174475958621.0,83521247300201.75,41760623650100.875,0.0,0.0,0.0,0.0,0.0,0.0,0.0,0.0,0.0,0.0,0.0,0.0,0.0,0.0,0.0,0.0,0.0,0.0,0.0,0.0,0.0,0.0,0.0,0.0,0.0,0.0,0.0,0.0,0.0,0.0,0.0,0.0,0.0,0.0,0.0,0.0,0.0,0.0,0.0,0.0,0.0,0.0,0.0,0.0,0.0,0.0,0.0,0.0,0.0,0.0,0.0,0.0,0.0,0.0,0.0,0.0,0.0,0.0,0.0,0.0,0.0,0.0,0.0,0.0,0.0,0.0,0.0,0.0,0.0,0.0,0.0,0.0,0.0,0.0,0.0,0.0,0.0,0.0,0.0,0.0,0.0,0.0,0.0,0.0,0.0,0.0,0.0,0.0,0.0,0.0,0.0,0.0,0.0,0.0,0.0,0.0,0.0,0.0,0.0,0.0,0.0,0.0
29.9700201645127,102.047519126757,20.0562836186236,225.0,25.0,171.6860674721667,5.0,5.0,0.2771537974110652,2.1566833607061005e+17,0.0,0.0,0.0,0.0,0.0,0.0,0.0,0.0,0.0,0.0,0.0,0.0,0.0,0.0,0.0,0.0,0.0,0.0,0.0,0.0,0.0,0.0,0.0,0.0,0.0,0.0,0.0,0.0,0.0,0.0,0.0,0.0,0.0,0.0,0.0,0.0,0.0,0.0,0.0,0.0,0.0,0.0,0.0,0.0,0.0,0.0,0.0,0.0,0.0,0.0,0.0,0.0,0.0,0.0,0.0,0.0,0.0,0.0,0.0,0.0,0.0,0.0,0.0,0.0,0.0,0.0,0.0,0.0,0.0,0.0,0.0,0.0,0.0,0.0,0.0,0.0,0.0,2107267589294140.5,4214535178588281.0,4283440192450649.5,4352345206313018.0,2985164151509984.5,1617983096706951.2,808991548353475.6,0.0,0.0,0.0,0.0,0.0,0.0,0.0,0.0,0.0,0.0,0.0,0.0,0.0,0.0,0.0,0.0,0.0,0.0,0.0,0.0,0.0,0.0,0.0,2799214869067386.5,5598429738134773.0,9977939791984900.0,1.4357449845835026e+16,1.7531014170324476e+16,2.070457849481393e+16,2.2279610590259e+16,2.3854642685704076e+16,2.502769192914329e+16,2.62007411725825e+16,2.7346008199000332e+16,2.8491275225418164e+16,2.8148482523746148e+16,2.780568982207414e+16,2.4426893054659576e+16,2.1048096287245012e+16,1.5485504436633854e+16,9922912586022692.0,5937598330009501.0,1952284073996312.2,3809169987949631.5,5666055901902950.0,6874237275120965.0,8082418648338982.0,7484543428758598.0,6886668209178212.0,5338884431455582.0,3791100653732951.5,2456114948877513.5,1121129244022075.6,560564622011037.8,0.0,0.0,0.0,0.0,0.0,0.0,0.0,0.0,0.0,0.0,0.0,0.0,0.0,0.0,0.0,0.0,0.0,0.0,0.0,0.0,0.0,0.0,0.0,0.0,0.0,0.0,0.0,0.0,0.0,0.0,0.0,0.0,0.0,0.0,0.0,0.0,0.0,0.0,0.0,0.0,0.0,0.0,0.0,0.0,0.0,0.0,0.0,0.0,0.0,0.0,0.0,0.0,0.0,0.0,0.0,0.0,0.0,0.0,0.0,0.0,0.0,0.0,0.0,0.0,0.0,0.0,0.0,0.0,0.0,0.0,0.0,0.0,0.0,0.0,0.0,0.0,0.0,0.0,0.0,0.0,0.0,0.0,0.0,0.0,0.0,0.0,0.0,0.0,0.0,0.0,0.0,0.0,0.0,0.0,0.0,0.0,0.0,0.0,0.0,0.0,0.0,0.0
29.9993677131337,102.012269982697,21.9678796312896,225.0,20.0,163.85981744899613,5.0,5.0,0.19500226562657363,1.5174179300638077e+17,0.0,0.0,0.0,0.0,0.0,0.0,0.0,0.0,0.0,0.0,0.0,0.0,0.0,0.0,0.0,0.0,0.0,0.0,0.0,0.0,0.0,0.0,0.0,0.0,0.0,0.0,0.0,0.0,0.0,0.0,0.0,0.0,0.0,0.0,0.0,0.0,0.0,0.0,0.0,0.0,0.0,0.0,0.0,0.0,0.0,0.0,0.0,0.0,0.0,0.0,0.0,0.0,0.0,0.0,0.0,0.0,0.0,0.0,0.0,0.0,0.0,0.0,0.0,0.0,0.0,0.0,0.0,0.0,0.0,0.0,0.0,0.0,0.0,0.0,0.0,0.0,0.0,758248223353360.0,1516496446706720.0,1327974405587096.8,1139452364467473.5,569726182233736.8,0.0,0.0,0.0,0.0,0.0,0.0,0.0,0.0,0.0,0.0,0.0,0.0,0.0,0.0,0.0,0.0,0.0,0.0,0.0,0.0,0.0,0.0,0.0,0.0,0.0,2731074109722206.5,5462148219444413.0,8381586853677668.0,1.1301025487910924e+16,1.2368106087467494e+16,1.3435186687024064e+16,1.323690102278126e+16,1.3038615358538456e+16,1.334862633529382e+16,1.3658637312049182e+16,1.507846661764925e+16,1.6498295923249312e+16,1.7443533589109428e+16,1.8388771254969544e+16,1.6886216743442688e+16,1.538366223191583e+16,1.153044120743315e+16,7677220182950464.0,6046910610907498.0,4416601038864531.0,7096039618094314.0,9775478197324098.0,1.0296844774767634e+16,1.081821135221117e+16,8735100017874313.0,6651988683537455.0,4509500364758007.0,2367012045978560.5,1290001132608565.5,212990219238570.8,106495109619285.4,0.0,0.0,0.0,0.0,0.0,0.0,0.0,0.0,0.0,0.0,0.0,0.0,0.0,0.0,0.0,0.0,0.0,0.0,0.0,0.0,0.0,0.0,0.0,0.0,0.0,0.0,0.0,0.0,0.0,0.0,0.0,0.0,0.0,0.0,0.0,0.0,0.0,0.0,0.0,0.0,0.0,0.0,0.0,0.0,0.0,0.0,0.0,0.0,0.0,0.0,0.0,0.0,0.0,0.0,0.0,0.0,0.0,0.0,0.0,0.0,0.0,0.0,0.0,0.0,0.0,0.0,0.0,0.0,0.0,0.0,0.0,0.0,0.0,0.0,0.0,0.0,0.0,0.0,0.0,0.0,0.0,0.0,0.0,0.0,0.0,0.0,0.0,0.0,0.0,0.0,0.0,0.0,0.0,0.0,0.0,0.0,0.0,0.0,0.0,0.0,0.0,0.0
30.0296630639861,101.975866893943,23.46997760236,225.0,15.0,158.95633797130648,5.0,5.0,0.08633890750020178,6.718496622691202e+16,0.0,0.0,0.0,0.0,0.0,0.0,0.0,0.0,0.0,0.0,0.0,0.0,0.0,0.0,0.0,0.0,0.0,0.0,0.0,0.0,0.0,0.0,0.0,0.0,0.0,0.0,0.0,0.0,0.0,0.0,0.0,0.0,0.0,0.0,0.0,0.0,0.0,0.0,0.0,0.0,0.0,0.0,0.0,0.0,0.0,0.0,0.0,0.0,0.0,0.0,0.0,0.0,0.0,0.0,0.0,0.0,0.0,0.0,0.0,0.0,0.0,0.0,0.0,0.0,0.0,0.0,0.0,0.0,0.0,0.0,0.0,0.0,0.0,0.0,0.0,0.0,0.0,48625936252868.22,97251872505736.44,48625936252868.22,0.0,0.0,0.0,0.0,0.0,0.0,0.0,0.0,0.0,0.0,0.0,0.0,0.0,0.0,0.0,0.0,0.0,0.0,0.0,0.0,0.0,0.0,0.0,0.0,0.0,0.0,0.0,1476745478194350.8,2953490956388701.5,3982065739470207.5,5010640522551713.0,4920148247278538.0,4829655972005363.0,4315138131284839.5,3800620290564316.5,3963281829593714.5,4125943368623112.5,5315014956972098.0,6504086545321083.0,7637669294783969.0,8771252044246855.0,8496244964760107.0,8221237885273360.0,6261922669742680.0,4302607454211999.5,3913656388154363.5,3524705322096728.5,4930237885163669.0,6335770448230609.0,6195929189978084.0,6056087931725558.0,4353782037975126.0,2651476144224694.0,1325807806583439.2,139468942184.97345,69734471092.48672,0.0,0.0,0.0,0.0,0.0,0.0,0.0,0.0,0.0,0.0,0.0,0.0,0.0,0.0,0.0,0.0,0.0,0.0,0.0,0.0,0.0,0.0,0.0,0.0,0.0,0.0,0.0,0.0,0.0,0.0,0.0,0.0,0.0,0.0,0.0,0.0,0.0,0.0,0.0,0.0,0.0,0.0,0.0,0.0,0.0,0.0,0.0,0.0,0.0,0.0,0.0,0.0,0.0,0.0,0.0,0.0,0.0,0.0,0.0,0.0,0.0,0.0,0.0,0.0,0.0,0.0,0.0,0.0,0.0,0.0,0.0,0.0,0.0,0.0,0.0,0.0,0.0,0.0,0.0,0.0,0.0,0.0,0.0,0.0,0.0,0.0,0.0,0.0,0.0,0.0,0.0,0.0,0.0,0.0,0.0,0.0,0.0,0.0,0.0,0.0,0.0,0.0,0.0,0.0
30.060675651157,101.938775797996,24.5511456592836,225.0,10.0,90.0,5.0,5.0,0.0,0.0,0.0,0.0,0.0,0.0,0.0,0.0,0.0,0.0,0.0,0.0,0.0,0.0,0.0,0.0,0.0,0.0,0.0,0.0,0.0,0.0,0.0,0.0,0.0,0.0,0.0,0.0,0.0,0.0,0.0,0.0,0.0,0.0,0.0,0.0,0.0,0.0,0.0,0.0,0.0,0.0,0.0,0.0,0.0,0.0,0.0,0.0,0.0,0.0,0.0,0.0,0.0,0.0,0.0,0.0,0.0,0.0,0.0,0.0,0.0,0.0,0.0,0.0,0.0,0.0,0.0,0.0,0.0,0.0,0.0,0.0,0.0,0.0,0.0,0.0,0.0,0.0,0.0,0.0,0.0,0.0,0.0,0.0,0.0,0.0,0.0,0.0,0.0,0.0,0.0,0.0,0.0,0.0,0.0,0.0,0.0,0.0,0.0,0.0,0.0,0.0,0.0,0.0,0.0,0.0,0.0,0.0,0.0,0.0,0.0,0.0,0.0,0.0,0.0,0.0,0.0,0.0,0.0,0.0,0.0,0.0,0.0,0.0,0.0,0.0,0.0,0.0,0.0,0.0,0.0,0.0,0.0,0.0,0.0,0.0,0.0,0.0,0.0,0.0,0.0,0.0,0.0,0.0,0.0,0.0,0.0,0.0,0.0,0.0,0.0,0.0,0.0,0.0,0.0,0.0,0.0,0.0,0.0,0.0,0.0,0.0,0.0,0.0,0.0,0.0,0.0,0.0,0.0,0.0,0.0,0.0,0.0,0.0,0.0,0.0,0.0,0.0,0.0,0.0,0.0,0.0,0.0,0.0,0.0,0.0,0.0,0.0,0.0,0.0,0.0,0.0,0.0,0.0,0.0,0.0,0.0,0.0,0.0,0.0,0.0,0.0,0.0,0.0,0.0,0.0,0.0,0.0,0.0,0.0,0.0,0.0,0.0,0.0,0.0,0.0,0.0,0.0,0.0,0.0,0.0,0.0,0.0,0.0,0.0,0.0,0.0,0.0,0.0,0.0,0.0,0.0,0.0,0.0,0.0,0.0,0.0,0.0,0.0,0.0,0.0,0.0
29.8352868481135,102.133416754688,2.46201938253052,225.0,80.0,90.0,5.0,5.0,0.0305616330840204,2.378165703086281e+16,0.0,0.0,0.0,0.0,0.0,0.0,0.0,0.0,0.0,0.0,0.0,0.0,0.0,0.0,0.0,0.0,0.0,0.0,0.0,0.0,0.0,0.0,0.0,0.0,0.0,0.0,0.0,0.0,0.0,0.0,0.0,0.0,0.0,0.0,0.0,0.0,0.0,0.0,0.0,0.0,0.0,0.0,0.0,0.0,0.0,0.0,0.0,0.0,0.0,0.0,0.0,0.0,0.0,0.0,0.0,0.0,0.0,0.0,0.0,0.0,0.0,0.0,0.0,0.0,0.0,0.0,0.0,0.0,0.0,0.0,0.0,0.0,0.0,0.0,0.0,0.0,0.0,0.0,0.0,0.0,0.0,0.0,0.0,0.0,0.0,0.0,0.0,0.0,0.0,0.0,0.0,0.0,0.0,0.0,0.0,0.0,0.0,0.0,0.0,0.0,0.0,0.0,0.0,0.0,0.0,0.0,0.0,2086400858792290.8,4172801717584581.5,6355375784113549.0,8537949850642516.0,8230765686397420.0,7923581522152324.0,5535452731317855.0,3147323940483385.5,1573661970241692.8,0.0,0.0,0.0,0.0,0.0,0.0,0.0,0.0,0.0,0.0,0.0,0.0,0.0,0.0,0.0,0.0,0.0,0.0,0.0,0.0,0.0,0.0,0.0,0.0,0.0,0.0,0.0,0.0,0.0,0.0,0.0,0.0,0.0,0.0,0.0,0.0,0.0,0.0,0.0,0.0,0.0,0.0,0.0,0.0,0.0,0.0,0.0,0.0,0.0,0.0,0.0,0.0,0.0,0.0,0.0,0.0,0.0,0.0,0.0,0.0,0.0,0.0,0.0,0.0,0.0,0.0,0.0,0.0,0.0,0.0,0.0,0.0,0.0,0.0,0.0,0.0,0.0,0.0,0.0,0.0,0.0,0.0,0.0,0.0,0.0,0.0,0.0,0.0,0.0,0.0,0.0,0.0,0.0,0.0,0.0,0.0,0.0,0.0,0.0,0.0,0.0,0.0,0.0,0.0,0.0,0.0,0.0,0.0,0.0,0.0,0.0,0.0,0.0,0.0,0.0,0.0,0.0,0.0,0.0,0.0,0.0,0.0,0.0,0.0
29.8447662383929,102.122118302994,7.18980823265266,225.0,65.0,94.81594863032193,5.0,5.0,0.0719919106125062,5.602079321076415e+16,0.0,0.0,0.0,0.0,0.0,0.0,0.0,0.0,0.0,0.0,0.0,0.0,0.0,0.0,0.0,0.0,0.0,0.0,0.0,0.0,0.0,0.0,0.0,0.0,0.0,0.0,0.0,0.0,0.0,0.0,0.0,0.0,0.0,0.0,0.0,0.0,0.0,0.0,0.0,0.0,0.0,0.0,0.0,0.0,0.0,0.0,0.0,0.0,0.0,0.0,0.0,0.0,0.0,0.0,0.0,0.0,0.0,0.0,0.0,0.0,0.0,0.0,0.0,0.0,0.0,0.0,0.0,0.0,0.0,0.0,0.0,0.0,0.0,0.0,0.0,0.0,0.0,0.0,0.0,0.0,0.0,0.0,0.0,0.0,0.0,0.0,0.0,0.0,0.0,0.0,0.0,137058303424196.95,274116606848393.9,137058303424196.95,0.0,0.0,0.0,0.0,0.0,0.0,0.0,0.0,0.0,0.0,0.0,1601744262180047.2,3203488524360094.5,7518793317551986.0,1.1834098110743876e+16,1.4244158842807092e+16,1.6654219574870308e+16,1.5172276349290054e+16,1.3690333123709798e+16,9850725035336662.0,6011116946963529.0,3752354182538122.5,1493591418112716.5,1718319620652175.5,1943047823191634.0,1429914452577717.8,916781081963801.2,458390540981900.6,0.0,0.0,0.0,0.0,0.0,0.0,0.0,0.0,0.0,0.0,0.0,0.0,0.0,0.0,0.0,0.0,0.0,0.0,0.0,0.0,0.0,0.0,0.0,0.0,0.0,0.0,0.0,0.0,0.0,0.0,0.0,0.0,0.0,0.0,0.0,0.0,0.0,0.0,0.0,0.0,0.0,0.0,0.0,0.0,0.0,0.0,0.0,0.0,0.0,0.0,0.0,0.0,0.0,0.0,0.0,0.0,0.0,0.0,0.0,0.0,0.0,0.0,0.0,0.0,0.0,0.0,0.0,0.0,0.0,0.0,0.0,0.0,0.0,0.0,0.0,0.0,0.0,0.0,0.0,0.0,0.0,0.0,0.0,0.0,0.0,0.0,0.0,0.0,0.0,0.0,0.0,0.0,0.0,0.0,0.0,0.0,0.0,0.0,0.0,0.0,0.0,0.0,0.0,0.0,0.0,0.0,0.0,0.0,0.0,0.0,0.0,0.0,0.0,0.0,0.0,0.0,0.0,0.0
29.8617039652104,102.101872453842,11.3706888080417,225.0,50.0,112.80041530726973,5.0,5.0,0.10001931999890895,7.783043393443099e+16,0.0,0.0,0.0,0.0,0.0,0.0,0.0,0.0,0.0,0.0,0.0,0.0,0.0,0.0,0.0,0.0,0.0,0.0,0.0,0.0,0.0,0.0,0.0,0.0,0.0,0.0,0.0,0.0,0.0,0.0,0.0,0.0,0.0,0.0,0.0,0.0,0.0,0.0,0.0,0.0,0.0,0.0,0.0,0.0,0.0,0.0,0.0,0.0,0.0,0.0,0.0,0.0,0.0,0.0,0.0,0.0,0.0,0.0,0.0,0.0,0.0,0.0,0.0,0.0,0.0,0.0,0.0,0.0,0.0,0.0,0.0,0.0,0.0,0.0,0.0,0.0,0.0,0.0,0.0,0.0,0.0,0.0,0.0,0.0,0.0,0.0,0.0,0.0,0.0,0.0,0.0,0.0,0.0,0.0,0.0,0.0,0.0,0.0,0.0,0.0,0.0,0.0,0.0,0.0,0.0,3384469085079107.0,6768938170158214.0,1.0990018532982874e+16,1.5211098895807534e+16,1.6459396696197548e+16,1.770769449658756e+16,1.4988604586995312e+16,1.226951467740306e+16,9019759318072658.0,5770003958742254.0,6320715721538037.0,6871427484333821.0,6903404121609428.0,6935380758885036.0,5571232836054611.0,4207084913224187.0,2660435699403498.5,1113786485582809.0,556893242791404.5,0.0,0.0,0.0,0.0,0.0,0.0,0.0,0.0,0.0,0.0,0.0,0.0,0.0,487752046853259.9,975504093706519.8,487752046853259.9,0.0,0.0,0.0,0.0,0.0,0.0,0.0,0.0,0.0,0.0,0.0,0.0,0.0,0.0,0.0,0.0,0.0,0.0,0.0,0.0,0.0,0.0,0.0,0.0,0.0,0.0,0.0,0.0,0.0,0.0,0.0,0.0,0.0,0.0,0.0,0.0,0.0,0.0,0.0,0.0,0.0,0.0,0.0,0.0,0.0,0.0,0.0,0.0,0.0,0.0,0.0,0.0,0.0,0.0,0.0,0.0,0.0,0.0,0.0,0.0,0.0,0.0,0.0,0.0,0.0,0.0,0.0,0.0,0.0,0.0,0.0,0.0,0.0,0.0,0.0,0.0,0.0,0.0,0.0,0.0,0.0,0.0,0.0,0.0,0.0,0.0,0.0,0.0,0.0,0.0,0.0,0.0,0.0,0.0,0.0,0.0,0.0,0.0,0.0,0.0
29.8841014506028,102.075041592707,14.8927689400555,225.0,40.0,144.36550076739007,5.0,5.0,0.10089652902901454,7.851303765004378e+16,0.0,0.0,0.0,0.0,0.0,0.0,0.0,0.0,0.0,0.0,0.0,0.0,0.0,0.0,0.0,0.0,0.0,0.0,0.0,0.0,0.0,0.0,0.0,0.0,0.0,0.0,0.0,0.0,0.0,0.0,0.0,0.0,0.0,0.0,0.0,0.0,0.0,0.0,0.0,0.0,0.0,0.0,0.0,0.0,0.0,0.0,0.0,0.0,0.0,0.0,0.0,0.0,0.0,0.0,0.0,0.0,0.0,0.0,0.0,0.0,0.0,0.0,0.0,0.0,0.0,0.0,0.0,0.0,0.0,0.0,0.0,0.0,0.0,0.0,0.0,0.0,0.0,0.0,0.0,166803920890308.75,333607841780617.5,166803920890308.75,0.0,0.0,0.0,0.0,0.0,0.0,0.0,0.0,0.0,11488480551492.508,22976961102985.016,11488480551492.508,0.0,0.0,0.0,0.0,0.0,0.0,0.0,0.0,0.0,0.0,0.0,2736471023833307.5,5472942047666615.0,8405638635928796.0,1.1338335224190978e+16,1.1618785520241378e+16,1.1899235816291778e+16,9570877392489098.0,7242518968686420.0,7837013344357077.0,8431507720027733.0,9839495479508062.0,1.1247483238988386e+16,1.1149511852426502e+16,1.1051540465864616e+16,9511987486708488.0,7972434507552363.0,5736444682721821.0,3500454857891279.5,1750227428945639.8,0.0,0.0,0.0,0.0,0.0,0.0,0.0,0.0,0.0,0.0,0.0,0.0,0.0,0.0,0.0,0.0,0.0,0.0,0.0,0.0,0.0,0.0,0.0,0.0,0.0,0.0,0.0,0.0,0.0,0.0,0.0,0.0,0.0,0.0,0.0,0.0,0.0,0.0,0.0,0.0,0.0,0.0,0.0,0.0,0.0,0.0,0.0,0.0,0.0,0.0,0.0,0.0,0.0,0.0,0.0,0.0,0.0,0.0,0.0,0.0,0.0,0.0,0.0,0.0,0.0,0.0,0.0,0.0,0.0,0.0,0.0,0.0,0.0,0.0,0.0,0.0,0.0,0.0,0.0,0.0,0.0,0.0,0.0,0.0,0.0,0.0,0.0,0.0,0.0,0.0,0.0,0.0,0.0,0.0,0.0,0.0,0.0,0.0,0.0,0.0,0.0,0.0,0.0,0.0,0.0,0.0,0.0,0.0,0.0,0.0,0.0,0.0,0.0,0.0,0.0,0.0
29.9100479503879,102.043917275684,17.7497379642719,225.0,30.0,167.7892110098398,5.0,5.0,0.11824250502998504,9.201087825910298e+16,0.0,0.0,0.0,0.0,0.0,0.0,0.0,0.0,0.0,0.0,0.0,0.0,0.0,0.0,0.0,0.0,0.0,0.0,0.0,0.0,0.0,0.0,0.0,0.0,0.0,0.0,0.0,0.0,0.0,0.0,0.0,0.0,0.0,0.0,0.0,0.0,0.0,0.0,0.0,0.0,0.0,0.0,0.0,0.0,0.0,0.0,0.0,0.0,0.0,0.0,0.0,0.0,0.0,0.0,0.0,0.0,0.0,0.0,0.0,0.0,0.0,0.0,0.0,0.0,0.0,0.0,0.0,0.0,0.0,0.0,0.0,0.0,0.0,0.0,0.0,0.0,0.0,0.0,0.0,227140106056382.94,454280212112765.9,227140106056382.94,0.0,0.0,0.0,0.0,0.0,0.0,0.0,0.0,0.0,0.0,0.0,0.0,0.0,0.0,0.0,0.0,0.0,0.0,0.0,0.0,0.0,0.0,0.0,1165409916646543.8,2330819833293087.5,3666024078453338.0,5001228323613588.0,5343870970426093.0,5686513617238598.0,6856955452905390.0,8027397288572182.0,9857838652694870.0,1.168828001681756e+16,1.3012998896979336e+16,1.4337717777141116e+16,1.4740936473464448e+16,1.5144155169787778e+16,1.4170774719646236e+16,1.3197394269504694e+16,1.0720692715555964e+16,8243991161607234.0,5336091192064921.0,2428191222522610.0,1214095611261305.0,0.0,184589195219471.6,369178390438943.2,611970817324388.5,854763244209834.0,1030048278667280.2,1205333313124726.5,1217370306380941.8,1229407299637157.2,1129233655223597.0,1029060010810036.9,906113559740544.8,783167108671052.4,391583554335526.2,0.0,0.0,0.0,0.0,0.0,0.0,0.0,0.0,0.0,0.0,0.0,0.0,0.0,0.0,0.0,0.0,0.0,0.0,0.0,0.0,0.0,0.0,0.0,0.0,0.0,0.0,0.0,0.0,0.0,0.0,0.0,0.0,0.0,0.0,0.0,0.0,0.0,0.0,0.0,0.0,0.0,0.0,0.0,0.0,0.0,0.0,0.0,0.0,0.0,0.0,0.0,0.0,0.0,0.0,0.0,0.0,0.0,0.0,0.0,0.0,0.0,0.0,0.0,0.0,0.0,0.0,0.0,0.0,0.0,0.0,0.0,0.0,0.0,0.0,0.0,0.0,0.0,0.0,0.0,0.0,0.0,0.0,0.0,0.0,0.0,0.0,0.0,0.0,0.0,0.0,0.0,0.0,0.0,0.0,0.0,0.0,0.0,0.0,0.0,0.0
29.938224344212,102.01008818431,20.0562836186236,225.0,25.0,168.85851113261091,5.0,5.0,0.12182921069424259,9.480188761856765e+16,0.0,0.0,0.0,0.0,0.0,0.0,0.0,0.0,0.0,0.0,0.0,0.0,0.0,0.0,0.0,0.0,0.0,0.0,0.0,0.0,0.0,0.0,0.0,0.0,0.0,0.0,0.0,0.0,0.0,0.0,0.0,0.0,0.0,0.0,0.0,0.0,0.0,0.0,0.0,0.0,0.0,0.0,0.0,0.0,0.0,0.0,0.0,0.0,0.0,0.0,0.0,0.0,0.0,0.0,0.0,0.0,0.0,0.0,0.0,0.0,0.0,0.0,0.0,0.0,0.0,0.0,0.0,0.0,0.0,0.0,0.0,0.0,0.0,0.0,0.0,0.0,0.0,0.0,0.0,517819582241476.94,1035639164482953.9,726725858952338.0,417812553421722.4,208906276710861.2,0.0,0.0,0.0,0.0,0.0,0.0,0.0,0.0,0.0,0.0,0.0,0.0,0.0,0.0,0.0,0.0,0.0,0.0,0.0,0.0,0.0,0.0,0.0,1021730336451464.9,2043460672902929.8,3832594588359145.5,5621728503815361.0,6878392138519721.0,8135055773224081.0,8974527922349055.0,9814000071474028.0,1.0696323151379528e+16,1.1578646231285028e+16,1.2475627664312078e+16,1.3372609097339124e+16,1.3310847596506758e+16,1.3249086095674394e+16,1.1519781510052604e+16,9790476924430816.0,6967609788385502.0,4144742652340187.5,2304736035634702.5,464729418929217.44,1545303438131416.0,2625877457333614.5,3166592963617278.5,3707308469900941.5,3661964766694017.0,3616621063487093.0,3129741153652542.0,2642861243817990.0,2122061215899659.8,1601261187981329.8,1270616112354084.2,939971036726838.9,469985518363419.44,0.0,0.0,0.0,0.0,0.0,0.0,0.0,0.0,0.0,0.0,0.0,0.0,0.0,0.0,0.0,0.0,0.0,0.0,0.0,0.0,0.0,0.0,0.0,0.0,0.0,0.0,0.0,0.0,0.0,0.0,0.0,0.0,0.0,0.0,0.0,0.0,0.0,0.0,0.0,0.0,0.0,0.0,0.0,0.0,0.0,0.0,0.0,0.0,0.0,0.0,0.0,0.0,0.0,0.0,0.0,0.0,0.0,0.0,0.0,0.0,0.0,0.0,0.0,0.0,0.0,0.0,0.0,0.0,0.0,0.0,0.0,0.0,0.0,0.0,0.0,0.0,0.0,0.0,0.0,0.0,0.0,0.0,0.0,0.0,0.0,0.0,0.0,0.0,0.0,0.0,0.0,0.0,0.0,0.0,0.0,0.0,0.0,0.0,0.0,0.0
29.967571892833,101.974827359546,21.9678796312896,225.0,20.0,160.07040899961927,5.0,5.0,0.08576272940792637,6.673661093969554e+16,0.0,0.0,0.0,0.0,0.0,0.0,0.0,0.0,0.0,0.0,0.0,0.0,0.0,0.0,0.0,0.0,0.0,0.0,0.0,0.0,0.0,0.0,0.0,0.0,0.0,0.0,0.0,0.0,0.0,0.0,0.0,0.0,0.0,0.0,0.0,0.0,0.0,0.0,0.0,0.0,0.0,0.0,0.0,0.0,0.0,0.0,0.0,0.0,0.0,0.0,0.0,0.0,0.0,0.0,0.0,0.0,0.0,0.0,0.0,0.0,0.0,0.0,0.0,0.0,0.0,0.0,0.0,0.0,0.0,0.0,0.0,0.0,0.0,0.0,0.0,0.0,0.0,0.0,0.0,84980742535242.98,169961485070485.97,84980742535242.98,0.0,0.0,0.0,0.0,0.0,0.0,0.0,0.0,0.0,0.0,0.0,0.0,0.0,0.0,0.0,0.0,0.0,0.0,0.0,0.0,0.0,0.0,0.0,0.0,0.0,1019355951667800.8,2038711903335601.5,3097014040495026.5,4155316177654451.5,4488221906145963.5,4821127634637476.0,4867981932213432.0,4914836229789387.0,5460512998000085.0,6006189766210785.0,7003359899389502.0,8000530032568219.0,8475821695999651.0,8951113359431082.0,7996895209730615.0,7042677060030148.0,4960182741845215.0,2877688423660281.5,2615894081603342.5,2354099739546402.5,3619436686992805.0,4884773634439207.0,5160116040471977.0,5435458446504750.0,4462562894702012.0,3489667342899275.0,2442717397776282.0,1395767452653289.2,797229851958989.5,198692251264689.66,99346125632344.83,0.0,0.0,0.0,0.0,0.0,0.0,0.0,0.0,0.0,0.0,0.0,0.0,0.0,0.0,0.0,0.0,0.0,0.0,0.0,0.0,0.0,0.0,0.0,0.0,0.0,0.0,0.0,0.0,0.0,0.0,0.0,0.0,0.0,0.0,0.0,0.0,0.0,0.0,0.0,0.0,0.0,0.0,0.0,0.0,0.0,0.0,0.0,0.0,0.0,0.0,0.0,0.0,0.0,0.0,0.0,0.0,0.0,0.0,0.0,0.0,0.0,0.0,0.0,0.0,0.0,0.0,0.0,0.0,0.0,0.0,0.0,0.0,0.0,0.0,0.0,0.0,0.0,0.0,0.0,0.0,0.0,0.0,0.0,0.0,0.0,0.0,0.0,0.0,0.0,0.0,0.0,0.0,0.0,0.0,0.0,0.0,0.0,0.0,0.0,0.0,0.0,0.0
29.9978672436854,101.938412142214,23.46997760236,225.0,15.0,155.23239796428066,5.0,5.0,0.038513754019370794,2.996963174518946e+16,0.0,0.0,0.0,0.0,0.0,0.0,0.0,0.0,0.0,0.0,0.0,0.0,0.0,0.0,0.0,0.0,0.0,0.0,0.0,0.0,0.0,0.0,0.0,0.0,0.0,0.0,0.0,0.0,0.0,0.0,0.0,0.0,0.0,0.0,0.0,0.0,0.0,0.0,0.0,0.0,0.0,0.0,0.0,0.0,0.0,0.0,0.0,0.0,0.0,0.0,0.0,0.0,0.0,0.0,0.0,0.0,0.0,0.0,0.0,0.0,0.0,0.0,0.0,0.0,0.0,0.0,0.0,0.0,0.0,0.0,0.0,0.0,0.0,0.0,0.0,0.0,0.0,0.0,0.0,0.0,0.0,0.0,0.0,0.0,0.0,0.0,0.0,0.0,0.0,0.0,0.0,0.0,0.0,0.0,0.0,0.0,0.0,0.0,0.0,0.0,0.0,0.0,0.0,0.0,0.0,0.0,0.0,426519761089702.1,853039522179404.2,1315688624806451.5,1778337727433498.8,1618323748727995.8,1458309770022492.8,1265758315044152.8,1073206860065813.6,1330255809672172.0,1587304759278530.2,2390967862988267.0,3194630966698004.0,3847460279055762.5,4500289591413521.5,4275237027346195.0,4050184463278869.0,3031328809107425.0,2012473154935979.5,1839643633029729.8,1666814111123479.8,2532197411645745.0,3397580712168011.0,3249253687523461.0,3100926662878911.5,2198730053295927.5,1296533443712943.2,648266721856471.6,0.0,0.0,0.0,0.0,0.0,0.0,0.0,0.0,0.0,0.0,0.0,0.0,0.0,0.0,0.0,0.0,0.0,0.0,0.0,0.0,0.0,0.0,0.0,0.0,0.0,0.0,0.0,0.0,0.0,0.0,0.0,0.0,0.0,0.0,0.0,0.0,0.0,0.0,0.0,0.0,0.0,0.0,0.0,0.0,0.0,0.0,0.0,0.0,0.0,0.0,0.0,0.0,0.0,0.0,0.0,0.0,0.0,0.0,0.0,0.0,0.0,0.0,0.0,0.0,0.0,0.0,0.0,0.0,0.0,0.0,0.0,0.0,0.0,0.0,0.0,0.0,0.0,0.0,0.0,0.0,0.0,0.0,0.0,0.0,0.0,0.0,0.0,0.0,0.0,0.0,0.0,0.0,0.0,0.0,0.0,0.0,0.0,0.0,0.0,0.0,0.0,0.0,0.0,0.0,0.0,0.0
30.0288798308564,101.901311753786,24.5511456592836,225.0,10.0,90.0,5.0,5.0,0.0,0.0,0.0,0.0,0.0,0.0,0.0,0.0,0.0,0.0,0.0,0.0,0.0,0.0,0.0,0.0,0.0,0.0,0.0,0.0,0.0,0.0,0.0,0.0,0.0,0.0,0.0,0.0,0.0,0.0,0.0,0.0,0.0,0.0,0.0,0.0,0.0,0.0,0.0,0.0,0.0,0.0,0.0,0.0,0.0,0.0,0.0,0.0,0.0,0.0,0.0,0.0,0.0,0.0,0.0,0.0,0.0,0.0,0.0,0.0,0.0,0.0,0.0,0.0,0.0,0.0,0.0,0.0,0.0,0.0,0.0,0.0,0.0,0.0,0.0,0.0,0.0,0.0,0.0,0.0,0.0,0.0,0.0,0.0,0.0,0.0,0.0,0.0,0.0,0.0,0.0,0.0,0.0,0.0,0.0,0.0,0.0,0.0,0.0,0.0,0.0,0.0,0.0,0.0,0.0,0.0,0.0,0.0,0.0,0.0,0.0,0.0,0.0,0.0,0.0,0.0,0.0,0.0,0.0,0.0,0.0,0.0,0.0,0.0,0.0,0.0,0.0,0.0,0.0,0.0,0.0,0.0,0.0,0.0,0.0,0.0,0.0,0.0,0.0,0.0,0.0,0.0,0.0,0.0,0.0,0.0,0.0,0.0,0.0,0.0,0.0,0.0,0.0,0.0,0.0,0.0,0.0,0.0,0.0,0.0,0.0,0.0,0.0,0.0,0.0,0.0,0.0,0.0,0.0,0.0,0.0,0.0,0.0,0.0,0.0,0.0,0.0,0.0,0.0,0.0,0.0,0.0,0.0,0.0,0.0,0.0,0.0,0.0,0.0,0.0,0.0,0.0,0.0,0.0,0.0,0.0,0.0,0.0,0.0,0.0,0.0,0.0,0.0,0.0,0.0,0.0,0.0,0.0,0.0,0.0,0.0,0.0,0.0,0.0,0.0,0.0,0.0,0.0,0.0,0.0,0.0,0.0,0.0,0.0,0.0,0.0,0.0,0.0,0.0,0.0,0.0,0.0,0.0,0.0,0.0,0.0,0.0,0.0,0.0,0.0,0.0,0.0
29.8034910278129,102.096022350474,2.46201938253052,225.0,80.0,90.0,5.0,5.0,0.0,0.0,0.0,0.0,0.0,0.0,0.0,0.0,0.0,0.0,0.0,0.0,0.0,0.0,0.0,0.0,0.0,0.0,0.0,0.0,0.0,0.0,0.0,0.0,0.0,0.0,0.0,0.0,0.0,0.0,0.0,0.0,0.0,0.0,0.0,0.0,0.0,0.0,0.0,0.0,0.0,0.0,0.0,0.0,0.0,0.0,0.0,0.0,0.0,0.0,0.0,0.0,0.0,0.0,0.0,0.0,0.0,0.0,0.0,0.0,0.0,0.0,0.0,0.0,0.0,0.0,0.0,0.0,0.0,0.0,0.0,0.0,0.0,0.0,0.0,0.0,0.0,0.0,0.0,0.0,0.0,0.0,0.0,0.0,0.0,0.0,0.0,0.0,0.0,0.0,0.0,0.0,0.0,0.0,0.0,0.0,0.0,0.0,0.0,0.0,0.0,0.0,0.0,0.0,0.0,0.0,0.0,0.0,0.0,0.0,0.0,0.0,0.0,0.0,0.0,0.0,0.0,0.0,0.0,0.0,0.0,0.0,0.0,0.0,0.0,0.0,0.0,0.0,0.0,0.0,0.0,0.0,0.0,0.0,0.0,0.0,0.0,0.0,0.0,0.0,0.0,0.0,0.0,0.0,0.0,0.0,0.0,0.0,0.0,0.0,0.0,0.0,0.0,0.0,0.0,0.0,0.0,0.0,0.0,0.0,0.0,0.0,0.0,0.0,0.0,0.0,0.0,0.0,0.0,0.0,0.0,0.0,0.0,0.0,0.0,0.0,0.0,0.0,0.0,0.0,0.0,0.0,0.0,0.0,0.0,0.0,0.0,0.0,0.0,0.0,0.0,0.0,0.0,0.0,0.0,0.0,0.0,0.0,0.0,0.0,0.0,0.0,0.0,0.0,0.0,0.0,0.0,0.0,0.0,0.0,0.0,0.0,0.0,0.0,0.0,0.0,0.0,0.0,0.0,0.0,0.0,0.0,0.0,0.0,0.0,0.0,0.0,0.0,0.0,0.0,0.0,0.0,0.0,0.0,0.0,0.0,0.0,0.0,0.0,0.0,0.0,0.0
29.8129704180922,102.084721425516,7.18980823265266,225.0,65.0,90.0,5.0,5.0,0.0,0.0,0.0,0.0,0.0,0.0,0.0,0.0,0.0,0.0,0.0,0.0,0.0,0.0,0.0,0.0,0.0,0.0,0.0,0.0,0.0,0.0,0.0,0.0,0.0,0.0,0.0,0.0,0.0,0.0,0.0,0.0,0.0,0.0,0.0,0.0,0.0,0.0,0.0,0.0,0.0,0.0,0.0,0.0,0.0,0.0,0.0,0.0,0.0,0.0,0.0,0.0,0.0,0.0,0.0,0.0,0.0,0.0,0.0,0.0,0.0,0.0,0.0,0.0,0.0,0.0,0.0,0.0,0.0,0.0,0.0,0.0,0.0,0.0,0.0,0.0,0.0,0.0,0.0,0.0,0.0,0.0,0.0,0.0,0.0,0.0,0.0,0.0,0.0,0.0,0.0,0.0,0.0,0.0,0.0,0.0,0.0,0.0,0.0,0.0,0.0,0.0,0.0,0.0,0.0,0.0,0.0,0.0,0.0,0.0,0.0,0.0,0.0,0.0,0.0,0.0,0.0,0.0,0.0,0.0,0.0,0.0,0.0,0.0,0.0,0.0,0.0,0.0,0.0,0.0,0.0,0.0,0.0,0.0,0.0,0.0,0.0,0.0,0.0,0.0,0.0,0.0,0.0,0.0,0.0,0.0,0.0,0.0,0.0,0.0,0.0,0.0,0.0,0.0,0.0,0.0,0.0,0.0,0.0,0.0,0.0,0.0,0.0,0.0,0.0,0.0,0.0,0.0,0.0,0.0,0.0,0.0,0.0,0.0,0.0,0.0,0.0,0.0,0.0,0.0,0.0,0.0,0.0,0.0,0.0,0.0,0.0,0.0,0.0,0.0,0.0,0.0,0.0,0.0,0.0,0.0,0.0,0.0,0.0,0.0,0.0,0.0,0.0,0.0,0.0,0.0,0.0,0.0,0.0,0.0,0.0,0.0,0.0,0.0,0.0,0.0,0.0,0.0,0.0,0.0,0.0,0.0,0.0,0.0,0.0,0.0,0.0,0.0,0.0,0.0,0.0,0.0,0.0,0.0,0.0,0.0,0.0,0.0,0.0,0.0,0.0,0.0
29.8299081449098,102.064470235814,11.3706888080417,225.0,50.0,90.0,5.0,5.0,0.0,0.0,0.0,0.0,0.0,0.0,0.0,0.0,0.0,0.0,0.0,0.0,0.0,0.0,0.0,0.0,0.0,0.0,0.0,0.0,0.0,0.0,0.0,0.0,0.0,0.0,0.0,0.0,0.0,0.0,0.0,0.0,0.0,0.0,0.0,0.0,0.0,0.0,0.0,0.0,0.0,0.0,0.0,0.0,0.0,0.0,0.0,0.0,0.0,0.0,0.0,0.0,0.0,0.0,0.0,0.0,0.0,0.0,0.0,0.0,0.0,0.0,0.0,0.0,0.0,0.0,0.0,0.0,0.0,0.0,0.0,0.0,0.0,0.0,0.0,0.0,0.0,0.0,0.0,0.0,0.0,0.0,0.0,0.0,0.0,0.0,0.0,0.0,0.0,0.0,0.0,0.0,0.0,0.0,0.0,0.0,0.0,0.0,0.0,0.0,0.0,0.0,0.0,0.0,0.0,0.0,0.0,0.0,0.0,0.0,0.0,0.0,0.0,0.0,0.0,0.0,0.0,0.0,0.0,0.0,0.0,0.0,0.0,0.0,0.0,0.0,0.0,0.0,0.0,0.0,0.0,0.0,0.0,0.0,0.0,0.0,0.0,0.0,0.0,0.0,0.0,0.0,0.0,0.0,0.0,0.0,0.0,0.0,0.0,0.0,0.0,0.0,0.0,0.0,0.0,0.0,0.0,0.0,0.0,0.0,0.0,0.0,0.0,0.0,0.0,0.0,0.0,0.0,0.0,0.0,0.0,0.0,0.0,0.0,0.0,0.0,0.0,0.0,0.0,0.0,0.0,0.0,0.0,0.0,0.0,0.0,0.0,0.0,0.0,0.0,0.0,0.0,0.0,0.0,0.0,0.0,0.0,0.0,0.0,0.0,0.0,0.0,0.0,0.0,0.0,0.0,0.0,0.0,0.0,0.0,0.0,0.0,0.0,0.0,0.0,0.0,0.0,0.0,0.0,0.0,0.0,0.0,0.0,0.0,0.0,0.0,0.0,0.0,0.0,0.0,0.0,0.0,0.0,0.0,0.0,0.0,0.0,0.0,0.0,0.0,0.0,0.0
29.8523056303022,102.037631416464,14.8927689400555,225.0,40.0,90.0,5.0,5.0,0.0,0.0,0.0,0.0,0.0,0.0,0.0,0.0,0.0,0.0,0.0,0.0,0.0,0.0,0.0,0.0,0.0,0.0,0.0,0.0,0.0,0.0,0.0,0.0,0.0,0.0,0.0,0.0,0.0,0.0,0.0,0.0,0.0,0.0,0.0,0.0,0.0,0.0,0.0,0.0,0.0,0.0,0.0,0.0,0.0,0.0,0.0,0.0,0.0,0.0,0.0,0.0,0.0,0.0,0.0,0.0,0.0,0.0,0.0,0.0,0.0,0.0,0.0,0.0,0.0,0.0,0.0,0.0,0.0,0.0,0.0,0.0,0.0,0.0,0.0,0.0,0.0,0.0,0.0,0.0,0.0,0.0,0.0,0.0,0.0,0.0,0.0,0.0,0.0,0.0,0.0,0.0,0.0,0.0,0.0,0.0,0.0,0.0,0.0,0.0,0.0,0.0,0.0,0.0,0.0,0.0,0.0,0.0,0.0,0.0,0.0,0.0,0.0,0.0,0.0,0.0,0.0,0.0,0.0,0.0,0.0,0.0,0.0,0.0,0.0,0.0,0.0,0.0,0.0,0.0,0.0,0.0,0.0,0.0,0.0,0.0,0.0,0.0,0.0,0.0,0.0,0.0,0.0,0.0,0.0,0.0,0.0,0.0,0.0,0.0,0.0,0.0,0.0,0.0,0.0,0.0,0.0,0.0,0.0,0.0,0.0,0.0,0.0,0.0,0.0,0.0,0.0,0.0,0.0,0.0,0.0,0.0,0.0,0.0,0.0,0.0,0.0,0.0,0.0,0.0,0.0,0.0,0.0,0.0,0.0,0.0,0.0,0.0,0.0,0.0,0.0,0.0,0.0,0.0,0.0,0.0,0.0,0.0,0.0,0.0,0.0,0.0,0.0,0.0,0.0,0.0,0.0,0.0,0.0,0.0,0.0,0.0,0.0,0.0,0.0,0.0,0.0,0.0,0.0,0.0,0.0,0.0,0.0,0.0,0.0,0.0,0.0,0.0,0.0,0.0,0.0,0.0,0.0,0.0,0.0,0.0,0.0,0.0,0.0,0.0,0.0,0.0
29.8782521300873,102.006497308353,17.7497379642719,225.0,30.0,90.0,5.0,5.0,0.0,0.0,0.0,0.0,0.0,0.0,0.0,0.0,0.0,0.0,0.0,0.0,0.0,0.0,0.0,0.0,0.0,0.0,0.0,0.0,0.0,0.0,0.0,0.0,0.0,0.0,0.0,0.0,0.0,0.0,0.0,0.0,0.0,0.0,0.0,0.0,0.0,0.0,0.0,0.0,0.0,0.0,0.0,0.0,0.0,0.0,0.0,0.0,0.0,0.0,0.0,0.0,0.0,0.0,0.0,0.0,0.0,0.0,0.0,0.0,0.0,0.0,0.0,0.0,0.0,0.0,0.0,0.0,0.0,0.0,0.0,0.0,0.0,0.0,0.0,0.0,0.0,0.0,0.0,0.0,0.0,0.0,0.0,0.0,0.0,0.0,0.0,0.0,0.0,0.0,0.0,0.0,0.0,0.0,0.0,0.0,0.0,0.0,0.0,0.0,0.0,0.0,0.0,0.0,0.0,0.0,0.0,0.0,0.0,0.0,0.0,0.0,0.0,0.0,0.0,0.0,0.0,0.0,0.0,0.0,0.0,0.0,0.0,0.0,0.0,0.0,0.0,0.0,0.0,0.0,0.0,0.0,0.0,0.0,0.0,0.0,0.0,0.0,0.0,0.0,0.0,0.0,0.0,0.0,0.0,0.0,0.0,0.0,0.0,0.0,0.0,0.0,0.0,0.0,0.0,0.0,0.0,0.0,0.0,0.0,0.0,0.0,0.0,0.0,0.0,0.0,0.0,0.0,0.0,0.0,0.0,0.0,0.0,0.0,0.0,0.0,0.0,0.0,0.0,0.0,0.0,0.0,0.0,0.0,0.0,0.0,0.0,0.0,0.0,0.0,0.0,0.0,0.0,0.0,0.0,0.0,0.0,0.0,0.0,0.0,0.0,0.0,0.0,0.0,0.0,0.0,0.0,0.0,0.0,0.0,0.0,0.0,0.0,0.0,0.0,0.0,0.0,0.0,0.0,0.0,0.0,0.0,0.0,0.0,0.0,0.0,0.0,0.0,0.0,0.0,0.0,0.0,0.0,0.0,0.0,0.0,0.0,0.0,0.0,0.0,0.0,0.0
29.9064285239114,101.972657241862,20.0562836186236,225.0,25.0,90.0,5.0,5.0,0.0,0.0,0.0,0.0,0.0,0.0,0.0,0.0,0.0,0.0,0.0,0.0,0.0,0.0,0.0,0.0,0.0,0.0,0.0,0.0,0.0,0.0,0.0,0.0,0.0,0.0,0.0,0.0,0.0,0.0,0.0,0.0,0.0,0.0,0.0,0.0,0.0,0.0,0.0,0.0,0.0,0.0,0.0,0.0,0.0,0.0,0.0,0.0,0.0,0.0,0.0,0.0,0.0,0.0,0.0,0.0,0.0,0.0,0.0,0.0,0.0,0.0,0.0,0.0,0.0,0.0,0.0,0.0,0.0,0.0,0.0,0.0,0.0,0.0,0.0,0.0,0.0,0.0,0.0,0.0,0.0,0.0,0.0,0.0,0.0,0.0,0.0,0.0,0.0,0.0,0.0,0.0,0.0,0.0,0.0,0.0,0.0,0.0,0.0,0.0,0.0,0.0,0.0,0.0,0.0,0.0,0.0,0.0,0.0,0.0,0.0,0.0,0.0,0.0,0.0,0.0,0.0,0.0,0.0,0.0,0.0,0.0,0.0,0.0,0.0,0.0,0.0,0.0,0.0,0.0,0.0,0.0,0.0,0.0,0.0,0.0,0.0,0.0,0.0,0.0,0.0,0.0,0.0,0.0,0.0,0.0,0.0,0.0,0.0,0.0,0.0,0.0,0.0,0.0,0.0,0.0,0.0,0.0,0.0,0.0,0.0,0.0,0.0,0.0,0.0,0.0,0.0,0.0,0.0,0.0,0.0,0.0,0.0,0.0,0.0,0.0,0.0,0.0,0.0,0.0,0.0,0.0,0.0,0.0,0.0,0.0,0.0,0.0,0.0,0.0,0.0,0.0,0.0,0.0,0.0,0.0,0.0,0.0,0.0,0.0,0.0,0.0,0.0,0.0,0.0,0.0,0.0,0.0,0.0,0.0,0.0,0.0,0.0,0.0,0.0,0.0,0.0,0.0,0.0,0.0,0.0,0.0,0.0,0.0,0.0,0.0,0.0,0.0,0.0,0.0,0.0,0.0,0.0,0.0,0.0,0.0,0.0,0.0,0.0,0.0,0.0,0.0
29.9357760725324,101.937384736395,21.9678796312896,225.0,20.0,90.0,5.0,5.0,0.0,0.0,0.0,0.0,0.0,0.0,0.0,0.0,0.0,0.0,0.0,0.0,0.0,0.0,0.0,0.0,0.0,0.0,0.0,0.0,0.0,0.0,0.0,0.0,0.0,0.0,0.0,0.0,0.0,0.0,0.0,0.0,0.0,0.0,0.0,0.0,0.0,0.0,0.0,0.0,0.0,0.0,0.0,0.0,0.0,0.0,0.0,0.0,0.0,0.0,0.0,0.0,0.0,0.0,0.0,0.0,0.0,0.0,0.0,0.0,0.0,0.0,0.0,0.0,0.0,0.0,0.0,0.0,0.0,0.0,0.0,0.0,0.0,0.0,0.0,0.0,0.0,0.0,0.0,0.0,0.0,0.0,0.0,0.0,0.0,0.0,0.0,0.0,0.0,0.0,0.0,0.0,0.0,0.0,0.0,0.0,0.0,0.0,0.0,0.0,0.0,0.0,0.0,0.0,0.0,0.0,0.0,0.0,0.0,0.0,0.0,0.0,0.0,0.0,0.0,0.0,0.0,0.0,0.0,0.0,0.0,0.0,0.0,0.0,0.0,0.0,0.0,0.0,0.0,0.0,0.0,0.0,0.0,0.0,0.0,0.0,0.0,0.0,0.0,0.0,0.0,0.0,0.0,0.0,0.0,0.0,0.0,0.0,0.0,0.0,0.0,0.0,0.0,0.0,0.0,0.0,0.0,0.0,0.0,0.0,0.0,0.0,0.0,0.0,0.0,0.0,0.0,0.0,0.0,0.0,0.0,0.0,0.0,0.0,0.0,0.0,0.0,0.0,0.0,0.0,0.0,0.0,0.0,0.0,0.0,0.0,0.0,0.0,0.0,0.0,0.0,0.0,0.0,0.0,0.0,0.0,0.0,0.0,0.0,0.0,0.0,0.0,0.0,0.0,0.0,0.0,0.0,0.0,0.0,0.0,0.0,0.0,0.0,0.0,0.0,0.0,0.0,0.0,0.0,0.0,0.0,0.0,0.0,0.0,0.0,0.0,0.0,0.0,0.0,0.0,0.0,0.0,0.0,0.0,0.0,0.0,0.0,0.0,0.0,0.0,0.0,0.0
29.9660714233848,101.900957390486,23.46997760236,225.0,15.0,90.0,5.0,5.0,0.0,0.0,0.0,0.0,0.0,0.0,0.0,0.0,0.0,0.0,0.0,0.0,0.0,0.0,0.0,0.0,0.0,0.0,0.0,0.0,0.0,0.0,0.0,0.0,0.0,0.0,0.0,0.0,0.0,0.0,0.0,0.0,0.0,0.0,0.0,0.0,0.0,0.0,0.0,0.0,0.0,0.0,0.0,0.0,0.0,0.0,0.0,0.0,0.0,0.0,0.0,0.0,0.0,0.0,0.0,0.0,0.0,0.0,0.0,0.0,0.0,0.0,0.0,0.0,0.0,0.0,0.0,0.0,0.0,0.0,0.0,0.0,0.0,0.0,0.0,0.0,0.0,0.0,0.0,0.0,0.0,0.0,0.0,0.0,0.0,0.0,0.0,0.0,0.0,0.0,0.0,0.0,0.0,0.0,0.0,0.0,0.0,0.0,0.0,0.0,0.0,0.0,0.0,0.0,0.0,0.0,0.0,0.0,0.0,0.0,0.0,0.0,0.0,0.0,0.0,0.0,0.0,0.0,0.0,0.0,0.0,0.0,0.0,0.0,0.0,0.0,0.0,0.0,0.0,0.0,0.0,0.0,0.0,0.0,0.0,0.0,0.0,0.0,0.0,0.0,0.0,0.0,0.0,0.0,0.0,0.0,0.0,0.0,0.0,0.0,0.0,0.0,0.0,0.0,0.0,0.0,0.0,0.0,0.0,0.0,0.0,0.0,0.0,0.0,0.0,0.0,0.0,0.0,0.0,0.0,0.0,0.0,0.0,0.0,0.0,0.0,0.0,0.0,0.0,0.0,0.0,0.0,0.0,0.0,0.0,0.0,0.0,0.0,0.0,0.0,0.0,0.0,0.0,0.0,0.0,0.0,0.0,0.0,0.0,0.0,0.0,0.0,0.0,0.0,0.0,0.0,0.0,0.0,0.0,0.0,0.0,0.0,0.0,0.0,0.0,0.0,0.0,0.0,0.0,0.0,0.0,0.0,0.0,0.0,0.0,0.0,0.0,0.0,0.0,0.0,0.0,0.0,0.0,0.0,0.0,0.0,0.0,0.0,0.0,0.0,0.0,0.0
29.9970840105557,101.863847709576,24.5511456592836,225.0,10.0,90.0,5.0,5.0,0.0,0.0,0.0,0.0,0.0,0.0,0.0,0.0,0.0,0.0,0.0,0.0,0.0,0.0,0.0,0.0,0.0,0.0,0.0,0.0,0.0,0.0,0.0,0.0,0.0,0.0,0.0,0.0,0.0,0.0,0.0,0.0,0.0,0.0,0.0,0.0,0.0,0.0,0.0,0.0,0.0,0.0,0.0,0.0,0.0,0.0,0.0,0.0,0.0,0.0,0.0,0.0,0.0,0.0,0.0,0.0,0.0,0.0,0.0,0.0,0.0,0.0,0.0,0.0,0.0,0.0,0.0,0.0,0.0,0.0,0.0,0.0,0.0,0.0,0.0,0.0,0.0,0.0,0.0,0.0,0.0,0.0,0.0,0.0,0.0,0.0,0.0,0.0,0.0,0.0,0.0,0.0,0.0,0.0,0.0,0.0,0.0,0.0,0.0,0.0,0.0,0.0,0.0,0.0,0.0,0.0,0.0,0.0,0.0,0.0,0.0,0.0,0.0,0.0,0.0,0.0,0.0,0.0,0.0,0.0,0.0,0.0,0.0,0.0,0.0,0.0,0.0,0.0,0.0,0.0,0.0,0.0,0.0,0.0,0.0,0.0,0.0,0.0,0.0,0.0,0.0,0.0,0.0,0.0,0.0,0.0,0.0,0.0,0.0,0.0,0.0,0.0,0.0,0.0,0.0,0.0,0.0,0.0,0.0,0.0,0.0,0.0,0.0,0.0,0.0,0.0,0.0,0.0,0.0,0.0,0.0,0.0,0.0,0.0,0.0,0.0,0.0,0.0,0.0,0.0,0.0,0.0,0.0,0.0,0.0,0.0,0.0,0.0,0.0,0.0,0.0,0.0,0.0,0.0,0.0,0.0,0.0,0.0,0.0,0.0,0.0,0.0,0.0,0.0,0.0,0.0,0.0,0.0,0.0,0.0,0.0,0.0,0.0,0.0,0.0,0.0,0.0,0.0,0.0,0.0,0.0,0.0,0.0,0.0,0.0,0.0,0.0,0.0,0.0,0.0,0.0,0.0,0.0,0.0,0.0,0.0,0.0,0.0,0.0,0.0,0.0,0.0
