31.6376149333091,104.36085131019,2.26576946759162,223.0,65.0,132.78953799058772,5.0,5.0,0.8284776742321647,6.446832161144558e+17,0.0,0.0,0.0,0.0,0.0,0.0,0.0,0.0,0.0,0.0,0.0,0.0,0.0,0.0,0.0,0.0,0.0,0.0,0.0,0.0,0.0,0.0,0.0,0.0,0.0,0.0,0.0,0.0,0.0,0.0,0.0,0.0,0.0,0.0,0.0,0.0,0.0,0.0,0.0,0.0,0.0,0.0,0.0,0.0,0.0,0.0,0.0,0.0,0.0,0.0,0.0,0.0,0.0,0.0,0.0,798153091632336.9,1596306183264673.8,2015771813665813.2,2435237444066952.5,2275869394197616.5,2116501344328280.8,1929080761123802.5,1741660177919324.2,1574058676685066.0,1406457175450807.8,730801654030072.4,55146132609336.93,27573066304668.465,0.0,0.0,0.0,0.0,0.0,43850231264792.94,87700462529585.88,1296213097079719.2,2504725731629853.0,1.0856667233374166e+16,1.9208608735118484e+16,3.440419642929124e+16,4.9599784123464e+16,6.021641145731141e+16,7.083303879115881e+16,6.838546244367666e+16,6.5937886096194504e+16,5.162330735608544e+16,3.730872861597638e+16,2.227278183998836e+16,7236835064000329.0,4566880800066486.0,1896926536132642.8,5949489422728739.0,1.0002052309324836e+16,1.6909804601434404e+16,2.381755689354397e+16,3.274994586967684e+16,4.1682334845809704e+16,4.871959121120881e+16,5.57568475766079e+16,5.81412622846735e+16,6.0525676992739096e+16,5.664952053409329e+16,5.2773364075447496e+16,4.40945902935921e+16,3.54158165117367e+16,2.6561356631021428e+16,1.770689675030616e+16,2.3427108805594932e+16,2.9147320860883704e+16,3.221464584321569e+16,3.5281970825547668e+16,2.6944903342106176e+16,1.860783585866467e+16,9303917929332336.0,0.0,0.0,0.0,0.0,0.0,0.0,0.0,0.0,0.0,0.0,0.0,0.0,0.0,0.0,0.0,0.0,0.0,0.0,0.0,0.0,0.0,0.0,0.0,0.0,0.0,0.0,0.0,0.0,0.0,0.0,0.0,0.0,0.0,0.0,0.0,0.0,0.0,0.0,0.0,0.0,0.0,0.0,0.0,0.0,0.0,0.0,0.0,0.0,0.0,0.0,0.0,0.0,0.0,0.0,0.0,0.0,0.0,0.0,0.0,0.0,0.0,0.0,0.0,0.0,0.0,0.0,0.0,0.0,0.0,0.0,0.0,0.0,0.0,0.0,0.0,0.0,0.0,0.0,0.0,0.0,0.0,0.0,0.0,0.0,0.0,0.0,0.0,0.0,0.0,0.0,0.0,0.0,0.0,0.0,0.0,0.0,0.0,0.0,0.0,0.0,0.0,0.0,0.0,0.0,0.0,0.0,0.0,0.0,0.0,0.0,0.0,0.0,0.0,0.0,0.0,0.0,0.0,0.0,0.0,0.0,0.0,0.0,0.0,0.0,0.0,0.0
31.6539512239799,104.340029039948,6.44665004298069,223.0,50.0,140.23720884928062,5.0,5.0,1.347793787938826,1.0487911272597492e+18,0.0,0.0,0.0,0.0,0.0,0.0,0.0,0.0,0.0,0.0,0.0,0.0,0.0,0.0,0.0,0.0,0.0,0.0,0.0,0.0,0.0,0.0,0.0,0.0,0.0,0.0,0.0,0.0,0.0,0.0,0.0,0.0,0.0,0.0,0.0,0.0,0.0,0.0,0.0,0.0,0.0,0.0,0.0,0.0,0.0,0.0,0.0,0.0,0.0,0.0,0.0,0.0,0.0,5419354038886688.0,1.0838708077773376e+16,1.4915375003972662e+16,1.899204193017195e+16,1.949237259591911e+16,1.999270326166628e+16,1.8682921502018044e+16,1.7373139742369812e+16,1.4988047528912354e+16,1.2602955315454898e+16,1.033424943293385e+16,8065543550412803.0,6784698077137558.0,5503852603862313.0,4562877433645515.0,3621902263428717.5,2909443646253389.0,2196985029078060.5,1656239169310448.0,1115493309542835.4,2487666840073310.0,3859840370603785.5,6945199442995521.0,1.0030558515387256e+16,1.6436429824018532e+16,2.2842301132649804e+16,3.767145831783356e+16,5.250061550301733e+16,6.412026826197644e+16,7.573992102093554e+16,7.432023824377032e+16,7.290055546660512e+16,5.886087891650347e+16,4.482120236640183e+16,2.8205193025144628e+16,1.1589183683887416e+16,8869460158736147.0,6149736633584878.0,1.3921450893615762e+16,2.1693165153646644e+16,3.367212220594269e+16,4.565107925823873e+16,5.9026908608720264e+16,7.24027379592018e+16,8.28265113156468e+16,9.32502846720918e+16,9.663492683067197e+16,1.0001956898925213e+17,9.476056893142026e+16,8.95015688735884e+16,7.646050979372069e+16,6.341945071385296e+16,4.922849171196476e+16,3.503753271007656e+16,3.759924716808404e+16,4.016096162609151e+16,4.685236263237459e+16,5.3543763638657656e+16,4.345876876343736e+16,3.3373773888217068e+16,1.6686886944108534e+16,0.0,0.0,0.0,0.0,0.0,0.0,0.0,0.0,0.0,0.0,0.0,0.0,0.0,0.0,0.0,0.0,0.0,0.0,0.0,0.0,0.0,0.0,0.0,0.0,0.0,0.0,0.0,0.0,0.0,0.0,0.0,0.0,0.0,0.0,0.0,0.0,0.0,0.0,0.0,0.0,0.0,0.0,0.0,0.0,0.0,0.0,0.0,0.0,0.0,0.0,0.0,0.0,0.0,0.0,0.0,0.0,0.0,0.0,0.0,0.0,0.0,0.0,0.0,0.0,0.0,0.0,0.0,0.0,0.0,0.0,0.0,0.0,0.0,0.0,0.0,0.0,0.0,0.0,0.0,0.0,0.0,0.0,0.0,0.0,0.0,0.0,0.0,0.0,0.0,0.0,0.0,0.0,0.0,0.0,0.0,0.0,0.0,0.0,0.0,0.0,0.0,0.0,0.0,0.0,0.0,0.0,0.0,0.0,0.0,0.0,0.0,0.0,0.0,0.0,0.0,0.0,0.0,0.0,0.0,0.0,0.0,0.0,0.0,0.0,0.0,0.0
31.6763677243682,104.311421154314,9.79570224165576,223.0,35.0,144.86361540031368,5.0,5.0,2.007823186980146,1.5623956442413486e+18,0.0,0.0,0.0,0.0,0.0,0.0,0.0,0.0,0.0,0.0,0.0,0.0,0.0,0.0,0.0,0.0,0.0,0.0,0.0,0.0,0.0,0.0,0.0,0.0,0.0,0.0,0.0,0.0,0.0,0.0,0.0,0.0,0.0,0.0,0.0,0.0,0.0,0.0,0.0,0.0,0.0,0.0,0.0,0.0,0.0,0.0,0.0,0.0,0.0,0.0,0.0,0.0,0.0,1.6235717350295372e+16,3.2471434700590744e+16,4.4208236133546216e+16,5.594503756650169e+16,5.803076995808408e+16,6.011650234966646e+16,5.597707501915719e+16,5.183764768864792e+16,4.502320338444011e+16,3.820875908023232e+16,3.1380270705205372e+16,2.4551782330178412e+16,1.880068200098327e+16,1.3049581671788124e+16,9275156403815008.0,5500731135841893.0,3573364898083198.5,1645998660324504.8,1215831387401460.2,785664114478415.8,3801268547376758.5,6816872980275101.0,1.1233505049003046e+16,1.5650137117730988e+16,1.9266397906148276e+16,2.2882658694565564e+16,3.2591784084827244e+16,4.230090947508893e+16,5.4136377069800936e+16,6.597184466451296e+16,6.820483754882308e+16,7.043783043313321e+16,6.039064793404438e+16,5.0343465434955544e+16,3.5894848569210544e+16,2.1446231703465548e+16,1.603013067871037e+16,1.0614029653955196e+16,2.3675499070525404e+16,3.673696848709562e+16,5.634203464124456e+16,7.59471007953935e+16,9.765450124403376e+16,1.1936190169267405e+17,1.35493053615485e+17,1.5162420553829594e+17,1.5614266226163734e+17,1.6066111898497875e+17,1.5122137728101482e+17,1.4178163557705086e+17,1.2102790725265237e+17,1.0027417892825384e+17,7.61474168367224e+16,5.202065474519094e+16,4.528898885545071e+16,3.855732296571048e+16,4.699565916029736e+16,5.543399535488424e+16,4.742671853538555e+16,3.941944171588686e+16,1.970972085794343e+16,0.0,0.0,0.0,0.0,0.0,0.0,0.0,0.0,0.0,0.0,0.0,0.0,0.0,0.0,0.0,0.0,0.0,0.0,0.0,0.0,0.0,0.0,0.0,0.0,0.0,0.0,0.0,0.0,0.0,0.0,0.0,0.0,0.0,0.0,0.0,0.0,0.0,0.0,0.0,0.0,0.0,0.0,0.0,0.0,0.0,0.0,0.0,0.0,0.0,0.0,0.0,0.0,0.0,0.0,0.0,0.0,0.0,0.0,0.0,0.0,0.0,0.0,0.0,0.0,0.0,0.0,0.0,0.0,0.0,0.0,0.0,0.0,0.0,0.0,0.0,0.0,0.0,0.0,0.0,0.0,0.0,0.0,0.0,0.0,0.0,0.0,0.0,0.0,0.0,0.0,0.0,0.0,0.0,0.0,0.0,0.0,0.0,0.0,0.0,0.0,0.0,0.0,0.0,0.0,0.0,0.0,0.0,0.0,0.0,0.0,0.0,0.0,0.0,0.0,0.0,0.0,0.0,0.0,0.0,0.0,0.0,0.0,0.0,0.0,0.0,0.0
31.7018601629173,104.278864134614,12.5728923534004,223.0,32.5,147.82910885828898,5.0,5.0,2.3507994483350023,1.8292839939196754e+18,0.0,0.0,0.0,0.0,0.0,0.0,0.0,0.0,0.0,0.0,0.0,0.0,0.0,0.0,0.0,0.0,0.0,0.0,0.0,0.0,0.0,0.0,0.0,0.0,0.0,0.0,0.0,0.0,0.0,0.0,0.0,0.0,0.0,0.0,0.0,0.0,0.0,0.0,0.0,0.0,0.0,0.0,0.0,0.0,0.0,0.0,0.0,0.0,0.0,0.0,0.0,0.0,0.0,2.6033380591430064e+16,5.206676118286013e+16,7.125461005073651e+16,9.044245891861291e+16,9.475517264071693e+16,9.906788636282094e+16,9.229557144051552e+16,8.552325651821011e+16,7.266032905504872e+16,5.9797401591887336e+16,4.650124530538518e+16,3.3205089018883024e+16,2.3404152046680156e+16,1.3603215074477292e+16,7968183735612260.0,2333152396747229.5,1166576198373614.8,0.0,0.0,0.0,2050463744248906.2,4100927488497812.5,7379084826378213.0,1.0657242164258612e+16,1.2401050906496758e+16,1.4144859648734904e+16,1.789147211135737e+16,2.163808457397984e+16,3.1531955769992876e+16,4.142582696600591e+16,4.617230170657109e+16,5.0918776447136264e+16,4.64553978344441e+16,4.199201922175193e+16,3.2619485549355804e+16,2.324695187695967e+16,1.7762496670121992e+16,1.2278041463284312e+16,2.9133676042222336e+16,4.598931062116036e+16,7.307484479730269e+16,1.0016037897344502e+17,1.2902588446308382e+17,1.578913899527226e+17,1.7871218743628426e+17,1.9953298491984598e+17,2.035065447511836e+17,2.0748010458252125e+17,1.9292081282505702e+17,1.7836152106759283e+17,1.5034468745692893e+17,1.2232785384626506e+17,9.023401792367427e+16,5.814018200108352e+16,4.270469019284731e+16,2.726919838461109e+16,3.353139522397203e+16,3.9793592063332984e+16,3.784455932765977e+16,3.5895526591986548e+16,1.7947763295993274e+16,0.0,0.0,0.0,0.0,0.0,0.0,0.0,0.0,0.0,0.0,0.0,0.0,0.0,0.0,0.0,0.0,0.0,0.0,0.0,0.0,0.0,0.0,0.0,0.0,0.0,0.0,0.0,0.0,0.0,0.0,0.0,0.0,0.0,0.0,0.0,0.0,0.0,0.0,0.0,0.0,0.0,0.0,0.0,0.0,0.0,0.0,0.0,0.0,0.0,0.0,0.0,0.0,0.0,0.0,0.0,0.0,0.0,0.0,0.0,0.0,0.0,0.0,0.0,0.0,0.0,0.0,0.0,0.0,0.0,0.0,0.0,0.0,0.0,0.0,0.0,0.0,0.0,0.0,0.0,0.0,0.0,0.0,0.0,0.0,0.0,0.0,0.0,0.0,0.0,0.0,0.0,0.0,0.0,0.0,0.0,0.0,0.0,0.0,0.0,0.0,0.0,0.0,0.0,0.0,0.0,0.0,0.0,0.0,0.0,0.0,0.0,0.0,0.0,0.0,0.0,0.0,0.0,0.0,0.0,0.0,0.0,0.0,0.0,0.0,0.0,0.0
31.7280713292732,104.245369526176,15.1661413742675,223.0,30.0,148.70837656289805,5.0,5.0,2.4650647972464843,1.9182000322365407e+18,0.0,0.0,0.0,0.0,0.0,0.0,0.0,0.0,0.0,0.0,0.0,0.0,0.0,0.0,0.0,0.0,0.0,0.0,0.0,0.0,0.0,0.0,0.0,0.0,0.0,0.0,0.0,0.0,0.0,0.0,0.0,0.0,0.0,0.0,0.0,0.0,0.0,0.0,0.0,0.0,0.0,0.0,0.0,0.0,0.0,0.0,0.0,0.0,0.0,0.0,0.0,0.0,0.0,3.275998233423894e+16,6.551996466847788e+16,9.011936337126342e+16,1.1471876207404898e+17,1.2070919445353362e+17,1.2669962683301829e+17,1.1770501271428171e+17,1.0871039859554514e+17,9.126531090526078e+16,7.382022321497645e+16,5.530717622264556e+16,3.6794129230314664e+16,2.3520206414647536e+16,1.024628359898041e+16,5123141799490205.0,0.0,0.0,0.0,0.0,0.0,281064590398492.4,562129180796984.8,1472330952581301.2,2382532724365617.5,2957061277741023.5,3531589831116430.5,4674192113670217.0,5816794396224002.0,1.2683189614499888e+16,1.9549584832775772e+16,2.5378504274924944e+16,3.1207423717074116e+16,3.1025622811076956e+16,3.0843821905079796e+16,2.6332906754981856e+16,2.1821991604883908e+16,1.8205655919694924e+16,1.4589320234505932e+16,3.209758871073825e+16,4.960585718697056e+16,8.156770065849397e+16,1.1352954413001739e+17,1.4700278833625203e+17,1.804760325424867e+17,2.0347825428140854e+17,2.264804760203304e+17,2.29283464925232e+17,2.3208645383013357e+17,2.1295004884098557e+17,1.9381364385183763e+17,1.601400688972081e+17,1.2646649394257856e+17,9.067315222535453e+16,5.487981050813051e+16,3.534333362149902e+16,1.5806856734867522e+16,2.285856937308181e+16,2.9910282011296096e+16,2.912014342350185e+16,2.83300048357076e+16,1.41650024178538e+16,0.0,0.0,0.0,0.0,0.0,0.0,0.0,0.0,0.0,0.0,0.0,0.0,0.0,0.0,0.0,0.0,0.0,0.0,0.0,0.0,0.0,0.0,0.0,0.0,0.0,0.0,0.0,0.0,0.0,0.0,0.0,0.0,0.0,0.0,0.0,0.0,0.0,0.0,0.0,0.0,0.0,0.0,0.0,0.0,0.0,0.0,0.0,0.0,0.0,0.0,0.0,0.0,0.0,0.0,0.0,0.0,0.0,0.0,0.0,0.0,0.0,0.0,0.0,0.0,0.0,0.0,0.0,0.0,0.0,0.0,0.0,0.0,0.0,0.0,0.0,0.0,0.0,0.0,0.0,0.0,0.0,0.0,0.0,0.0,0.0,0.0,0.0,0.0,0.0,0.0,0.0,0.0,0.0,0.0,0.0,0.0,0.0,0.0,0.0,0.0,0.0,0.0,0.0,0.0,0.0,0.0,0.0,0.0,0.0,0.0,0.0,0.0,0.0,0.0,0.0,0.0,0.0,0.0,0.0,0.0,0.0,0.0,0.0,0.0,0.0,0.0
31.7552472168362,104.210690062483,17.4726870286192,223.0,25.0,148.29082424972472,5.0,5.0,2.4467190023496967,1.9039241785544259e+18,0.0,0.0,0.0,0.0,0.0,0.0,0.0,0.0,0.0,0.0,0.0,0.0,0.0,0.0,0.0,0.0,0.0,0.0,0.0,0.0,0.0,0.0,0.0,0.0,0.0,0.0,0.0,0.0,0.0,0.0,0.0,0.0,0.0,0.0,0.0,0.0,0.0,0.0,0.0,0.0,0.0,0.0,0.0,0.0,0.0,0.0,0.0,0.0,0.0,0.0,0.0,0.0,0.0,3.659312312532248e+16,7.318624625064496e+16,9.930865949357315e+16,1.2543107273650134e+17,1.3177253678714264e+17,1.3811400083778397e+17,1.2805799368620365e+17,1.1800198653462334e+17,9.853411397855386e+16,7.906624142248438e+16,5.795205160111708e+16,3.683786177974978e+16,2.206908624693901e+16,7300310714128232.0,3650155357064116.0,0.0,0.0,0.0,0.0,0.0,0.0,0.0,0.0,0.0,0.0,0.0,477230298368450.8,954460596736901.6,5916878179907252.0,1.0879295763077602e+16,1.6197576511972588e+16,2.1515857260867576e+16,2.3682349689659196e+16,2.5848842118450824e+16,2.4184564824475696e+16,2.252028753050057e+16,2.0216878841320068e+16,1.791347015213956e+16,3.4125572041590104e+16,5.033767393104066e+16,8.335653934396674e+16,1.163754047568928e+17,1.507315567889597e+17,1.850877088210267e+17,2.0803671487319158e+17,2.3098572092535658e+17,2.3236053593647792e+17,2.337353509475993e+17,2.1242035301880666e+17,1.91105355090014e+17,1.5594945047828003e+17,1.2079354586654602e+17,8.416459934474776e+16,4.75356528229495e+16,2.872134430106671e+16,9907035779183918.0,1.4922616630832758e+16,1.99381974824816e+16,2.0245397958063784e+16,2.0552598433645976e+16,1.0276299216822988e+16,0.0,0.0,0.0,0.0,0.0,0.0,0.0,0.0,0.0,0.0,0.0,0.0,0.0,0.0,0.0,0.0,0.0,0.0,0.0,0.0,0.0,0.0,0.0,0.0,0.0,0.0,0.0,0.0,0.0,0.0,0.0,0.0,0.0,0.0,0.0,0.0,0.0,0.0,0.0,0.0,0.0,0.0,0.0,0.0,0.0,0.0,0.0,0.0,0.0,0.0,0.0,0.0,0.0,0.0,0.0,0.0,0.0,0.0,0.0,0.0,0.0,0.0,0.0,0.0,0.0,0.0,0.0,0.0,0.0,0.0,0.0,0.0,0.0,0.0,0.0,0.0,0.0,0.0,0.0,0.0,0.0,0.0,0.0,0.0,0.0,0.0,0.0,0.0,0.0,0.0,0.0,0.0,0.0,0.0,0.0,0.0,0.0,0.0,0.0,0.0,0.0,0.0,0.0,0.0,0.0,0.0,0.0,0.0,0.0,0.0,0.0,0.0,0.0,0.0,0.0,0.0,0.0,0.0,0.0,0.0,0.0,0.0,0.0,0.0,0.0,0.0
31.6047288240373,104.324567069807,2.26576946759162,223.0,65.0,118.15226078905376,5.0,5.0,0.6269822667494626,4.878887588001613e+17,0.0,0.0,0.0,0.0,0.0,0.0,0.0,0.0,0.0,0.0,0.0,0.0,0.0,0.0,0.0,0.0,0.0,0.0,0.0,0.0,0.0,0.0,0.0,0.0,0.0,0.0,0.0,0.0,0.0,0.0,0.0,0.0,0.0,0.0,0.0,0.0,0.0,0.0,0.0,0.0,0.0,0.0,0.0,0.0,0.0,0.0,0.0,0.0,0.0,0.0,0.0,130136487520412.78,260272975040825.56,130136487520412.78,0.0,0.0,0.0,0.0,0.0,0.0,0.0,0.0,0.0,0.0,0.0,0.0,0.0,0.0,0.0,0.0,0.0,0.0,0.0,0.0,0.0,889619306031715.0,1779238612063430.0,1.1857499181046318e+16,2.1935759750029204e+16,3.848220758738868e+16,5.502865542474817e+16,6.5798164433271544e+16,7.656767344179493e+16,7.314494178414442e+16,6.97222101264939e+16,5.477519314017223e+16,3.982817615385055e+16,2.4032982941701e+16,8237789729551447.0,4118894864775723.5,0.0,1880966306262638.2,3761932612525276.5,7921270112115737.0,1.2080607611706196e+16,1.8142342656180732e+16,2.4204077700655264e+16,2.942779841389192e+16,3.4651519127128572e+16,3.642128128597166e+16,3.8191043444814744e+16,3.5013274137316104e+16,3.1835504829817464e+16,2.580003925084422e+16,1.9764573671870976e+16,1.4638716622387584e+16,9512859572904192.0,1.4767510155692592e+16,2.0022160738480988e+16,2.0263432007583068e+16,2.0504703276685144e+16,1.0252351638342572e+16,0.0,0.0,0.0,0.0,0.0,0.0,0.0,0.0,0.0,0.0,0.0,0.0,0.0,0.0,0.0,0.0,0.0,0.0,0.0,0.0,0.0,0.0,0.0,0.0,0.0,0.0,0.0,0.0,0.0,0.0,0.0,0.0,0.0,0.0,0.0,0.0,0.0,0.0,0.0,0.0,0.0,0.0,0.0,0.0,0.0,0.0,0.0,0.0,0.0,0.0,0.0,0.0,0.0,0.0,0.0,0.0,0.0,0.0,0.0,0.0,0.0,0.0,0.0,0.0,0.0,0.0,0.0,0.0,0.0,0.0,0.0,0.0,0.0,0.0,0.0,0.0,0.0,0.0,0.0,0.0,0.0,0.0,0.0,0.0,0.0,0.0,0.0,0.0,0.0,0.0,0.0,0.0,0.0,0.0,0.0,0.0,0.0,0.0,0.0,0.0,0.0,0.0,0.0,0.0,0.0,0.0,0.0,0.0,0.0,0.0,0.0,0.0,0.0,0.0,0.0,0.0,0.0,0.0,0.0,0.0,0.0,0.0,0.0,0.0,0.0,0.0,0.0,0.0
31.6210651147081,104.303740228518,6.44665004298069,223.0,50.0,134.79456542379933,5.0,5.0,1.0242475859258569,7.970223559785492e+17,0.0,0.0,0.0,0.0,0.0,0.0,0.0,0.0,0.0,0.0,0.0,0.0,0.0,0.0,0.0,0.0,0.0,0.0,0.0,0.0,0.0,0.0,0.0,0.0,0.0,0.0,0.0,0.0,0.0,0.0,0.0,0.0,0.0,0.0,0.0,0.0,0.0,0.0,0.0,0.0,0.0,0.0,0.0,0.0,0.0,0.0,0.0,0.0,0.0,0.0,0.0,2588255883007789.5,5176511766015579.0,8019023297828098.0,1.0861534829640614e+16,1.2912904700826154e+16,1.4964274572011692e+16,1.4548410968690116e+16,1.413254736536854e+16,1.2492200691271914e+16,1.085185401717529e+16,9180037196633356.0,7508220376091424.0,5919356441258034.0,4330492506424645.5,3440814526596032.0,2551136546767418.5,2112123638875067.5,1673110730982716.8,1484176125635177.2,1295241520287638.2,685922680573794.8,76603840859951.25,771334226167658.1,1466064611475365.0,3741920128424395.5,6017775645373427.0,1.3657677940652316e+16,2.129758023593121e+16,3.691436438642399e+16,5.2531148536916776e+16,6.475231067193561e+16,7.697347280695443e+16,7.532045636670154e+16,7.366743992644864e+16,5.8747643976320184e+16,4.3827848026191736e+16,2.700505197925987e+16,1.0182255932328002e+16,6479753646659950.0,2777251360991896.5,8144140093476353.0,1.3511028825960806e+16,2.2363794093922216e+16,3.1216559361883628e+16,4.210348118866359e+16,5.299040301544355e+16,6.158204829245084e+16,7.017369356945814e+16,7.289654572017184e+16,7.561939787088555e+16,7.085406758383935e+16,6.6088737296793144e+16,5.520824499151062e+16,4.4327752686228104e+16,3.3524724162450908e+16,2.2721695638673708e+16,2.555901527596676e+16,2.8396334913259804e+16,2.910536127949285e+16,2.9814387645725884e+16,1.4907193822862942e+16,0.0,0.0,0.0,0.0,0.0,0.0,0.0,0.0,0.0,0.0,0.0,0.0,0.0,0.0,0.0,0.0,0.0,0.0,0.0,0.0,0.0,0.0,0.0,0.0,0.0,0.0,0.0,0.0,0.0,0.0,0.0,0.0,0.0,0.0,0.0,0.0,0.0,0.0,0.0,0.0,0.0,0.0,0.0,0.0,0.0,0.0,0.0,0.0,0.0,0.0,0.0,0.0,0.0,0.0,0.0,0.0,0.0,0.0,0.0,0.0,0.0,0.0,0.0,0.0,0.0,0.0,0.0,0.0,0.0,0.0,0.0,0.0,0.0,0.0,0.0,0.0,0.0,0.0,0.0,0.0,0.0,0.0,0.0,0.0,0.0,0.0,0.0,0.0,0.0,0.0,0.0,0.0,0.0,0.0,0.0,0.0,0.0,0.0,0.0,0.0,0.0,0.0,0.0,0.0,0.0,0.0,0.0,0.0,0.0,0.0,0.0,0.0,0.0,0.0,0.0,0.0,0.0,0.0,0.0,0.0,0.0,0.0,0.0,0.0,0.0,0.0,0.0,0.0
31.6434816150964,104.275124573826,9.79570224165576,223.0,35.0,145.12128964880822,5.0,5.0,1.6787546582320059,1.3063296523218683e+18,0.0,0.0,0.0,0.0,0.0,0.0,0.0,0.0,0.0,0.0,0.0,0.0,0.0,0.0,0.0,0.0,0.0,0.0,0.0,0.0,0.0,0.0,0.0,0.0,0.0,0.0,0.0,0.0,0.0,0.0,0.0,0.0,0.0,0.0,0.0,0.0,0.0,0.0,0.0,0.0,0.0,0.0,0.0,0.0,0.0,0.0,0.0,0.0,0.0,0.0,0.0,7732806399777992.0,1.5465612799555984e+16,2.5965629059140064e+16,3.646564531872414e+16,4.378517241722734e+16,5.110469951573054e+16,5.158470664188908e+16,5.206471376804761e+16,4.8062358027149304e+16,4.4060002286250984e+16,3.773923642733974e+16,3.1418470568428504e+16,2.5047914546779336e+16,1.867735852513016e+16,1.4301729102034612e+16,9926099678939064.0,6619350669146076.0,3312601659353086.0,1772114041541690.8,231626423730296.06,115813211865148.03,0.0,1923881269370732.0,3847762538741464.0,7570174997526385.0,1.1292587456311306e+16,1.4361542858595292e+16,1.743049826087928e+16,2.7592477323094736e+16,3.775445638531019e+16,5.096996746330925e+16,6.418547854130831e+16,6.6816022196478584e+16,6.944656585164885e+16,5.861551009483546e+16,4.7784454338022056e+16,3.2629514303800816e+16,1.747457426957957e+16,1.1956914896607862e+16,6439255523636154.0,1.8109429610980896e+16,2.9779603698325644e+16,4.749532097619968e+16,6.521103825407371e+16,8.474300789013845e+16,1.0427497752620322e+17,1.1875243893539883e+17,1.3322990034459445e+17,1.368807839896966e+17,1.4053166763479875e+17,1.3128556929362872e+17,1.2203947095245866e+17,1.0256792449850987e+17,8.30963780445611e+16,6.1129220457472904e+16,3.91620628703847e+16,3.1875447909387628e+16,2.458883294839055e+16,2.531104464357029e+16,2.6033256338750012e+16,1.3016628169375006e+16,0.0,0.0,0.0,0.0,0.0,0.0,0.0,0.0,0.0,0.0,0.0,0.0,0.0,0.0,0.0,0.0,0.0,0.0,0.0,0.0,0.0,0.0,0.0,0.0,0.0,0.0,0.0,0.0,0.0,0.0,0.0,0.0,0.0,0.0,0.0,0.0,0.0,0.0,0.0,0.0,0.0,0.0,0.0,0.0,0.0,0.0,0.0,0.0,0.0,0.0,0.0,0.0,0.0,0.0,0.0,0.0,0.0,0.0,0.0,0.0,0.0,0.0,0.0,0.0,0.0,0.0,0.0,0.0,0.0,0.0,0.0,0.0,0.0,0.0,0.0,0.0,0.0,0.0,0.0,0.0,0.0,0.0,0.0,0.0,0.0,0.0,0.0,0.0,0.0,0.0,0.0,0.0,0.0,0.0,0.0,0.0,0.0,0.0,0.0,0.0,0.0,0.0,0.0,0.0,0.0,0.0,0.0,0.0,0.0,0.0,0.0,0.0,0.0,0.0,0.0,0.0,0.0,0.0,0.0,0.0,0.0,0.0,0.0,0.0,0.0,0.0,0.0,0.0
31.6689740536455,104.242557939848,12.5728923534004,223.0,32.5,149.28611175738763,5.0,5.0,2.0943300527495277,1.629711307867256e+18,0.0,0.0,0.0,0.0,0.0,0.0,0.0,0.0,0.0,0.0,0.0,0.0,0.0,0.0,0.0,0.0,0.0,0.0,0.0,0.0,0.0,0.0,0.0,0.0,0.0,0.0,0.0,0.0,0.0,0.0,0.0,0.0,0.0,0.0,0.0,0.0,0.0,0.0,0.0,0.0,0.0,0.0,0.0,0.0,0.0,0.0,0.0,0.0,0.0,4925121526070815.0,9850243052141630.0,1.931655621254088e+16,2.8782869372940136e+16,4.5744625770487176e+16,6.2706382168034216e+16,7.57983807297926e+16,8.889037929155098e+16,9.088739423330634e+16,9.28844091750617e+16,8.531061147428754e+16,7.773681377351338e+16,6.504801990197039e+16,5.2359226030427416e+16,3.9711608541021896e+16,2.706399105161637e+16,1.8202803586366908e+16,9341616121117442.0,4941412837049167.0,541209552980892.0,270604776490446.0,0.0,0.0,0.0,1127159306584100.8,2254318613168201.5,5289996690357807.0,8325674767547415.0,1.0104585143847692e+16,1.188349552014797e+16,1.4591219542955154e+16,1.7298943565762338e+16,2.7147555969683696e+16,3.699616837360506e+16,4.187195505680868e+16,4.67477417400123e+16,4.201884526435116e+16,3.728994878869002e+16,2.7332346320154824e+16,1.737474385161963e+16,1.2897566034226872e+16,8420388216834114.0,2.4266060768516316e+16,4.011173332019852e+16,6.6478573032149256e+16,9.28454127441e+16,1.2043218076359398e+17,1.48018948783088e+17,1.6766506692209434e+17,1.8731118506110067e+17,1.9046648101118838e+17,1.9362177696127606e+17,1.7843268081198624e+17,1.632435846626964e+17,1.3533222738217301e+17,1.0742087010164962e+17,7.743207578768768e+16,4.744328147372576e+16,3.0194616603187844e+16,1.2945951732649926e+16,6472975866324963.0,0.0,0.0,0.0,0.0,0.0,0.0,0.0,0.0,0.0,0.0,0.0,0.0,0.0,0.0,0.0,0.0,0.0,0.0,0.0,0.0,0.0,0.0,0.0,0.0,0.0,0.0,0.0,0.0,0.0,0.0,0.0,0.0,0.0,0.0,0.0,0.0,0.0,0.0,0.0,0.0,0.0,0.0,0.0,0.0,0.0,0.0,0.0,0.0,0.0,0.0,0.0,0.0,0.0,0.0,0.0,0.0,0.0,0.0,0.0,0.0,0.0,0.0,0.0,0.0,0.0,0.0,0.0,0.0,0.0,0.0,0.0,0.0,0.0,0.0,0.0,0.0,0.0,0.0,0.0,0.0,0.0,0.0,0.0,0.0,0.0,0.0,0.0,0.0,0.0,0.0,0.0,0.0,0.0,0.0,0.0,0.0,0.0,0.0,0.0,0.0,0.0,0.0,0.0,0.0,0.0,0.0,0.0,0.0,0.0,0.0,0.0,0.0,0.0,0.0,0.0,0.0,0.0,0.0,0.0,0.0,0.0,0.0,0.0,0.0,0.0,0.0,0.0,0.0,0.0,0.0
31.6951852200015,104.209052943374,15.1661413742675,223.0,30.0,149.18303449675568,5.0,5.0,2.280161142389083,1.7743165135946345e+18,0.0,0.0,0.0,0.0,0.0,0.0,0.0,0.0,0.0,0.0,0.0,0.0,0.0,0.0,0.0,0.0,0.0,0.0,0.0,0.0,0.0,0.0,0.0,0.0,0.0,0.0,0.0,0.0,0.0,0.0,0.0,0.0,0.0,0.0,0.0,0.0,0.0,0.0,0.0,0.0,0.0,0.0,0.0,0.0,0.0,0.0,0.0,0.0,0.0,7451895336513308.0,1.4903790673026616e+16,2.6116747370802136e+16,3.7329704068577656e+16,5.871230303852735e+16,8.009490200847706e+16,9.756528849679078e+16,1.150356749851045e+17,1.1844807311730848e+17,1.2186047124951248e+17,1.1178226695055173e+17,1.0170406265159102e+17,8.418460427838667e+16,6.666514590518234e+16,4.874013013116267e+16,3.0815114357143016e+16,1.887016865301938e+16,6925222948895743.0,3462611474447871.5,0.0,0.0,0.0,0.0,0.0,0.0,0.0,527913744830094.75,1055827489660189.5,1656359190917448.2,2256890892174707.0,2260389867324557.5,2263888842474407.5,8034624054148179.0,1.3805359265821952e+16,1.8991222353202844e+16,2.4177085440583736e+16,2.3819403087718284e+16,2.3461720734852836e+16,1.9452513923380492e+16,1.544330711190815e+16,1.2539378386522414e+16,9635449661136674.0,2.7678107381975468e+16,4.572076510281426e+16,7.674494020426432e+16,1.0776911530571437e+17,1.3997984752775728e+17,1.7219057974980022e+17,1.9405941463222816e+17,2.1592824951465606e+17,2.1762082506865824e+17,2.193134006226604e+17,1.9941737496764298e+17,1.795213493126256e+17,1.463532215019267e+17,1.1318509369122773e+17,7.954488513647989e+16,4.590467658173204e+16,2.662717100450645e+16,7349665427280861.0,3674832713640430.5,0.0,0.0,0.0,0.0,0.0,0.0,0.0,0.0,0.0,0.0,0.0,0.0,0.0,0.0,0.0,0.0,0.0,0.0,0.0,0.0,0.0,0.0,0.0,0.0,0.0,0.0,0.0,0.0,0.0,0.0,0.0,0.0,0.0,0.0,0.0,0.0,0.0,0.0,0.0,0.0,0.0,0.0,0.0,0.0,0.0,0.0,0.0,0.0,0.0,0.0,0.0,0.0,0.0,0.0,0.0,0.0,0.0,0.0,0.0,0.0,0.0,0.0,0.0,0.0,0.0,0.0,0.0,0.0,0.0,0.0,0.0,0.0,0.0,0.0,0.0,0.0,0.0,0.0,0.0,0.0,0.0,0.0,0.0,0.0,0.0,0.0,0.0,0.0,0.0,0.0,0.0,0.0,0.0,0.0,0.0,0.0,0.0,0.0,0.0,0.0,0.0,0.0,0.0,0.0,0.0,0.0,0.0,0.0,0.0,0.0,0.0,0.0,0.0,0.0,0.0,0.0,0.0,0.0,0.0,0.0,0.0,0.0,0.0,0.0,0.0,0.0,0.0,0.0,0.0,0.0
31.7223611075644,104.174365538752,17.4726870286192,223.0,25.0,147.48058448270578,5.0,5.0,2.323054434677285,1.8076941005618678e+18,0.0,0.0,0.0,0.0,0.0,0.0,0.0,0.0,0.0,0.0,0.0,0.0,0.0,0.0,0.0,0.0,0.0,0.0,0.0,0.0,0.0,0.0,0.0,0.0,0.0,0.0,0.0,0.0,0.0,0.0,0.0,0.0,0.0,0.0,0.0,0.0,0.0,0.0,0.0,0.0,0.0,0.0,0.0,0.0,0.0,0.0,0.0,0.0,0.0,7331593590241228.0,1.4663187180482456e+16,2.573791672338921e+16,3.681264626629596e+16,6.219034148761776e+16,8.756803670893955e+16,1.0751993202847498e+17,1.274718273480104e+17,1.3133863522598661e+17,1.352054431039628e+17,1.2423575805291043e+17,1.1326607300185806e+17,9.357053464212104e+16,7.387499628238402e+16,5.308051830938795e+16,3.22860403363919e+16,1.8755019496205824e+16,5223998656019751.0,2611999328009875.5,0.0,0.0,0.0,0.0,0.0,0.0,0.0,0.0,0.0,0.0,0.0,0.0,0.0,2937544307253925.0,5875088614507850.0,1.042133012251288e+16,1.496757163051791e+16,1.725434057213341e+16,1.9541109513748904e+16,1.9116633282582784e+16,1.8692157051416668e+16,1.7204717553183956e+16,1.571727805495124e+16,3.1753721506830664e+16,4.779016495871009e+16,7.994193155476584e+16,1.120936981508216e+17,1.452220467257284e+17,1.783503953006352e+17,1.9954991891839744e+17,2.2074944253615965e+17,2.2073258502721878e+17,2.2071572751827795e+17,1.9882797532789018e+17,1.7694022313750234e+17,1.4230488927833422e+17,1.0766955541916606e+17,7.351887896701853e+16,3.936820251487101e+16,2.1109719895553788e+16,2851237276236564.0,1425618638118282.0,0.0,0.0,0.0,0.0,0.0,0.0,0.0,0.0,0.0,0.0,0.0,0.0,0.0,0.0,0.0,0.0,0.0,0.0,0.0,0.0,0.0,0.0,0.0,0.0,0.0,0.0,0.0,0.0,0.0,0.0,0.0,0.0,0.0,0.0,0.0,0.0,0.0,0.0,0.0,0.0,0.0,0.0,0.0,0.0,0.0,0.0,0.0,0.0,0.0,0.0,0.0,0.0,0.0,0.0,0.0,0.0,0.0,0.0,0.0,0.0,0.0,0.0,0.0,0.0,0.0,0.0,0.0,0.0,0.0,0.0,0.0,0.0,0.0,0.0,0.0,0.0,0.0,0.0,0.0,0.0,0.0,0.0,0.0,0.0,0.0,0.0,0.0,0.0,0.0,0.0,0.0,0.0,0.0,0.0,0.0,0.0,0.0,0.0,0.0,0.0,0.0,0.0,0.0,0.0,0.0,0.0,0.0,0.0,0.0,0.0,0.0,0.0,0.0,0.0,0.0,0.0,0.0,0.0,0.0,0.0,0.0,0.0,0.0,0.0,0.0,0.0,0.0,0.0,0.0,0.0
31.5718427147656,104.288282829424,2.26576946759162,223.0,65.0,96.93884794660924,5.0,5.0,0.6688115895896357,5.204384136855334e+17,0.0,0.0,0.0,0.0,0.0,0.0,0.0,0.0,0.0,0.0,0.0,0.0,0.0,0.0,0.0,0.0,0.0,0.0,0.0,0.0,0.0,0.0,0.0,0.0,0.0,0.0,0.0,0.0,0.0,0.0,0.0,0.0,0.0,0.0,0.0,0.0,0.0,0.0,0.0,0.0,0.0,0.0,0.0,0.0,0.0,0.0,0.0,0.0,0.0,4366642764115016.0,8733285528230032.0,1.1538476512575602e+16,1.4343667496921172e+16,1.3401129460014832e+16,1.245859142310849e+16,9514440146971152.0,6570288870833813.0,4006213899035344.5,1442138927236875.5,721069463618437.8,0.0,0.0,0.0,0.0,0.0,0.0,0.0,0.0,0.0,134989948819585.95,269979897639171.9,134989948819585.95,0.0,0.0,0.0,4066130446877642.0,8132260893755284.0,2.2388864797200988e+16,3.6645468700646696e+16,5.76910234726789e+16,7.873657824471109e+16,9.342694259634966e+16,1.0811730694798824e+17,1.0464085558611811e+17,1.01164404224248e+17,8.13932631318349e+16,6.16221220394218e+16,3.919695145498533e+16,1.6771780870548856e+16,8385890435274428.0,0.0,0.0,0.0,0.0,0.0,4051948949430250.0,8103897898860500.0,1.2240143932212914e+16,1.6376389965565328e+16,1.672379741480064e+16,1.7071204864035954e+16,1.399523578119122e+16,1.091926669834649e+16,7457275555528144.0,3995284412709798.5,2868083124650882.0,1740881836591964.8,4482247890362890.5,7223613944133818.0,3611806972066909.0,0.0,0.0,0.0,0.0,0.0,0.0,0.0,0.0,0.0,0.0,0.0,0.0,0.0,0.0,0.0,0.0,0.0,0.0,0.0,0.0,0.0,0.0,0.0,0.0,0.0,0.0,0.0,0.0,0.0,0.0,0.0,0.0,0.0,0.0,0.0,0.0,0.0,0.0,0.0,0.0,0.0,0.0,0.0,0.0,0.0,0.0,0.0,0.0,0.0,0.0,0.0,0.0,0.0,0.0,0.0,0.0,0.0,0.0,0.0,0.0,0.0,0.0,0.0,0.0,0.0,0.0,0.0,0.0,0.0,0.0,0.0,0.0,0.0,0.0,0.0,0.0,0.0,0.0,0.0,0.0,0.0,0.0,0.0,0.0,0.0,0.0,0.0,0.0,0.0,0.0,0.0,0.0,0.0,0.0,0.0,0.0,0.0,0.0,0.0,0.0,0.0,0.0,0.0,0.0,0.0,0.0,0.0,0.0,0.0,0.0,0.0,0.0,0.0,0.0,0.0,0.0,0.0,0.0,0.0,0.0,0.0,0.0,0.0,0.0,0.0,0.0,0.0,0.0,0.0,0.0
31.5881790054364,104.267451417089,6.44665004298069,223.0,50.0,118.71643029288629,5.0,5.0,0.816798989719855,6.35595401046464e+17,0.0,0.0,0.0,0.0,0.0,0.0,0.0,0.0,0.0,0.0,0.0,0.0,0.0,0.0,0.0,0.0,0.0,0.0,0.0,0.0,0.0,0.0,0.0,0.0,0.0,0.0,0.0,0.0,0.0,0.0,0.0,0.0,0.0,0.0,0.0,0.0,0.0,0.0,0.0,0.0,0.0,0.0,0.0,0.0,0.0,0.0,0.0,0.0,0.0,5147893645655483.0,1.0295787291310966e+16,1.444186011183041e+16,1.8587932932349856e+16,1.9843664319320852e+16,2.1099395706291852e+16,1.9706543627740188e+16,1.8313691549188524e+16,1.505486632879397e+16,1.1796041108399414e+16,8978931721788240.0,6161822335177065.0,4258937727962732.5,2356053120748398.0,1405128685477502.2,454204250206606.4,227102125103303.2,0.0,442746748023089.0,885493496046178.0,859526829257689.1,833560162469200.2,416780081234600.1,0.0,0.0,0.0,2252521015900090.0,4505042031800180.0,1.4116216309999286e+16,2.372739058819839e+16,4.111850671486634e+16,5.850962284153427e+16,7.223372329067478e+16,8.595782373981528e+16,8.461538011465234e+16,8.327293648948936e+16,6.688383596143636e+16,5.049473543338336e+16,3.1387062977810664e+16,1.2279390522237978e+16,6139695261118989.0,0.0,2592318834165483.0,5184637668330966.0,1.1534690611427732e+16,1.7884743554524496e+16,2.60293609272786e+16,3.4173978300032696e+16,4.010777036318205e+16,4.6041562426331416e+16,4.7051044198349144e+16,4.806052597036689e+16,4.2960754443959656e+16,3.786098291755242e+16,2.966157583940657e+16,2.1462168761260724e+16,1.461153354155246e+16,7760898321844197.0,7697938924708780.0,7634979527573363.0,3817489763786681.5,0.0,0.0,0.0,0.0,0.0,0.0,0.0,0.0,0.0,0.0,0.0,0.0,0.0,0.0,0.0,0.0,0.0,0.0,0.0,0.0,0.0,0.0,0.0,0.0,0.0,0.0,0.0,0.0,0.0,0.0,0.0,0.0,0.0,0.0,0.0,0.0,0.0,0.0,0.0,0.0,0.0,0.0,0.0,0.0,0.0,0.0,0.0,0.0,0.0,0.0,0.0,0.0,0.0,0.0,0.0,0.0,0.0,0.0,0.0,0.0,0.0,0.0,0.0,0.0,0.0,0.0,0.0,0.0,0.0,0.0,0.0,0.0,0.0,0.0,0.0,0.0,0.0,0.0,0.0,0.0,0.0,0.0,0.0,0.0,0.0,0.0,0.0,0.0,0.0,0.0,0.0,0.0,0.0,0.0,0.0,0.0,0.0,0.0,0.0,0.0,0.0,0.0,0.0,0.0,0.0,0.0,0.0,0.0,0.0,0.0,0.0,0.0,0.0,0.0,0.0,0.0,0.0,0.0,0.0,0.0,0.0,0.0,0.0,0.0,0.0,0.0,0.0,0.0,0.0,0.0
31.6105955058247,104.238827993338,9.79570224165576,223.0,35.0,138.23423107547904,5.0,5.0,1.285205869246981,1.0000880879780152e+18,0.0,0.0,0.0,0.0,0.0,0.0,0.0,0.0,0.0,0.0,0.0,0.0,0.0,0.0,0.0,0.0,0.0,0.0,0.0,0.0,0.0,0.0,0.0,0.0,0.0,0.0,0.0,0.0,0.0,0.0,0.0,0.0,0.0,0.0,0.0,0.0,0.0,0.0,0.0,0.0,0.0,0.0,0.0,0.0,0.0,0.0,0.0,3312421607864449.5,6624843215728899.0,1.2555010014602966e+16,1.8485176813477036e+16,2.5974998604329556e+16,3.3464820395182076e+16,3.8800758769171704e+16,4.413669714316133e+16,4.552020834215626e+16,4.690371954115119e+16,4.4039204993957496e+16,4.11746904467638e+16,3.553685064183209e+16,2.989901083690038e+16,2.4161363096721292e+16,1.842371535654221e+16,1.3853622711615424e+16,9283530066688636.0,6614046994135597.0,3944563921582558.0,2335287652021298.5,726011382460038.8,363005691230019.4,0.0,0.0,0.0,424049654967938.5,848099309935877.0,3785093338024953.0,6722087366114029.0,9583365035613652.0,1.2444642705113274e+16,2.31684157682721e+16,3.389218883143093e+16,4.785257675521876e+16,6.181296467900661e+16,6.4871305036955e+16,6.7929645394903416e+16,5.689492078252379e+16,4.586019617014418e+16,3.0205773041009396e+16,1.4551349911874624e+16,8230247730424638.0,1909145548974651.8,9908666827269802.0,1.790818810556495e+16,3.270232049491638e+16,4.749645288426781e+16,6.350811914341511e+16,7.95197854025624e+16,9.040788284114469e+16,1.0129598027972699e+17,1.0241333221993771e+17,1.0353068416014842e+17,9.365468360954984e+16,8.377868305895128e+16,6.696719274569451e+16,5.0155702432437736e+16,3.3760607524828828e+16,1.7365512617219912e+16,8682756308609956.0,0.0,0.0,0.0,0.0,0.0,0.0,0.0,0.0,0.0,0.0,0.0,0.0,0.0,0.0,0.0,0.0,0.0,0.0,0.0,0.0,0.0,0.0,0.0,0.0,0.0,0.0,0.0,0.0,0.0,0.0,0.0,0.0,0.0,0.0,0.0,0.0,0.0,0.0,0.0,0.0,0.0,0.0,0.0,0.0,0.0,0.0,0.0,0.0,0.0,0.0,0.0,0.0,0.0,0.0,0.0,0.0,0.0,0.0,0.0,0.0,0.0,0.0,0.0,0.0,0.0,0.0,0.0,0.0,0.0,0.0,0.0,0.0,0.0,0.0,0.0,0.0,0.0,0.0,0.0,0.0,0.0,0.0,0.0,0.0,0.0,0.0,0.0,0.0,0.0,0.0,0.0,0.0,0.0,0.0,0.0,0.0,0.0,0.0,0.0,0.0,0.0,0.0,0.0,0.0,0.0,0.0,0.0,0.0,0.0,0.0,0.0,0.0,0.0,0.0,0.0,0.0,0.0,0.0,0.0,0.0,0.0,0.0,0.0,0.0,0.0,0.0,0.0,0.0,0.0,0.0,0.0,0.0
31.6360879443738,104.206251745082,12.5728923534004,223.0,32.5,144.31832616971,5.0,5.0,1.6845120063062586,1.3108097557552404e+18,0.0,0.0,0.0,0.0,0.0,0.0,0.0,0.0,0.0,0.0,0.0,0.0,0.0,0.0,0.0,0.0,0.0,0.0,0.0,0.0,0.0,0.0,0.0,0.0,0.0,0.0,0.0,0.0,0.0,0.0,0.0,0.0,0.0,0.0,0.0,0.0,0.0,0.0,0.0,0.0,0.0,0.0,0.0,0.0,0.0,0.0,0.0,5689749575801302.0,1.1379499151602604e+16,2.0787999558965812e+16,3.0196499966329012e+16,4.0990918489150776e+16,5.1785337011972536e+16,6.163075104717772e+16,7.14761650823829e+16,7.596593472961322e+16,8.045570437684354e+16,7.777410151710232e+16,7.50924986573611e+16,6.631391709337993e+16,5.753533552939874e+16,4.602382880302787e+16,3.4512322076657012e+16,2.4358474967410096e+16,1.420462785816318e+16,8501277618457867.0,2797927378752553.0,1398963689376276.5,0.0,0.0,0.0,0.0,0.0,92595971516326.16,185191943032652.3,2281181684707110.0,4377171426381567.5,6288826266139663.0,8200481105897758.0,1.0341957543740716e+16,1.2483433981583676e+16,2.1849316136929868e+16,3.1215198292276052e+16,3.594335620356468e+16,4.067151411485331e+16,3.5067747173924504e+16,2.9463980232995696e+16,1.9820749625119972e+16,1.0177519017244252e+16,6527731215613221.0,2877943413982190.5,1.6419490062335838e+16,2.996103671068948e+16,5.251622182457699e+16,7.50714069384645e+16,9.845098238175158e+16,1.2183055782503867e+17,1.366882701429193e+17,1.5154598246079994e+17,1.5121163673361187e+17,1.5087729100642384e+17,1.352508537938784e+17,1.1962441658133298e+17,9.450149043541891e+16,6.937856428950484e+16,4.640535680739034e+16,2.3432149325275836e+16,1.1716074662637918e+16,0.0,0.0,0.0,0.0,0.0,0.0,0.0,0.0,0.0,0.0,0.0,0.0,0.0,0.0,0.0,0.0,0.0,0.0,0.0,0.0,0.0,0.0,0.0,0.0,0.0,0.0,0.0,0.0,0.0,0.0,0.0,0.0,0.0,0.0,0.0,0.0,0.0,0.0,0.0,0.0,0.0,0.0,0.0,0.0,0.0,0.0,0.0,0.0,0.0,0.0,0.0,0.0,0.0,0.0,0.0,0.0,0.0,0.0,0.0,0.0,0.0,0.0,0.0,0.0,0.0,0.0,0.0,0.0,0.0,0.0,0.0,0.0,0.0,0.0,0.0,0.0,0.0,0.0,0.0,0.0,0.0,0.0,0.0,0.0,0.0,0.0,0.0,0.0,0.0,0.0,0.0,0.0,0.0,0.0,0.0,0.0,0.0,0.0,0.0,0.0,0.0,0.0,0.0,0.0,0.0,0.0,0.0,0.0,0.0,0.0,0.0,0.0,0.0,0.0,0.0,0.0,0.0,0.0,0.0,0.0,0.0,0.0,0.0,0.0,0.0,0.0,0.0,0.0,0.0,0.0,0.0,0.0
31.6622991107298,104.172736360572,15.1661413742675,223.0,30.0,144.96937235736925,5.0,5.0,1.923068950189767,1.496443795865968e+18,0.0,0.0,0.0,0.0,0.0,0.0,0.0,0.0,0.0,0.0,0.0,0.0,0.0,0.0,0.0,0.0,0.0,0.0,0.0,0.0,0.0,0.0,0.0,0.0,0.0,0.0,0.0,0.0,0.0,0.0,0.0,0.0,0.0,0.0,0.0,0.0,0.0,0.0,0.0,0.0,0.0,0.0,0.0,0.0,0.0,0.0,0.0,6754953544503890.0,1.350990708900778e+16,2.5782687536493148e+16,3.805546798397851e+16,5.2463460267418616e+16,6.687145255085873e+16,8.018433700590349e+16,9.349722146094826e+16,1.0114131859227285e+17,1.0878541572359747e+17,1.0634388470804654e+17,1.0390235369249563e+17,9.214408480465426e+16,8.038581591681288e+16,6.404856143057578e+16,4.771130694433867e+16,3.2749218561758216e+16,1.7787130179177762e+16,9731952702897178.0,1676775226616591.0,838387613308295.5,0.0,0.0,0.0,0.0,0.0,0.0,0.0,0.0,0.0,463603511600323.75,927207023200647.5,867944367914352.1,808681712628056.8,4217744309895146.0,7626806907162235.0,1.1168587759687214e+16,1.4710368612212194e+16,1.4246466095545704e+16,1.378256357887921e+16,1.05343786656786e+16,7286193752477986.0,6321975857561155.0,5357757962644323.0,2.2108547629813692e+16,3.8859337296983064e+16,6.625741174585834e+16,9.36554861947336e+16,1.2129518204118917e+17,1.4893487788764474e+17,1.6509556005041875e+17,1.812562422131927e+17,1.790929652456207e+17,1.769296882780487e+17,1.5636889971369888e+17,1.3580811114934906e+17,1.0569181284717248e+17,7.557551454499589e+16,4.915881326448975e+16,2.2742111983983612e+16,1.1371055991991806e+16,0.0,0.0,0.0,0.0,0.0,0.0,0.0,0.0,0.0,0.0,0.0,0.0,0.0,0.0,0.0,0.0,0.0,0.0,0.0,0.0,0.0,0.0,0.0,0.0,0.0,0.0,0.0,0.0,0.0,0.0,0.0,0.0,0.0,0.0,0.0,0.0,0.0,0.0,0.0,0.0,0.0,0.0,0.0,0.0,0.0,0.0,0.0,0.0,0.0,0.0,0.0,0.0,0.0,0.0,0.0,0.0,0.0,0.0,0.0,0.0,0.0,0.0,0.0,0.0,0.0,0.0,0.0,0.0,0.0,0.0,0.0,0.0,0.0,0.0,0.0,0.0,0.0,0.0,0.0,0.0,0.0,0.0,0.0,0.0,0.0,0.0,0.0,0.0,0.0,0.0,0.0,0.0,0.0,0.0,0.0,0.0,0.0,0.0,0.0,0.0,0.0,0.0,0.0,0.0,0.0,0.0,0.0,0.0,0.0,0.0,0.0,0.0,0.0,0.0,0.0,0.0,0.0,0.0,0.0,0.0,0.0,0.0,0.0,0.0,0.0,0.0,0.0,0.0,0.0,0.0,0.0,0.0
31.6894749982927,104.138041015022,17.4726870286192,223.0,25.0,143.12929145721543,5.0,5.0,2.0182245768365994,1.5704895273637071e+18,0.0,0.0,0.0,0.0,0.0,0.0,0.0,0.0,0.0,0.0,0.0,0.0,0.0,0.0,0.0,0.0,0.0,0.0,0.0,0.0,0.0,0.0,0.0,0.0,0.0,0.0,0.0,0.0,0.0,0.0,0.0,0.0,0.0,0.0,0.0,0.0,0.0,0.0,0.0,0.0,0.0,0.0,0.0,0.0,0.0,0.0,0.0,6851135350105391.0,1.3702270700210782e+16,2.63668550423301e+16,3.9031439384449416e+16,5.416439948047718e+16,6.929735957650495e+16,8.531174454862352e+16,1.0132612952074206e+17,1.115157963942781e+17,1.217054632678141e+17,1.1997398654351858e+17,1.1824250981922304e+17,1.0568331155226083e+17,9.312411328529861e+16,7.487391760245349e+16,5.662372191960838e+16,3.923712697588519e+16,2.1850532032161996e+16,1.1606548522470316e+16,1362565012778635.8,681282506389317.9,0.0,0.0,0.0,0.0,0.0,0.0,0.0,0.0,0.0,0.0,0.0,0.0,0.0,533047639804269.8,1066095279608539.6,3537738985555838.5,6009382691503137.0,8133081368283171.0,1.0256780045063204e+16,1.05370077518446e+16,1.0817235458625998e+16,1.0880189792140634e+16,1.0943144125655272e+16,2.6473569196433544e+16,4.200399426721181e+16,7.064398145171647e+16,9.928396863622115e+16,1.2744358888899045e+17,1.556032091417597e+17,1.714246629919532e+17,1.872461168421467e+17,1.8382490955746762e+17,1.804037022727885e+17,1.583134847463734e+17,1.3622326721995832e+17,1.0490129061535267e+17,7.357931401074699e+16,4.718326343218635e+16,2.0787212853625724e+16,1.0393606426812862e+16,0.0,0.0,0.0,0.0,0.0,0.0,0.0,0.0,0.0,0.0,0.0,0.0,0.0,0.0,0.0,0.0,0.0,0.0,0.0,0.0,0.0,0.0,0.0,0.0,0.0,0.0,0.0,0.0,0.0,0.0,0.0,0.0,0.0,0.0,0.0,0.0,0.0,0.0,0.0,0.0,0.0,0.0,0.0,0.0,0.0,0.0,0.0,0.0,0.0,0.0,0.0,0.0,0.0,0.0,0.0,0.0,0.0,0.0,0.0,0.0,0.0,0.0,0.0,0.0,0.0,0.0,0.0,0.0,0.0,0.0,0.0,0.0,0.0,0.0,0.0,0.0,0.0,0.0,0.0,0.0,0.0,0.0,0.0,0.0,0.0,0.0,0.0,0.0,0.0,0.0,0.0,0.0,0.0,0.0,0.0,0.0,0.0,0.0,0.0,0.0,0.0,0.0,0.0,0.0,0.0,0.0,0.0,0.0,0.0,0.0,0.0,0.0,0.0,0.0,0.0,0.0,0.0,0.0,0.0,0.0,0.0,0.0,0.0,0.0,0.0,0.0,0.0,0.0,0.0,0.0,0.0,0.0
31.5389566054939,104.251998589041,2.26576946759162,223.0,65.0,103.6168024273462,5.0,5.0,1.2599850430630033,9.804624011996483e+17,0.0,0.0,0.0,0.0,0.0,0.0,0.0,0.0,0.0,0.0,0.0,0.0,0.0,0.0,0.0,0.0,0.0,0.0,0.0,0.0,0.0,0.0,0.0,0.0,0.0,0.0,0.0,0.0,0.0,0.0,0.0,0.0,0.0,0.0,0.0,0.0,0.0,0.0,0.0,0.0,0.0,0.0,0.0,0.0,0.0,0.0,0.0,1.2150554283282588e+16,2.4301108566565176e+16,3.207924360266774e+16,3.98573786387703e+16,4.294947833441135e+16,4.60415780300524e+16,4.3996177396261976e+16,4.195077676247156e+16,3.672470578432232e+16,3.149863480617309e+16,2.5246578616590924e+16,1.899452242700875e+16,1.7010230012715048e+16,1.5025937598421344e+16,1.7103001447600806e+16,1.9180065296780268e+16,2.0589500634284188e+16,2.19989359717881e+16,2.1482613669811136e+16,2.0966291367834176e+16,1.97622411567726e+16,1.8558190945711016e+16,1.7696253971978016e+16,1.6834316998245018e+16,1.6026492973110056e+16,1.521866894797509e+16,1.4643583405299718e+16,1.4068497862624344e+16,1.9838190965662012e+16,2.560788406869968e+16,4.2162198385770296e+16,5.871651270284091e+16,8.277263747973818e+16,1.0682876225663546e+17,1.2363988581456166e+17,1.4045100937248787e+17,1.3758923840199571e+17,1.3472746743150354e+17,1.1266414875523168e+17,9.060083007895984e+16,6.288241810285057e+16,3.516400612674129e+16,1.936236140843451e+16,3560716690127731.5,1843736243841555.5,126755797555379.33,1570265561961691.0,3013775326368002.5,6299487591608695.0,9585199856849388.0,1.1344310057292974e+16,1.3103420257736558e+16,1.1160874361234666e+16,9218328464732774.0,5433804422012931.0,1649280379293090.0,1407144263435693.5,1165008147578296.8,1806774084348093.8,2448540021117891.0,1224270010558945.5,0.0,0.0,0.0,0.0,0.0,0.0,0.0,0.0,0.0,0.0,0.0,0.0,0.0,0.0,0.0,0.0,0.0,0.0,0.0,0.0,0.0,0.0,0.0,0.0,0.0,0.0,0.0,0.0,0.0,0.0,0.0,0.0,0.0,0.0,0.0,0.0,0.0,0.0,0.0,0.0,0.0,0.0,0.0,0.0,0.0,0.0,0.0,0.0,0.0,0.0,0.0,0.0,0.0,0.0,0.0,0.0,0.0,0.0,0.0,0.0,0.0,0.0,0.0,0.0,0.0,0.0,0.0,0.0,0.0,0.0,0.0,0.0,0.0,0.0,0.0,0.0,0.0,0.0,0.0,0.0,0.0,0.0,0.0,0.0,0.0,0.0,0.0,0.0,0.0,0.0,0.0,0.0,0.0,0.0,0.0,0.0,0.0,0.0,0.0,0.0,0.0,0.0,0.0,0.0,0.0,0.0,0.0,0.0,0.0,0.0,0.0,0.0,0.0,0.0,0.0,0.0,0.0,0.0,0.0,0.0,0.0,0.0,0.0,0.0,0.0,0.0,0.0,0.0,0.0,0.0,0.0,0.0
31.5552928961647,104.231162605659,6.44665004298069,223.0,50.0,112.5334834785119,5.0,5.0,1.1303042825534337,8.795507986860847e+17,0.0,0.0,0.0,0.0,0.0,0.0,0.0,0.0,0.0,0.0,0.0,0.0,0.0,0.0,0.0,0.0,0.0,0.0,0.0,0.0,0.0,0.0,0.0,0.0,0.0,0.0,0.0,0.0,0.0,0.0,0.0,0.0,0.0,0.0,0.0,0.0,0.0,0.0,0.0,0.0,0.0,0.0,0.0,0.0,0.0,0.0,0.0,9488736594285864.0,1.897747318857173e+16,2.759229974235547e+16,3.620712629613921e+16,4.028107894316053e+16,4.435503159018185e+16,4.3392655389214936e+16,4.243027918824801e+16,3.7707679089372744e+16,3.298507899049749e+16,2.628885561428218e+16,1.959263223806686e+16,1.5443650008845838e+16,1.129466777962481e+16,1.2503534981728216e+16,1.3712402183831624e+16,1.4496617611888496e+16,1.5280833039945368e+16,1.3814702564358076e+16,1.2348572088770786e+16,1.0815297801049314e+16,9282023513327844.0,9126351988743494.0,8970680464159144.0,7960022706122899.0,6949364948086654.0,6169185424735268.0,5389005901383880.0,9680943182722490.0,1.39728804640611e+16,2.639016390032816e+16,3.8807447336595224e+16,5.886111544068465e+16,7.891478354477406e+16,9.531917031006331e+16,1.1172355707535258e+17,1.1120095082157246e+17,1.1067834456779238e+17,9.134456657554528e+16,7.201078858329816e+16,4.7109556945785816e+16,2.220832530827346e+16,1.110416265413673e+16,0.0,2197187632698492.0,4394375265396984.0,1.062672062599481e+16,1.6859065986592636e+16,2.3805289483879404e+16,3.075151298116616e+16,3.4290418031901224e+16,3.782932308263628e+16,3.585450273728568e+16,3.3879682391935084e+16,2.7400277361778136e+16,2.0920872331621184e+16,1.4251984138127896e+16,7583095944634607.0,4412334177877080.0,1241572411119552.5,620786205559776.2,0.0,0.0,0.0,0.0,0.0,0.0,0.0,0.0,0.0,0.0,0.0,0.0,0.0,0.0,0.0,0.0,0.0,0.0,0.0,0.0,0.0,0.0,0.0,0.0,0.0,0.0,0.0,0.0,0.0,0.0,0.0,0.0,0.0,0.0,0.0,0.0,0.0,0.0,0.0,0.0,0.0,0.0,0.0,0.0,0.0,0.0,0.0,0.0,0.0,0.0,0.0,0.0,0.0,0.0,0.0,0.0,0.0,0.0,0.0,0.0,0.0,0.0,0.0,0.0,0.0,0.0,0.0,0.0,0.0,0.0,0.0,0.0,0.0,0.0,0.0,0.0,0.0,0.0,0.0,0.0,0.0,0.0,0.0,0.0,0.0,0.0,0.0,0.0,0.0,0.0,0.0,0.0,0.0,0.0,0.0,0.0,0.0,0.0,0.0,0.0,0.0,0.0,0.0,0.0,0.0,0.0,0.0,0.0,0.0,0.0,0.0,0.0,0.0,0.0,0.0,0.0,0.0,0.0,0.0,0.0,0.0,0.0,0.0,0.0,0.0,0.0,0.0,0.0,0.0,0.0,0.0,0.0
31.577709396553,104.20253141285,9.79570224165576,223.0,35.0,127.88699050016265,5.0,5.0,1.1844583276385177,9.21690985485223e+17,0.0,0.0,0.0,0.0,0.0,0.0,0.0,0.0,0.0,0.0,0.0,0.0,0.0,0.0,0.0,0.0,0.0,0.0,0.0,0.0,0.0,0.0,0.0,0.0,0.0,0.0,0.0,0.0,0.0,0.0,0.0,0.0,0.0,0.0,0.0,0.0,0.0,0.0,0.0,0.0,0.0,0.0,0.0,0.0,0.0,2886957900860927.0,5773915801721854.0,1.3795742311962184e+16,2.1817568822202516e+16,3.02660759219883e+16,3.87145830217741e+16,4.529929787581035e+16,5.188401272984661e+16,5.391789938088151e+16,5.595178603191641e+16,5.257085394775619e+16,4.918992186359596e+16,4.1909318096541704e+16,3.4628714329487444e+16,2.7025204033117264e+16,1.9421693736747096e+16,1.4755706554241816e+16,1.0089719371736536e+16,8451244460260832.0,6812769548785129.0,5229044639116876.0,3645319729448622.5,2724862579972781.5,1804405430496940.5,1348467034938749.8,892528639380559.0,446264319690279.5,0.0,306306724727212.25,612613449454424.5,4461928352781181.0,8311243256107940.0,1.2629843011911208e+16,1.6948442767714474e+16,2.756852499410392e+16,3.818860722049336e+16,5.327684364570988e+16,6.836508007092639e+16,7.224530559885942e+16,7.612553112679245e+16,6.386703643492163e+16,5.160854174305085e+16,3.4371580716774548e+16,1.7134619690498254e+16,8567309845249127.0,0.0,6769320485790357.0,1.3538640971580714e+16,2.6581779009130844e+16,3.962491704668097e+16,5.289141484122258e+16,6.615791263576418e+16,7.29351148688216e+16,7.971231710187902e+16,7.674134836042806e+16,7.37703796189771e+16,6.220797287926458e+16,5.0645566139552056e+16,3.5482599864081564e+16,2.0319633588611084e+16,1.0159816794305542e+16,0.0,0.0,0.0,0.0,0.0,0.0,0.0,0.0,0.0,0.0,0.0,0.0,0.0,0.0,0.0,0.0,0.0,0.0,0.0,0.0,0.0,0.0,0.0,0.0,0.0,0.0,0.0,0.0,0.0,0.0,0.0,0.0,0.0,0.0,0.0,0.0,0.0,0.0,0.0,0.0,0.0,0.0,0.0,0.0,0.0,0.0,0.0,0.0,0.0,0.0,0.0,0.0,0.0,0.0,0.0,0.0,0.0,0.0,0.0,0.0,0.0,0.0,0.0,0.0,0.0,0.0,0.0,0.0,0.0,0.0,0.0,0.0,0.0,0.0,0.0,0.0,0.0,0.0,0.0,0.0,0.0,0.0,0.0,0.0,0.0,0.0,0.0,0.0,0.0,0.0,0.0,0.0,0.0,0.0,0.0,0.0,0.0,0.0,0.0,0.0,0.0,0.0,0.0,0.0,0.0,0.0,0.0,0.0,0.0,0.0,0.0,0.0,0.0,0.0,0.0,0.0,0.0,0.0,0.0,0.0,0.0,0.0,0.0,0.0,0.0,0.0,0.0,0.0,0.0,0.0,0.0,0.0,0.0,0.0
31.603201835102,104.169945550316,12.5728923534004,223.0,32.5,136.38733101292465,5.0,5.0,1.344717972604482,1.0463976692540681e+18,0.0,0.0,0.0,0.0,0.0,0.0,0.0,0.0,0.0,0.0,0.0,0.0,0.0,0.0,0.0,0.0,0.0,0.0,0.0,0.0,0.0,0.0,0.0,0.0,0.0,0.0,0.0,0.0,0.0,0.0,0.0,0.0,0.0,0.0,0.0,0.0,0.0,0.0,0.0,0.0,0.0,0.0,0.0,0.0,0.0,4093634752684780.0,8187269505369560.0,1.6394698060245482e+16,2.4602126615121412e+16,3.5190484050943616e+16,4.5778841486765816e+16,5.510785622653887e+16,6.443687096631192e+16,6.9591103299720504e+16,7.474533563312907e+16,7.351701586602483e+16,7.228869609892056e+16,6.490966545555775e+16,5.753063481219494e+16,4.718762516592911e+16,3.684461551966329e+16,2.689445156192994e+16,1.694428760419659e+16,1.0554517253866246e+16,4164746903535905.0,2082373451767952.5,0.0,0.0,0.0,0.0,0.0,0.0,0.0,0.0,0.0,2259586808970365.5,4519173617940731.0,6897401260461863.0,9275628902982996.0,1.1290838873027078e+16,1.330604884307116e+16,2.153367670837011e+16,2.976130457366907e+16,3.397504625245132e+16,3.8188787931233576e+16,3.2498543363120012e+16,2.6808298795006452e+16,1.760018418707016e+16,8392069579133865.0,5268650028520176.0,2145230477906487.5,1.3507337260928656e+16,2.4869444043950824e+16,4.3824897461746536e+16,6.2780350879542264e+16,8.07450041283726e+16,9.870965737720298e+16,1.0731669762825866e+17,1.1592373787931435e+17,1.1072641944266136e+17,1.0552910100600835e+17,8.857865625441182e+16,7.162821150281529e+16,5.033270510094793e+16,2.903719869908056e+16,1.451859934954028e+16,0.0,0.0,0.0,0.0,0.0,0.0,0.0,0.0,0.0,0.0,0.0,0.0,0.0,0.0,0.0,0.0,0.0,0.0,0.0,0.0,0.0,0.0,0.0,0.0,0.0,0.0,0.0,0.0,0.0,0.0,0.0,0.0,0.0,0.0,0.0,0.0,0.0,0.0,0.0,0.0,0.0,0.0,0.0,0.0,0.0,0.0,0.0,0.0,0.0,0.0,0.0,0.0,0.0,0.0,0.0,0.0,0.0,0.0,0.0,0.0,0.0,0.0,0.0,0.0,0.0,0.0,0.0,0.0,0.0,0.0,0.0,0.0,0.0,0.0,0.0,0.0,0.0,0.0,0.0,0.0,0.0,0.0,0.0,0.0,0.0,0.0,0.0,0.0,0.0,0.0,0.0,0.0,0.0,0.0,0.0,0.0,0.0,0.0,0.0,0.0,0.0,0.0,0.0,0.0,0.0,0.0,0.0,0.0,0.0,0.0,0.0,0.0,0.0,0.0,0.0,0.0,0.0,0.0,0.0,0.0,0.0,0.0,0.0,0.0,0.0,0.0,0.0,0.0,0.0,0.0,0.0,0.0,0.0,0.0
31.629413001458,104.13641977777,15.1661413742675,223.0,30.0,138.50109860653697,5.0,5.0,1.5081659971905987,1.1735854033778532e+18,0.0,0.0,0.0,0.0,0.0,0.0,0.0,0.0,0.0,0.0,0.0,0.0,0.0,0.0,0.0,0.0,0.0,0.0,0.0,0.0,0.0,0.0,0.0,0.0,0.0,0.0,0.0,0.0,0.0,0.0,0.0,0.0,0.0,0.0,0.0,0.0,0.0,0.0,0.0,0.0,0.0,0.0,0.0,0.0,0.0,3377491440276920.0,6754982880553840.0,1.6369063767209772e+16,2.5983144653865704e+16,3.935774257280687e+16,5.273234049174805e+16,6.579245401261223e+16,7.885256753347642e+16,8.699333903336242e+16,9.513411053324845e+16,9.610131244998434e+16,9.706851436672024e+16,8.984096436451691e+16,8.26134143623136e+16,6.948647057302804e+16,5.635952678374248e+16,4.219563251515994e+16,2.803173824657739e+16,1.7509260149081706e+16,6986782051586013.0,3493391025793006.5,0.0,0.0,0.0,0.0,0.0,0.0,0.0,0.0,0.0,0.0,0.0,753357955812995.2,1506715911625990.5,1656619181933817.5,1806522452241644.8,3094220641429949.0,4381918830618253.0,6394230972385530.0,8406543114152807.0,7301422902463402.0,6196302690773998.0,3897077470691704.5,1597852250609412.0,3465942391560362.0,5334032532511313.0,2.0015667613958788e+16,3.4697302695406268e+16,5.739295582575834e+16,8.008860895611042e+16,1.0067795205994182e+17,1.2126729516377322e+17,1.3032565394832136e+17,1.393840127328695e+17,1.3197532906527317e+17,1.2456664539767682e+17,1.0328719873751069e+17,8.200775207734458e+16,5.691726437282572e+16,3.1826776668306856e+16,1.5913388334153428e+16,0.0,0.0,0.0,0.0,0.0,0.0,0.0,0.0,0.0,0.0,0.0,0.0,0.0,0.0,0.0,0.0,0.0,0.0,0.0,0.0,0.0,0.0,0.0,0.0,0.0,0.0,0.0,0.0,0.0,0.0,0.0,0.0,0.0,0.0,0.0,0.0,0.0,0.0,0.0,0.0,0.0,0.0,0.0,0.0,0.0,0.0,0.0,0.0,0.0,0.0,0.0,0.0,0.0,0.0,0.0,0.0,0.0,0.0,0.0,0.0,0.0,0.0,0.0,0.0,0.0,0.0,0.0,0.0,0.0,0.0,0.0,0.0,0.0,0.0,0.0,0.0,0.0,0.0,0.0,0.0,0.0,0.0,0.0,0.0,0.0,0.0,0.0,0.0,0.0,0.0,0.0,0.0,0.0,0.0,0.0,0.0,0.0,0.0,0.0,0.0,0.0,0.0,0.0,0.0,0.0,0.0,0.0,0.0,0.0,0.0,0.0,0.0,0.0,0.0,0.0,0.0,0.0,0.0,0.0,0.0,0.0,0.0,0.0,0.0,0.0,0.0,0.0,0.0,0.0,0.0,0.0,0.0,0.0,0.0
31.656588889021,104.101716491291,17.4726870286192,223.0,25.0,136.61647566172576,5.0,5.0,1.6323762011987573,1.2702400704676178e+18,0.0,0.0,0.0,0.0,0.0,0.0,0.0,0.0,0.0,0.0,0.0,0.0,0.0,0.0,0.0,0.0,0.0,0.0,0.0,0.0,0.0,0.0,0.0,0.0,0.0,0.0,0.0,0.0,0.0,0.0,0.0,0.0,0.0,0.0,0.0,0.0,0.0,0.0,0.0,0.0,0.0,0.0,0.0,0.0,0.0,3098799315255217.5,6197598630510435.0,1.581997511820138e+16,2.5442351605892324e+16,3.952057110749023e+16,5.3598790609088136e+16,6.874865929489237e+16,8.38985279806966e+16,9.431848953578651e+16,1.0473845109087642e+17,1.079759080213651e+17,1.1121336495185382e+17,1.0496104518670698e+17,9.870872542156018e+16,8.468851360509546e+16,7.066830178863071e+16,5.427998692277994e+16,3.789167205692917e+16,2.467248844317371e+16,1.1453304829418264e+16,5726652414709132.0,0.0,0.0,0.0,0.0,0.0,0.0,0.0,0.0,0.0,0.0,0.0,0.0,0.0,0.0,0.0,0.0,0.0,98662496804235.16,197324993608470.3,1625277905815268.2,3053230818022066.5,4410079495260751.0,5766928172499436.0,7384897586278877.0,9002867000058319.0,2.442554767176069e+16,3.984822834346305e+16,6.3481762058218536e+16,8.711529577297403e+16,1.0842006184737942e+17,1.2972482792178482e+17,1.3829696243720413e+17,1.4686909695262342e+17,1.3794794169037093e+17,1.2902678642811843e+17,1.0648208279288448e+17,8.393737915765054e+16,5.791219754950472e+16,3.1887015941358908e+16,1.5943507970679454e+16,0.0,0.0,0.0,0.0,0.0,0.0,0.0,0.0,0.0,0.0,0.0,0.0,0.0,0.0,0.0,0.0,0.0,0.0,0.0,0.0,0.0,0.0,0.0,0.0,0.0,0.0,0.0,0.0,0.0,0.0,0.0,0.0,0.0,0.0,0.0,0.0,0.0,0.0,0.0,0.0,0.0,0.0,0.0,0.0,0.0,0.0,0.0,0.0,0.0,0.0,0.0,0.0,0.0,0.0,0.0,0.0,0.0,0.0,0.0,0.0,0.0,0.0,0.0,0.0,0.0,0.0,0.0,0.0,0.0,0.0,0.0,0.0,0.0,0.0,0.0,0.0,0.0,0.0,0.0,0.0,0.0,0.0,0.0,0.0,0.0,0.0,0.0,0.0,0.0,0.0,0.0,0.0,0.0,0.0,0.0,0.0,0.0,0.0,0.0,0.0,0.0,0.0,0.0,0.0,0.0,0.0,0.0,0.0,0.0,0.0,0.0,0.0,0.0,0.0,0.0,0.0,0.0,0.0,0.0,0.0,0.0,0.0,0.0,0.0,0.0,0.0,0.0,0.0,0.0,0.0,0.0,0.0,0.0,0.0
31.5060704962221,104.215714348659,2.26576946759162,223.0,65.0,133.4769652415741,5.0,5.0,2.6364847365677013,2.051591143699103e+18,0.0,0.0,0.0,0.0,0.0,0.0,0.0,0.0,0.0,0.0,0.0,0.0,0.0,0.0,0.0,0.0,0.0,0.0,0.0,0.0,0.0,0.0,0.0,0.0,0.0,0.0,0.0,0.0,0.0,0.0,0.0,0.0,0.0,0.0,0.0,0.0,0.0,0.0,0.0,0.0,0.0,0.0,0.0,0.0,0.0,1.8010988836618506e+16,3.6021977673237012e+16,4.9684539359416664e+16,6.334710104559633e+16,7.018326902868929e+16,7.701943701178224e+16,7.840542009352955e+16,7.979140317527686e+16,7.71073531162273e+16,7.442330305717774e+16,6.915528893046136e+16,6.388727480374498e+16,6.041079708560466e+16,5.693431936746434e+16,5.988634167597577e+16,6.283836398448718e+16,6.842601787530338e+16,7.401367176611958e+16,7.698308292314904e+16,7.99524940801785e+16,7.83455937771162e+16,7.673869347405387e+16,7.25905182506187e+16,6.844234302718356e+16,6.417044815361592e+16,5.989855328004831e+16,5.64941729354572e+16,5.30897925908661e+16,5.269686689851997e+16,5.2303941206173816e+16,5.831597169482444e+16,6.4328002183475064e+16,7.990466484878294e+16,9.54813275140908e+16,1.1844207349938526e+17,1.4140281948467973e+17,1.579778557738879e+17,1.745528920630961e+17,1.7170774461989334e+17,1.688625971766906e+17,1.4477247737280144e+17,1.2068235756891224e+17,8.987702886431154e+16,5.9071700159710824e+16,4.376592758078388e+16,2.846015500185694e+16,2.969234199474595e+16,3.0924528987634964e+16,3.3606828380177228e+16,3.628912777271949e+16,3.864758462213322e+16,4.100604147154696e+16,4.113626588438727e+16,4.126649029722758e+16,3.7385742225067656e+16,3.3504994152907732e+16,2.840048502832288e+16,2.329597590373803e+16,1.8527720160581724e+16,1.3759464417425416e+16,6879732208712708.0,0.0,0.0,0.0,0.0,0.0,0.0,0.0,0.0,0.0,0.0,0.0,0.0,0.0,0.0,0.0,0.0,0.0,0.0,0.0,0.0,0.0,0.0,0.0,0.0,0.0,0.0,0.0,0.0,0.0,0.0,0.0,0.0,0.0,0.0,0.0,0.0,0.0,0.0,0.0,0.0,0.0,0.0,0.0,0.0,0.0,0.0,0.0,0.0,0.0,0.0,0.0,0.0,0.0,0.0,0.0,0.0,0.0,0.0,0.0,0.0,0.0,0.0,0.0,0.0,0.0,0.0,0.0,0.0,0.0,0.0,0.0,0.0,0.0,0.0,0.0,0.0,0.0,0.0,0.0,0.0,0.0,0.0,0.0,0.0,0.0,0.0,0.0,0.0,0.0,0.0,0.0,0.0,0.0,0.0,0.0,0.0,0.0,0.0,0.0,0.0,0.0,0.0,0.0,0.0,0.0,0.0,0.0,0.0,0.0,0.0,0.0,0.0,0.0,0.0,0.0,0.0,0.0,0.0,0.0,0.0,0.0,0.0,0.0,0.0,0.0,0.0,0.0,0.0,0.0,0.0,0.0,0.0,0.0,0.0
31.5224067868929,104.194873794229,6.44665004298069,223.0,50.0,129.38111024897378,5.0,5.0,1.9124964919822558,1.4882167952219602e+18,0.0,0.0,0.0,0.0,0.0,0.0,0.0,0.0,0.0,0.0,0.0,0.0,0.0,0.0,0.0,0.0,0.0,0.0,0.0,0.0,0.0,0.0,0.0,0.0,0.0,0.0,0.0,0.0,0.0,0.0,0.0,0.0,0.0,0.0,0.0,0.0,0.0,0.0,0.0,0.0,0.0,0.0,0.0,0.0,0.0,1.2710126899603112e+16,2.5420253799206224e+16,3.728347880333674e+16,4.914670380746725e+16,5.691143738689656e+16,6.467617096632587e+16,6.709914040387236e+16,6.952210984141886e+16,6.703903218046581e+16,6.455595451951276e+16,5.7948407251880136e+16,5.13408599842475e+16,4.519245896791081e+16,3.9044057951574104e+16,3.990187289026216e+16,4.0759687828950216e+16,4.567345417930695e+16,5.058722052966369e+16,5.232447828208609e+16,5.406173603450849e+16,5.12557013410715e+16,4.844966664763453e+16,4.393786804547049e+16,3.9426069443306456e+16,3.5439937197445116e+16,3.1453804951583788e+16,2.8102272261372136e+16,2.475073957116048e+16,2.4962248499496748e+16,2.5173757427833016e+16,3.093426253369229e+16,3.669476763955156e+16,4.969163001531614e+16,6.268849239108073e+16,8.315608494477083e+16,1.0362367749846094e+17,1.2112981499324854e+17,1.3863595248803613e+17,1.3817228277870275e+17,1.3770861306936939e+17,1.1549066373324746e+17,9.327271439712557e+16,6.4222680996480184e+16,3.51726475958348e+16,2.2514366739704364e+16,9856085883573928.0,1.4368035208675434e+16,1.887998453377694e+16,2.542953401913502e+16,3.1979083504493108e+16,3.743006782963719e+16,4.288105215478127e+16,4.342085809999948e+16,4.396066404521767e+16,3.884536141653728e+16,3.3730058787856896e+16,2.51809421416743e+16,1.66318254954917e+16,1.0382103964203924e+16,4132382432916151.5,2066191216458075.8,0.0,0.0,0.0,0.0,0.0,0.0,0.0,0.0,0.0,0.0,0.0,0.0,0.0,0.0,0.0,0.0,0.0,0.0,0.0,0.0,0.0,0.0,0.0,0.0,0.0,0.0,0.0,0.0,0.0,0.0,0.0,0.0,0.0,0.0,0.0,0.0,0.0,0.0,0.0,0.0,0.0,0.0,0.0,0.0,0.0,0.0,0.0,0.0,0.0,0.0,0.0,0.0,0.0,0.0,0.0,0.0,0.0,0.0,0.0,0.0,0.0,0.0,0.0,0.0,0.0,0.0,0.0,0.0,0.0,0.0,0.0,0.0,0.0,0.0,0.0,0.0,0.0,0.0,0.0,0.0,0.0,0.0,0.0,0.0,0.0,0.0,0.0,0.0,0.0,0.0,0.0,0.0,0.0,0.0,0.0,0.0,0.0,0.0,0.0,0.0,0.0,0.0,0.0,0.0,0.0,0.0,0.0,0.0,0.0,0.0,0.0,0.0,0.0,0.0,0.0,0.0,0.0,0.0,0.0,0.0,0.0,0.0,0.0,0.0,0.0,0.0,0.0,0.0,0.0,0.0,0.0,0.0,0.0,0.0
31.5448232872812,104.166234832362,9.79570224165576,223.0,35.0,128.8141300149545,5.0,5.0,1.393170349853922,1.0841010804202289e+18,0.0,0.0,0.0,0.0,0.0,0.0,0.0,0.0,0.0,0.0,0.0,0.0,0.0,0.0,0.0,0.0,0.0,0.0,0.0,0.0,0.0,0.0,0.0,0.0,0.0,0.0,0.0,0.0,0.0,0.0,0.0,0.0,0.0,0.0,0.0,0.0,0.0,0.0,0.0,0.0,0.0,0.0,0.0,3767512971252984.5,7535025942505969.0,1.5102688709632062e+16,2.267035147675815e+16,3.1739948862754896e+16,4.080954624875163e+16,4.8678297925612616e+16,5.654704960247361e+16,6.113924387595964e+16,6.573143814944567e+16,6.533804657061238e+16,6.494465499177908e+16,5.875380920340978e+16,5.256296341504046e+16,4.3479677476897416e+16,3.4396391538754356e+16,2.99267842954029e+16,2.5457177052051444e+16,2.650503552492522e+16,2.7552893997798996e+16,2.6873521936620976e+16,2.619414987544295e+16,2.2347108996323464e+16,1.8500068117203976e+16,1.4671385862299668e+16,1.0842703607395358e+16,8128672157454274.0,5414640707513188.0,4194120615481874.5,2973600523450561.0,5136473734868128.0,7299346946285696.0,1.3167185840318418e+16,1.9035024734351144e+16,2.5199507889928852e+16,3.1363991045506564e+16,4.184972742510939e+16,5.233546380471222e+16,6.712516786681548e+16,8.191487192891875e+16,8.53589785334434e+16,8.880308513796806e+16,7.537799056793611e+16,6.195289599790416e+16,4.207055564315476e+16,2.2188215288405356e+16,1.2325250017835454e+16,2462284747265553.0,9882233488978942.0,1.7302182230692334e+16,2.894618898064695e+16,4.0590195730601576e+16,5.050445896362094e+16,6.041872219664032e+16,6.2052601771720136e+16,6.368648134679996e+16,5.6397535539822776e+16,4.910858973284559e+16,3.63078320189059e+16,2.3507074304966224e+16,1.1753537152483112e+16,0.0,0.0,0.0,0.0,0.0,0.0,0.0,0.0,0.0,0.0,0.0,0.0,0.0,0.0,0.0,0.0,0.0,0.0,0.0,0.0,0.0,0.0,0.0,0.0,0.0,0.0,0.0,0.0,0.0,0.0,0.0,0.0,0.0,0.0,0.0,0.0,0.0,0.0,0.0,0.0,0.0,0.0,0.0,0.0,0.0,0.0,0.0,0.0,0.0,0.0,0.0,0.0,0.0,0.0,0.0,0.0,0.0,0.0,0.0,0.0,0.0,0.0,0.0,0.0,0.0,0.0,0.0,0.0,0.0,0.0,0.0,0.0,0.0,0.0,0.0,0.0,0.0,0.0,0.0,0.0,0.0,0.0,0.0,0.0,0.0,0.0,0.0,0.0,0.0,0.0,0.0,0.0,0.0,0.0,0.0,0.0,0.0,0.0,0.0,0.0,0.0,0.0,0.0,0.0,0.0,0.0,0.0,0.0,0.0,0.0,0.0,0.0,0.0,0.0,0.0,0.0,0.0,0.0,0.0,0.0,0.0,0.0,0.0,0.0,0.0,0.0,0.0,0.0,0.0,0.0,0.0,0.0,0.0,0.0,0.0,0.0
31.5703157258303,104.13363935555,12.5728923534004,223.0,32.5,131.69946187017598,5.0,5.0,1.2106703821338356,9.420880005389727e+17,0.0,0.0,0.0,0.0,0.0,0.0,0.0,0.0,0.0,0.0,0.0,0.0,0.0,0.0,0.0,0.0,0.0,0.0,0.0,0.0,0.0,0.0,0.0,0.0,0.0,0.0,0.0,0.0,0.0,0.0,0.0,0.0,0.0,0.0,0.0,0.0,0.0,0.0,0.0,0.0,0.0,0.0,0.0,4005832810516847.0,8011665621033694.0,1.4245693575425768e+16,2.047972152981784e+16,2.9039694534734492e+16,3.759966753965114e+16,4.681793529271306e+16,5.6036203045774984e+16,6.309163083150165e+16,7.014705861722832e+16,7.233989134663781e+16,7.45327240760473e+16,6.963700197402694e+16,6.474127987200661e+16,5.462902475844368e+16,4.451676964488076e+16,3.4795479311666064e+16,2.507418897845138e+16,1.9572427464871772e+16,1.4070665951292158e+16,1.1440263067238442e+16,8809860183184724.0,6060004792367407.0,3310149401550090.5,1655074700775045.2,0.0,0.0,0.0,0.0,0.0,825433599240572.1,1650867198481144.2,5273147322200471.0,8895427445919798.0,1.3061702183172038e+16,1.722797692042428e+16,1.928295326692896e+16,2.133792961343363e+16,2.7547116163095108e+16,3.3756302712756584e+16,3.75420325556567e+16,4.132776239855682e+16,3.5118048192027972e+16,2.8908333985499124e+16,1.911304534133871e+16,9317756697178304.0,6458997482195849.0,3600238267213392.5,1.4629787416159054e+16,2.565933656510471e+16,4.15513311621546e+16,5.74433257592045e+16,6.9984047619911624e+16,8.252476948061875e+16,8.452062721762635e+16,8.651648495463398e+16,7.627915478133594e+16,6.6041824608037896e+16,4.8295767039514344e+16,3.0549709470990796e+16,1.5274854735495398e+16,0.0,0.0,0.0,0.0,0.0,0.0,0.0,0.0,0.0,0.0,0.0,0.0,0.0,0.0,0.0,0.0,0.0,0.0,0.0,0.0,0.0,0.0,0.0,0.0,0.0,0.0,0.0,0.0,0.0,0.0,0.0,0.0,0.0,0.0,0.0,0.0,0.0,0.0,0.0,0.0,0.0,0.0,0.0,0.0,0.0,0.0,0.0,0.0,0.0,0.0,0.0,0.0,0.0,0.0,0.0,0.0,0.0,0.0,0.0,0.0,0.0,0.0,0.0,0.0,0.0,0.0,0.0,0.0,0.0,0.0,0.0,0.0,0.0,0.0,0.0,0.0,0.0,0.0,0.0,0.0,0.0,0.0,0.0,0.0,0.0,0.0,0.0,0.0,0.0,0.0,0.0,0.0,0.0,0.0,0.0,0.0,0.0,0.0,0.0,0.0,0.0,0.0,0.0,0.0,0.0,0.0,0.0,0.0,0.0,0.0,0.0,0.0,0.0,0.0,0.0,0.0,0.0,0.0,0.0,0.0,0.0,0.0,0.0,0.0,0.0,0.0,0.0,0.0,0.0,0.0,0.0,0.0,0.0,0.0,0.0,0.0
31.5965268921863,104.100103194967,15.1661413742675,223.0,30.0,132.45081115014722,5.0,5.0,1.2110143462147946,9.423556575644273e+17,0.0,0.0,0.0,0.0,0.0,0.0,0.0,0.0,0.0,0.0,0.0,0.0,0.0,0.0,0.0,0.0,0.0,0.0,0.0,0.0,0.0,0.0,0.0,0.0,0.0,0.0,0.0,0.0,0.0,0.0,0.0,0.0,0.0,0.0,0.0,0.0,0.0,0.0,0.0,0.0,0.0,0.0,0.0,2902105041763715.5,5804210083527431.0,1.1610946940764326e+16,1.7417683798001218e+16,2.6667950576095972e+16,3.591821735419073e+16,4.754572093729501e+16,5.9173224520399304e+16,6.9635702861355704e+16,8.009818120231211e+16,8.500655036242709e+16,8.991491952254203e+16,8.68928622313713e+16,8.387080494020056e+16,7.394687900327637e+16,6.402295306635216e+16,5.0961894373103736e+16,3.790083567985532e+16,2.6307767308836444e+16,1.471469893781757e+16,8272953854479966.0,1831208771142364.5,915604385571182.2,0.0,0.0,0.0,0.0,0.0,0.0,0.0,0.0,0.0,779163641509782.1,1558327283019564.2,3681835998677248.0,5805344714334932.0,6328069087854762.0,6850793461374592.0,6019458625707875.0,5188123790041159.0,5694116319256673.0,6200108848472187.0,5059758170145522.0,3919407491818857.0,1959703745909428.5,0.0,4144771159087917.5,8289542318175835.0,2.183964260777426e+16,3.5389742897372684e+16,5.332768724239509e+16,7.126563158741749e+16,8.447250297176907e+16,9.767937435612067e+16,9.906277548120078e+16,1.004461766062809e+17,8.778796056711366e+16,7.512974452794645e+16,5.45480731668288e+16,3.3966401805711144e+16,1.6983200902855572e+16,0.0,0.0,0.0,0.0,0.0,0.0,0.0,0.0,0.0,0.0,0.0,0.0,0.0,0.0,0.0,0.0,0.0,0.0,0.0,0.0,0.0,0.0,0.0,0.0,0.0,0.0,0.0,0.0,0.0,0.0,0.0,0.0,0.0,0.0,0.0,0.0,0.0,0.0,0.0,0.0,0.0,0.0,0.0,0.0,0.0,0.0,0.0,0.0,0.0,0.0,0.0,0.0,0.0,0.0,0.0,0.0,0.0,0.0,0.0,0.0,0.0,0.0,0.0,0.0,0.0,0.0,0.0,0.0,0.0,0.0,0.0,0.0,0.0,0.0,0.0,0.0,0.0,0.0,0.0,0.0,0.0,0.0,0.0,0.0,0.0,0.0,0.0,0.0,0.0,0.0,0.0,0.0,0.0,0.0,0.0,0.0,0.0,0.0,0.0,0.0,0.0,0.0,0.0,0.0,0.0,0.0,0.0,0.0,0.0,0.0,0.0,0.0,0.0,0.0,0.0,0.0,0.0,0.0,0.0,0.0,0.0,0.0,0.0,0.0,0.0,0.0,0.0,0.0,0.0,0.0,0.0,0.0,0.0,0.0,0.0,0.0
31.6237027797492,104.065391967561,17.4726870286192,223.0,25.0,129.88290275506085,5.0,5.0,1.3067867517752183,1.0168813380408932e+18,0.0,0.0,0.0,0.0,0.0,0.0,0.0,0.0,0.0,0.0,0.0,0.0,0.0,0.0,0.0,0.0,0.0,0.0,0.0,0.0,0.0,0.0,0.0,0.0,0.0,0.0,0.0,0.0,0.0,0.0,0.0,0.0,0.0,0.0,0.0,0.0,0.0,0.0,0.0,0.0,0.0,0.0,0.0,2427485454777245.5,4854970909554491.0,1.0171873697362016e+16,1.5488776485169536e+16,2.5341694935591264e+16,3.519461338601299e+16,4.809617319907077e+16,6.099773301212853e+16,7.339046825698222e+16,8.578320350183592e+16,9.285524771229469e+16,9.992729192275346e+16,9.8761166631525e+16,9.759504134029651e+16,8.820856356613963e+16,7.882208579198277e+16,6.488190173373172e+16,5.0941717675480664e+16,3.738156669053513e+16,2.3821415705589588e+16,1.4596854308707722e+16,5372292911825852.0,2686146455912926.0,0.0,0.0,0.0,0.0,0.0,0.0,0.0,0.0,0.0,0.0,0.0,996771807375710.8,1993543614751421.5,2138266626001817.0,2282989637252213.0,1618994866706406.0,955000096160599.1,477500048080299.56,0.0,0.0,0.0,661927499088315.1,1323854998176630.2,6463223339656593.0,1.1602591681136558e+16,2.5947196074956508e+16,4.029180046877645e+16,5.849360243957335e+16,7.669540441037026e+16,9.020522777675107e+16,1.0371505114313187e+17,1.0446002995123178e+17,1.0520500875933166e+17,9.199624557683754e+16,7.878748239434342e+16,5.700847529458762e+16,3.52294681948318e+16,1.76147340974159e+16,0.0,0.0,0.0,0.0,0.0,0.0,0.0,0.0,0.0,0.0,0.0,0.0,0.0,0.0,0.0,0.0,0.0,0.0,0.0,0.0,0.0,0.0,0.0,0.0,0.0,0.0,0.0,0.0,0.0,0.0,0.0,0.0,0.0,0.0,0.0,0.0,0.0,0.0,0.0,0.0,0.0,0.0,0.0,0.0,0.0,0.0,0.0,0.0,0.0,0.0,0.0,0.0,0.0,0.0,0.0,0.0,0.0,0.0,0.0,0.0,0.0,0.0,0.0,0.0,0.0,0.0,0.0,0.0,0.0,0.0,0.0,0.0,0.0,0.0,0.0,0.0,0.0,0.0,0.0,0.0,0.0,0.0,0.0,0.0,0.0,0.0,0.0,0.0,0.0,0.0,0.0,0.0,0.0,0.0,0.0,0.0,0.0,0.0,0.0,0.0,0.0,0.0,0.0,0.0,0.0,0.0,0.0,0.0,0.0,0.0,0.0,0.0,0.0,0.0,0.0,0.0,0.0,0.0,0.0,0.0,0.0,0.0,0.0,0.0,0.0,0.0,0.0,0.0,0.0,0.0,0.0,0.0,0.0,0.0,0.0,0.0
31.4731843869504,104.179430108276,2.26576946759162,223.0,65.0,128.38601729595234,5.0,5.0,2.8964714912916434,2.2539008768345574e+18,0.0,0.0,0.0,0.0,0.0,0.0,0.0,0.0,0.0,0.0,0.0,0.0,0.0,0.0,0.0,0.0,0.0,0.0,0.0,0.0,0.0,0.0,0.0,0.0,0.0,0.0,0.0,0.0,0.0,0.0,0.0,0.0,0.0,0.0,0.0,0.0,0.0,0.0,0.0,0.0,0.0,0.0,0.0,1.7698434819979208e+16,3.5396869639958416e+16,5.156437750803106e+16,6.773188537610371e+16,7.688206256907502e+16,8.603223976204634e+16,8.94600109051055e+16,9.288778204816469e+16,9.228700223108498e+16,9.168622241400526e+16,8.793491542312547e+16,8.41836084322457e+16,7.801268874107392e+16,7.184176904990213e+16,6.8004523468885704e+16,6.4167277887869304e+16,6.869234865965475e+16,7.321741943144021e+16,8.161606642483736e+16,9.00147134182345e+16,9.458437772481936e+16,9.915404203140424e+16,9.725472043122949e+16,9.535539883105475e+16,8.959417266423314e+16,8.38329464974115e+16,7.763636076354666e+16,7.143977502968181e+16,6.578106943856159e+16,6.012236384744139e+16,5.794905576986579e+16,5.577574769229019e+16,6.141904400766891e+16,6.706234032304764e+16,8.315657499622389e+16,9.925080966940016e+16,1.2340339582560315e+17,1.4755598198180614e+17,1.6569489068519258e+17,1.8383379938857894e+17,1.8172863534867085e+17,1.7962347130876275e+17,1.5503539570185434e+17,1.3044732009494594e+17,9.661179647564219e+16,6.277627285633844e+16,4.09654725576488e+16,1.9154672258959148e+16,2.038420735130061e+16,2.161374244364207e+16,2.5136386509194784e+16,2.8659030574747492e+16,3.039318095875227e+16,3.2127331342757056e+16,3.0857574662079216e+16,2.9587817981401376e+16,2.5111090104200948e+16,2.063436222700051e+16,1.4684112610458142e+16,8733862993915772.0,4366931496957886.0,0.0,0.0,0.0,0.0,0.0,0.0,0.0,0.0,0.0,0.0,0.0,0.0,0.0,0.0,0.0,0.0,0.0,0.0,0.0,0.0,0.0,0.0,0.0,0.0,0.0,0.0,0.0,0.0,0.0,0.0,0.0,0.0,0.0,0.0,0.0,0.0,0.0,0.0,0.0,0.0,0.0,0.0,0.0,0.0,0.0,0.0,0.0,0.0,0.0,0.0,0.0,0.0,0.0,0.0,0.0,0.0,0.0,0.0,0.0,0.0,0.0,0.0,0.0,0.0,0.0,0.0,0.0,0.0,0.0,0.0,0.0,0.0,0.0,0.0,0.0,0.0,0.0,0.0,0.0,0.0,0.0,0.0,0.0,0.0,0.0,0.0,0.0,0.0,0.0,0.0,0.0,0.0,0.0,0.0,0.0,0.0,0.0,0.0,0.0,0.0,0.0,0.0,0.0,0.0,0.0,0.0,0.0,0.0,0.0,0.0,0.0,0.0,0.0,0.0,0.0,0.0,0.0,0.0,0.0,0.0,0.0,0.0,0.0,0.0,0.0,0.0,0.0,0.0,0.0,0.0,0.0,0.0,0.0,0.0,0.0,0.0
31.4895206776212,104.158584982799,6.44665004298069,223.0,50.0,126.79499746150934,5.0,5.0,2.2930746186307323,1.784365186785979e+18,0.0,0.0,0.0,0.0,0.0,0.0,0.0,0.0,0.0,0.0,0.0,0.0,0.0,0.0,0.0,0.0,0.0,0.0,0.0,0.0,0.0,0.0,0.0,0.0,0.0,0.0,0.0,0.0,0.0,0.0,0.0,0.0,0.0,0.0,0.0,0.0,0.0,0.0,0.0,0.0,0.0,5942452809768826.0,1.1884905619537652e+16,2.320138485237748e+16,3.4517864085217308e+16,4.598389418853712e+16,5.744992429185696e+16,6.548829405733617e+16,7.352666382281538e+16,7.726064176729978e+16,8.099461971178416e+16,8.1081395668063e+16,8.116817162434187e+16,7.774741792643854e+16,7.432666422853523e+16,6.725911945275459e+16,6.019157467697394e+16,5.4952809612116984e+16,4.9714044547260024e+16,5.351075695068805e+16,5.730746935411606e+16,6.501541080235757e+16,7.272335225059907e+16,7.532333637187064e+16,7.79233204931422e+16,7.43219718570401e+16,7.072062322093799e+16,6.433766935175247e+16,5.795471548256696e+16,5.149522900391442e+16,4.503574252526186e+16,3.974096864616251e+16,3.444619476706316e+16,3.3697020212343868e+16,3.2947845657624576e+16,3.8942460043333e+16,4.4937074429041416e+16,5.806661054705382e+16,7.119614666506624e+16,9.262674784088176e+16,1.1405734901669731e+17,1.3275106408159387e+17,1.5144477914649046e+17,1.5140307667392778e+17,1.513613742013651e+17,1.2829910828883253e+17,1.052368423763e+17,7.291345747447654e+16,4.0590072572653096e+16,2.392469990435319e+16,7259327236053292.0,1.157201428822309e+16,1.5884701340392886e+16,2.168438589165614e+16,2.74840704429194e+16,3.100163757069075e+16,3.4519204698462092e+16,3.25344452529323e+16,3.0549685807402508e+16,2.378027415045158e+16,1.7010862493500652e+16,8505431246750326.0,0.0,0.0,0.0,0.0,0.0,0.0,0.0,0.0,0.0,0.0,0.0,0.0,0.0,0.0,0.0,0.0,0.0,0.0,0.0,0.0,0.0,0.0,0.0,0.0,0.0,0.0,0.0,0.0,0.0,0.0,0.0,0.0,0.0,0.0,0.0,0.0,0.0,0.0,0.0,0.0,0.0,0.0,0.0,0.0,0.0,0.0,0.0,0.0,0.0,0.0,0.0,0.0,0.0,0.0,0.0,0.0,0.0,0.0,0.0,0.0,0.0,0.0,0.0,0.0,0.0,0.0,0.0,0.0,0.0,0.0,0.0,0.0,0.0,0.0,0.0,0.0,0.0,0.0,0.0,0.0,0.0,0.0,0.0,0.0,0.0,0.0,0.0,0.0,0.0,0.0,0.0,0.0,0.0,0.0,0.0,0.0,0.0,0.0,0.0,0.0,0.0,0.0,0.0,0.0,0.0,0.0,0.0,0.0,0.0,0.0,0.0,0.0,0.0,0.0,0.0,0.0,0.0,0.0,0.0,0.0,0.0,0.0,0.0,0.0,0.0,0.0,0.0,0.0,0.0,0.0,0.0,0.0,0.0,0.0,0.0,0.0,0.0,0.0
31.5119371780095,104.129938251874,9.79570224165576,223.0,35.0,128.0208178300554,5.0,5.0,1.6178693588008894,1.2589515130283474e+18,0.0,0.0,0.0,0.0,0.0,0.0,0.0,0.0,0.0,0.0,0.0,0.0,0.0,0.0,0.0,0.0,0.0,0.0,0.0,0.0,0.0,0.0,0.0,0.0,0.0,0.0,0.0,0.0,0.0,0.0,0.0,0.0,0.0,0.0,0.0,0.0,0.0,0.0,0.0,0.0,0.0,8271583938227152.0,1.6543167876454304e+16,2.474066539915032e+16,3.293816292184634e+16,4.016655048292696e+16,4.739493804400756e+16,5.312828985730789e+16,5.886164167060822e+16,6.298198764428776e+16,6.710233361796729e+16,6.896286649053191e+16,7.082339936309652e+16,6.8498499997069224e+16,6.6173600631041896e+16,5.872600557895472e+16,5.127841052686753e+16,4.458621205621419e+16,3.789401358556084e+16,3.952096850322526e+16,4.114792342088969e+16,4.5000663652889704e+16,4.885340388488972e+16,4.804141707582417e+16,4.722943026675862e+16,4.181139655250713e+16,3.639336283825562e+16,2.9941697528984296e+16,2.3490032219712972e+16,1.7880121345308622e+16,1.2270210470904274e+16,9482297830700342.0,6694385190496409.0,9454287597981736.0,1.2214190005467062e+16,1.8902621283080664e+16,2.5591052560694264e+16,3.2757297403787916e+16,3.9923542246881576e+16,5.02122700235731e+16,6.050099780026463e+16,7.600126605774518e+16,9.150153431522576e+16,9.53561856834239e+16,9.921083705162208e+16,8.500740848288722e+16,7.080397991415232e+16,4.878082407821719e+16,2.6757668242282056e+16,1.4720871027335466e+16,2684073812388874.0,1.0023761770853304e+16,1.7363449729317734e+16,2.6800027375944292e+16,3.623660502257085e+16,4.182494793417755e+16,4.741329084578426e+16,4.479638522604348e+16,4.2179479606302696e+16,3.183093747616912e+16,2.148239534603554e+16,1.074119767301777e+16,0.0,0.0,0.0,0.0,0.0,0.0,0.0,0.0,0.0,0.0,0.0,0.0,0.0,0.0,0.0,0.0,0.0,0.0,0.0,0.0,0.0,0.0,0.0,0.0,0.0,0.0,0.0,0.0,0.0,0.0,0.0,0.0,0.0,0.0,0.0,0.0,0.0,0.0,0.0,0.0,0.0,0.0,0.0,0.0,0.0,0.0,0.0,0.0,0.0,0.0,0.0,0.0,0.0,0.0,0.0,0.0,0.0,0.0,0.0,0.0,0.0,0.0,0.0,0.0,0.0,0.0,0.0,0.0,0.0,0.0,0.0,0.0,0.0,0.0,0.0,0.0,0.0,0.0,0.0,0.0,0.0,0.0,0.0,0.0,0.0,0.0,0.0,0.0,0.0,0.0,0.0,0.0,0.0,0.0,0.0,0.0,0.0,0.0,0.0,0.0,0.0,0.0,0.0,0.0,0.0,0.0,0.0,0.0,0.0,0.0,0.0,0.0,0.0,0.0,0.0,0.0,0.0,0.0,0.0,0.0,0.0,0.0,0.0,0.0,0.0,0.0,0.0,0.0,0.0,0.0,0.0,0.0,0.0,0.0,0.0,0.0,0.0,0.0
31.5374296165586,104.097333160785,12.5728923534004,223.0,32.5,131.20776071526603,5.0,5.0,1.2392689046404382,9.643420552215756e+17,0.0,0.0,0.0,0.0,0.0,0.0,0.0,0.0,0.0,0.0,0.0,0.0,0.0,0.0,0.0,0.0,0.0,0.0,0.0,0.0,0.0,0.0,0.0,0.0,0.0,0.0,0.0,0.0,0.0,0.0,0.0,0.0,0.0,0.0,0.0,0.0,0.0,0.0,0.0,0.0,0.0,7649999049278557.0,1.5299998098557114e+16,2.159955293263586e+16,2.7899107766714612e+16,3.3119260630842284e+16,3.833941349496996e+16,4.392200431826352e+16,4.9504595141557096e+16,5.527443623991139e+16,6.104427733826568e+16,6.502400911610267e+16,6.900374089393965e+16,6.865900538321858e+16,6.8314269872497496e+16,6.147401623538525e+16,5.4633762598273e+16,4.603978350121751e+16,3.744580440416202e+16,3.482475655048558e+16,3.220370869680914e+16,3.19569271823349e+16,3.1710145667860656e+16,2.7992809393292772e+16,2.427547311872489e+16,1.85183651860896e+16,1.2761257253454312e+16,8342165872033033.0,3923074490611755.5,1961537245305877.8,0.0,0.0,0.0,1893835393546085.5,3787670787092171.0,9451925128404150.0,1.5116179469716126e+16,2.079216971970704e+16,2.6468159969697948e+16,2.905828899751105e+16,3.1648418025324144e+16,3.5496791865165356e+16,3.934516570500656e+16,4.223506190271744e+16,4.512495810042831e+16,3.883553611193917e+16,3.254611412345002e+16,2.1987433746296116e+16,1.1428753369142212e+16,9219179810932650.0,7009606252723086.0,1.7331270057092648e+16,2.765293386146221e+16,3.965082886216561e+16,5.1648723862869016e+16,5.780780101285881e+16,6.396687816284861e+16,5.9309098260002136e+16,5.4651318357155656e+16,4.111993234770889e+16,2.758854633826211e+16,1.3794273169131056e+16,0.0,0.0,0.0,0.0,0.0,0.0,0.0,0.0,0.0,0.0,0.0,0.0,0.0,0.0,0.0,0.0,0.0,0.0,0.0,0.0,0.0,0.0,0.0,0.0,0.0,0.0,0.0,0.0,0.0,0.0,0.0,0.0,0.0,0.0,0.0,0.0,0.0,0.0,0.0,0.0,0.0,0.0,0.0,0.0,0.0,0.0,0.0,0.0,0.0,0.0,0.0,0.0,0.0,0.0,0.0,0.0,0.0,0.0,0.0,0.0,0.0,0.0,0.0,0.0,0.0,0.0,0.0,0.0,0.0,0.0,0.0,0.0,0.0,0.0,0.0,0.0,0.0,0.0,0.0,0.0,0.0,0.0,0.0,0.0,0.0,0.0,0.0,0.0,0.0,0.0,0.0,0.0,0.0,0.0,0.0,0.0,0.0,0.0,0.0,0.0,0.0,0.0,0.0,0.0,0.0,0.0,0.0,0.0,0.0,0.0,0.0,0.0,0.0,0.0,0.0,0.0,0.0,0.0,0.0,0.0,0.0,0.0,0.0,0.0,0.0,0.0,0.0,0.0,0.0,0.0,0.0,0.0,0.0,0.0,0.0,0.0,0.0,0.0
31.5636407829145,104.063786612165,15.1661413742675,223.0,30.0,131.7146226761095,5.0,5.0,1.120611888518392,8.720086234981408e+17,0.0,0.0,0.0,0.0,0.0,0.0,0.0,0.0,0.0,0.0,0.0,0.0,0.0,0.0,0.0,0.0,0.0,0.0,0.0,0.0,0.0,0.0,0.0,0.0,0.0,0.0,0.0,0.0,0.0,0.0,0.0,0.0,0.0,0.0,0.0,0.0,0.0,0.0,0.0,0.0,0.0,6430097546156134.0,1.2860195092312268e+16,1.7463363276819512e+16,2.2066531461326756e+16,2.6817839680472588e+16,3.156914789961842e+16,3.855628150826837e+16,4.554341511691832e+16,5.389325304849714e+16,6.224309098007597e+16,6.9678684794067624e+16,7.71142786080593e+16,7.914579011927683e+16,8.117730163049435e+16,7.578626470446955e+16,7.039522777844473e+16,6.027336965194021e+16,5.01515115254357e+16,4.104545770041025e+16,3.1939403875384812e+16,2.6499719051205828e+16,2.106003422702685e+16,1.6251858929514244e+16,1.1443683632001636e+16,7101545692677732.0,2759407753353828.0,1379703876676914.0,0.0,0.0,0.0,0.0,0.0,94484699529138.64,188969399058277.28,3340309762083704.0,6491650125109131.0,1.0429531543708222e+16,1.436741296230731e+16,1.5771300365906942e+16,1.717518776950657e+16,1.5149602154761728e+16,1.3124016540016882e+16,1.1006100574300814e+16,8888184608584747.0,6943620936522692.0,4999057264460637.0,2964360543911357.5,929663823362077.6,7237819060895229.0,1.354597429842838e+16,2.612894663679431e+16,3.871191897516025e+16,5.139974186579901e+16,6.408756475643776e+16,6.963335219330776e+16,7.517913963017778e+16,6.896216349992392e+16,6.274518736967008e+16,4.699832688253905e+16,3.1251466395408028e+16,1.5625733197704014e+16,0.0,0.0,0.0,0.0,0.0,0.0,0.0,0.0,0.0,0.0,0.0,0.0,0.0,0.0,0.0,0.0,0.0,0.0,0.0,0.0,0.0,0.0,0.0,0.0,0.0,0.0,0.0,0.0,0.0,0.0,0.0,0.0,0.0,0.0,0.0,0.0,0.0,0.0,0.0,0.0,0.0,0.0,0.0,0.0,0.0,0.0,0.0,0.0,0.0,0.0,0.0,0.0,0.0,0.0,0.0,0.0,0.0,0.0,0.0,0.0,0.0,0.0,0.0,0.0,0.0,0.0,0.0,0.0,0.0,0.0,0.0,0.0,0.0,0.0,0.0,0.0,0.0,0.0,0.0,0.0,0.0,0.0,0.0,0.0,0.0,0.0,0.0,0.0,0.0,0.0,0.0,0.0,0.0,0.0,0.0,0.0,0.0,0.0,0.0,0.0,0.0,0.0,0.0,0.0,0.0,0.0,0.0,0.0,0.0,0.0,0.0,0.0,0.0,0.0,0.0,0.0,0.0,0.0,0.0,0.0,0.0,0.0,0.0,0.0,0.0,0.0,0.0,0.0,0.0,0.0,0.0,0.0,0.0,0.0,0.0,0.0,0.0,0.0
31.5908166704775,104.02906744383,17.4726870286192,223.0,25.0,128.6970518383186,5.0,5.0,1.158213157144967,9.012682010849846e+17,0.0,0.0,0.0,0.0,0.0,0.0,0.0,0.0,0.0,0.0,0.0,0.0,0.0,0.0,0.0,0.0,0.0,0.0,0.0,0.0,0.0,0.0,0.0,0.0,0.0,0.0,0.0,0.0,0.0,0.0,0.0,0.0,0.0,0.0,0.0,0.0,0.0,0.0,0.0,0.0,0.0,7263930633671994.0,1.4527861267343988e+16,1.7962661196494436e+16,2.1397461125644884e+16,2.5742677175907188e+16,3.008789322616949e+16,3.742490282408282e+16,4.476191242199615e+16,5.442035721229571e+16,6.407880200259529e+16,7.333491333878398e+16,8.259102467497269e+16,8.643394497971616e+16,9.027686528445965e+16,8.63323846143071e+16,8.238790394415458e+16,7.246289707547976e+16,6.2537890206804936e+16,5.090979599051491e+16,3.928170177422489e+16,2.9725549954337456e+16,2.0169398134450016e+16,1.3728938676447292e+16,7288479218444569.0,3856588951051561.0,424698683658553.06,212349341829276.53,0.0,0.0,0.0,0.0,0.0,0.0,0.0,1664543307965655.0,3329086615931310.0,5945752045778415.0,8562417475625520.0,9518326231972004.0,1.0474234988318488e+16,8871886300144531.0,7269537611970570.0,4801335902991042.0,2333134194011514.0,1166567097005757.0,0.0,1019514462422137.9,2039028924844275.8,9609392996475052.0,1.7179757068105828e+16,3.0075516286050492e+16,4.297127550399515e+16,5.578850111687209e+16,6.8605726729749016e+16,7.37932538222342e+16,7.89807809147194e+16,7.264870260223672e+16,6.631662428975404e+16,4.985566454639696e+16,3.339470480303987e+16,1.6697352401519936e+16,0.0,0.0,0.0,0.0,0.0,0.0,0.0,0.0,0.0,0.0,0.0,0.0,0.0,0.0,0.0,0.0,0.0,0.0,0.0,0.0,0.0,0.0,0.0,0.0,0.0,0.0,0.0,0.0,0.0,0.0,0.0,0.0,0.0,0.0,0.0,0.0,0.0,0.0,0.0,0.0,0.0,0.0,0.0,0.0,0.0,0.0,0.0,0.0,0.0,0.0,0.0,0.0,0.0,0.0,0.0,0.0,0.0,0.0,0.0,0.0,0.0,0.0,0.0,0.0,0.0,0.0,0.0,0.0,0.0,0.0,0.0,0.0,0.0,0.0,0.0,0.0,0.0,0.0,0.0,0.0,0.0,0.0,0.0,0.0,0.0,0.0,0.0,0.0,0.0,0.0,0.0,0.0,0.0,0.0,0.0,0.0,0.0,0.0,0.0,0.0,0.0,0.0,0.0,0.0,0.0,0.0,0.0,0.0,0.0,0.0,0.0,0.0,0.0,0.0,0.0,0.0,0.0,0.0,0.0,0.0,0.0,0.0,0.0,0.0,0.0,0.0,0.0,0.0,0.0,0.0,0.0,0.0,0.0,0.0,0.0,0.0,0.0,0.0
31.4402982776786,104.143145867893,2.26576946759162,223.0,65.0,119.28887925206914,5.0,5.0,3.2216022015680634,2.506902639558995e+18,0.0,0.0,0.0,0.0,0.0,0.0,0.0,0.0,0.0,0.0,0.0,0.0,0.0,0.0,0.0,0.0,0.0,0.0,0.0,0.0,0.0,0.0,0.0,0.0,0.0,0.0,0.0,0.0,0.0,0.0,0.0,0.0,0.0,0.0,0.0,0.0,0.0,0.0,0.0,0.0,0.0,2.4055139099352708e+16,4.8110278198705416e+16,6.8022297266136664e+16,8.793431633356792e+16,9.810619229305573e+16,1.0827806825254354e+17,1.1064779704509286e+17,1.1301752583764218e+17,1.1169647543348346e+17,1.1037542502932474e+17,1.0767914943180792e+17,1.0498287383429112e+17,9.99301828463459e+16,9.487749185840069e+16,8.767351701650765e+16,8.046954217461462e+16,7.519354945657587e+16,6.991755673853713e+16,7.374257522909782e+16,7.756759371965851e+16,8.749873516152594e+16,9.742987660339334e+16,1.0366882757644827e+17,1.0990777854950317e+17,1.0929229616211786e+17,1.0867681377473253e+17,1.0383152118098651e+17,9.89862285872405e+16,9.184950629936894e+16,8.471278401149739e+16,7.719098337828338e+16,6.966918274506933e+16,6.493145770519722e+16,6.0193732665325096e+16,6.382833279809612e+16,6.746293293086713e+16,8.31756848203046e+16,9.888843670974206e+16,1.2423347098051907e+17,1.4957850525129606e+17,1.7066854341551094e+17,1.9175858157972582e+17,1.920396667171794e+17,1.9232075185463293e+17,1.6809019175490198e+17,1.4385963165517104e+17,1.0792105372090734e+17,7.1982475786643656e+16,4.473398495377955e+16,1.748549412091545e+16,1.2240072970964706e+16,6994651821013957.0,9917332680763378.0,1.2840013540512796e+16,1.334197969512142e+16,1.384394584973004e+16,1.219619568014275e+16,1.0548445510555458e+16,7390074772348412.0,4231704034141368.0,2115852017070684.0,0.0,0.0,0.0,0.0,0.0,0.0,0.0,0.0,0.0,0.0,0.0,0.0,0.0,0.0,0.0,0.0,0.0,0.0,0.0,0.0,0.0,0.0,0.0,0.0,0.0,0.0,0.0,0.0,0.0,0.0,0.0,0.0,0.0,0.0,0.0,0.0,0.0,0.0,0.0,0.0,0.0,0.0,0.0,0.0,0.0,0.0,0.0,0.0,0.0,0.0,0.0,0.0,0.0,0.0,0.0,0.0,0.0,0.0,0.0,0.0,0.0,0.0,0.0,0.0,0.0,0.0,0.0,0.0,0.0,0.0,0.0,0.0,0.0,0.0,0.0,0.0,0.0,0.0,0.0,0.0,0.0,0.0,0.0,0.0,0.0,0.0,0.0,0.0,0.0,0.0,0.0,0.0,0.0,0.0,0.0,0.0,0.0,0.0,0.0,0.0,0.0,0.0,0.0,0.0,0.0,0.0,0.0,0.0,0.0,0.0,0.0,0.0,0.0,0.0,0.0,0.0,0.0,0.0,0.0,0.0,0.0,0.0,0.0,0.0,0.0,0.0,0.0,0.0,0.0,0.0,0.0,0.0,0.0,0.0,0.0,0.0,0.0,0.0
31.4566345683495,104.122296171369,6.44665004298069,223.0,50.0,121.00507492108808,5.0,5.0,2.6626505609430478,2.0719521846000763e+18,0.0,0.0,0.0,0.0,0.0,0.0,0.0,0.0,0.0,0.0,0.0,0.0,0.0,0.0,0.0,0.0,0.0,0.0,0.0,0.0,0.0,0.0,0.0,0.0,0.0,0.0,0.0,0.0,0.0,0.0,0.0,0.0,0.0,0.0,0.0,0.0,0.0,0.0,0.0,9748001012193334.0,1.9496002024386668e+16,3.687909477554306e+16,5.426218752669945e+16,6.808794534394587e+16,8.19137031611923e+16,8.862380081096216e+16,9.533389846073203e+16,9.63117230727961e+16,9.728954768486016e+16,9.601182656479917e+16,9.473410544473819e+16,9.241929955629957e+16,9.010449366786093e+16,8.562923320143326e+16,8.115397273500562e+16,7.42169253845906e+16,6.727987803417557e+16,6.247810033920786e+16,5.7676322644240136e+16,6.283062075913903e+16,6.798491887403794e+16,7.70129065141016e+16,8.604089415416526e+16,9.011886513857056e+16,9.419683612297587e+16,9.12152653588249e+16,8.82336945946739e+16,8.17133029117328e+16,7.519291122879173e+16,6.772724321832334e+16,6.026157520785497e+16,5.250328121031654e+16,4.474498721277813e+16,4.085376664436955e+16,3.6962546075960984e+16,4.14076126869268e+16,4.5852679297892616e+16,5.830805452993302e+16,7.076342976197343e+16,9.373701068376536e+16,1.167105916055573e+17,1.384065249867243e+17,1.6010245836789126e+17,1.6217015958096822e+17,1.6423786079404515e+17,1.4173194704334706e+17,1.1922603329264894e+17,8.442737877835373e+16,4.962872426405851e+16,2.5645634901416996e+16,1662545538775484.5,3590589283365476.0,5518633027955468.0,1.0389558853817998e+16,1.5260484679680532e+16,1.6867637784745466e+16,1.84747908898104e+16,1.506313455723374e+16,1.165147822465708e+16,5825739112328540.0,0.0,0.0,0.0,0.0,0.0,0.0,0.0,0.0,0.0,0.0,0.0,0.0,0.0,0.0,0.0,0.0,0.0,0.0,0.0,0.0,0.0,0.0,0.0,0.0,0.0,0.0,0.0,0.0,0.0,0.0,0.0,0.0,0.0,0.0,0.0,0.0,0.0,0.0,0.0,0.0,0.0,0.0,0.0,0.0,0.0,0.0,0.0,0.0,0.0,0.0,0.0,0.0,0.0,0.0,0.0,0.0,0.0,0.0,0.0,0.0,0.0,0.0,0.0,0.0,0.0,0.0,0.0,0.0,0.0,0.0,0.0,0.0,0.0,0.0,0.0,0.0,0.0,0.0,0.0,0.0,0.0,0.0,0.0,0.0,0.0,0.0,0.0,0.0,0.0,0.0,0.0,0.0,0.0,0.0,0.0,0.0,0.0,0.0,0.0,0.0,0.0,0.0,0.0,0.0,0.0,0.0,0.0,0.0,0.0,0.0,0.0,0.0,0.0,0.0,0.0,0.0,0.0,0.0,0.0,0.0,0.0,0.0,0.0,0.0,0.0,0.0,0.0,0.0,0.0,0.0,0.0,0.0,0.0,0.0,0.0,0.0,0.0,0.0,0.0,0.0
31.4790510687378,104.093641671386,9.79570224165576,223.0,35.0,126.70171627057752,5.0,5.0,1.8959656979555666,1.4753532917269158e+18,0.0,0.0,0.0,0.0,0.0,0.0,0.0,0.0,0.0,0.0,0.0,0.0,0.0,0.0,0.0,0.0,0.0,0.0,0.0,0.0,0.0,0.0,0.0,0.0,0.0,0.0,0.0,0.0,0.0,0.0,0.0,0.0,0.0,0.0,0.0,0.0,0.0,0.0,0.0,1.4698913034934394e+16,2.9397826069868788e+16,4.244016693288444e+16,5.5482507795900104e+16,6.301636050056694e+16,7.0550213205233784e+16,7.297281552454547e+16,7.539541784385715e+16,7.543620156073531e+16,7.547698527761347e+16,7.488920981298293e+16,7.43014343483524e+16,7.294792716911994e+16,7.1594419989887496e+16,6.746621240616878e+16,6.333800482245006e+16,5.626471751666873e+16,4.919143021088739e+16,4.619338257279541e+16,4.319533493470341e+16,4.9473777012576536e+16,5.575221909044966e+16,6.144418263831248e+16,6.71361461861753e+16,6.665002111296517e+16,6.616389603975503e+16,6.019143793618417e+16,5.421897983261332e+16,4.614916763346875e+16,3.8079355434324184e+16,3.0016795029432196e+16,2.195423462454022e+16,1.659219089978442e+16,1.1230147175028626e+16,1.2868022667204624e+16,1.4505898159380618e+16,2.123045455946027e+16,2.7955010959539924e+16,3.5559668833695496e+16,4.316432670785107e+16,5.369240074757867e+16,6.422047478730628e+16,8.090398885399267e+16,9.758750292067909e+16,1.0288183732671093e+17,1.0817617173274277e+17,9.355467112437616e+16,7.893317051600955e+16,5.487258123947665e+16,3.0811991962943732e+16,1.632219378669952e+16,1832395610455312.0,7527000910211669.0,1.3221606209968026e+16,1.9643843902297268e+16,2.6066081594626508e+16,2.7573118675604108e+16,2.9080155756581704e+16,2.321005384188634e+16,1.7339951927190966e+16,8669975963595483.0,0.0,0.0,0.0,0.0,0.0,0.0,0.0,0.0,0.0,0.0,0.0,0.0,0.0,0.0,0.0,0.0,0.0,0.0,0.0,0.0,0.0,0.0,0.0,0.0,0.0,0.0,0.0,0.0,0.0,0.0,0.0,0.0,0.0,0.0,0.0,0.0,0.0,0.0,0.0,0.0,0.0,0.0,0.0,0.0,0.0,0.0,0.0,0.0,0.0,0.0,0.0,0.0,0.0,0.0,0.0,0.0,0.0,0.0,0.0,0.0,0.0,0.0,0.0,0.0,0.0,0.0,0.0,0.0,0.0,0.0,0.0,0.0,0.0,0.0,0.0,0.0,0.0,0.0,0.0,0.0,0.0,0.0,0.0,0.0,0.0,0.0,0.0,0.0,0.0,0.0,0.0,0.0,0.0,0.0,0.0,0.0,0.0,0.0,0.0,0.0,0.0,0.0,0.0,0.0,0.0,0.0,0.0,0.0,0.0,0.0,0.0,0.0,0.0,0.0,0.0,0.0,0.0,0.0,0.0,0.0,0.0,0.0,0.0,0.0,0.0,0.0,0.0,0.0,0.0,0.0,0.0,0.0,0.0,0.0,0.0,0.0,0.0,0.0,0.0,0.0
31.5045435072868,104.061026966019,12.5728923534004,223.0,32.5,133.5880143057421,5.0,5.0,1.445256540712721,1.1246321581817667e+18,0.0,0.0,0.0,0.0,0.0,0.0,0.0,0.0,0.0,0.0,0.0,0.0,0.0,0.0,0.0,0.0,0.0,0.0,0.0,0.0,0.0,0.0,0.0,0.0,0.0,0.0,0.0,0.0,0.0,0.0,0.0,0.0,0.0,0.0,0.0,0.0,0.0,0.0,0.0,1.641906070084035e+16,3.28381214016807e+16,4.359639572397522e+16,5.435467004626973e+16,5.766384527596609e+16,6.097302050566245e+16,6.084577704739206e+16,6.071853358912168e+16,6.082342633198671e+16,6.0928319074851736e+16,6.219627908054008e+16,6.346423908622841e+16,6.42366887727153e+16,6.500913845920219e+16,6.242293179078339e+16,5.98367251223646e+16,5.315124440484054e+16,4.6465763687316504e+16,4.3701016130248664e+16,4.093626857318082e+16,4.509739470255202e+16,4.925852083192322e+16,5.0913420940999544e+16,5.256832105007587e+16,4.820475366372555e+16,4.384118627737524e+16,3.5725271106610056e+16,2.7609355935844868e+16,1.9999666203979084e+16,1.2389976472113298e+16,7410544771657149.0,2431113071201001.5,1215556535600500.8,0.0,2937727106592469.0,5875454213184938.0,1.268122149430803e+16,1.948698877543112e+16,2.6511881507669604e+16,3.353677423990809e+16,3.690916056349484e+16,4.0281546887081576e+16,4.369241344349777e+16,4.7103279999913944e+16,4.936976841688595e+16,5.163625683385796e+16,4.460540622117634e+16,3.75745556084947e+16,2.5391698263742004e+16,1.320884091898931e+16,1.1427017441138752e+16,9645193963288194.0,1.8225878756313436e+16,2.680656354933867e+16,3.4091444101319496e+16,4.137632465330032e+16,4.130281262166426e+16,4.122930059002819e+16,3.2238552677282676e+16,2.3247804764537164e+16,1.1623902382268582e+16,0.0,0.0,0.0,0.0,0.0,0.0,0.0,0.0,0.0,0.0,0.0,0.0,0.0,0.0,0.0,0.0,0.0,0.0,0.0,0.0,0.0,0.0,0.0,0.0,0.0,0.0,0.0,0.0,0.0,0.0,0.0,0.0,0.0,0.0,0.0,0.0,0.0,0.0,0.0,0.0,0.0,0.0,0.0,0.0,0.0,0.0,0.0,0.0,0.0,0.0,0.0,0.0,0.0,0.0,0.0,0.0,0.0,0.0,0.0,0.0,0.0,0.0,0.0,0.0,0.0,0.0,0.0,0.0,0.0,0.0,0.0,0.0,0.0,0.0,0.0,0.0,0.0,0.0,0.0,0.0,0.0,0.0,0.0,0.0,0.0,0.0,0.0,0.0,0.0,0.0,0.0,0.0,0.0,0.0,0.0,0.0,0.0,0.0,0.0,0.0,0.0,0.0,0.0,0.0,0.0,0.0,0.0,0.0,0.0,0.0,0.0,0.0,0.0,0.0,0.0,0.0,0.0,0.0,0.0,0.0,0.0,0.0,0.0,0.0,0.0,0.0,0.0,0.0,0.0,0.0,0.0,0.0,0.0,0.0,0.0,0.0,0.0,0.0,0.0,0.0
31.5307546736428,104.027470029363,15.1661413742675,223.0,30.0,137.5027839449601,5.0,5.0,1.243441865354409,9.675892612929948e+17,0.0,0.0,0.0,0.0,0.0,0.0,0.0,0.0,0.0,0.0,0.0,0.0,0.0,0.0,0.0,0.0,0.0,0.0,0.0,0.0,0.0,0.0,0.0,0.0,0.0,0.0,0.0,0.0,0.0,0.0,0.0,0.0,0.0,0.0,0.0,0.0,0.0,0.0,0.0,1.6502079763561458e+16,3.3004159527122916e+16,4.263933194430519e+16,5.227450436148746e+16,5.293546494466732e+16,5.359642552784719e+16,5.216339513411382e+16,5.073036474038045e+16,5.2451214666325736e+16,5.417206459227103e+16,5.808107383141331e+16,6.19900830705556e+16,6.540860628194974e+16,6.882712949334388e+16,6.8324957039715096e+16,6.782278458608629e+16,6.200110328156017e+16,5.617942197703405e+16,5.074769908892551e+16,4.531597620081697e+16,4.472109525142661e+16,4.412621430203625e+16,4.251350397610371e+16,4.090079365017117e+16,3.450745140944313e+16,2.811410916871509e+16,1.996452335562479e+16,1.1814937542534496e+16,6659238998197020.0,1503540453859542.2,751770226929771.1,0.0,0.0,0.0,1053008779325926.9,2106017558651853.8,7119227415529079.0,1.2132437272406304e+16,1.760381500962897e+16,2.3075192746851636e+16,2.5146247925160704e+16,2.721730310346976e+16,2.47851352589344e+16,2.235296741439904e+16,1.759787067242181e+16,1.2842773930444578e+16,9722713405625928.0,6602652880807276.0,5685197603298164.0,4767742325789053.0,1.1934483629325516e+16,1.9101224932861976e+16,2.892653308831129e+16,3.87518412437606e+16,4.566415815929712e+16,5.257647507483365e+16,5.084706223137747e+16,4.91176493879213e+16,3.784506180722837e+16,2.6572474226535436e+16,1.3286237113267718e+16,0.0,0.0,0.0,0.0,0.0,0.0,0.0,0.0,0.0,0.0,0.0,0.0,0.0,0.0,0.0,0.0,0.0,0.0,0.0,0.0,0.0,0.0,0.0,0.0,0.0,0.0,0.0,0.0,0.0,0.0,0.0,0.0,0.0,0.0,0.0,0.0,0.0,0.0,0.0,0.0,0.0,0.0,0.0,0.0,0.0,0.0,0.0,0.0,0.0,0.0,0.0,0.0,0.0,0.0,0.0,0.0,0.0,0.0,0.0,0.0,0.0,0.0,0.0,0.0,0.0,0.0,0.0,0.0,0.0,0.0,0.0,0.0,0.0,0.0,0.0,0.0,0.0,0.0,0.0,0.0,0.0,0.0,0.0,0.0,0.0,0.0,0.0,0.0,0.0,0.0,0.0,0.0,0.0,0.0,0.0,0.0,0.0,0.0,0.0,0.0,0.0,0.0,0.0,0.0,0.0,0.0,0.0,0.0,0.0,0.0,0.0,0.0,0.0,0.0,0.0,0.0,0.0,0.0,0.0,0.0,0.0,0.0,0.0,0.0,0.0,0.0,0.0,0.0,0.0,0.0,0.0,0.0,0.0,0.0,0.0,0.0,0.0,0.0,0.0,0.0
31.5579305612057,103.9927429201,17.4726870286192,223.0,25.0,135.2892942085529,5.0,5.0,1.240888628458918,9.656024497898209e+17,0.0,0.0,0.0,0.0,0.0,0.0,0.0,0.0,0.0,0.0,0.0,0.0,0.0,0.0,0.0,0.0,0.0,0.0,0.0,0.0,0.0,0.0,0.0,0.0,0.0,0.0,0.0,0.0,0.0,0.0,0.0,0.0,0.0,0.0,0.0,0.0,0.0,0.0,0.0,1.7448969226918258e+16,3.4897938453836516e+16,4.4685353787074936e+16,5.447276912031335e+16,5.437279222300832e+16,5.42728153257033e+16,5.24646003718305e+16,5.06563854179577e+16,5.284366575900925e+16,5.50309461000608e+16,6.010285091267774e+16,6.5174755725294696e+16,6.990190613832559e+16,7.462905655135646e+16,7.49985149074325e+16,7.536797326350853e+16,6.989635760449662e+16,6.4424741945484696e+16,5.7295991132081016e+16,5.016724031867734e+16,4.6157861487740984e+16,4.214848265680463e+16,3.816728190874618e+16,3.418608116068773e+16,2.735093787224089e+16,2.051579458379405e+16,1.3485183512013512e+16,6454572440232974.0,3227286220116487.0,0.0,0.0,0.0,0.0,0.0,766558342011295.4,1533116684022590.8,5047729166829996.0,8562341649637400.0,1.2972111168729144e+16,1.7381880687820884e+16,1.8697363435336076e+16,2.0012846182851268e+16,1.7723524843409528e+16,1.5434203503967784e+16,1.1055888889792154e+16,6677574275616524.0,4309125534898921.0,1940676794181317.0,4604810288210289.0,7268943782239261.0,1.5441012278532406e+16,2.3613080774825544e+16,3.3669390263397348e+16,4.372569975196915e+16,5.0199307377388904e+16,5.667291500280866e+16,5.437795377131477e+16,5.208299253982089e+16,4.018980881808388e+16,2.829662509634686e+16,1.414831254817343e+16,0.0,0.0,0.0,0.0,0.0,0.0,0.0,0.0,0.0,0.0,0.0,0.0,0.0,0.0,0.0,0.0,0.0,0.0,0.0,0.0,0.0,0.0,0.0,0.0,0.0,0.0,0.0,0.0,0.0,0.0,0.0,0.0,0.0,0.0,0.0,0.0,0.0,0.0,0.0,0.0,0.0,0.0,0.0,0.0,0.0,0.0,0.0,0.0,0.0,0.0,0.0,0.0,0.0,0.0,0.0,0.0,0.0,0.0,0.0,0.0,0.0,0.0,0.0,0.0,0.0,0.0,0.0,0.0,0.0,0.0,0.0,0.0,0.0,0.0,0.0,0.0,0.0,0.0,0.0,0.0,0.0,0.0,0.0,0.0,0.0,0.0,0.0,0.0,0.0,0.0,0.0,0.0,0.0,0.0,0.0,0.0,0.0,0.0,0.0,0.0,0.0,0.0,0.0,0.0,0.0,0.0,0.0,0.0,0.0,0.0,0.0,0.0,0.0,0.0,0.0,0.0,0.0,0.0,0.0,0.0,0.0,0.0,0.0,0.0,0.0,0.0,0.0,0.0,0.0,0.0,0.0,0.0,0.0,0.0,0.0,0.0,0.0,0.0,0.0,0.0
31.4074121684069,104.10686162751,2.26576946759162,223.0,65.0,120.13525811065512,5.0,5.0,3.485517067175875,2.712269047891176e+18,0.0,0.0,0.0,0.0,0.0,0.0,0.0,0.0,0.0,0.0,0.0,0.0,0.0,0.0,0.0,0.0,0.0,0.0,0.0,0.0,0.0,0.0,0.0,0.0,0.0,0.0,0.0,0.0,0.0,0.0,0.0,0.0,0.0,0.0,0.0,0.0,0.0,0.0,0.0,2.600188630764511e+16,5.200377261529022e+16,7.786992087013438e+16,1.0373606912497856e+17,1.1779940462774525e+17,1.3186274013051195e+17,1.3360830642247427e+17,1.353538727144366e+17,1.2996713582421058e+17,1.2458039893398456e+17,1.1850298352593419e+17,1.1242556811788382e+17,1.0750294995948762e+17,1.0258033180109142e+17,9.71209339394748e+16,9.166153607785822e+16,8.571276651474963e+16,7.976399695164106e+16,7.543396549606277e+16,7.110393404048447e+16,7.633044542524675e+16,8.155695681000906e+16,9.320559912930728e+16,1.048542414486055e+17,1.1296473266592675e+17,1.21075223883248e+17,1.2226767630845077e+17,1.2346012873365358e+17,1.1921922415028315e+17,1.1497831956691272e+17,1.0715175188166205e+17,9.932518419641136e+16,8.963567955944578e+16,7.99461749224802e+16,7.192549793321193e+16,6.390482094394366e+16,6.417353824854554e+16,6.444225555314741e+16,7.772571437749608e+16,9.100917320184477e+16,1.149549563065821e+17,1.3890073941131938e+17,1.612782441365066e+17,1.836557488616938e+17,1.8606166921864515e+17,1.884675895755965e+17,1.6647229996451946e+17,1.4447701035344237e+17,1.1026219193577333e+17,7.604737351810427e+16,4.725673013190105e+16,1.846608674569782e+16,9733412856904514.0,1000738968111206.8,2701640103763327.0,4402541239415446.5,4656664915312657.0,4910788591209869.0,3613259724688767.5,2315730858167666.0,1157865429083833.0,0.0,0.0,0.0,0.0,0.0,0.0,0.0,0.0,0.0,0.0,0.0,0.0,0.0,0.0,0.0,0.0,0.0,0.0,0.0,0.0,0.0,0.0,0.0,0.0,0.0,0.0,0.0,0.0,0.0,0.0,0.0,0.0,0.0,0.0,0.0,0.0,0.0,0.0,0.0,0.0,0.0,0.0,0.0,0.0,0.0,0.0,0.0,0.0,0.0,0.0,0.0,0.0,0.0,0.0,0.0,0.0,0.0,0.0,0.0,0.0,0.0,0.0,0.0,0.0,0.0,0.0,0.0,0.0,0.0,0.0,0.0,0.0,0.0,0.0,0.0,0.0,0.0,0.0,0.0,0.0,0.0,0.0,0.0,0.0,0.0,0.0,0.0,0.0,0.0,0.0,0.0,0.0,0.0,0.0,0.0,0.0,0.0,0.0,0.0,0.0,0.0,0.0,0.0,0.0,0.0,0.0,0.0,0.0,0.0,0.0,0.0,0.0,0.0,0.0,0.0,0.0,0.0,0.0,0.0,0.0,0.0,0.0,0.0,0.0,0.0,0.0,0.0,0.0,0.0,0.0,0.0,0.0,0.0,0.0,0.0,0.0,0.0,0.0,0.0,0.0
31.4237484590777,104.08600735994,6.44665004298069,223.0,50.0,122.68723201476631,5.0,5.0,2.957771051193874,2.301601374570718e+18,0.0,0.0,0.0,0.0,0.0,0.0,0.0,0.0,0.0,0.0,0.0,0.0,0.0,0.0,0.0,0.0,0.0,0.0,0.0,0.0,0.0,0.0,0.0,0.0,0.0,0.0,0.0,0.0,0.0,0.0,0.0,0.0,0.0,0.0,0.0,0.0,0.0,1.1999822480544246e+16,2.3999644961088492e+16,4.656497795999433e+16,6.913031095890017e+16,8.859336986563666e+16,1.0805642877237315e+17,1.1634128235114394e+17,1.2462613592991475e+17,1.2266695964241472e+17,1.2070778335491469e+17,1.139835924319793e+17,1.0725940150904389e+17,1.0119612547793414e+17,9.513284944682443e+16,9.058031968006512e+16,8.60277899133058e+16,8.113435381500277e+16,7.624091771669973e+16,7.034576432632536e+16,6.4450610935950984e+16,6.18959768314717e+16,5.934134272699242e+16,6.658378948210885e+16,7.382623623722531e+16,8.474171047423558e+16,9.565718471124587e+16,1.0136645744915746e+17,1.0707573018706906e+17,1.053360190779034e+17,1.0359630796873771e+17,9.730196371987128e+16,9.100761947100488e+16,8.197466206812507e+16,7.294170466524526e+16,6.310266374003502e+16,5.326362281482481e+16,4.719737954344905e+16,4.113113627207329e+16,4.2891023701002744e+16,4.465091112993221e+16,5.453851913364827e+16,6.442612713736434e+16,8.575660879710747e+16,1.0708709045685062e+17,1.3016106733386786e+17,1.5323504421088512e+17,1.5833330186825418e+17,1.6343155952562326e+17,1.4299500699008944e+17,1.2255845445455558e+17,8.85493787204122e+16,5.45403029862688e+16,2.981356847274666e+16,5086833959224534.0,3174173369240810.0,1261512779257087.0,3765780322325121.0,6270047865393155.0,5925389688661013.0,5580731511928869.0,2790365755964434.5,0.0,0.0,0.0,0.0,0.0,0.0,0.0,0.0,0.0,0.0,0.0,0.0,0.0,0.0,0.0,0.0,0.0,0.0,0.0,0.0,0.0,0.0,0.0,0.0,0.0,0.0,0.0,0.0,0.0,0.0,0.0,0.0,0.0,0.0,0.0,0.0,0.0,0.0,0.0,0.0,0.0,0.0,0.0,0.0,0.0,0.0,0.0,0.0,0.0,0.0,0.0,0.0,0.0,0.0,0.0,0.0,0.0,0.0,0.0,0.0,0.0,0.0,0.0,0.0,0.0,0.0,0.0,0.0,0.0,0.0,0.0,0.0,0.0,0.0,0.0,0.0,0.0,0.0,0.0,0.0,0.0,0.0,0.0,0.0,0.0,0.0,0.0,0.0,0.0,0.0,0.0,0.0,0.0,0.0,0.0,0.0,0.0,0.0,0.0,0.0,0.0,0.0,0.0,0.0,0.0,0.0,0.0,0.0,0.0,0.0,0.0,0.0,0.0,0.0,0.0,0.0,0.0,0.0,0.0,0.0,0.0,0.0,0.0,0.0,0.0,0.0,0.0,0.0,0.0,0.0,0.0,0.0,0.0,0.0,0.0,0.0,0.0,0.0,0.0,0.0,0.0,0.0
31.446164959466,104.057345090898,9.79570224165576,223.0,35.0,129.0302855453149,5.0,5.0,2.247834355782176,1.7491612952893233e+18,0.0,0.0,0.0,0.0,0.0,0.0,0.0,0.0,0.0,0.0,0.0,0.0,0.0,0.0,0.0,0.0,0.0,0.0,0.0,0.0,0.0,0.0,0.0,0.0,0.0,0.0,0.0,0.0,0.0,0.0,0.0,0.0,0.0,0.0,0.0,0.0,0.0,1.9786233577822332e+16,3.9572467155644664e+16,6.116119418787065e+16,8.274992122009662e+16,9.536780420099416e+16,1.0798568718189168e+17,1.0972626112736694e+17,1.114668350728422e+17,1.0593646446641962e+17,1.0040609385999704e+17,9.325580876652251e+16,8.610552367304797e+16,8.064039932101418e+16,7.517527496898037e+16,7.12515594547854e+16,6.7327843940590424e+16,6.241062326126523e+16,5.749340258194005e+16,5.171234873609269e+16,4.593129489024532e+16,4.714435044966625e+16,4.835740600908717e+16,5.751684872010904e+16,6.6676291431130904e+16,7.388970948238118e+16,8.110312753363149e+16,8.159424371110216e+16,8.208535988857283e+16,7.623591449935894e+16,7.038646911014507e+16,6.139409425499197e+16,5.240171939983887e+16,4.269898212390484e+16,3.2996244847970816e+16,2.5823694049856384e+16,1.865114325174196e+16,1.8431486727980148e+16,1.8211830204218332e+16,2.3428258088559308e+16,2.8644685972900284e+16,3.575306463503668e+16,4.286144329717308e+16,5.321191534470726e+16,6.356238739224144e+16,8.080652189358974e+16,9.805065639493805e+16,1.0527752661109453e+17,1.1250439682725098e+17,9.901844200651805e+16,8.55324871857851e+16,6.006329863577706e+16,3.4594110085769028e+16,1.8350067734917892e+16,2106025384066754.8,5487865158228037.0,8869704932389319.0,1.208088319084212e+16,1.5292061449294922e+16,1.36757307975976e+16,1.2059400145900276e+16,6029700072950138.0,0.0,0.0,0.0,0.0,0.0,0.0,0.0,0.0,0.0,0.0,0.0,0.0,0.0,0.0,0.0,0.0,0.0,0.0,0.0,0.0,0.0,0.0,0.0,0.0,0.0,0.0,0.0,0.0,0.0,0.0,0.0,0.0,0.0,0.0,0.0,0.0,0.0,0.0,0.0,0.0,0.0,0.0,0.0,0.0,0.0,0.0,0.0,0.0,0.0,0.0,0.0,0.0,0.0,0.0,0.0,0.0,0.0,0.0,0.0,0.0,0.0,0.0,0.0,0.0,0.0,0.0,0.0,0.0,0.0,0.0,0.0,0.0,0.0,0.0,0.0,0.0,0.0,0.0,0.0,0.0,0.0,0.0,0.0,0.0,0.0,0.0,0.0,0.0,0.0,0.0,0.0,0.0,0.0,0.0,0.0,0.0,0.0,0.0,0.0,0.0,0.0,0.0,0.0,0.0,0.0,0.0,0.0,0.0,0.0,0.0,0.0,0.0,0.0,0.0,0.0,0.0,0.0,0.0,0.0,0.0,0.0,0.0,0.0,0.0,0.0,0.0,0.0,0.0,0.0,0.0,0.0,0.0,0.0,0.0,0.0,0.0,0.0,0.0,0.0,0.0,0.0,0.0
31.4716573980151,104.024720771253,12.5728923534004,223.0,32.5,136.68673107982357,5.0,5.0,1.7730225229414562,1.3796845683169859e+18,0.0,0.0,0.0,0.0,0.0,0.0,0.0,0.0,0.0,0.0,0.0,0.0,0.0,0.0,0.0,0.0,0.0,0.0,0.0,0.0,0.0,0.0,0.0,0.0,0.0,0.0,0.0,0.0,0.0,0.0,0.0,0.0,0.0,0.0,0.0,0.0,0.0,2.345253684273547e+16,4.690507368547094e+16,6.9420323932278536e+16,9.193557417908613e+16,1.0135604177753149e+17,1.1077650937597683e+17,1.0722897078372333e+17,1.0368143219146981e+17,9.435773873688411e+16,8.503404528229842e+16,7.771117802050003e+16,7.038831075870166e+16,6.672801923679156e+16,6.306772771488144e+16,6.077727312232874e+16,5.848681852977604e+16,5.425276630511147e+16,5.00187140804469e+16,4.52400166564756e+16,4.04613192325043e+16,4.332317852382313e+16,4.618503781514195e+16,5.398498419573958e+16,6.178493057633722e+16,6.4971556735908104e+16,6.815818289547899e+16,6.404252979955973e+16,5.992687670364045e+16,5.048895032322205e+16,4.105102394280365e+16,3.0983382381604148e+16,2.091574082040464e+16,1.4006268615395584e+16,7096796410386530.0,4524336738397690.0,1951877066408849.5,4420116276125456.0,6888355485842062.0,1.3620274653772112e+16,2.0352193821702164e+16,2.8051600543125468e+16,3.575100726454877e+16,3.930934968370437e+16,4.2867692102859976e+16,4.633026344011956e+16,4.979283477737916e+16,5.2867127348326936e+16,5.594141991927471e+16,4.9417331496276456e+16,4.2893243073278216e+16,3.0133992133680616e+16,1.7374741194083018e+16,1.4599501333309e+16,1.1824261472534984e+16,1.7486030430654392e+16,2.31477993887738e+16,2.5157918047515064e+16,2.716803670625633e+16,2.251251427774715e+16,1.7856991849237972e+16,8928495924618986.0,0.0,0.0,0.0,0.0,0.0,0.0,0.0,0.0,0.0,0.0,0.0,0.0,0.0,0.0,0.0,0.0,0.0,0.0,0.0,0.0,0.0,0.0,0.0,0.0,0.0,0.0,0.0,0.0,0.0,0.0,0.0,0.0,0.0,0.0,0.0,0.0,0.0,0.0,0.0,0.0,0.0,0.0,0.0,0.0,0.0,0.0,0.0,0.0,0.0,0.0,0.0,0.0,0.0,0.0,0.0,0.0,0.0,0.0,0.0,0.0,0.0,0.0,0.0,0.0,0.0,0.0,0.0,0.0,0.0,0.0,0.0,0.0,0.0,0.0,0.0,0.0,0.0,0.0,0.0,0.0,0.0,0.0,0.0,0.0,0.0,0.0,0.0,0.0,0.0,0.0,0.0,0.0,0.0,0.0,0.0,0.0,0.0,0.0,0.0,0.0,0.0,0.0,0.0,0.0,0.0,0.0,0.0,0.0,0.0,0.0,0.0,0.0,0.0,0.0,0.0,0.0,0.0,0.0,0.0,0.0,0.0,0.0,0.0,0.0,0.0,0.0,0.0,0.0,0.0,0.0,0.0,0.0,0.0,0.0,0.0,0.0,0.0,0.0,0.0,0.0,0.0,0.0
31.4978685643711,103.991153446561,15.1661413742675,223.0,30.0,142.56811404402518,5.0,5.0,1.5594279955189927,1.2134751324250862e+18,0.0,0.0,0.0,0.0,0.0,0.0,0.0,0.0,0.0,0.0,0.0,0.0,0.0,0.0,0.0,0.0,0.0,0.0,0.0,0.0,0.0,0.0,0.0,0.0,0.0,0.0,0.0,0.0,0.0,0.0,0.0,0.0,0.0,0.0,0.0,0.0,0.0,2.458756228095924e+16,4.917512456191848e+16,7.276970930196731e+16,9.636429404201614e+16,1.0466961469131818e+17,1.1297493534062018e+17,1.064059503349666e+17,9.9836965329313e+16,8.852618211611293e+16,7.721539890291286e+16,7.047977607047255e+16,6.374415323803224e+16,6.23883889281146e+16,6.103262461819696e+16,6.071708680532816e+16,6.040154899245938e+16,5.7560241803840424e+16,5.4718934615221464e+16,4.966510972756835e+16,4.461128483991524e+16,4.559281387790516e+16,4.657434291589507e+16,5.19035360499743e+16,5.7232729184053544e+16,5.720687183515995e+16,5.7181014486266376e+16,4.994443387925886e+16,4.270785327225136e+16,3.1952552100941244e+16,2.119725092963112e+16,1.286138475146322e+16,4525518573295320.0,2262759286647660.0,0.0,0.0,0.0,2120355886468320.0,4240711772936640.0,1.0038472810182364e+16,1.583623384742809e+16,2.224032499837297e+16,2.864441614931785e+16,3.090316856620885e+16,3.3161920983099852e+16,2.9981064766134404e+16,2.680020854916896e+16,2.198588345984489e+16,1.7171558370520816e+16,1.4203414959271694e+16,1.1235271548022572e+16,1.0984894628174282e+16,1.0734517708325994e+16,1.6628393801525344e+16,2.2522269894724696e+16,2.88240457951464e+16,3.5125821695568104e+16,3.5994509479347056e+16,3.686319726312601e+16,2.925411403198692e+16,2.164503080084783e+16,1.0822515400423916e+16,0.0,0.0,0.0,0.0,0.0,0.0,0.0,0.0,0.0,0.0,0.0,0.0,0.0,0.0,0.0,0.0,0.0,0.0,0.0,0.0,0.0,0.0,0.0,0.0,0.0,0.0,0.0,0.0,0.0,0.0,0.0,0.0,0.0,0.0,0.0,0.0,0.0,0.0,0.0,0.0,0.0,0.0,0.0,0.0,0.0,0.0,0.0,0.0,0.0,0.0,0.0,0.0,0.0,0.0,0.0,0.0,0.0,0.0,0.0,0.0,0.0,0.0,0.0,0.0,0.0,0.0,0.0,0.0,0.0,0.0,0.0,0.0,0.0,0.0,0.0,0.0,0.0,0.0,0.0,0.0,0.0,0.0,0.0,0.0,0.0,0.0,0.0,0.0,0.0,0.0,0.0,0.0,0.0,0.0,0.0,0.0,0.0,0.0,0.0,0.0,0.0,0.0,0.0,0.0,0.0,0.0,0.0,0.0,0.0,0.0,0.0,0.0,0.0,0.0,0.0,0.0,0.0,0.0,0.0,0.0,0.0,0.0,0.0,0.0,0.0,0.0,0.0,0.0,0.0,0.0,0.0,0.0,0.0,0.0,0.0,0.0,0.0,0.0,0.0,0.0,0.0,0.0
31.525044451934,103.95641839637,17.4726870286192,223.0,25.0,141.22791531519138,5.0,5.0,1.4948965462590984,1.1632597270577024e+18,0.0,0.0,0.0,0.0,0.0,0.0,0.0,0.0,0.0,0.0,0.0,0.0,0.0,0.0,0.0,0.0,0.0,0.0,0.0,0.0,0.0,0.0,0.0,0.0,0.0,0.0,0.0,0.0,0.0,0.0,0.0,0.0,0.0,0.0,0.0,0.0,0.0,2.404353205713156e+16,4.808706411426312e+16,7.175131564248773e+16,9.541556717071234e+16,1.0415755730036219e+17,1.1289954743001205e+17,1.0643467224538421e+17,9.996979706075634e+16,8.860619450195352e+16,7.72425919431507e+16,7.162164765267084e+16,6.600070336219097e+16,6.555505793483943e+16,6.5109412507487896e+16,6.505265550212542e+16,6.499589849676295e+16,6.245908075436063e+16,5.992226301195832e+16,5.447784016932273e+16,4.903341732668713e+16,4.761590918328102e+16,4.619840103987493e+16,4.8666928222343864e+16,5.113545540481279e+16,4.978104063396485e+16,4.842662586311692e+16,4.0662978797705544e+16,3.2899331732294172e+16,2.289329586545575e+16,1.2887259998617334e+16,6669492077035057.0,451724155452783.5,225862077726391.75,0.0,0.0,0.0,1112139002792121.6,2224278005584243.2,7057335651957323.0,1.1890393298330404e+16,1.6911583199144716e+16,2.1932773099959028e+16,2.333728252419966e+16,2.4741791948440284e+16,2.132886970593442e+16,1.7915947463428556e+16,1.2990465290873848e+16,8064983118319140.0,6677759978507943.0,5290536838696745.0,8915308394189034.0,1.2540079949681322e+16,1.9632646892751464e+16,2.6725213835821604e+16,3.2784137308469276e+16,3.884306078111695e+16,3.906668783235025e+16,3.9290314883583544e+16,3.1207804050086684e+16,2.3125293216589824e+16,1.1562646608294912e+16,0.0,0.0,0.0,0.0,0.0,0.0,0.0,0.0,0.0,0.0,0.0,0.0,0.0,0.0,0.0,0.0,0.0,0.0,0.0,0.0,0.0,0.0,0.0,0.0,0.0,0.0,0.0,0.0,0.0,0.0,0.0,0.0,0.0,0.0,0.0,0.0,0.0,0.0,0.0,0.0,0.0,0.0,0.0,0.0,0.0,0.0,0.0,0.0,0.0,0.0,0.0,0.0,0.0,0.0,0.0,0.0,0.0,0.0,0.0,0.0,0.0,0.0,0.0,0.0,0.0,0.0,0.0,0.0,0.0,0.0,0.0,0.0,0.0,0.0,0.0,0.0,0.0,0.0,0.0,0.0,0.0,0.0,0.0,0.0,0.0,0.0,0.0,0.0,0.0,0.0,0.0,0.0,0.0,0.0,0.0,0.0,0.0,0.0,0.0,0.0,0.0,0.0,0.0,0.0,0.0,0.0,0.0,0.0,0.0,0.0,0.0,0.0,0.0,0.0,0.0,0.0,0.0,0.0,0.0,0.0,0.0,0.0,0.0,0.0,0.0,0.0,0.0,0.0,0.0,0.0,0.0,0.0,0.0,0.0,0.0,0.0,0.0,0.0,0.0,0.0,0.0,0.0
31.3745260591352,104.070577387128,2.26576946759162,223.0,65.0,127.18694147841728,5.0,5.0,3.275461008746875,2.5488130858004157e+18,0.0,0.0,0.0,0.0,0.0,0.0,0.0,0.0,0.0,0.0,0.0,0.0,0.0,0.0,0.0,0.0,0.0,0.0,0.0,0.0,0.0,0.0,0.0,0.0,0.0,0.0,0.0,0.0,0.0,0.0,0.0,0.0,0.0,0.0,0.0,0.0,0.0,2.1570814909767696e+16,4.314162981953539e+16,7.153442313149945e+16,9.99272164434635e+16,1.2015363977048482e+17,1.4038006309750613e+17,1.457355412270852e+17,1.510910193566642e+17,1.4396374487665312e+17,1.3683647039664205e+17,1.2463896739018925e+17,1.1244146438373642e+17,1.0189163828453795e+17,9.13418121853395e+16,8.432924152789717e+16,7.731667087045483e+16,7.2203107839021e+16,6.708954480758715e+16,6.1993125291624456e+16,5.689670577566177e+16,5.540026739203915e+16,5.390382900841654e+16,6.287392079766994e+16,7.184401258692333e+16,8.569579885887419e+16,9.954758513082506e+16,1.1008663834681672e+17,1.2062569156280837e+17,1.240982018097666e+17,1.2757071205672482e+17,1.2435319354849107e+17,1.2113567504025733e+17,1.1263943343692811e+17,1.0414319183359891e+17,9.268241523400243e+16,8.122163863440592e+16,7.097719188192189e+16,6.073274512943785e+16,5.683613748558119e+16,5.2939529841724536e+16,5.948091046861399e+16,6.602229109550344e+16,8.608411151544885e+16,1.0614593193539426e+17,1.275532151178841e+17,1.4896049830037392e+17,1.5356473252026563e+17,1.5816896674015738e+17,1.3997342116794312e+17,1.2177787559572885e+17,9.16064316017674e+16,6.143498760780594e+16,3.7150932541851864e+16,1.2866877475897808e+16,6870192716466163.0,873507957034518.6,1022032741033468.9,1170557525032419.0,1217470565403092.0,1264383605773765.2,632191802886882.6,0.0,0.0,0.0,0.0,0.0,0.0,0.0,0.0,0.0,0.0,0.0,0.0,0.0,0.0,0.0,0.0,0.0,0.0,0.0,0.0,0.0,0.0,0.0,0.0,0.0,0.0,0.0,0.0,0.0,0.0,0.0,0.0,0.0,0.0,0.0,0.0,0.0,0.0,0.0,0.0,0.0,0.0,0.0,0.0,0.0,0.0,0.0,0.0,0.0,0.0,0.0,0.0,0.0,0.0,0.0,0.0,0.0,0.0,0.0,0.0,0.0,0.0,0.0,0.0,0.0,0.0,0.0,0.0,0.0,0.0,0.0,0.0,0.0,0.0,0.0,0.0,0.0,0.0,0.0,0.0,0.0,0.0,0.0,0.0,0.0,0.0,0.0,0.0,0.0,0.0,0.0,0.0,0.0,0.0,0.0,0.0,0.0,0.0,0.0,0.0,0.0,0.0,0.0,0.0,0.0,0.0,0.0,0.0,0.0,0.0,0.0,0.0,0.0,0.0,0.0,0.0,0.0,0.0,0.0,0.0,0.0,0.0,0.0,0.0,0.0,0.0,0.0,0.0,0.0,0.0,0.0,0.0,0.0,0.0,0.0,0.0,0.0,0.0,0.0,0.0,0.0,0.0
31.390862349806,104.04971854851,6.44665004298069,223.0,50.0,129.11414140623415,5.0,5.0,2.9627757836285866,2.3054958271337193e+18,0.0,0.0,0.0,0.0,0.0,0.0,0.0,0.0,0.0,0.0,0.0,0.0,0.0,0.0,0.0,0.0,0.0,0.0,0.0,0.0,0.0,0.0,0.0,0.0,0.0,0.0,0.0,0.0,0.0,0.0,0.0,0.0,0.0,0.0,0.0,9685267074440312.0,1.9370534148880624e+16,4.315640554549577e+16,6.6942276942110904e+16,9.25996735053903e+16,1.182570700686697e+17,1.3364856517889296e+17,1.4904006028911622e+17,1.4983182530770646e+17,1.5062359032629667e+17,1.4007532099223998e+17,1.295270516581833e+17,1.1605654095580976e+17,1.0258603025343618e+17,9.169317231211718e+16,8.080031437079822e+16,7.393669465183694e+16,6.707307493287566e+16,6.209438547791715e+16,5.711569602295862e+16,5.2244380049220904e+16,4.737306407548319e+16,4.7634301150096696e+16,4.78955382247102e+16,5.824459894119232e+16,6.8593659657674424e+16,8.094796209524555e+16,9.330226453281667e+16,1.0100175799698102e+17,1.0870125146114538e+17,1.096681604197745e+17,1.1063506937840363e+17,1.0584698930862922e+17,1.0105890923885477e+17,9.171855246390054e+16,8.237819568894634e+16,7.107078952049621e+16,5.976338335204607e+16,5.105410214237347e+16,4.234482093270087e+16,4.0362366461943336e+16,3.83799119911858e+16,4.358197870357809e+16,4.878404541597039e+16,6.606021173809439e+16,8.333637806021838e+16,1.0553346441944858e+17,1.2773055077867875e+17,1.3510992500538931e+17,1.4248929923209987e+17,1.2582804390883078e+17,1.0916678858556168e+17,7.881646158561243e+16,4.8466134585663176e+16,2.5427025535179024e+16,2387916484694873.0,1193958242347436.5,0.0,686473221769295.1,1372946443538590.2,686473221769295.1,0.0,0.0,0.0,0.0,0.0,0.0,0.0,0.0,0.0,0.0,0.0,0.0,0.0,0.0,0.0,0.0,0.0,0.0,0.0,0.0,0.0,0.0,0.0,0.0,0.0,0.0,0.0,0.0,0.0,0.0,0.0,0.0,0.0,0.0,0.0,0.0,0.0,0.0,0.0,0.0,0.0,0.0,0.0,0.0,0.0,0.0,0.0,0.0,0.0,0.0,0.0,0.0,0.0,0.0,0.0,0.0,0.0,0.0,0.0,0.0,0.0,0.0,0.0,0.0,0.0,0.0,0.0,0.0,0.0,0.0,0.0,0.0,0.0,0.0,0.0,0.0,0.0,0.0,0.0,0.0,0.0,0.0,0.0,0.0,0.0,0.0,0.0,0.0,0.0,0.0,0.0,0.0,0.0,0.0,0.0,0.0,0.0,0.0,0.0,0.0,0.0,0.0,0.0,0.0,0.0,0.0,0.0,0.0,0.0,0.0,0.0,0.0,0.0,0.0,0.0,0.0,0.0,0.0,0.0,0.0,0.0,0.0,0.0,0.0,0.0,0.0,0.0,0.0,0.0,0.0,0.0,0.0,0.0,0.0,0.0,0.0,0.0,0.0,0.0,0.0,0.0,0.0,0.0,0.0
31.4132788501943,104.02104851041,9.79570224165576,223.0,35.0,132.7719684081466,5.0,5.0,2.441579332620342,1.8999247239958495e+18,0.0,0.0,0.0,0.0,0.0,0.0,0.0,0.0,0.0,0.0,0.0,0.0,0.0,0.0,0.0,0.0,0.0,0.0,0.0,0.0,0.0,0.0,0.0,0.0,0.0,0.0,0.0,0.0,0.0,0.0,0.0,0.0,0.0,0.0,0.0,1.7688978588831844e+16,3.537795717766369e+16,6.357725068939775e+16,9.17765442011318e+16,1.156941007315661e+17,1.396116572620004e+17,1.4908280438037322e+17,1.585539514987461e+17,1.5238109347746416e+17,1.4620823545618218e+17,1.315650601159553e+17,1.169218847757284e+17,1.0244119702606314e+17,8.796050927639786e+16,7.803324586444426e+16,6.8105982452490664e+16,6.1631126660817176e+16,5.5156270869143704e+16,4.9630615390664504e+16,4.410495991218531e+16,3.964352719922145e+16,3.5182094486257584e+16,3.9013790145868424e+16,4.284548580547926e+16,5.331150682495069e+16,6.3777527844422104e+16,7.211162289642427e+16,8.044571794842645e+16,8.302988217239342e+16,8.561404639636038e+16,8.186254924978294e+16,7.81110521032055e+16,7.000854653297513e+16,6.1906040962744744e+16,5.1874315662816824e+16,4.1842590362888904e+16,3.3359593362280616e+16,2.4876596361672324e+16,2.1712674398909904e+16,1.854875243614749e+16,2.092691374182821e+16,2.330507504750893e+16,2.869854758676736e+16,3.4092020126025788e+16,4.220947138382703e+16,5.032692264162829e+16,6.754470566743803e+16,8.476248869324776e+16,9.397055341627614e+16,1.0317861813930451e+17,9.220634836073669e+16,8.123407858216888e+16,5.807699339246417e+16,3.491990820275947e+16,1.8424980312132136e+16,1930052421504803.8,3216022162283809.5,4501991903062814.5,4623851276213013.0,4745710649363211.0,2372855324681605.5,0.0,0.0,0.0,0.0,0.0,0.0,0.0,0.0,0.0,0.0,0.0,0.0,0.0,0.0,0.0,0.0,0.0,0.0,0.0,0.0,0.0,0.0,0.0,0.0,0.0,0.0,0.0,0.0,0.0,0.0,0.0,0.0,0.0,0.0,0.0,0.0,0.0,0.0,0.0,0.0,0.0,0.0,0.0,0.0,0.0,0.0,0.0,0.0,0.0,0.0,0.0,0.0,0.0,0.0,0.0,0.0,0.0,0.0,0.0,0.0,0.0,0.0,0.0,0.0,0.0,0.0,0.0,0.0,0.0,0.0,0.0,0.0,0.0,0.0,0.0,0.0,0.0,0.0,0.0,0.0,0.0,0.0,0.0,0.0,0.0,0.0,0.0,0.0,0.0,0.0,0.0,0.0,0.0,0.0,0.0,0.0,0.0,0.0,0.0,0.0,0.0,0.0,0.0,0.0,0.0,0.0,0.0,0.0,0.0,0.0,0.0,0.0,0.0,0.0,0.0,0.0,0.0,0.0,0.0,0.0,0.0,0.0,0.0,0.0,0.0,0.0,0.0,0.0,0.0,0.0,0.0,0.0,0.0,0.0,0.0,0.0,0.0,0.0,0.0,0.0,0.0,0.0,0.0,0.0
31.4387712887434,103.988414576487,12.5728923534004,223.0,32.5,138.44299882670128,5.0,5.0,2.068565219040936,1.6096622994575805e+18,0.0,0.0,0.0,0.0,0.0,0.0,0.0,0.0,0.0,0.0,0.0,0.0,0.0,0.0,0.0,0.0,0.0,0.0,0.0,0.0,0.0,0.0,0.0,0.0,0.0,0.0,0.0,0.0,0.0,0.0,0.0,0.0,0.0,0.0,0.0,2.172966941830747e+16,4.345933883661494e+16,7.555055730892432e+16,1.0764177578123371e+17,1.323475983483249e+17,1.5705342091541606e+17,1.638577171653845e+17,1.7066201341535296e+17,1.5964449401424835e+17,1.4862697461314378e+17,1.297217727787838e+17,1.1081657094442389e+17,9.490213623211485e+16,7.89877015198058e+16,6.961050461676709e+16,6.023330771372837e+16,5.456983433666914e+16,4.890636095960989e+16,4.369420941861102e+16,3.848205787761217e+16,3.4425205047082156e+16,3.036835221655215e+16,3.656290078618769e+16,4.2757449355823224e+16,5.178793551635028e+16,6.081842167687731e+16,6.493768919061629e+16,6.905695670435526e+16,6.632465034538e+16,6.3592343986404744e+16,5.520114282061053e+16,4.680994165481631e+16,3.6927297006134296e+16,2.7044652357452276e+16,1.9498205798261596e+16,1.1951759239070914e+16,8422589719425457.0,4893420199780000.0,5703640928487077.0,6513861657194155.0,1.1724685931090624e+16,1.693551020498709e+16,2.32648763504769e+16,2.9594242495966704e+16,3.3488808981570108e+16,3.73833754671735e+16,4.151627930126996e+16,4.564918313536642e+16,5.0129956606449944e+16,5.461073007753347e+16,4.938740913514105e+16,4.416408819274862e+16,3.140061602070965e+16,1.863714384867067e+16,1.3966219997458354e+16,9295296146246040.0,1.1600237913662804e+16,1.3905179681079564e+16,1.235802413181014e+16,1.0810868582540714e+16,5405434291270357.0,0.0,0.0,0.0,0.0,0.0,0.0,0.0,0.0,0.0,0.0,0.0,0.0,0.0,0.0,0.0,0.0,0.0,0.0,0.0,0.0,0.0,0.0,0.0,0.0,0.0,0.0,0.0,0.0,0.0,0.0,0.0,0.0,0.0,0.0,0.0,0.0,0.0,0.0,0.0,0.0,0.0,0.0,0.0,0.0,0.0,0.0,0.0,0.0,0.0,0.0,0.0,0.0,0.0,0.0,0.0,0.0,0.0,0.0,0.0,0.0,0.0,0.0,0.0,0.0,0.0,0.0,0.0,0.0,0.0,0.0,0.0,0.0,0.0,0.0,0.0,0.0,0.0,0.0,0.0,0.0,0.0,0.0,0.0,0.0,0.0,0.0,0.0,0.0,0.0,0.0,0.0,0.0,0.0,0.0,0.0,0.0,0.0,0.0,0.0,0.0,0.0,0.0,0.0,0.0,0.0,0.0,0.0,0.0,0.0,0.0,0.0,0.0,0.0,0.0,0.0,0.0,0.0,0.0,0.0,0.0,0.0,0.0,0.0,0.0,0.0,0.0,0.0,0.0,0.0,0.0,0.0,0.0,0.0,0.0,0.0,0.0,0.0,0.0,0.0,0.0,0.0,0.0,0.0,0.0
31.4649824550993,103.954836863758,15.1661413742675,223.0,30.0,143.4690463132123,5.0,5.0,1.852826329855998,1.4417842198827643e+18,0.0,0.0,0.0,0.0,0.0,0.0,0.0,0.0,0.0,0.0,0.0,0.0,0.0,0.0,0.0,0.0,0.0,0.0,0.0,0.0,0.0,0.0,0.0,0.0,0.0,0.0,0.0,0.0,0.0,0.0,0.0,0.0,0.0,0.0,0.0,2.2734615068329972e+16,4.5469230136659944e+16,7.94130926424689e+16,1.1335695514827784e+17,1.3932129029916165e+17,1.6528562545004547e+17,1.7133657353518234e+17,1.7738752162031926e+17,1.642728853941023e+17,1.5115824916788528e+17,1.2995068035251664e+17,1.0874311153714798e+17,9.253063430838102e+16,7.63181570796141e+16,6.828969039944558e+16,6.026122371927709e+16,5.517440066791149e+16,5.0087577616545896e+16,4.472724450900007e+16,3.936691140145425e+16,3.494311050318445e+16,3.0519309604914652e+16,3.588066453395186e+16,4.124201946298907e+16,4.907717239165061e+16,5.6912325320312136e+16,5.8445370319868344e+16,5.997841531942454e+16,5.342167697244812e+16,4.68649386254717e+16,3.614365603569059e+16,2.5422373445909476e+16,1.6304990341797842e+16,7187607237686211.0,3593803618843105.5,0.0,0.0,0.0,1303982246229451.0,2607964492458902.0,7601453587561703.0,1.2594942682664502e+16,1.8113086247227404e+16,2.3631229811790304e+16,2.5595280565369796e+16,2.7559331318949292e+16,2.493692243755168e+16,2.231451355615407e+16,1.92323067218929e+16,1.6150099887631728e+16,1.4794615156255048e+16,1.3439130424878366e+16,1.2480484122512918e+16,1.1521837820147468e+16,1.4910487140163182e+16,1.8299136460178896e+16,2.059909604810063e+16,2.289905563602237e+16,1.905224076698806e+16,1.5205425897953752e+16,7602712948976876.0,0.0,0.0,0.0,0.0,0.0,0.0,0.0,0.0,0.0,0.0,0.0,0.0,0.0,0.0,0.0,0.0,0.0,0.0,0.0,0.0,0.0,0.0,0.0,0.0,0.0,0.0,0.0,0.0,0.0,0.0,0.0,0.0,0.0,0.0,0.0,0.0,0.0,0.0,0.0,0.0,0.0,0.0,0.0,0.0,0.0,0.0,0.0,0.0,0.0,0.0,0.0,0.0,0.0,0.0,0.0,0.0,0.0,0.0,0.0,0.0,0.0,0.0,0.0,0.0,0.0,0.0,0.0,0.0,0.0,0.0,0.0,0.0,0.0,0.0,0.0,0.0,0.0,0.0,0.0,0.0,0.0,0.0,0.0,0.0,0.0,0.0,0.0,0.0,0.0,0.0,0.0,0.0,0.0,0.0,0.0,0.0,0.0,0.0,0.0,0.0,0.0,0.0,0.0,0.0,0.0,0.0,0.0,0.0,0.0,0.0,0.0,0.0,0.0,0.0,0.0,0.0,0.0,0.0,0.0,0.0,0.0,0.0,0.0,0.0,0.0,0.0,0.0,0.0,0.0,0.0,0.0,0.0,0.0,0.0,0.0,0.0,0.0,0.0,0.0,0.0,0.0,0.0,0.0,0.0
31.4921583426623,103.920093872639,17.4726870286192,223.0,25.0,143.3851559921966,5.0,5.0,1.7706639912644073,1.3778492674583636e+18,0.0,0.0,0.0,0.0,0.0,0.0,0.0,0.0,0.0,0.0,0.0,0.0,0.0,0.0,0.0,0.0,0.0,0.0,0.0,0.0,0.0,0.0,0.0,0.0,0.0,0.0,0.0,0.0,0.0,0.0,0.0,0.0,0.0,0.0,0.0,2.1825188556065276e+16,4.365037711213055e+16,7.708123610806989e+16,1.1051209510400923e+17,1.365627544922957e+17,1.6261341388058214e+17,1.688303062775128e+17,1.750471986744435e+17,1.622968476631148e+17,1.4954649665178614e+17,1.288537656156396e+17,1.0816103457949306e+17,9.297612128745786e+16,7.779120799542267e+16,7.070480210255876e+16,6.361839620969487e+16,5.945445867661932e+16,5.529052114354376e+16,5.0330528338396024e+16,4.537053553324827e+16,3.980405143616636e+16,3.4237567339084452e+16,3.6315108004012264e+16,3.839264866894008e+16,4.4493031388646616e+16,5.059341410835315e+16,5.067243310927436e+16,5.075145211019558e+16,4.33698296552195e+16,3.598820720024342e+16,2.5706289960370856e+16,1.5424372720498302e+16,8183072906262994.0,941773092027687.2,470886546013843.6,0.0,0.0,0.0,1071339650127987.1,2142679300255974.2,6587983152936231.0,1.1033287005616488e+16,1.5310611278032478e+16,1.958793555044847e+16,2.030596980034799e+16,2.1024004050247508e+16,1.763705379082559e+16,1.4250103531403674e+16,1.0379238345996864e+16,6508373160590052.0,6367582817164100.0,6226792473738147.0,9621796676192896.0,1.3016800878647646e+16,1.776793244258264e+16,2.2519064006517636e+16,2.4464192876470732e+16,2.6409321746423824e+16,2.1804757688600644e+16,1.7200193630777462e+16,8600096815388731.0,0.0,0.0,0.0,0.0,0.0,0.0,0.0,0.0,0.0,0.0,0.0,0.0,0.0,0.0,0.0,0.0,0.0,0.0,0.0,0.0,0.0,0.0,0.0,0.0,0.0,0.0,0.0,0.0,0.0,0.0,0.0,0.0,0.0,0.0,0.0,0.0,0.0,0.0,0.0,0.0,0.0,0.0,0.0,0.0,0.0,0.0,0.0,0.0,0.0,0.0,0.0,0.0,0.0,0.0,0.0,0.0,0.0,0.0,0.0,0.0,0.0,0.0,0.0,0.0,0.0,0.0,0.0,0.0,0.0,0.0,0.0,0.0,0.0,0.0,0.0,0.0,0.0,0.0,0.0,0.0,0.0,0.0,0.0,0.0,0.0,0.0,0.0,0.0,0.0,0.0,0.0,0.0,0.0,0.0,0.0,0.0,0.0,0.0,0.0,0.0,0.0,0.0,0.0,0.0,0.0,0.0,0.0,0.0,0.0,0.0,0.0,0.0,0.0,0.0,0.0,0.0,0.0,0.0,0.0,0.0,0.0,0.0,0.0,0.0,0.0,0.0,0.0,0.0,0.0,0.0,0.0,0.0,0.0,0.0,0.0,0.0,0.0,0.0,0.0,0.0,0.0,0.0,0.0,0.0
31.3416399498634,104.034293146745,2.26576946759162,223.0,65.0,134.42523714422413,5.0,5.0,2.8058139712284724,2.1833553649673208e+18,0.0,0.0,0.0,0.0,0.0,0.0,0.0,0.0,0.0,0.0,0.0,0.0,0.0,0.0,0.0,0.0,0.0,0.0,0.0,0.0,0.0,0.0,0.0,0.0,0.0,0.0,0.0,0.0,0.0,0.0,0.0,0.0,0.0,0.0,0.0,1.2878365314874816e+16,2.575673062974963e+16,5.086950211453612e+16,7.59822735993226e+16,1.016661641247312e+17,1.2735005465013978e+17,1.417322095107808e+17,1.561143643714218e+17,1.5428007524695466e+17,1.5244578612248755e+17,1.3887024743737851e+17,1.2529470875226947e+17,1.0889877553965013e+17,9.25028423270308e+16,7.926502518265768e+16,6.602720803828457e+16,5.752525360730647e+16,4.902329917632837e+16,4.36898672337513e+16,3.835643529117422e+16,3.408184527679669e+16,2.980725526241914e+16,3.0067198259407644e+16,3.032714125639614e+16,4.108599239939896e+16,5.184484354240178e+16,6.634871620804124e+16,8.08525888736807e+16,9.300677263198522e+16,1.0516095639028974e+17,1.1193145030578678e+17,1.1870194422128379e+17,1.1805772125919906e+17,1.174134982971143e+17,1.0966627675118806e+17,1.0191905520526184e+17,9.018005381552502e+16,7.844105242578822e+16,6.651114668386921e+16,5.4581240941950184e+16,4.684443366959886e+16,3.9107626397247544e+16,3.943318154764977e+16,3.9758736698051976e+16,5.398670265686308e+16,6.821466861567418e+16,8.709572347111891e+16,1.0597677832656365e+17,1.1167678201050715e+17,1.1737678569445067e+17,1.0373974112758693e+17,9.010269656072315e+16,6.546610269534899e+16,4.082950882997483e+16,2.245739664990747e+16,4085284469840110.5,2042642234920055.2,0.0,0.0,0.0,0.0,0.0,0.0,0.0,0.0,0.0,0.0,0.0,0.0,0.0,0.0,0.0,0.0,0.0,0.0,0.0,0.0,0.0,0.0,0.0,0.0,0.0,0.0,0.0,0.0,0.0,0.0,0.0,0.0,0.0,0.0,0.0,0.0,0.0,0.0,0.0,0.0,0.0,0.0,0.0,0.0,0.0,0.0,0.0,0.0,0.0,0.0,0.0,0.0,0.0,0.0,0.0,0.0,0.0,0.0,0.0,0.0,0.0,0.0,0.0,0.0,0.0,0.0,0.0,0.0,0.0,0.0,0.0,0.0,0.0,0.0,0.0,0.0,0.0,0.0,0.0,0.0,0.0,0.0,0.0,0.0,0.0,0.0,0.0,0.0,0.0,0.0,0.0,0.0,0.0,0.0,0.0,0.0,0.0,0.0,0.0,0.0,0.0,0.0,0.0,0.0,0.0,0.0,0.0,0.0,0.0,0.0,0.0,0.0,0.0,0.0,0.0,0.0,0.0,0.0,0.0,0.0,0.0,0.0,0.0,0.0,0.0,0.0,0.0,0.0,0.0,0.0,0.0,0.0,0.0,0.0,0.0,0.0,0.0,0.0,0.0,0.0,0.0,0.0,0.0,0.0,0.0,0.0,0.0,0.0
31.3579762405342,104.01342973708,6.44665004298069,223.0,50.0,134.55451441638152,5.0,5.0,2.657414177967137,2.0678774722418396e+18,0.0,0.0,0.0,0.0,0.0,0.0,0.0,0.0,0.0,0.0,0.0,0.0,0.0,0.0,0.0,0.0,0.0,0.0,0.0,0.0,0.0,0.0,0.0,0.0,0.0,0.0,0.0,0.0,0.0,0.0,0.0,0.0,0.0,4406301554605668.0,8812603109211336.0,2.6346291323772092e+16,4.387997953833285e+16,7.203240420549242e+16,1.0018482887265198e+17,1.2548966321536699e+17,1.50794497558082e+17,1.616096921021902e+17,1.7242488664629837e+17,1.6616168811909507e+17,1.5989848959189178e+17,1.4270717140886557e+17,1.2551585322583936e+17,1.0718053808141768e+17,8.884522293699598e+16,7.489477900312902e+16,6.094433506926207e+16,5.216161197619801e+16,4.337888888313394e+16,3.7830439190368376e+16,3.2281989497602816e+16,2.7720769932720496e+16,2.3159550367838172e+16,2.5164305830815056e+16,2.7169061293791936e+16,3.816045337482569e+16,4.915184545585945e+16,6.1743694637199304e+16,7.433554381853917e+16,8.456878648181563e+16,9.480202914509213e+16,9.958851769570766e+16,1.0437500624632318e+17,1.0256108232698547e+17,1.0074715840764778e+17,9.251450547944938e+16,8.428185255125099e+16,7.215423695556613e+16,6.002662135988126e+16,4.922928411420716e+16,3.843194686853305e+16,3.2690228749796348e+16,2.6948510631059644e+16,2.6712020179248624e+16,2.6475529727437596e+16,3.858137342307289e+16,5.0687217118708184e+16,7.114309733214736e+16,9.159897754558654e+16,1.0039055442588885e+17,1.0918213130619115e+17,9.66706728167096e+16,8.415921432722805e+16,5.977145773439852e+16,3.538370114156899e+16,1.7691850570784496e+16,0.0,0.0,0.0,0.0,0.0,0.0,0.0,0.0,0.0,0.0,0.0,0.0,0.0,0.0,0.0,0.0,0.0,0.0,0.0,0.0,0.0,0.0,0.0,0.0,0.0,0.0,0.0,0.0,0.0,0.0,0.0,0.0,0.0,0.0,0.0,0.0,0.0,0.0,0.0,0.0,0.0,0.0,0.0,0.0,0.0,0.0,0.0,0.0,0.0,0.0,0.0,0.0,0.0,0.0,0.0,0.0,0.0,0.0,0.0,0.0,0.0,0.0,0.0,0.0,0.0,0.0,0.0,0.0,0.0,0.0,0.0,0.0,0.0,0.0,0.0,0.0,0.0,0.0,0.0,0.0,0.0,0.0,0.0,0.0,0.0,0.0,0.0,0.0,0.0,0.0,0.0,0.0,0.0,0.0,0.0,0.0,0.0,0.0,0.0,0.0,0.0,0.0,0.0,0.0,0.0,0.0,0.0,0.0,0.0,0.0,0.0,0.0,0.0,0.0,0.0,0.0,0.0,0.0,0.0,0.0,0.0,0.0,0.0,0.0,0.0,0.0,0.0,0.0,0.0,0.0,0.0,0.0,0.0,0.0,0.0,0.0,0.0,0.0,0.0,0.0,0.0,0.0,0.0,0.0,0.0,0.0,0.0,0.0,0.0,0.0
31.3803927409225,103.984751929922,9.79570224165576,223.0,35.0,134.99076773101297,5.0,5.0,2.4191700340154787,1.8824868386492808e+18,0.0,0.0,0.0,0.0,0.0,0.0,0.0,0.0,0.0,0.0,0.0,0.0,0.0,0.0,0.0,0.0,0.0,0.0,0.0,0.0,0.0,0.0,0.0,0.0,0.0,0.0,0.0,0.0,0.0,0.0,0.0,0.0,0.0,8881230094127230.0,1.776246018825446e+16,4.198444516997926e+16,6.620643015170406e+16,9.87279812361307e+16,1.3124953232055736e+17,1.5647613294396758e+17,1.817027335673778e+17,1.8868589540170688e+17,1.9566905723603594e+17,1.8356653961080742e+17,1.714640219855789e+17,1.4944682235701968e+17,1.2742962272846046e+17,1.0710972739700997e+17,8.678983206555947e+16,7.303256744184387e+16,5.927530281812828e+16,5.05907619953139e+16,4.190622117249952e+16,3.5828114893555296e+16,2.9750008614611068e+16,2.458211128027357e+16,1.9414213945936068e+16,2.3524765161346616e+16,2.7635316376757164e+16,3.72645079734058e+16,4.689369957005443e+16,5.570008952342583e+16,6.450647947679723e+16,6.982088341626664e+16,7.513528735573605e+16,7.519793468066443e+16,7.52605820055928e+16,7.032270806846465e+16,6.538483413133648e+16,5.6791775215203496e+16,4.8198716299070504e+16,3.865156353807156e+16,2.9104410777072624e+16,2.2857386873613104e+16,1.6610362970153576e+16,1.501761516529257e+16,1.3424867360431566e+16,1.5659364760353244e+16,1.789386216027492e+16,2.3439116117303896e+16,2.898437007433287e+16,4.531250274266518e+16,6.164063541099748e+16,7.269364578904299e+16,8.37466561670885e+16,7.621411541492267e+16,6.8681574662756824e+16,4.917437731814204e+16,2.9667179973527256e+16,1.5147810755790516e+16,628441538053782.2,549283541298586.9,470125544543391.75,235062772271695.88,0.0,0.0,0.0,0.0,0.0,0.0,0.0,0.0,0.0,0.0,0.0,0.0,0.0,0.0,0.0,0.0,0.0,0.0,0.0,0.0,0.0,0.0,0.0,0.0,0.0,0.0,0.0,0.0,0.0,0.0,0.0,0.0,0.0,0.0,0.0,0.0,0.0,0.0,0.0,0.0,0.0,0.0,0.0,0.0,0.0,0.0,0.0,0.0,0.0,0.0,0.0,0.0,0.0,0.0,0.0,0.0,0.0,0.0,0.0,0.0,0.0,0.0,0.0,0.0,0.0,0.0,0.0,0.0,0.0,0.0,0.0,0.0,0.0,0.0,0.0,0.0,0.0,0.0,0.0,0.0,0.0,0.0,0.0,0.0,0.0,0.0,0.0,0.0,0.0,0.0,0.0,0.0,0.0,0.0,0.0,0.0,0.0,0.0,0.0,0.0,0.0,0.0,0.0,0.0,0.0,0.0,0.0,0.0,0.0,0.0,0.0,0.0,0.0,0.0,0.0,0.0,0.0,0.0,0.0,0.0,0.0,0.0,0.0,0.0,0.0,0.0,0.0,0.0,0.0,0.0,0.0,0.0,0.0,0.0,0.0,0.0,0.0,0.0,0.0,0.0,0.0,0.0,0.0,0.0,0.0,0.0
31.4058851794716,103.952108381721,12.5728923534004,223.0,32.5,138.1765714723074,5.0,5.0,2.183182578668434,1.6988522563211566e+18,0.0,0.0,0.0,0.0,0.0,0.0,0.0,0.0,0.0,0.0,0.0,0.0,0.0,0.0,0.0,0.0,0.0,0.0,0.0,0.0,0.0,0.0,0.0,0.0,0.0,0.0,0.0,0.0,0.0,0.0,0.0,0.0,0.0,1.1589445120359694e+16,2.3178890240719388e+16,5.223676865099066e+16,8.12946470612619e+16,1.176593314734842e+17,1.5402401588570646e+17,1.8079937686957117e+17,2.0757473785343584e+17,2.1255811404196627e+17,2.1754149023049664e+17,2.0164669054027258e+17,1.857518908500485e+17,1.599399213400855e+17,1.341279518301225e+17,1.108698058896032e+17,8.76116599490839e+16,7.284550301479061e+16,5.8079346080497304e+16,4.885863416760776e+16,3.963792225471822e+16,3.272794192750165e+16,2.581796160028508e+16,2.0985571800810612e+16,1.6153182001336142e+16,2.220851175792586e+16,2.8263841514515572e+16,3.68290114661035e+16,4.539418141769144e+16,5.0475575903214936e+16,5.555697038873843e+16,5.545143246548755e+16,5.5345894542236664e+16,5.001842996898312e+16,4.469096539572958e+16,3.703386947261448e+16,2.937677354949938e+16,2.228013616263609e+16,1.5183498775772798e+16,1.090455653353057e+16,6625614291288341.0,5097880135670708.0,3570145980053076.0,5514659597496930.0,7459173214940786.0,1.1242649409316338e+16,1.5026125603691884e+16,1.8020810693292028e+16,2.1015495782892172e+16,2.615529721023851e+16,3.1295098637584856e+16,3.8163338181625384e+16,4.50315777256659e+16,4.231181405146988e+16,3.9592050377273864e+16,2.837569568055203e+16,1.7159340983830204e+16,1.0525347979793878e+16,3891354975757553.0,3735906151019766.0,3580457326281979.0,1790228663140989.5,0.0,0.0,0.0,0.0,0.0,0.0,0.0,0.0,0.0,0.0,0.0,0.0,0.0,0.0,0.0,0.0,0.0,0.0,0.0,0.0,0.0,0.0,0.0,0.0,0.0,0.0,0.0,0.0,0.0,0.0,0.0,0.0,0.0,0.0,0.0,0.0,0.0,0.0,0.0,0.0,0.0,0.0,0.0,0.0,0.0,0.0,0.0,0.0,0.0,0.0,0.0,0.0,0.0,0.0,0.0,0.0,0.0,0.0,0.0,0.0,0.0,0.0,0.0,0.0,0.0,0.0,0.0,0.0,0.0,0.0,0.0,0.0,0.0,0.0,0.0,0.0,0.0,0.0,0.0,0.0,0.0,0.0,0.0,0.0,0.0,0.0,0.0,0.0,0.0,0.0,0.0,0.0,0.0,0.0,0.0,0.0,0.0,0.0,0.0,0.0,0.0,0.0,0.0,0.0,0.0,0.0,0.0,0.0,0.0,0.0,0.0,0.0,0.0,0.0,0.0,0.0,0.0,0.0,0.0,0.0,0.0,0.0,0.0,0.0,0.0,0.0,0.0,0.0,0.0,0.0,0.0,0.0,0.0,0.0,0.0,0.0,0.0,0.0,0.0,0.0,0.0,0.0,0.0,0.0,0.0,0.0
31.4320963458276,103.918520280956,15.1661413742675,223.0,30.0,141.92139665210306,5.0,5.0,2.032278111725531,1.5814253417516687e+18,0.0,0.0,0.0,0.0,0.0,0.0,0.0,0.0,0.0,0.0,0.0,0.0,0.0,0.0,0.0,0.0,0.0,0.0,0.0,0.0,0.0,0.0,0.0,0.0,0.0,0.0,0.0,0.0,0.0,0.0,0.0,0.0,0.0,1.3001505423252034e+16,2.6003010846504068e+16,5.705779009346531e+16,8.811256934042656e+16,1.2616741227707107e+17,1.642222552137156e+17,1.9182034015378608e+17,2.1941842509385654e+17,2.2428669208369443e+17,2.2915495907353226e+17,2.1205690087327824e+17,1.9495884267302416e+17,1.6729871511546307e+17,1.3963858755790202e+17,1.1531668784101187e+17,9.09947881241217e+16,7.588374870835381e+16,6.077270929258593e+16,5.136192255653759e+16,4.195113582048925e+16,3.4551632946871944e+16,2.715213007325463e+16,2.1301572805690744e+16,1.5451015538126852e+16,2.1018991618919804e+16,2.658696769971275e+16,3.459292835184661e+16,4.2598889003980456e+16,4.546606170853704e+16,4.833323441309361e+16,4.42431730978336e+16,4.015311178257358e+16,3.1801913914490136e+16,2.345071604640668e+16,1.5397659308257858e+16,7344602570109037.0,3672301285054518.5,0.0,0.0,0.0,0.0,0.0,2683965159519376.5,5367930319038753.0,8594303492265053.0,1.1820676665491354e+16,1.3270868396202786e+16,1.4721060126914216e+16,1.3496957630967016e+16,1.2272855135019816e+16,1.2154882334041614e+16,1.2036909533063414e+16,1.2502628015941308e+16,1.2968346498819206e+16,1.0645596835057494e+16,8322847171295782.0,8876771324457086.0,9430695477618392.0,8808383069305361.0,8186070660992331.0,4093035330496165.5,0.0,0.0,0.0,0.0,0.0,0.0,0.0,0.0,0.0,0.0,0.0,0.0,0.0,0.0,0.0,0.0,0.0,0.0,0.0,0.0,0.0,0.0,0.0,0.0,0.0,0.0,0.0,0.0,0.0,0.0,0.0,0.0,0.0,0.0,0.0,0.0,0.0,0.0,0.0,0.0,0.0,0.0,0.0,0.0,0.0,0.0,0.0,0.0,0.0,0.0,0.0,0.0,0.0,0.0,0.0,0.0,0.0,0.0,0.0,0.0,0.0,0.0,0.0,0.0,0.0,0.0,0.0,0.0,0.0,0.0,0.0,0.0,0.0,0.0,0.0,0.0,0.0,0.0,0.0,0.0,0.0,0.0,0.0,0.0,0.0,0.0,0.0,0.0,0.0,0.0,0.0,0.0,0.0,0.0,0.0,0.0,0.0,0.0,0.0,0.0,0.0,0.0,0.0,0.0,0.0,0.0,0.0,0.0,0.0,0.0,0.0,0.0,0.0,0.0,0.0,0.0,0.0,0.0,0.0,0.0,0.0,0.0,0.0,0.0,0.0,0.0,0.0,0.0,0.0,0.0,0.0,0.0,0.0,0.0,0.0,0.0,0.0,0.0,0.0,0.0,0.0,0.0,0.0,0.0,0.0,0.0
31.4592722333905,103.883769348909,17.4726870286192,223.0,25.0,142.05284612956382,5.0,5.0,1.9782749400860908,1.539402557727752e+18,0.0,0.0,0.0,0.0,0.0,0.0,0.0,0.0,0.0,0.0,0.0,0.0,0.0,0.0,0.0,0.0,0.0,0.0,0.0,0.0,0.0,0.0,0.0,0.0,0.0,0.0,0.0,0.0,0.0,0.0,0.0,0.0,0.0,1.2528164999091452e+16,2.5056329998182904e+16,5.598857462639052e+16,8.692081925459814e+16,1.2427742467154859e+17,1.6163403008849904e+17,1.8900871256688778e+17,2.1638339504527648e+17,2.218760138456522e+17,2.2736863264602778e+17,2.1115709351783315e+17,1.9494555438963846e+17,1.6767711127574403e+17,1.4040866816184958e+17,1.1703371021674637e+17,9.365875227164315e+16,7.99066920498839e+16,6.615463182812466e+16,5.730119890484359e+16,4.844776598156253e+16,4.106820273444486e+16,3.368863948732719e+16,2.6590901863651236e+16,1.949316423997527e+16,2.227157063094948e+16,2.5049977021923696e+16,3.219378007591772e+16,3.9337583129911736e+16,4.133613529875275e+16,4.333468746759376e+16,3.809550699156339e+16,3.2856326515533016e+16,2.3854745798023404e+16,1.4853165080513786e+16,7836431359596058.0,819697638678330.1,409848819339165.06,0.0,0.0,0.0,37525297525044.586,75050595050089.17,2551864574456261.5,5028678553862433.0,7534036253535225.0,1.0039393953208018e+16,1.0255450633031372e+16,1.0471507312854728e+16,8048762631678276.0,5626017950501825.0,3829515286255954.5,2033012622010083.8,3535924948572795.5,5038837275135506.0,6626637919935657.0,8214438564735806.0,1.0225264471118086e+16,1.2236090377500362e+16,1.1231900326766944e+16,1.0227710276033526e+16,5113855138016763.0,0.0,0.0,0.0,0.0,0.0,0.0,0.0,0.0,0.0,0.0,0.0,0.0,0.0,0.0,0.0,0.0,0.0,0.0,0.0,0.0,0.0,0.0,0.0,0.0,0.0,0.0,0.0,0.0,0.0,0.0,0.0,0.0,0.0,0.0,0.0,0.0,0.0,0.0,0.0,0.0,0.0,0.0,0.0,0.0,0.0,0.0,0.0,0.0,0.0,0.0,0.0,0.0,0.0,0.0,0.0,0.0,0.0,0.0,0.0,0.0,0.0,0.0,0.0,0.0,0.0,0.0,0.0,0.0,0.0,0.0,0.0,0.0,0.0,0.0,0.0,0.0,0.0,0.0,0.0,0.0,0.0,0.0,0.0,0.0,0.0,0.0,0.0,0.0,0.0,0.0,0.0,0.0,0.0,0.0,0.0,0.0,0.0,0.0,0.0,0.0,0.0,0.0,0.0,0.0,0.0,0.0,0.0,0.0,0.0,0.0,0.0,0.0,0.0,0.0,0.0,0.0,0.0,0.0,0.0,0.0,0.0,0.0,0.0,0.0,0.0,0.0,0.0,0.0,0.0,0.0,0.0,0.0,0.0,0.0,0.0,0.0,0.0,0.0,0.0,0.0,0.0,0.0,0.0,0.0,0.0,0.0
31.3087538405917,103.998008906362,2.26576946759162,223.0,65.0,138.37596349896967,5.0,5.0,2.3029217484354954,1.7920277702320745e+18,0.0,0.0,0.0,0.0,0.0,0.0,0.0,0.0,0.0,0.0,0.0,0.0,0.0,0.0,0.0,0.0,0.0,0.0,0.0,0.0,0.0,0.0,0.0,0.0,0.0,0.0,0.0,0.0,0.0,0.0,0.0,0.0,0.0,3947482289208159.0,7894964578416318.0,2.4075047394906916e+16,4.025513021139751e+16,6.508972634979813e+16,8.992432248819872e+16,1.1289367438267413e+17,1.3586302627714954e+17,1.4621298612978454e+17,1.5656294598241955e+17,1.5087847908094602e+17,1.4519401217947248e+17,1.2846790631381291e+17,1.1174180044815334e+17,9.362463423166341e+16,7.550746801517347e+16,6.175843476103769e+16,4.8009401506901896e+16,3.933878068285467e+16,3.0668159858807452e+16,2.5614212997711524e+16,2.0560266136615596e+16,1.651177003030373e+16,1.2463273923991862e+16,1.1897932736879524e+16,1.1332591549767184e+16,2.0159684168009136e+16,2.898677678625109e+16,4.1876650163725144e+16,5.476652354119919e+16,6.8143481799236504e+16,8.152044005727381e+16,9.097407663112771e+16,1.004277132049816e+17,1.029748442792815e+17,1.0552197535358142e+17,1.0033791543025928e+17,9.515385550693714e+16,8.409758884369218e+16,7.304132218044723e+16,6.031871659041267e+16,4.759611100037811e+16,3.741341378740279e+16,2.723071657442747e+16,2.2867646016774456e+16,1.850457545912145e+16,2.7940165562631708e+16,3.737575566614197e+16,5.289284740832554e+16,6.840993915050909e+16,7.451672358644762e+16,8.062350802238616e+16,7.128220678377613e+16,6.1940905545166104e+16,4.34455972859868e+16,2.495028902680749e+16,1.2475144513403744e+16,0.0,0.0,0.0,0.0,0.0,0.0,0.0,0.0,0.0,0.0,0.0,0.0,0.0,0.0,0.0,0.0,0.0,0.0,0.0,0.0,0.0,0.0,0.0,0.0,0.0,0.0,0.0,0.0,0.0,0.0,0.0,0.0,0.0,0.0,0.0,0.0,0.0,0.0,0.0,0.0,0.0,0.0,0.0,0.0,0.0,0.0,0.0,0.0,0.0,0.0,0.0,0.0,0.0,0.0,0.0,0.0,0.0,0.0,0.0,0.0,0.0,0.0,0.0,0.0,0.0,0.0,0.0,0.0,0.0,0.0,0.0,0.0,0.0,0.0,0.0,0.0,0.0,0.0,0.0,0.0,0.0,0.0,0.0,0.0,0.0,0.0,0.0,0.0,0.0,0.0,0.0,0.0,0.0,0.0,0.0,0.0,0.0,0.0,0.0,0.0,0.0,0.0,0.0,0.0,0.0,0.0,0.0,0.0,0.0,0.0,0.0,0.0,0.0,0.0,0.0,0.0,0.0,0.0,0.0,0.0,0.0,0.0,0.0,0.0,0.0,0.0,0.0,0.0,0.0,0.0,0.0,0.0,0.0,0.0,0.0,0.0,0.0,0.0,0.0,0.0,0.0,0.0,0.0,0.0,0.0,0.0,0.0,0.0,0.0,0.0
31.3250901312625,103.97714092565,6.44665004298069,223.0,50.0,136.0610582524199,5.0,5.0,2.283579828905087,1.776976778181809e+18,0.0,0.0,0.0,0.0,0.0,0.0,0.0,0.0,0.0,0.0,0.0,0.0,0.0,0.0,0.0,0.0,0.0,0.0,0.0,0.0,0.0,0.0,0.0,0.0,0.0,0.0,0.0,0.0,0.0,0.0,0.0,0.0,0.0,7699953399015206.0,1.5399906798030412e+16,3.581741504676888e+16,5.623492329550734e+16,8.519308009658954e+16,1.1415123689767174e+17,1.3843131581718069e+17,1.6271139473668963e+17,1.716899426560519e+17,1.8066849057541414e+17,1.7120186643324944e+17,1.617352422910848e+17,1.4129266942997229e+17,1.2085009656885982e+17,1.0003666330511579e+17,7.922323004137176e+16,6.428177746560744e+16,4.934032488984311e+16,3.951580209901012e+16,2.9691279308177124e+16,2.3807343180100948e+16,1.7923407052024772e+16,1.3209965117396934e+16,8496523182769095.0,8941576062526480.0,9386628942283866.0,1.7812712551881468e+16,2.623879616147907e+16,3.770466671187806e+16,4.917053726227706e+16,6.058707996096638e+16,7.2003622659655704e+16,8.00916639633508e+16,8.817970526704589e+16,9.014878475106016e+16,9.211786423507445e+16,8.635254518867382e+16,8.058722614227323e+16,6.89897661869601e+16,5.739230623164698e+16,4.5201276696988664e+16,3.3010247162330356e+16,2.4729676927996436e+16,1.6449106693662518e+16,1.3213035056674828e+16,9976963419687134.0,1.7463926224714446e+16,2.495088902974176e+16,4.225639942710517e+16,5.956190982446857e+16,6.87072229903568e+16,7.785253615624501e+16,6.9272552384741176e+16,6.069256861323732e+16,4.183619167824674e+16,2.2979814743256148e+16,1.1489907371628074e+16,0.0,0.0,0.0,0.0,0.0,0.0,0.0,0.0,0.0,0.0,0.0,0.0,0.0,0.0,0.0,0.0,0.0,0.0,0.0,0.0,0.0,0.0,0.0,0.0,0.0,0.0,0.0,0.0,0.0,0.0,0.0,0.0,0.0,0.0,0.0,0.0,0.0,0.0,0.0,0.0,0.0,0.0,0.0,0.0,0.0,0.0,0.0,0.0,0.0,0.0,0.0,0.0,0.0,0.0,0.0,0.0,0.0,0.0,0.0,0.0,0.0,0.0,0.0,0.0,0.0,0.0,0.0,0.0,0.0,0.0,0.0,0.0,0.0,0.0,0.0,0.0,0.0,0.0,0.0,0.0,0.0,0.0,0.0,0.0,0.0,0.0,0.0,0.0,0.0,0.0,0.0,0.0,0.0,0.0,0.0,0.0,0.0,0.0,0.0,0.0,0.0,0.0,0.0,0.0,0.0,0.0,0.0,0.0,0.0,0.0,0.0,0.0,0.0,0.0,0.0,0.0,0.0,0.0,0.0,0.0,0.0,0.0,0.0,0.0,0.0,0.0,0.0,0.0,0.0,0.0,0.0,0.0,0.0,0.0,0.0,0.0,0.0,0.0,0.0,0.0,0.0,0.0,0.0,0.0,0.0,0.0,0.0,0.0,0.0,0.0
31.3475066316508,103.948455349434,9.79570224165576,223.0,35.0,133.9367043744677,5.0,5.0,2.2531328603581806,1.7532843478191596e+18,0.0,0.0,0.0,0.0,0.0,0.0,0.0,0.0,0.0,0.0,0.0,0.0,0.0,0.0,0.0,0.0,0.0,0.0,0.0,0.0,0.0,0.0,0.0,0.0,0.0,0.0,0.0,0.0,0.0,0.0,0.0,347992850702120.3,695985701404240.6,1.2424746177669892e+16,2.415350665393554e+16,5.0771949447992664e+16,7.739039224204978e+16,1.1267452149172966e+17,1.4795865074140954e+17,1.750645112556256e+17,2.0217037176984166e+17,2.091297399112349e+17,2.160891080526282e+17,2.0241345502012768e+17,1.8873780198762717e+17,1.6360048061120637e+17,1.3846315923478557e+17,1.1449870196727264e+17,9.053424469975971e+16,7.404665989175893e+16,5.755907508375813e+16,4.69239909682952e+16,3.628890685283227e+16,2.8985659117638644e+16,2.1682411382445016e+16,1.5396983167956628e+16,9111554953468242.0,9743305128173416.0,1.0375055302878588e+16,1.7298200974720256e+16,2.4221346646561932e+16,3.2663615855313344e+16,4.110588506406475e+16,4.86465715939869e+16,5.618725812390904e+16,6.006755944380647e+16,6.394786076370391e+16,6.3145839881773736e+16,6.234381899984353e+16,5.5577599444514056e+16,4.881137988918458e+16,3.902228502100509e+16,2.923319015282559e+16,2.073367767353475e+16,1.2234165194243916e+16,7629909903611986.0,3025654612980059.0,3155459035397171.5,3285263457814284.0,6351163196873935.0,9417062935933586.0,2.41275402129798e+16,3.8838017490026024e+16,5.077828344585206e+16,6.271854940167811e+16,5.833418493080319e+16,5.394982045992827e+16,3.835233521378339e+16,2.2754849967638524e+16,1.1377424983819262e+16,0.0,0.0,0.0,0.0,0.0,0.0,0.0,0.0,0.0,0.0,0.0,0.0,0.0,0.0,0.0,0.0,0.0,0.0,0.0,0.0,0.0,0.0,0.0,0.0,0.0,0.0,0.0,0.0,0.0,0.0,0.0,0.0,0.0,0.0,0.0,0.0,0.0,0.0,0.0,0.0,0.0,0.0,0.0,0.0,0.0,0.0,0.0,0.0,0.0,0.0,0.0,0.0,0.0,0.0,0.0,0.0,0.0,0.0,0.0,0.0,0.0,0.0,0.0,0.0,0.0,0.0,0.0,0.0,0.0,0.0,0.0,0.0,0.0,0.0,0.0,0.0,0.0,0.0,0.0,0.0,0.0,0.0,0.0,0.0,0.0,0.0,0.0,0.0,0.0,0.0,0.0,0.0,0.0,0.0,0.0,0.0,0.0,0.0,0.0,0.0,0.0,0.0,0.0,0.0,0.0,0.0,0.0,0.0,0.0,0.0,0.0,0.0,0.0,0.0,0.0,0.0,0.0,0.0,0.0,0.0,0.0,0.0,0.0,0.0,0.0,0.0,0.0,0.0,0.0,0.0,0.0,0.0,0.0,0.0,0.0,0.0,0.0,0.0,0.0,0.0,0.0,0.0,0.0,0.0,0.0,0.0,0.0,0.0,0.0,0.0
31.3729990701999,103.915802186956,12.5728923534004,223.0,32.5,135.80360965691403,5.0,5.0,2.1820327490354234,1.6979575117929108e+18,0.0,0.0,0.0,0.0,0.0,0.0,0.0,0.0,0.0,0.0,0.0,0.0,0.0,0.0,0.0,0.0,0.0,0.0,0.0,0.0,0.0,0.0,0.0,0.0,0.0,0.0,0.0,0.0,0.0,0.0,0.0,1024508025024668.4,2049016050049336.8,1.7796096781725714e+16,3.35431775134021e+16,6.5376737410451704e+16,9.721029730750133e+16,1.3710754299324645e+17,1.7700478867899155e+17,2.0651474408534765e+17,2.3602469949170374e+17,2.4246928310182237e+17,2.4891386671194102e+17,2.3218881406168912e+17,2.1546376141143725e+17,1.863153703065625e+17,1.5716697920168774e+17,1.2948917223084715e+17,1.0181136526000653e+17,8.28436306000307e+16,6.387589594005488e+16,5.124556982159135e+16,3.861524370312782e+16,2.9517176211331644e+16,2.0419108719535464e+16,1.3640108594299174e+16,6861108469062882.0,9449748817862006.0,1.203838916666113e+16,1.815335996340499e+16,2.4268330760148856e+16,2.9454895460403624e+16,3.464146016065839e+16,3.727025234714014e+16,3.9899044533621896e+16,3.836672531261149e+16,3.683440609160107e+16,3.2322125112286256e+16,2.780984413297143e+16,2.1831156428979692e+16,1.5852468724987948e+16,1.0962763493226406e+16,6073058261464862.0,3288027137265826.0,502996013066790.75,251498006533395.38,0.0,1284653301047921.8,2569306602095843.5,4493380722418728.0,6417454842741612.0,1.1629597419660148e+16,1.6841739996578684e+16,2.490410419505332e+16,3.296646839352796e+16,3.1797250237447524e+16,3.0628032081367092e+16,2.1141617827141336e+16,1.1655203572915584e+16,5827601786457792.0,0.0,0.0,0.0,0.0,0.0,0.0,0.0,0.0,0.0,0.0,0.0,0.0,0.0,0.0,0.0,0.0,0.0,0.0,0.0,0.0,0.0,0.0,0.0,0.0,0.0,0.0,0.0,0.0,0.0,0.0,0.0,0.0,0.0,0.0,0.0,0.0,0.0,0.0,0.0,0.0,0.0,0.0,0.0,0.0,0.0,0.0,0.0,0.0,0.0,0.0,0.0,0.0,0.0,0.0,0.0,0.0,0.0,0.0,0.0,0.0,0.0,0.0,0.0,0.0,0.0,0.0,0.0,0.0,0.0,0.0,0.0,0.0,0.0,0.0,0.0,0.0,0.0,0.0,0.0,0.0,0.0,0.0,0.0,0.0,0.0,0.0,0.0,0.0,0.0,0.0,0.0,0.0,0.0,0.0,0.0,0.0,0.0,0.0,0.0,0.0,0.0,0.0,0.0,0.0,0.0,0.0,0.0,0.0,0.0,0.0,0.0,0.0,0.0,0.0,0.0,0.0,0.0,0.0,0.0,0.0,0.0,0.0,0.0,0.0,0.0,0.0,0.0,0.0,0.0,0.0,0.0,0.0,0.0,0.0,0.0,0.0,0.0,0.0,0.0,0.0,0.0,0.0,0.0,0.0,0.0,0.0,0.0,0.0,0.0,0.0
31.3992102365559,103.882203698154,15.1661413742675,223.0,30.0,138.7299663841427,5.0,5.0,2.145627194736358,1.6696283840928758e+18,0.0,0.0,0.0,0.0,0.0,0.0,0.0,0.0,0.0,0.0,0.0,0.0,0.0,0.0,0.0,0.0,0.0,0.0,0.0,0.0,0.0,0.0,0.0,0.0,0.0,0.0,0.0,0.0,0.0,0.0,0.0,1583537151806169.2,3167074303612338.5,2.1080052495686036e+16,3.899303068775973e+16,7.33824491031992e+16,1.077718675186387e+17,1.4898722474625747e+17,1.902025819738763e+17,2.2038523536470707e+17,2.5056788875553786e+17,2.5745804154103798e+17,2.6434819432653805e+17,2.477217227337154e+17,2.3109525114089277e+17,2.0122116933855533e+17,1.713470875362179e+17,1.4192273052492302e+17,1.1249837351362818e+17,9.213670431967214e+16,7.177503512571609e+16,5.8333368496206664e+16,4.489170186669725e+16,3.406544704414701e+16,2.3239192221596772e+16,1.5006010855737396e+16,6772829489878019.0,8979665345040440.0,1.118650120020286e+16,1.7704444026529862e+16,2.422238685285686e+16,2.833445320796565e+16,3.2446519563074436e+16,3.1268733437836104e+16,3.0090947312597772e+16,2.4587760653769144e+16,1.908457399494052e+16,1.270657003538631e+16,6328566075832101.0,3164283037916050.5,0.0,0.0,0.0,0.0,0.0,0.0,0.0,805271133271704.1,1610542266543408.2,2506589653970862.0,3402637041398316.0,3189167528005735.0,2975698014613153.5,5360888140323865.0,7746078266034577.0,8799574333095544.0,9853070400156508.0,6931912522095885.0,4010754644035261.5,2005377322017630.8,0.0,0.0,0.0,0.0,0.0,0.0,0.0,0.0,0.0,0.0,0.0,0.0,0.0,0.0,0.0,0.0,0.0,0.0,0.0,0.0,0.0,0.0,0.0,0.0,0.0,0.0,0.0,0.0,0.0,0.0,0.0,0.0,0.0,0.0,0.0,0.0,0.0,0.0,0.0,0.0,0.0,0.0,0.0,0.0,0.0,0.0,0.0,0.0,0.0,0.0,0.0,0.0,0.0,0.0,0.0,0.0,0.0,0.0,0.0,0.0,0.0,0.0,0.0,0.0,0.0,0.0,0.0,0.0,0.0,0.0,0.0,0.0,0.0,0.0,0.0,0.0,0.0,0.0,0.0,0.0,0.0,0.0,0.0,0.0,0.0,0.0,0.0,0.0,0.0,0.0,0.0,0.0,0.0,0.0,0.0,0.0,0.0,0.0,0.0,0.0,0.0,0.0,0.0,0.0,0.0,0.0,0.0,0.0,0.0,0.0,0.0,0.0,0.0,0.0,0.0,0.0,0.0,0.0,0.0,0.0,0.0,0.0,0.0,0.0,0.0,0.0,0.0,0.0,0.0,0.0,0.0,0.0,0.0,0.0,0.0,0.0,0.0,0.0,0.0,0.0,0.0,0.0,0.0,0.0,0.0,0.0,0.0,0.0,0.0,0.0
31.4263861241188,103.847444825178,17.4726870286192,223.0,25.0,139.1641241728739,5.0,5.0,2.148730907747615,1.6720435507874376e+18,0.0,0.0,0.0,0.0,0.0,0.0,0.0,0.0,0.0,0.0,0.0,0.0,0.0,0.0,0.0,0.0,0.0,0.0,0.0,0.0,0.0,0.0,0.0,0.0,0.0,0.0,0.0,0.0,0.0,0.0,0.0,1670854273897586.0,3341708547795172.0,2.1788124272384884e+16,4.02345399969746e+16,7.48906617832383e+16,1.09546783569502e+17,1.4989939522078698e+17,1.9025200687207194e+17,2.2029812732025565e+17,2.5034424776843933e+17,2.5802094945781955e+17,2.6569765114719978e+17,2.5017091868394915e+17,2.346441862206984e+17,2.0513144454945917e+17,1.756187028782199e+17,1.4635412080289178e+17,1.1708953872756365e+17,9.702985729249162e+16,7.697017585741962e+16,6.371537664360871e+16,5.046057742979783e+16,4.005680674988436e+16,2.965303606997089e+16,2.062566159194598e+16,1.1598287113921072e+16,1.0999634777751352e+16,1.0400982441581634e+16,1.6489086998630718e+16,2.2577191555679804e+16,2.646641045237901e+16,3.0355629349078216e+16,2.7987243648105876e+16,2.5618857947133544e+16,1.8722862169544936e+16,1.1826866391956326e+16,5913433195978163.0,0.0,0.0,0.0,0.0,0.0,0.0,0.0,238025092355299.47,476050184710598.94,1343537656315984.8,2211025127921370.5,2258915969414990.5,2306806810908610.0,1219824576822239.5,132842342735869.23,512485566525048.5,892128790314227.5,2505339186404217.0,4118549582494205.5,3678142403786922.5,3237735225079639.5,2837589031674505.0,2437442838269371.0,1218721419134685.5,0.0,0.0,0.0,0.0,0.0,0.0,0.0,0.0,0.0,0.0,0.0,0.0,0.0,0.0,0.0,0.0,0.0,0.0,0.0,0.0,0.0,0.0,0.0,0.0,0.0,0.0,0.0,0.0,0.0,0.0,0.0,0.0,0.0,0.0,0.0,0.0,0.0,0.0,0.0,0.0,0.0,0.0,0.0,0.0,0.0,0.0,0.0,0.0,0.0,0.0,0.0,0.0,0.0,0.0,0.0,0.0,0.0,0.0,0.0,0.0,0.0,0.0,0.0,0.0,0.0,0.0,0.0,0.0,0.0,0.0,0.0,0.0,0.0,0.0,0.0,0.0,0.0,0.0,0.0,0.0,0.0,0.0,0.0,0.0,0.0,0.0,0.0,0.0,0.0,0.0,0.0,0.0,0.0,0.0,0.0,0.0,0.0,0.0,0.0,0.0,0.0,0.0,0.0,0.0,0.0,0.0,0.0,0.0,0.0,0.0,0.0,0.0,0.0,0.0,0.0,0.0,0.0,0.0,0.0,0.0,0.0,0.0,0.0,0.0,0.0,0.0,0.0,0.0,0.0,0.0,0.0,0.0,0.0,0.0,0.0,0.0,0.0,0.0,0.0,0.0,0.0,0.0,0.0,0.0,0.0,0.0,0.0,0.0
31.27586773132,103.96172466598,2.26576946759162,223.0,65.0,138.604619599744,5.0,5.0,1.8996171128306971,1.4781946548176584e+18,0.0,0.0,0.0,0.0,0.0,0.0,0.0,0.0,0.0,0.0,0.0,0.0,0.0,0.0,0.0,0.0,0.0,0.0,0.0,0.0,0.0,0.0,0.0,0.0,0.0,0.0,0.0,0.0,0.0,0.0,0.0,0.0,0.0,4823922807691276.0,9647845615382552.0,2.504792484104044e+16,4.044800406669833e+16,6.3081571429998e+16,8.571513879329766e+16,1.0644683838706982e+17,1.2717853798084195e+17,1.3652285798942686e+17,1.4586717799801184e+17,1.400049877789909e+17,1.3414279755996998e+17,1.1796345735476181e+17,1.0178411714955365e+17,8.4502490529027e+16,6.7220863908500376e+16,5.511066369116401e+16,4.3000463473827656e+16,3.542477781774504e+16,2.784909216166243e+16,2.284756976032646e+16,1.7846047358990486e+16,1.375729958084311e+16,9668551802695738.0,6419026540294698.0,3169501277893660.0,7353693914587219.0,1.1537886551280776e+16,2.1262495796388056e+16,3.0987105041495344e+16,4.408809260446111e+16,5.718908016742689e+16,6.855408768356408e+16,7.991909519970126e+16,8.537525821079216e+16,9.083142122188304e+16,8.877147900691893e+16,8.671153679195483e+16,7.73308310987063e+16,6.795012540545781e+16,5.496458768439628e+16,4.1979049963334744e+16,3.118716733332122e+16,2.0395284703307692e+16,1.4230274295364638e+16,8065263887421582.0,1.3473700173930276e+16,1.8882136460438972e+16,3.090174917745024e+16,4.292136189446152e+16,4.8313751934610584e+16,5.370614197475965e+16,4.688616765227956e+16,4.006619332979949e+16,2.6790513203704052e+16,1.3514833077608612e+16,6757416538804306.0,0.0,0.0,0.0,0.0,0.0,0.0,0.0,0.0,0.0,0.0,0.0,0.0,0.0,0.0,0.0,0.0,0.0,0.0,0.0,0.0,0.0,0.0,0.0,0.0,0.0,0.0,0.0,0.0,0.0,0.0,0.0,0.0,0.0,0.0,0.0,0.0,0.0,0.0,0.0,0.0,0.0,0.0,0.0,0.0,0.0,0.0,0.0,0.0,0.0,0.0,0.0,0.0,0.0,0.0,0.0,0.0,0.0,0.0,0.0,0.0,0.0,0.0,0.0,0.0,0.0,0.0,0.0,0.0,0.0,0.0,0.0,0.0,0.0,0.0,0.0,0.0,0.0,0.0,0.0,0.0,0.0,0.0,0.0,0.0,0.0,0.0,0.0,0.0,0.0,0.0,0.0,0.0,0.0,0.0,0.0,0.0,0.0,0.0,0.0,0.0,0.0,0.0,0.0,0.0,0.0,0.0,0.0,0.0,0.0,0.0,0.0,0.0,0.0,0.0,0.0,0.0,0.0,0.0,0.0,0.0,0.0,0.0,0.0,0.0,0.0,0.0,0.0,0.0,0.0,0.0,0.0,0.0,0.0,0.0,0.0,0.0,0.0,0.0,0.0,0.0,0.0,0.0,0.0,0.0,0.0,0.0,0.0,0.0,0.0,0.0
31.2922040219908,103.940852114221,6.44665004298069,223.0,50.0,134.3123008555066,5.0,5.0,1.9658393881595704,1.5297257832539223e+18,0.0,0.0,0.0,0.0,0.0,0.0,0.0,0.0,0.0,0.0,0.0,0.0,0.0,0.0,0.0,0.0,0.0,0.0,0.0,0.0,0.0,0.0,0.0,0.0,0.0,0.0,0.0,0.0,0.0,0.0,0.0,0.0,0.0,7192525316140009.0,1.4385050632280018e+16,3.370721040644063e+16,5.3029370180601256e+16,8.096205156089566e+16,1.0889473294119008e+17,1.3252613970234181e+17,1.5615754646349354e+17,1.6553240467715414e+17,1.7490726289081472e+17,1.6655622230333536e+17,1.58205181715856e+17,1.3819873460487203e+17,1.181922874938881e+17,9.775134312799853e+16,7.731039876210894e+16,6.307997764638838e+16,4.884955653066782e+16,4.008898535701337e+16,3.132841418335892e+16,2.546102506722248e+16,1.959363595108604e+16,1.4469962655042752e+16,9346289358999462.0,4673144679499731.0,0.0,3855809639701971.0,7711619279403942.0,1.6538310540805494e+16,2.536500180220705e+16,3.71522269162302e+16,4.893945203025336e+16,5.955691360052437e+16,7.017437517079537e+16,7.537629253535019e+16,8.057820989990498e+16,7.782912967446355e+16,7.508004944902211e+16,6.485321729678971e+16,5.4626385144557304e+16,4.201774845440029e+16,2.940911176424328e+16,1.972889670516183e+16,1.0048681646080388e+16,5630360587477780.0,1212039528875174.0,6104949028012474.0,1.0997858527149774e+16,2.4502654671813348e+16,3.800745081647692e+16,4.591834867163914e+16,5.382924652680136e+16,4.74642141809843e+16,4.109918183516724e+16,2.67732872819032e+16,1.244739272863916e+16,6223696364319580.0,0.0,0.0,0.0,0.0,0.0,0.0,0.0,0.0,0.0,0.0,0.0,0.0,0.0,0.0,0.0,0.0,0.0,0.0,0.0,0.0,0.0,0.0,0.0,0.0,0.0,0.0,0.0,0.0,0.0,0.0,0.0,0.0,0.0,0.0,0.0,0.0,0.0,0.0,0.0,0.0,0.0,0.0,0.0,0.0,0.0,0.0,0.0,0.0,0.0,0.0,0.0,0.0,0.0,0.0,0.0,0.0,0.0,0.0,0.0,0.0,0.0,0.0,0.0,0.0,0.0,0.0,0.0,0.0,0.0,0.0,0.0,0.0,0.0,0.0,0.0,0.0,0.0,0.0,0.0,0.0,0.0,0.0,0.0,0.0,0.0,0.0,0.0,0.0,0.0,0.0,0.0,0.0,0.0,0.0,0.0,0.0,0.0,0.0,0.0,0.0,0.0,0.0,0.0,0.0,0.0,0.0,0.0,0.0,0.0,0.0,0.0,0.0,0.0,0.0,0.0,0.0,0.0,0.0,0.0,0.0,0.0,0.0,0.0,0.0,0.0,0.0,0.0,0.0,0.0,0.0,0.0,0.0,0.0,0.0,0.0,0.0,0.0,0.0,0.0,0.0,0.0,0.0,0.0,0.0,0.0,0.0,0.0,0.0,0.0,0.0
31.3146205223791,103.912158768946,9.79570224165576,223.0,35.0,131.1910379524899,5.0,5.0,2.110392679460171,1.6422105050926497e+18,0.0,0.0,0.0,0.0,0.0,0.0,0.0,0.0,0.0,0.0,0.0,0.0,0.0,0.0,0.0,0.0,0.0,0.0,0.0,0.0,0.0,0.0,0.0,0.0,0.0,0.0,0.0,0.0,0.0,0.0,0.0,0.0,0.0,1.0736750921769548e+16,2.1473501843539096e+16,4.765922591094566e+16,7.384494997835222e+16,1.1027381025207482e+17,1.467026705257974e+17,1.760751727444902e+17,2.0544767496318307e+17,2.149995334703938e+17,2.245513919776045e+17,2.1270454671632074e+17,2.0085770145503693e+17,1.7622454865769395e+17,1.5159139586035104e+17,1.2654952074163694e+17,1.0150764562292288e+17,8.383271305705875e+16,6.615778049119462e+16,5.4253490954939576e+16,4.234920141868454e+16,3.365646270751042e+16,2.4963723996336292e+16,1.7803355960841198e+16,1.0642987925346102e+16,5757708075157158.0,872428224968212.6,3727620782418541.5,6582813339868871.0,1.3019692679285692e+16,1.945657201870252e+16,2.812436404576375e+16,3.6792156072824984e+16,4.441772112923275e+16,5.204328618564053e+16,5.502571805317844e+16,5.8008149920716376e+16,5.325377058380319e+16,4.849939124689e+16,3.822806913345838e+16,2.795674702002677e+16,1.883253891018136e+16,9708330800335944.0,4854165400167972.0,0.0,0.0,0.0,62076468403724.22,124152936807448.44,1.166004183756174e+16,2.3195930738316028e+16,3.2979859920799336e+16,4.276378910328263e+16,3.9007984581461656e+16,3.525218005964069e+16,2.305806571296035e+16,1.0863951366280016e+16,5431975683140008.0,0.0,0.0,0.0,0.0,0.0,0.0,0.0,0.0,0.0,0.0,0.0,0.0,0.0,0.0,0.0,0.0,0.0,0.0,0.0,0.0,0.0,0.0,0.0,0.0,0.0,0.0,0.0,0.0,0.0,0.0,0.0,0.0,0.0,0.0,0.0,0.0,0.0,0.0,0.0,0.0,0.0,0.0,0.0,0.0,0.0,0.0,0.0,0.0,0.0,0.0,0.0,0.0,0.0,0.0,0.0,0.0,0.0,0.0,0.0,0.0,0.0,0.0,0.0,0.0,0.0,0.0,0.0,0.0,0.0,0.0,0.0,0.0,0.0,0.0,0.0,0.0,0.0,0.0,0.0,0.0,0.0,0.0,0.0,0.0,0.0,0.0,0.0,0.0,0.0,0.0,0.0,0.0,0.0,0.0,0.0,0.0,0.0,0.0,0.0,0.0,0.0,0.0,0.0,0.0,0.0,0.0,0.0,0.0,0.0,0.0,0.0,0.0,0.0,0.0,0.0,0.0,0.0,0.0,0.0,0.0,0.0,0.0,0.0,0.0,0.0,0.0,0.0,0.0,0.0,0.0,0.0,0.0,0.0,0.0,0.0,0.0,0.0,0.0,0.0,0.0,0.0,0.0,0.0,0.0,0.0,0.0,0.0,0.0,0.0,0.0
31.3401129609281,103.87949599219,12.5728923534004,223.0,32.5,132.54952899130302,5.0,5.0,2.2151594781982693,1.723735208597896e+18,0.0,0.0,0.0,0.0,0.0,0.0,0.0,0.0,0.0,0.0,0.0,0.0,0.0,0.0,0.0,0.0,0.0,0.0,0.0,0.0,0.0,0.0,0.0,0.0,0.0,0.0,0.0,0.0,0.0,0.0,0.0,0.0,0.0,1.5162554412811054e+16,3.0325108825622108e+16,6.209181830428934e+16,9.38585277829566e+16,1.361990843085772e+17,1.785396408341978e+17,2.1195811259088576e+17,2.4537658434757373e+17,2.564804435589934e+17,2.6758430277041312e+17,2.543152119097902e+17,2.4104612104916726e+17,2.1338288464486886e+17,1.857196482405704e+17,1.5645525368915763e+17,1.2719085913774486e+17,1.0531527933279445e+17,8.343969952784403e+16,6.7689103890848696e+16,5.193850825385337e+16,3.955646867890421e+16,2.717442910395506e+16,1.7905719739034544e+16,8637010374114028.0,4953025493392736.0,1269040612671444.5,4304077464183339.0,7339114315695234.0,1.2248258064862812e+16,1.7157401814030392e+16,2.191035224329481e+16,2.6663302672559224e+16,2.9290980084236696e+16,3.1918657495914164e+16,3.0513304300342332e+16,2.9107951104770496e+16,2.330283749811304e+16,1.7497723891455582e+16,1.1870602916216438e+16,6243481940977296.0,3121740970488648.0,0.0,0.0,0.0,0.0,0.0,0.0,0.0,4045288177497121.5,8090576354994243.0,1.4442744741514508e+16,2.0794913128034776e+16,1.880875907340768e+16,1.6822605018780584e+16,8411302509390292.0,0.0,0.0,0.0,0.0,0.0,0.0,0.0,0.0,0.0,0.0,0.0,0.0,0.0,0.0,0.0,0.0,0.0,0.0,0.0,0.0,0.0,0.0,0.0,0.0,0.0,0.0,0.0,0.0,0.0,0.0,0.0,0.0,0.0,0.0,0.0,0.0,0.0,0.0,0.0,0.0,0.0,0.0,0.0,0.0,0.0,0.0,0.0,0.0,0.0,0.0,0.0,0.0,0.0,0.0,0.0,0.0,0.0,0.0,0.0,0.0,0.0,0.0,0.0,0.0,0.0,0.0,0.0,0.0,0.0,0.0,0.0,0.0,0.0,0.0,0.0,0.0,0.0,0.0,0.0,0.0,0.0,0.0,0.0,0.0,0.0,0.0,0.0,0.0,0.0,0.0,0.0,0.0,0.0,0.0,0.0,0.0,0.0,0.0,0.0,0.0,0.0,0.0,0.0,0.0,0.0,0.0,0.0,0.0,0.0,0.0,0.0,0.0,0.0,0.0,0.0,0.0,0.0,0.0,0.0,0.0,0.0,0.0,0.0,0.0,0.0,0.0,0.0,0.0,0.0,0.0,0.0,0.0,0.0,0.0,0.0,0.0,0.0,0.0,0.0,0.0,0.0,0.0,0.0,0.0,0.0,0.0,0.0,0.0,0.0,0.0,0.0,0.0
31.3663241272841,103.845887115352,15.1661413742675,223.0,30.0,135.26645762721398,5.0,5.0,2.2944151439058613,1.7854083218909217e+18,0.0,0.0,0.0,0.0,0.0,0.0,0.0,0.0,0.0,0.0,0.0,0.0,0.0,0.0,0.0,0.0,0.0,0.0,0.0,0.0,0.0,0.0,0.0,0.0,0.0,0.0,0.0,0.0,0.0,0.0,0.0,580305714311322.5,1160611428622645.0,1.940145591348132e+16,3.764230039833999e+16,7.242441038860885e+16,1.0720652037887768e+17,1.5078868074427232e+17,1.9437084110966694e+17,2.298112994197566e+17,2.6525175772984627e+17,2.7771812714087898e+17,2.9018449655191155e+17,2.7788270268821216e+17,2.6558090882451277e+17,2.367924784938864e+17,2.0800404816325997e+17,1.7597741321633706e+17,1.4395077826941413e+17,1.1905789874009067e+17,9.416501921076726e+16,7.6204328289558e+16,5.824363736834873e+16,4.333374336781481e+16,2.842384936728089e+16,1.7979521363314152e+16,7535193359347409.0,4244960876316975.0,954728393286540.9,4884821955357505.0,8814915517428468.0,1.3639871909826834e+16,1.84648283022252e+16,2.0244343504087188e+16,2.2023858705949172e+16,1.9784147981979716e+16,1.7544437258010254e+16,1.2485895564120018e+16,7427353870229782.0,3713676935114891.0,0.0,0.0,0.0,0.0,0.0,0.0,0.0,0.0,0.0,0.0,0.0,0.0,0.0,1940600917524027.8,3881201835048055.5,4229118841798106.5,4577035848548158.0,2288517924274079.0,0.0,0.0,0.0,0.0,0.0,0.0,0.0,0.0,0.0,0.0,0.0,0.0,0.0,0.0,0.0,0.0,0.0,0.0,0.0,0.0,0.0,0.0,0.0,0.0,0.0,0.0,0.0,0.0,0.0,0.0,0.0,0.0,0.0,0.0,0.0,0.0,0.0,0.0,0.0,0.0,0.0,0.0,0.0,0.0,0.0,0.0,0.0,0.0,0.0,0.0,0.0,0.0,0.0,0.0,0.0,0.0,0.0,0.0,0.0,0.0,0.0,0.0,0.0,0.0,0.0,0.0,0.0,0.0,0.0,0.0,0.0,0.0,0.0,0.0,0.0,0.0,0.0,0.0,0.0,0.0,0.0,0.0,0.0,0.0,0.0,0.0,0.0,0.0,0.0,0.0,0.0,0.0,0.0,0.0,0.0,0.0,0.0,0.0,0.0,0.0,0.0,0.0,0.0,0.0,0.0,0.0,0.0,0.0,0.0,0.0,0.0,0.0,0.0,0.0,0.0,0.0,0.0,0.0,0.0,0.0,0.0,0.0,0.0,0.0,0.0,0.0,0.0,0.0,0.0,0.0,0.0,0.0,0.0,0.0,0.0,0.0,0.0,0.0,0.0,0.0,0.0,0.0,0.0,0.0,0.0,0.0,0.0,0.0,0.0,0.0,0.0,0.0
31.3935000148471,103.811120301448,17.4726870286192,223.0,25.0,135.64781947983215,5.0,5.0,2.3617542002632606,1.8378084779516572e+18,0.0,0.0,0.0,0.0,0.0,0.0,0.0,0.0,0.0,0.0,0.0,0.0,0.0,0.0,0.0,0.0,0.0,0.0,0.0,0.0,0.0,0.0,0.0,0.0,0.0,0.0,0.0,0.0,0.0,0.0,0.0,1130606463466248.2,2261212926932496.5,2.1421589329658904e+16,4.0581965732385304e+16,7.599372879596277e+16,1.1140549185954022e+17,1.5375830940706566e+17,1.961111269545911e+17,2.306252165662555e+17,2.6513930617791984e+17,2.7867753196655008e+17,2.922157577551803e+17,2.814746966784218e+17,2.707336356016633e+17,2.431977935860418e+17,2.156619515704203e+17,1.841742159646717e+17,1.526864803589232e+17,1.2795171293767227e+17,1.0321694551642139e+17,8.524884105313086e+16,6.728073658984031e+16,5.217135728236239e+16,3.706197797488446e+16,2.49378085384465e+16,1.2813639102008536e+16,7331897441425113.0,1850155780841693.0,5826708289568057.0,9803260798294420.0,1.473645062995692e+16,1.9669640461619424e+16,2.0810771284097316e+16,2.1951902106575216e+16,1.7478275811889688e+16,1.3004649517204162e+16,6913198153512023.0,821746789819884.2,410873394909942.1,0.0,0.0,0.0,0.0,0.0,0.0,0.0,0.0,0.0,0.0,0.0,0.0,0.0,562971275258539.6,1125942550517079.2,1768447188295975.0,2410951826074871.5,1205475913037435.8,0.0,0.0,0.0,0.0,0.0,0.0,0.0,0.0,0.0,0.0,0.0,0.0,0.0,0.0,0.0,0.0,0.0,0.0,0.0,0.0,0.0,0.0,0.0,0.0,0.0,0.0,0.0,0.0,0.0,0.0,0.0,0.0,0.0,0.0,0.0,0.0,0.0,0.0,0.0,0.0,0.0,0.0,0.0,0.0,0.0,0.0,0.0,0.0,0.0,0.0,0.0,0.0,0.0,0.0,0.0,0.0,0.0,0.0,0.0,0.0,0.0,0.0,0.0,0.0,0.0,0.0,0.0,0.0,0.0,0.0,0.0,0.0,0.0,0.0,0.0,0.0,0.0,0.0,0.0,0.0,0.0,0.0,0.0,0.0,0.0,0.0,0.0,0.0,0.0,0.0,0.0,0.0,0.0,0.0,0.0,0.0,0.0,0.0,0.0,0.0,0.0,0.0,0.0,0.0,0.0,0.0,0.0,0.0,0.0,0.0,0.0,0.0,0.0,0.0,0.0,0.0,0.0,0.0,0.0,0.0,0.0,0.0,0.0,0.0,0.0,0.0,0.0,0.0,0.0,0.0,0.0,0.0,0.0,0.0,0.0,0.0,0.0,0.0,0.0,0.0,0.0,0.0,0.0,0.0,0.0,0.0,0.0,0.0,0.0,0.0,0.0,0.0
31.2429816220482,103.925440425597,2.26576946759162,223.0,65.0,136.46597686279932,5.0,5.0,1.5668439715703413,1.2192459038533473e+18,0.0,0.0,0.0,0.0,0.0,0.0,0.0,0.0,0.0,0.0,0.0,0.0,0.0,0.0,0.0,0.0,0.0,0.0,0.0,0.0,0.0,0.0,0.0,0.0,0.0,0.0,0.0,0.0,0.0,0.0,0.0,0.0,0.0,3260001768364590.5,6520003536729181.0,1.81585956985861e+16,2.979718786044302e+16,4.874055186406597e+16,6.768391586768893e+16,8.627653609747536e+16,1.0486915632726178e+17,1.146713063735824e+17,1.2447345641990299e+17,1.2126398507117053e+17,1.1805451372243803e+17,1.0549476496447726e+17,9.29350162065165e+16,7.970348965525136e+16,6.6471963103986216e+16,5.734396866320967e+16,4.821597422243312e+16,4.207376784299633e+16,3.5931561463559516e+16,3.0409172429695136e+16,2.4886783395830756e+16,1.947039767348159e+16,1.4054011951132426e+16,9429714709696510.0,4805417468260598.0,3481574581891367.0,2157731695522135.8,8374958075824174.0,1.4592184456126212e+16,2.53348915331145e+16,3.607759861010279e+16,4.7853017134850776e+16,5.962843565959877e+16,6.708809908101842e+16,7.454776250243808e+16,7.56140606081379e+16,7.668035871383774e+16,6.955087341655616e+16,6.2421388119274584e+16,5.0441150606259656e+16,3.846091309324474e+16,2.7772085214167284e+16,1.7083257335089836e+16,1.0486950989156778e+16,3890644643223721.5,6218076277705223.0,8545507912186723.0,1.7344450413803636e+16,2.614339291542055e+16,2.9886603870265268e+16,3.3629814825109984e+16,2.7971034130133132e+16,2.231225343515628e+16,1.334397591299416e+16,4375698390832046.5,2187849195416023.2,0.0,0.0,0.0,0.0,0.0,0.0,0.0,0.0,0.0,0.0,0.0,0.0,0.0,0.0,0.0,0.0,0.0,0.0,0.0,0.0,0.0,0.0,0.0,0.0,0.0,0.0,0.0,0.0,0.0,0.0,0.0,0.0,0.0,0.0,0.0,0.0,0.0,0.0,0.0,0.0,0.0,0.0,0.0,0.0,0.0,0.0,0.0,0.0,0.0,0.0,0.0,0.0,0.0,0.0,0.0,0.0,0.0,0.0,0.0,0.0,0.0,0.0,0.0,0.0,0.0,0.0,0.0,0.0,0.0,0.0,0.0,0.0,0.0,0.0,0.0,0.0,0.0,0.0,0.0,0.0,0.0,0.0,0.0,0.0,0.0,0.0,0.0,0.0,0.0,0.0,0.0,0.0,0.0,0.0,0.0,0.0,0.0,0.0,0.0,0.0,0.0,0.0,0.0,0.0,0.0,0.0,0.0,0.0,0.0,0.0,0.0,0.0,0.0,0.0,0.0,0.0,0.0,0.0,0.0,0.0,0.0,0.0,0.0,0.0,0.0,0.0,0.0,0.0,0.0,0.0,0.0,0.0,0.0,0.0,0.0,0.0,0.0,0.0,0.0,0.0,0.0,0.0,0.0,0.0,0.0,0.0,0.0,0.0,0.0,0.0
31.259317912719,103.904563302791,6.44665004298069,223.0,50.0,131.19513340091498,5.0,5.0,1.708662262810468,1.329602374455017e+18,0.0,0.0,0.0,0.0,0.0,0.0,0.0,0.0,0.0,0.0,0.0,0.0,0.0,0.0,0.0,0.0,0.0,0.0,0.0,0.0,0.0,0.0,0.0,0.0,0.0,0.0,0.0,0.0,0.0,0.0,0.0,0.0,0.0,4211680941777950.5,8423361883555901.0,2.3783271289832616e+16,3.914318069610933e+16,6.4048634245108536e+16,8.895408779410773e+16,1.1223429341521235e+17,1.3551449903631701e+17,1.4626459809379434e+17,1.5701469715127165e+17,1.5248187101754746e+17,1.479490448838233e+17,1.3246621375374922e+17,1.1698338262367518e+17,1.0038260053155107e+17,8.378181843942693e+16,7.21102479761699e+16,6.043867751291285e+16,5.2700643411175496e+16,4.496260930943816e+16,3.783417455727175e+16,3.0705739805105348e+16,2.3176574314950292e+16,1.5647408824795236e+16,9428751032097006.0,3210093239398777.0,1605046619699388.5,0.0,4413151098745287.5,8826302197490575.0,1.899530456920322e+16,2.9164306940915864e+16,4.086462624857453e+16,5.256494555623319e+16,6.071143774541124e+16,6.885792993458929e+16,6.909935082177406e+16,6.934077170895885e+16,6.0552524092596696e+16,5.176427647623455e+16,3.951080818300004e+16,2.725733988976553e+16,1.7844140595242804e+16,8430941300720084.0,4215470650360042.0,0.0,2337246683043672.5,4674493366087345.0,1.3845392019717778e+16,2.3016290673348212e+16,2.81251442791223e+16,3.3233997884896388e+16,2.6488087605368056e+16,1.9742177325839732e+16,9871088662919866.0,0.0,0.0,0.0,0.0,0.0,0.0,0.0,0.0,0.0,0.0,0.0,0.0,0.0,0.0,0.0,0.0,0.0,0.0,0.0,0.0,0.0,0.0,0.0,0.0,0.0,0.0,0.0,0.0,0.0,0.0,0.0,0.0,0.0,0.0,0.0,0.0,0.0,0.0,0.0,0.0,0.0,0.0,0.0,0.0,0.0,0.0,0.0,0.0,0.0,0.0,0.0,0.0,0.0,0.0,0.0,0.0,0.0,0.0,0.0,0.0,0.0,0.0,0.0,0.0,0.0,0.0,0.0,0.0,0.0,0.0,0.0,0.0,0.0,0.0,0.0,0.0,0.0,0.0,0.0,0.0,0.0,0.0,0.0,0.0,0.0,0.0,0.0,0.0,0.0,0.0,0.0,0.0,0.0,0.0,0.0,0.0,0.0,0.0,0.0,0.0,0.0,0.0,0.0,0.0,0.0,0.0,0.0,0.0,0.0,0.0,0.0,0.0,0.0,0.0,0.0,0.0,0.0,0.0,0.0,0.0,0.0,0.0,0.0,0.0,0.0,0.0,0.0,0.0,0.0,0.0,0.0,0.0,0.0,0.0,0.0,0.0,0.0,0.0,0.0,0.0,0.0,0.0,0.0,0.0,0.0,0.0,0.0,0.0,0.0,0.0,0.0,0.0
31.2817344131073,103.875862188458,9.79570224165576,223.0,35.0,127.1830441373752,5.0,5.0,2.0311500519945542,1.5805475375597704e+18,0.0,0.0,0.0,0.0,0.0,0.0,0.0,0.0,0.0,0.0,0.0,0.0,0.0,0.0,0.0,0.0,0.0,0.0,0.0,0.0,0.0,0.0,0.0,0.0,0.0,0.0,0.0,0.0,0.0,0.0,0.0,0.0,0.0,6965941187907526.0,1.3931882375815052e+16,3.5979369488935284e+16,5.802685660205551e+16,9.276372917761075e+16,1.2750060175316602e+17,1.5848355154957277e+17,1.894665013459795e+17,2.0336409074116816e+17,2.1726168013635686e+17,2.108749399617157e+17,2.0448819978707453e+17,1.852895811634596e+17,1.660909625398446e+17,1.4462236319017674e+17,1.2315376384050891e+17,1.0622274559071774e+17,8.929172734092658e+16,7.623919898070642e+16,6.318667062048622e+16,5.159345798116226e+16,4.000024534183829e+16,2.9035775746663416e+16,1.807130615148854e+16,1.0323550807344626e+16,2575795463200715.5,1287897731600357.8,0.0,2970636901541090.5,5941273803082181.0,1.3784845859397248e+16,2.162841791571231e+16,3.2532546903656132e+16,4.343667589159996e+16,4.932112874878235e+16,5.520558160596474e+16,5.1456467342220296e+16,4.770735307847588e+16,3.788017697059261e+16,2.8053000862709348e+16,1.900224258322706e+16,9951484303744770.0,4975742151872385.0,0.0,0.0,0.0,0.0,0.0,7074180739220198.0,1.4148361478440396e+16,1.9818190040860604e+16,2.5488018603280812e+16,2.071459766064969e+16,1.5941176718018566e+16,7970588359009283.0,0.0,0.0,0.0,0.0,0.0,0.0,0.0,0.0,0.0,0.0,0.0,0.0,0.0,0.0,0.0,0.0,0.0,0.0,0.0,0.0,0.0,0.0,0.0,0.0,0.0,0.0,0.0,0.0,0.0,0.0,0.0,0.0,0.0,0.0,0.0,0.0,0.0,0.0,0.0,0.0,0.0,0.0,0.0,0.0,0.0,0.0,0.0,0.0,0.0,0.0,0.0,0.0,0.0,0.0,0.0,0.0,0.0,0.0,0.0,0.0,0.0,0.0,0.0,0.0,0.0,0.0,0.0,0.0,0.0,0.0,0.0,0.0,0.0,0.0,0.0,0.0,0.0,0.0,0.0,0.0,0.0,0.0,0.0,0.0,0.0,0.0,0.0,0.0,0.0,0.0,0.0,0.0,0.0,0.0,0.0,0.0,0.0,0.0,0.0,0.0,0.0,0.0,0.0,0.0,0.0,0.0,0.0,0.0,0.0,0.0,0.0,0.0,0.0,0.0,0.0,0.0,0.0,0.0,0.0,0.0,0.0,0.0,0.0,0.0,0.0,0.0,0.0,0.0,0.0,0.0,0.0,0.0,0.0,0.0,0.0,0.0,0.0,0.0,0.0,0.0,0.0,0.0,0.0,0.0,0.0,0.0,0.0,0.0,0.0,0.0,0.0,0.0
31.3072268516564,103.843189797424,12.5728923534004,223.0,32.5,128.5836600955239,5.0,5.0,2.3039183100244083,1.7928032486187333e+18,0.0,0.0,0.0,0.0,0.0,0.0,0.0,0.0,0.0,0.0,0.0,0.0,0.0,0.0,0.0,0.0,0.0,0.0,0.0,0.0,0.0,0.0,0.0,0.0,0.0,0.0,0.0,0.0,0.0,0.0,0.0,0.0,0.0,1.0621819357415302e+16,2.1243638714830604e+16,4.907792897730524e+16,7.691221923977989e+16,1.1867954405332845e+17,1.6044686886687702e+17,1.9832016266739462e+17,2.3619345646791222e+17,2.5386775662617408e+17,2.71542056784436e+17,2.6574086184965293e+17,2.5993966691486982e+17,2.3814429363279904e+17,2.1634892035072826e+17,1.8998640813545226e+17,1.6362389592017626e+17,1.4021739251716626e+17,1.1681088911415627e+17,9.74142384489703e+16,7.801758778378435e+16,6.0690127488531544e+16,4.3362667193278744e+16,2.9365554258518708e+16,1.5368441323758672e+16,7684220661879336.0,0.0,163249879192767.38,326499758385534.75,3215410557076787.0,6104321355768038.0,1.258655937317118e+16,1.9068797390574324e+16,2.628753472350843e+16,3.3506272056442548e+16,3.4053295299924256e+16,3.460031854340596e+16,2.7976765067734236e+16,2.1353211592062508e+16,1.4154197666833194e+16,6955183741603873.0,3477591870801936.5,0.0,0.0,0.0,0.0,0.0,0.0,0.0,1532457931578191.5,3064915863156383.0,5539167752951305.0,8013419642746227.0,4006709821373113.5,0.0,0.0,0.0,0.0,0.0,0.0,0.0,0.0,0.0,0.0,0.0,0.0,0.0,0.0,0.0,0.0,0.0,0.0,0.0,0.0,0.0,0.0,0.0,0.0,0.0,0.0,0.0,0.0,0.0,0.0,0.0,0.0,0.0,0.0,0.0,0.0,0.0,0.0,0.0,0.0,0.0,0.0,0.0,0.0,0.0,0.0,0.0,0.0,0.0,0.0,0.0,0.0,0.0,0.0,0.0,0.0,0.0,0.0,0.0,0.0,0.0,0.0,0.0,0.0,0.0,0.0,0.0,0.0,0.0,0.0,0.0,0.0,0.0,0.0,0.0,0.0,0.0,0.0,0.0,0.0,0.0,0.0,0.0,0.0,0.0,0.0,0.0,0.0,0.0,0.0,0.0,0.0,0.0,0.0,0.0,0.0,0.0,0.0,0.0,0.0,0.0,0.0,0.0,0.0,0.0,0.0,0.0,0.0,0.0,0.0,0.0,0.0,0.0,0.0,0.0,0.0,0.0,0.0,0.0,0.0,0.0,0.0,0.0,0.0,0.0,0.0,0.0,0.0,0.0,0.0,0.0,0.0,0.0,0.0,0.0,0.0,0.0,0.0,0.0,0.0,0.0,0.0,0.0,0.0,0.0,0.0,0.0,0.0,0.0,0.0,0.0,0.0,0.0,0.0
31.3334380180124,103.809570532549,15.1661413742675,223.0,30.0,131.00829701932506,5.0,5.0,2.521281173925167,1.9619450306145644e+18,0.0,0.0,0.0,0.0,0.0,0.0,0.0,0.0,0.0,0.0,0.0,0.0,0.0,0.0,0.0,0.0,0.0,0.0,0.0,0.0,0.0,0.0,0.0,0.0,0.0,0.0,0.0,0.0,0.0,0.0,0.0,0.0,0.0,1.5009770834632754e+16,3.0019541669265508e+16,6.172831996236274e+16,9.343709825545995e+16,1.3741920801993811e+17,1.8140131778441626e+17,2.2169968820581834e+17,2.619980586272204e+17,2.82688943363449e+17,3.033798280996775e+17,2.9918349727743955e+17,2.949871664552016e+17,2.7226285376434768e+17,2.4953854107349373e+17,2.192957536808273e+17,1.890529662881608e+17,1.6106047640660643e+17,1.3306798652505205e+17,1.0992792942496778e+17,8.67878723248835e+16,6.628552640302372e+16,4.5783180481163944e+16,2.996056439133563e+16,1.4137948301507318e+16,7068974150753659.0,0.0,1286791663032728.8,2573583326065457.5,6816243765573706.0,1.1058904205081954e+16,1.6288710229316822e+16,2.151851625355169e+16,2.3020138929240868e+16,2.4521761604930052e+16,1.9625496083967396e+16,1.4729230563004734e+16,8573788665596832.0,2418346768188928.0,1209173384094464.0,0.0,0.0,0.0,0.0,0.0,0.0,0.0,0.0,0.0,0.0,0.0,766591004119411.9,1533182008238823.8,766591004119411.9,0.0,0.0,0.0,0.0,0.0,0.0,0.0,0.0,0.0,0.0,0.0,0.0,0.0,0.0,0.0,0.0,0.0,0.0,0.0,0.0,0.0,0.0,0.0,0.0,0.0,0.0,0.0,0.0,0.0,0.0,0.0,0.0,0.0,0.0,0.0,0.0,0.0,0.0,0.0,0.0,0.0,0.0,0.0,0.0,0.0,0.0,0.0,0.0,0.0,0.0,0.0,0.0,0.0,0.0,0.0,0.0,0.0,0.0,0.0,0.0,0.0,0.0,0.0,0.0,0.0,0.0,0.0,0.0,0.0,0.0,0.0,0.0,0.0,0.0,0.0,0.0,0.0,0.0,0.0,0.0,0.0,0.0,0.0,0.0,0.0,0.0,0.0,0.0,0.0,0.0,0.0,0.0,0.0,0.0,0.0,0.0,0.0,0.0,0.0,0.0,0.0,0.0,0.0,0.0,0.0,0.0,0.0,0.0,0.0,0.0,0.0,0.0,0.0,0.0,0.0,0.0,0.0,0.0,0.0,0.0,0.0,0.0,0.0,0.0,0.0,0.0,0.0,0.0,0.0,0.0,0.0,0.0,0.0,0.0,0.0,0.0,0.0,0.0,0.0,0.0,0.0,0.0,0.0,0.0,0.0,0.0,0.0,0.0,0.0,0.0,0.0,0.0,0.0,0.0
31.3606139055753,103.774795777717,17.4726870286192,223.0,25.0,132.04532718072292,5.0,5.0,2.6079543012731383,2.0293900713528978e+18,0.0,0.0,0.0,0.0,0.0,0.0,0.0,0.0,0.0,0.0,0.0,0.0,0.0,0.0,0.0,0.0,0.0,0.0,0.0,0.0,0.0,0.0,0.0,0.0,0.0,0.0,0.0,0.0,0.0,0.0,0.0,0.0,0.0,1.6545531454903246e+16,3.3091062909806492e+16,6.60607180257965e+16,9.903037314178651e+16,1.4244601974366619e+17,1.858616663455459e+17,2.2591370446645654e+17,2.6596574258736723e+17,2.877048357563718e+17,3.094439289253764e+17,3.066853171530141e+17,3.0392670538065184e+17,2.820880302392892e+17,2.6024935509792662e+17,2.2957151323825363e+17,1.9889367137858064e+17,1.6979785328970518e+17,1.407020352008297e+17,1.1691496788287906e+17,9.312790056492838e+16,7.209440267417266e+16,5.106090478341692e+16,3.4375111717636796e+16,1.7689318651856674e+16,9400384104103866.0,1111449556351058.1,1955021168260540.0,2798592780170021.5,9132106364244026.0,1.5465619948318032e+16,2.0143875986491956e+16,2.482213202466588e+16,2.252199049785052e+16,2.0221848971035164e+16,1.3066190695462576e+16,5910532419889991.0,2955266209944995.5,0.0,0.0,0.0,0.0,0.0,0.0,0.0,0.0,0.0,0.0,0.0,0.0,0.0,8615342197188.655,17230684394377.31,8615342197188.655,0.0,0.0,0.0,0.0,0.0,0.0,0.0,0.0,0.0,0.0,0.0,0.0,0.0,0.0,0.0,0.0,0.0,0.0,0.0,0.0,0.0,0.0,0.0,0.0,0.0,0.0,0.0,0.0,0.0,0.0,0.0,0.0,0.0,0.0,0.0,0.0,0.0,0.0,0.0,0.0,0.0,0.0,0.0,0.0,0.0,0.0,0.0,0.0,0.0,0.0,0.0,0.0,0.0,0.0,0.0,0.0,0.0,0.0,0.0,0.0,0.0,0.0,0.0,0.0,0.0,0.0,0.0,0.0,0.0,0.0,0.0,0.0,0.0,0.0,0.0,0.0,0.0,0.0,0.0,0.0,0.0,0.0,0.0,0.0,0.0,0.0,0.0,0.0,0.0,0.0,0.0,0.0,0.0,0.0,0.0,0.0,0.0,0.0,0.0,0.0,0.0,0.0,0.0,0.0,0.0,0.0,0.0,0.0,0.0,0.0,0.0,0.0,0.0,0.0,0.0,0.0,0.0,0.0,0.0,0.0,0.0,0.0,0.0,0.0,0.0,0.0,0.0,0.0,0.0,0.0,0.0,0.0,0.0,0.0,0.0,0.0,0.0,0.0,0.0,0.0,0.0,0.0,0.0,0.0,0.0,0.0,0.0,0.0,0.0,0.0,0.0,0.0,0.0,0.0
31.2100955127765,103.889156185214,2.26576946759162,223.0,65.0,131.70870972693814,5.0,5.0,1.2442893691426713,9.682487497558463e+17,0.0,0.0,0.0,0.0,0.0,0.0,0.0,0.0,0.0,0.0,0.0,0.0,0.0,0.0,0.0,0.0,0.0,0.0,0.0,0.0,0.0,0.0,0.0,0.0,0.0,0.0,0.0,0.0,0.0,0.0,0.0,0.0,0.0,1044979241217774.5,2089958482435549.0,8638411799629993.0,1.5186865116824436e+16,2.891867522875582e+16,4.265048534068722e+16,5.811554408999152e+16,7.358060283929584e+16,8.352095521598309e+16,9.346130759267034e+16,9.452372235535674e+16,9.558613711804314e+16,8.924851319212224e+16,8.291088926620133e+16,7.578468954898123e+16,6.865848983176115e+16,6.331190672144057e+16,5.796532361111998e+16,5.277075882579272e+16,4.757619404046545e+16,4.067780713559311e+16,3.3779420230720784e+16,2.595325822338926e+16,1.812709621605774e+16,1.1774613031789118e+16,5422129847520494.0,2711064923760247.0,0.0,2641738386333044.5,5283476772666089.0,1.256647225454915e+16,1.984946773643221e+16,2.991924672497926e+16,3.998902571352631e+16,4.8445917718448584e+16,5.690280972337087e+16,6.008787116801654e+16,6.327293261266222e+16,5.848287995587614e+16,5.369282729909008e+16,4.3577475770306216e+16,3.3462124241522364e+16,2.3982492542030824e+16,1.4502860842539284e+16,8932986540928351.0,3363112239317418.5,3246688770845300.0,3130265302373180.0,8168734300694210.0,1.3207203299015242e+16,1.5121310785745296e+16,1.7035418272475354e+16,1.229887221976376e+16,7562326167052164.0,3781163083526082.0,0.0,0.0,0.0,0.0,0.0,0.0,0.0,0.0,0.0,0.0,0.0,0.0,0.0,0.0,0.0,0.0,0.0,0.0,0.0,0.0,0.0,0.0,0.0,0.0,0.0,0.0,0.0,0.0,0.0,0.0,0.0,0.0,0.0,0.0,0.0,0.0,0.0,0.0,0.0,0.0,0.0,0.0,0.0,0.0,0.0,0.0,0.0,0.0,0.0,0.0,0.0,0.0,0.0,0.0,0.0,0.0,0.0,0.0,0.0,0.0,0.0,0.0,0.0,0.0,0.0,0.0,0.0,0.0,0.0,0.0,0.0,0.0,0.0,0.0,0.0,0.0,0.0,0.0,0.0,0.0,0.0,0.0,0.0,0.0,0.0,0.0,0.0,0.0,0.0,0.0,0.0,0.0,0.0,0.0,0.0,0.0,0.0,0.0,0.0,0.0,0.0,0.0,0.0,0.0,0.0,0.0,0.0,0.0,0.0,0.0,0.0,0.0,0.0,0.0,0.0,0.0,0.0,0.0,0.0,0.0,0.0,0.0,0.0,0.0,0.0,0.0,0.0,0.0,0.0,0.0,0.0,0.0,0.0,0.0,0.0,0.0,0.0,0.0,0.0,0.0,0.0,0.0,0.0,0.0,0.0,0.0,0.0,0.0,0.0,0.0,0.0,0.0
31.2264318034473,103.868274491361,6.44665004298069,223.0,50.0,124.71324576817992,5.0,5.0,1.4769122971087143,1.1492652116443345e+18,0.0,0.0,0.0,0.0,0.0,0.0,0.0,0.0,0.0,0.0,0.0,0.0,0.0,0.0,0.0,0.0,0.0,0.0,0.0,0.0,0.0,0.0,0.0,0.0,0.0,0.0,0.0,0.0,0.0,0.0,0.0,0.0,0.0,904993828721389.5,1809987657442779.0,1.1318765390274788e+16,2.0827543123106796e+16,4.0500048096095576e+16,6.017255306908436e+16,8.141979403375928e+16,1.0266703499843422e+17,1.1589625793965534e+17,1.2912548088087643e+17,1.3031175084490622e+17,1.3149802080893602e+17,1.2354131689621515e+17,1.1558461298349429e+17,1.0556684124673861e+17,9.554906950998291e+16,8.768756315181848e+16,7.982605679365406e+16,7.222136545903834e+16,6.461667412442261e+16,5.486645795277231e+16,4.511624178112202e+16,3.3461694765521132e+16,2.1807147749920252e+16,1.2994076459222212e+16,4181005168524175.0,2090502584262087.5,0.0,823857490789083.4,1647714981578166.8,8014968111274961.0,1.4382221240971754e+16,2.531307968931839e+16,3.624393813766503e+16,4.624523755574093e+16,5.6246536973816824e+16,5.843101314754543e+16,6.0615489321274024e+16,5.3587547464650936e+16,4.655960560802786e+16,3.544053400611647e+16,2.432146240420509e+16,1.5372562872019742e+16,6423663339834400.0,3211831669917200.0,0.0,351757827556017.44,703515655112034.9,6717701626623030.0,1.2731887598134026e+16,1.4669817666424188e+16,1.6607747734714352e+16,8303873867357176.0,0.0,0.0,0.0,0.0,0.0,0.0,0.0,0.0,0.0,0.0,0.0,0.0,0.0,0.0,0.0,0.0,0.0,0.0,0.0,0.0,0.0,0.0,0.0,0.0,0.0,0.0,0.0,0.0,0.0,0.0,0.0,0.0,0.0,0.0,0.0,0.0,0.0,0.0,0.0,0.0,0.0,0.0,0.0,0.0,0.0,0.0,0.0,0.0,0.0,0.0,0.0,0.0,0.0,0.0,0.0,0.0,0.0,0.0,0.0,0.0,0.0,0.0,0.0,0.0,0.0,0.0,0.0,0.0,0.0,0.0,0.0,0.0,0.0,0.0,0.0,0.0,0.0,0.0,0.0,0.0,0.0,0.0,0.0,0.0,0.0,0.0,0.0,0.0,0.0,0.0,0.0,0.0,0.0,0.0,0.0,0.0,0.0,0.0,0.0,0.0,0.0,0.0,0.0,0.0,0.0,0.0,0.0,0.0,0.0,0.0,0.0,0.0,0.0,0.0,0.0,0.0,0.0,0.0,0.0,0.0,0.0,0.0,0.0,0.0,0.0,0.0,0.0,0.0,0.0,0.0,0.0,0.0,0.0,0.0,0.0,0.0,0.0,0.0,0.0,0.0,0.0,0.0,0.0,0.0,0.0,0.0,0.0,0.0,0.0,0.0,0.0,0.0,0.0,0.0
31.2488483038356,103.83956560797,9.79570224165576,223.0,35.0,121.06925645055594,5.0,5.0,1.985463111523148,1.5449960620841838e+18,0.0,0.0,0.0,0.0,0.0,0.0,0.0,0.0,0.0,0.0,0.0,0.0,0.0,0.0,0.0,0.0,0.0,0.0,0.0,0.0,0.0,0.0,0.0,0.0,0.0,0.0,0.0,0.0,0.0,0.0,0.0,0.0,0.0,2395566165240305.5,4791132330480611.0,2.047967682092665e+16,3.616822131137269e+16,6.656390491360326e+16,9.695958851583384e+16,1.2820255231664187e+17,1.594455161174499e+17,1.7826126960182627e+17,1.970770230862027e+17,1.9939874532368477e+17,2.017204675611669e+17,1.914181667997034e+17,1.811158660382399e+17,1.6624140309497987e+17,1.5136694015171984e+17,1.3688739431661246e+17,1.2240784848150506e+17,1.0797248517891189e+17,9.35371218763187e+16,7.668675340513842e+16,5.9836384933958136e+16,4.249609104418599e+16,2.5155797154413852e+16,1.3705794017754724e+16,2255790881095594.5,1127895440547797.2,0.0,0.0,0.0,7855589429630854.0,1.5711178859261708e+16,2.872917619180366e+16,4.174717352434562e+16,4.861536655513978e+16,5.548355958593394e+16,5.094096317490679e+16,4.6398366763879624e+16,3.647986928022732e+16,2.6561371796575016e+16,1.7804167699629886e+16,9046963602684758.0,4523481801342379.0,0.0,0.0,0.0,0.0,0.0,3725359375948210.5,7450718751896421.0,9104874755872602.0,1.0759030759848786e+16,5379515379924393.0,0.0,0.0,0.0,0.0,0.0,0.0,0.0,0.0,0.0,0.0,0.0,0.0,0.0,0.0,0.0,0.0,0.0,0.0,0.0,0.0,0.0,0.0,0.0,0.0,0.0,0.0,0.0,0.0,0.0,0.0,0.0,0.0,0.0,0.0,0.0,0.0,0.0,0.0,0.0,0.0,0.0,0.0,0.0,0.0,0.0,0.0,0.0,0.0,0.0,0.0,0.0,0.0,0.0,0.0,0.0,0.0,0.0,0.0,0.0,0.0,0.0,0.0,0.0,0.0,0.0,0.0,0.0,0.0,0.0,0.0,0.0,0.0,0.0,0.0,0.0,0.0,0.0,0.0,0.0,0.0,0.0,0.0,0.0,0.0,0.0,0.0,0.0,0.0,0.0,0.0,0.0,0.0,0.0,0.0,0.0,0.0,0.0,0.0,0.0,0.0,0.0,0.0,0.0,0.0,0.0,0.0,0.0,0.0,0.0,0.0,0.0,0.0,0.0,0.0,0.0,0.0,0.0,0.0,0.0,0.0,0.0,0.0,0.0,0.0,0.0,0.0,0.0,0.0,0.0,0.0,0.0,0.0,0.0,0.0,0.0,0.0,0.0,0.0,0.0,0.0,0.0,0.0,0.0,0.0,0.0,0.0,0.0,0.0,0.0,0.0,0.0,0.0,0.0,0.0
31.2743407423847,103.806883602658,12.5728923534004,223.0,32.5,123.16143775302567,5.0,5.0,2.4508438523462086,1.9071339470786117e+18,0.0,0.0,0.0,0.0,0.0,0.0,0.0,0.0,0.0,0.0,0.0,0.0,0.0,0.0,0.0,0.0,0.0,0.0,0.0,0.0,0.0,0.0,0.0,1179482037490405.0,2358964074980810.0,1374916233311706.8,390868391642603.7,195434195821301.84,0.0,0.0,0.0,0.0,0.0,5145484887021111.0,1.0290969774042222e+16,3.2127778388901972e+16,5.396458700376172e+16,9.244314491093309e+16,1.3092170281810445e+17,1.7123174132256022e+17,2.11541779827016e+17,2.368955228529567e+17,2.6224926587889744e+17,2.6706397224709814e+17,2.7187867861529878e+17,2.5975733786737578e+17,2.4763599711945283e+17,2.2673910920924893e+17,2.058422212990451e+17,1.829252680266435e+17,1.600083147542419e+17,1.3678599014424349e+17,1.1356366553424509e+17,8.958150885546602e+16,6.559935217668694e+16,4.445801547333374e+16,2.3316678769980544e+16,1.1658339384990272e+16,0.0,0.0,0.0,1626387886577561.2,3252775773155122.5,1.3122965647864804e+16,2.299315552257449e+16,3.3272033196868216e+16,4.355091087116195e+16,4.374392031554263e+16,4.393692975992332e+16,3.4733603013155024e+16,2.5530276266386736e+16,1.6657391704478872e+16,7784507142571007.0,4153426424006854.0,522345705442700.94,261172852721350.47,0.0,0.0,0.0,0.0,0.0,0.0,0.0,0.0,0.0,0.0,0.0,0.0,0.0,0.0,0.0,0.0,0.0,0.0,0.0,0.0,0.0,0.0,0.0,0.0,0.0,0.0,0.0,0.0,0.0,0.0,0.0,0.0,0.0,0.0,0.0,0.0,0.0,0.0,0.0,0.0,0.0,0.0,0.0,0.0,0.0,0.0,0.0,0.0,0.0,0.0,0.0,0.0,0.0,0.0,0.0,0.0,0.0,0.0,0.0,0.0,0.0,0.0,0.0,0.0,0.0,0.0,0.0,0.0,0.0,0.0,0.0,0.0,0.0,0.0,0.0,0.0,0.0,0.0,0.0,0.0,0.0,0.0,0.0,0.0,0.0,0.0,0.0,0.0,0.0,0.0,0.0,0.0,0.0,0.0,0.0,0.0,0.0,0.0,0.0,0.0,0.0,0.0,0.0,0.0,0.0,0.0,0.0,0.0,0.0,0.0,0.0,0.0,0.0,0.0,0.0,0.0,0.0,0.0,0.0,0.0,0.0,0.0,0.0,0.0,0.0,0.0,0.0,0.0,0.0,0.0,0.0,0.0,0.0,0.0,0.0,0.0,0.0,0.0,0.0,0.0,0.0,0.0,0.0,0.0,0.0,0.0,0.0,0.0,0.0,0.0,0.0,0.0,0.0,0.0,0.0,0.0,0.0,0.0,0.0,0.0,0.0,0.0,0.0,0.0
31.3005519087406,103.773253949747,15.1661413742675,223.0,30.0,126.61576756284128,5.0,5.0,2.7738379942190416,2.1584731305535242e+18,0.0,0.0,0.0,0.0,0.0,0.0,0.0,0.0,0.0,0.0,0.0,0.0,0.0,0.0,0.0,0.0,0.0,0.0,0.0,0.0,0.0,0.0,0.0,1382058233807911.5,2764116467615823.0,1650235097659674.8,536353727703526.44,268176863851763.22,0.0,0.0,0.0,0.0,0.0,9064518723744702.0,1.8129037447489404e+16,4.459944190870732e+16,7.106984636992524e+16,1.1379959924826754e+17,1.5652935212660982e+17,2.010674387250093e+17,2.456055253234088e+17,2.755736283257108e+17,3.055417313280128e+17,3.123627891924775e+17,3.191838470569422e+17,3.061013707172818e+17,2.930188943776215e+17,2.6716566354451418e+17,2.4131243271140688e+17,2.113199792786021e+17,1.813275258457973e+17,1.5189241922167706e+17,1.2245731259755678e+17,9.422893596749413e+16,6.600055933743147e+16,4.329123926618661e+16,2.058191919494175e+16,1.0290959597470876e+16,0.0,0.0,0.0,5428830839387616.0,1.0857661678775232e+16,2.0401865327554212e+16,2.9946068976333188e+16,3.416945950740582e+16,3.839285003847844e+16,3.2697201126863988e+16,2.7001552215249536e+16,1.7609047973737044e+16,8216543732224549.0,4108271866112274.5,0.0,0.0,0.0,0.0,0.0,0.0,0.0,0.0,0.0,0.0,0.0,0.0,0.0,0.0,0.0,0.0,0.0,0.0,0.0,0.0,0.0,0.0,0.0,0.0,0.0,0.0,0.0,0.0,0.0,0.0,0.0,0.0,0.0,0.0,0.0,0.0,0.0,0.0,0.0,0.0,0.0,0.0,0.0,0.0,0.0,0.0,0.0,0.0,0.0,0.0,0.0,0.0,0.0,0.0,0.0,0.0,0.0,0.0,0.0,0.0,0.0,0.0,0.0,0.0,0.0,0.0,0.0,0.0,0.0,0.0,0.0,0.0,0.0,0.0,0.0,0.0,0.0,0.0,0.0,0.0,0.0,0.0,0.0,0.0,0.0,0.0,0.0,0.0,0.0,0.0,0.0,0.0,0.0,0.0,0.0,0.0,0.0,0.0,0.0,0.0,0.0,0.0,0.0,0.0,0.0,0.0,0.0,0.0,0.0,0.0,0.0,0.0,0.0,0.0,0.0,0.0,0.0,0.0,0.0,0.0,0.0,0.0,0.0,0.0,0.0,0.0,0.0,0.0,0.0,0.0,0.0,0.0,0.0,0.0,0.0,0.0,0.0,0.0,0.0,0.0,0.0,0.0,0.0,0.0,0.0,0.0,0.0,0.0,0.0,0.0,0.0,0.0,0.0,0.0,0.0,0.0,0.0,0.0,0.0,0.0,0.0,0.0,0.0,0.0,0.0,0.0,0.0,0.0
31.3277277963036,103.738471253987,17.4726870286192,223.0,25.0,128.26594875662335,5.0,5.0,2.895766001548098,2.2533518971686587e+18,0.0,0.0,0.0,0.0,0.0,0.0,0.0,0.0,0.0,0.0,0.0,0.0,0.0,0.0,0.0,0.0,0.0,0.0,0.0,0.0,0.0,0.0,0.0,1062862258360125.2,2125724516720250.5,1062862258360125.2,0.0,0.0,0.0,0.0,0.0,0.0,0.0,1.1444906050800116e+16,2.288981210160023e+16,5.124676847418712e+16,7.960372484677402e+16,1.2243256003551485e+17,1.6526139522425568e+17,2.1028645871691635e+17,2.5531152220957706e+17,2.8603069518193334e+17,3.167498681542896e+17,3.250309721247748e+17,3.3331207609525997e+17,3.203789356195479e+17,3.074457951438358e+17,2.807086391596075e+17,2.5397148317537914e+17,2.2185648562440406e+17,1.89741488073429e+17,1.5877165409957405e+17,1.2780182012571907e+17,9.846582128426069e+16,6.9129822442802296e+16,4.566817154538942e+16,2.2206520647976556e+16,1.1310220946413474e+16,413921244850393.06,562474971867786.2,711028698885179.4,9184448878953118.0,1.765786905902106e+16,2.6660428525441388e+16,3.5662987991861724e+16,3.5541029042240804e+16,3.5419070092619896e+16,2.6033471461169364e+16,1.6647872829718832e+16,8967983661900796.0,1288094494082760.5,644047247041380.2,0.0,0.0,0.0,0.0,0.0,0.0,0.0,0.0,0.0,0.0,0.0,0.0,0.0,0.0,0.0,0.0,0.0,0.0,0.0,0.0,0.0,0.0,0.0,0.0,0.0,0.0,0.0,0.0,0.0,0.0,0.0,0.0,0.0,0.0,0.0,0.0,0.0,0.0,0.0,0.0,0.0,0.0,0.0,0.0,0.0,0.0,0.0,0.0,0.0,0.0,0.0,0.0,0.0,0.0,0.0,0.0,0.0,0.0,0.0,0.0,0.0,0.0,0.0,0.0,0.0,0.0,0.0,0.0,0.0,0.0,0.0,0.0,0.0,0.0,0.0,0.0,0.0,0.0,0.0,0.0,0.0,0.0,0.0,0.0,0.0,0.0,0.0,0.0,0.0,0.0,0.0,0.0,0.0,0.0,0.0,0.0,0.0,0.0,0.0,0.0,0.0,0.0,0.0,0.0,0.0,0.0,0.0,0.0,0.0,0.0,0.0,0.0,0.0,0.0,0.0,0.0,0.0,0.0,0.0,0.0,0.0,0.0,0.0,0.0,0.0,0.0,0.0,0.0,0.0,0.0,0.0,0.0,0.0,0.0,0.0,0.0,0.0,0.0,0.0,0.0,0.0,0.0,0.0,0.0,0.0,0.0,0.0,0.0,0.0,0.0,0.0,0.0,0.0,0.0,0.0,0.0,0.0,0.0,0.0,0.0,0.0,0.0,0.0,0.0,0.0,0.0,0.0,0.0
31.1772094035047,103.852871944831,2.26576946759162,223.0,65.0,123.31973706582487,5.0,5.0,0.9102382994663862,7.083055736829663e+17,0.0,0.0,0.0,0.0,0.0,0.0,0.0,0.0,0.0,0.0,0.0,0.0,0.0,0.0,0.0,0.0,0.0,0.0,0.0,0.0,0.0,0.0,0.0,0.0,0.0,0.0,0.0,0.0,0.0,0.0,0.0,0.0,0.0,0.0,0.0,2315209116260781.0,4630418232521562.0,1.117869347652048e+16,1.7726968720519398e+16,2.7986744690027096e+16,3.82465206595348e+16,4.826240470520071e+16,5.827828875086665e+16,6.363213595166386e+16,6.898598315246107e+16,6.966876329080355e+16,7.035154342914605e+16,6.955296752467441e+16,6.875439162020277e+16,6.644994118877831e+16,6.414549075735386e+16,5.905404135855836e+16,5.3962591959762856e+16,4.592695660229018e+16,3.78913212448175e+16,2.8239832528352876e+16,1.8588343811888252e+16,1.1036279149326578e+16,3484214486764902.5,1742107243382451.2,0.0,1067094633124537.8,2134189266249075.5,5315356102978331.0,8496522939707586.0,1.4978305289595084e+16,2.146008763948258e+16,2.867560338906878e+16,3.589111913865498e+16,3.969828806208356e+16,4.3505456985512136e+16,4.139628069262178e+16,3.928710439973141e+16,3.2318319527012652e+16,2.5349534654293896e+16,1.831953985821422e+16,1.1289545062134542e+16,7141527302418664.0,2993509542702785.5,1750278581616287.5,507047620529790.2,2548063303873721.0,4589078987217652.0,5054823533421783.0,5520568079625916.0,3878150310455100.0,2235732541284284.0,1117866270642142.0,0.0,0.0,0.0,0.0,0.0,0.0,0.0,0.0,0.0,0.0,0.0,0.0,0.0,0.0,0.0,0.0,0.0,0.0,0.0,0.0,0.0,0.0,0.0,0.0,0.0,0.0,0.0,0.0,0.0,0.0,0.0,0.0,0.0,0.0,0.0,0.0,0.0,0.0,0.0,0.0,0.0,0.0,0.0,0.0,0.0,0.0,0.0,0.0,0.0,0.0,0.0,0.0,0.0,0.0,0.0,0.0,0.0,0.0,0.0,0.0,0.0,0.0,0.0,0.0,0.0,0.0,0.0,0.0,0.0,0.0,0.0,0.0,0.0,0.0,0.0,0.0,0.0,0.0,0.0,0.0,0.0,0.0,0.0,0.0,0.0,0.0,0.0,0.0,0.0,0.0,0.0,0.0,0.0,0.0,0.0,0.0,0.0,0.0,0.0,0.0,0.0,0.0,0.0,0.0,0.0,0.0,0.0,0.0,0.0,0.0,0.0,0.0,0.0,0.0,0.0,0.0,0.0,0.0,0.0,0.0,0.0,0.0,0.0,0.0,0.0,0.0,0.0,0.0,0.0,0.0,0.0,0.0,0.0,0.0,0.0,0.0,0.0,0.0,0.0,0.0,0.0,0.0,0.0,0.0,0.0,0.0,0.0,0.0,0.0,0.0,0.0,0.0
31.1935456941756,103.831985679931,6.44665004298069,223.0,50.0,112.9260129576937,5.0,5.0,1.2762126830861613,9.930900041942287e+17,0.0,0.0,0.0,0.0,0.0,0.0,0.0,0.0,0.0,0.0,0.0,0.0,0.0,0.0,0.0,0.0,0.0,0.0,0.0,0.0,0.0,0.0,0.0,0.0,0.0,0.0,0.0,0.0,0.0,0.0,0.0,0.0,0.0,0.0,0.0,3307829120826588.5,6615658241653177.0,2.0035125439788836e+16,3.3454592637924496e+16,5.0786158316838104e+16,6.81177239957517e+16,8.250101691032758e+16,9.688430982490347e+16,1.0457427597581926e+17,1.1226424212673506e+17,1.1314092422303085e+17,1.1401760631932662e+17,1.11756451679569e+17,1.0949529703981134e+17,1.0498356409368006e+17,1.0047183114754875e+17,9.227079119698197e+16,8.406975124641517e+16,7.0947916320056184e+16,5.782608139369722e+16,4.234854975072297e+16,2.687101810774873e+16,1.5775098848188992e+16,4679179588629258.0,2339589794314629.0,0.0,0.0,0.0,2008519982427163.8,4017039964854327.5,1.3310155817058338e+16,2.2603271669262348e+16,3.1818570217670052e+16,4.103386876607774e+16,4.307922895530307e+16,4.512458914452841e+16,3.986854882810394e+16,3.4612508511679468e+16,2.633614042099164e+16,1.805977233030381e+16,1.1031817217378322e+16,4003862104452840.5,2001931052226420.2,0.0,0.0,0.0,2055839772320044.8,4111679544640089.5,4433900016462334.0,4756120488284578.0,2378060244142289.0,0.0,0.0,0.0,0.0,0.0,0.0,0.0,0.0,0.0,0.0,0.0,0.0,0.0,0.0,0.0,0.0,0.0,0.0,0.0,0.0,0.0,0.0,0.0,0.0,0.0,0.0,0.0,0.0,0.0,0.0,0.0,0.0,0.0,0.0,0.0,0.0,0.0,0.0,0.0,0.0,0.0,0.0,0.0,0.0,0.0,0.0,0.0,0.0,0.0,0.0,0.0,0.0,0.0,0.0,0.0,0.0,0.0,0.0,0.0,0.0,0.0,0.0,0.0,0.0,0.0,0.0,0.0,0.0,0.0,0.0,0.0,0.0,0.0,0.0,0.0,0.0,0.0,0.0,0.0,0.0,0.0,0.0,0.0,0.0,0.0,0.0,0.0,0.0,0.0,0.0,0.0,0.0,0.0,0.0,0.0,0.0,0.0,0.0,0.0,0.0,0.0,0.0,0.0,0.0,0.0,0.0,0.0,0.0,0.0,0.0,0.0,0.0,0.0,0.0,0.0,0.0,0.0,0.0,0.0,0.0,0.0,0.0,0.0,0.0,0.0,0.0,0.0,0.0,0.0,0.0,0.0,0.0,0.0,0.0,0.0,0.0,0.0,0.0,0.0,0.0,0.0,0.0,0.0,0.0,0.0,0.0,0.0,0.0,0.0,0.0,0.0,0.0,0.0,0.0
31.2159621945638,103.803269027482,9.79570224165576,223.0,35.0,112.17750058653107,5.0,5.0,2.0081960500439084,1.5626857891258675e+18,0.0,0.0,0.0,0.0,0.0,0.0,0.0,0.0,0.0,0.0,0.0,0.0,0.0,0.0,0.0,0.0,0.0,0.0,0.0,0.0,0.0,0.0,0.0,941298355157700.2,1882596710315400.5,941298355157700.2,0.0,0.0,0.0,0.0,0.0,0.0,0.0,0.0,0.0,9236741008396478.0,1.8473482016792956e+16,4.3006295624342696e+16,6.7539109231892424e+16,9.772906106497958e+16,1.2791901289806674e+17,1.5103796249705107e+17,1.741569120960354e+17,1.854959859458163e+17,1.968350597955972e+17,1.9669935155065747e+17,1.9656364330571782e+17,1.8880542223812202e+17,1.810472011705262e+17,1.6900504546930134e+17,1.5696288976807648e+17,1.4044188070230992e+17,1.2392087163654336e+17,1.0174924316632062e+17,7.957761469609787e+16,5.6737451805631e+16,3.3897288915164132e+16,1.9090902640976284e+16,4284516366788437.0,2142258183394218.5,0.0,1520957838462621.0,3041915676925242.0,1.2683255890501674e+16,2.2324596104078104e+16,3.479137071370956e+16,4.7258145323341016e+16,5.2045955749347304e+16,5.683376617535361e+16,4.945651585551087e+16,4.207926553566815e+16,3.0980892586212404e+16,1.988251963675666e+16,1.2889026786666046e+16,5895533936575435.0,2947766968287717.5,0.0,0.0,0.0,0.0,0.0,1154924064777397.2,2309848129554794.5,1154924064777397.2,0.0,0.0,0.0,0.0,0.0,0.0,0.0,0.0,0.0,0.0,0.0,0.0,0.0,0.0,0.0,0.0,0.0,0.0,0.0,0.0,0.0,0.0,0.0,0.0,0.0,0.0,0.0,0.0,0.0,0.0,0.0,0.0,0.0,0.0,0.0,0.0,0.0,0.0,0.0,0.0,0.0,0.0,0.0,0.0,0.0,0.0,0.0,0.0,0.0,0.0,0.0,0.0,0.0,0.0,0.0,0.0,0.0,0.0,0.0,0.0,0.0,0.0,0.0,0.0,0.0,0.0,0.0,0.0,0.0,0.0,0.0,0.0,0.0,0.0,0.0,0.0,0.0,0.0,0.0,0.0,0.0,0.0,0.0,0.0,0.0,0.0,0.0,0.0,0.0,0.0,0.0,0.0,0.0,0.0,0.0,0.0,0.0,0.0,0.0,0.0,0.0,0.0,0.0,0.0,0.0,0.0,0.0,0.0,0.0,0.0,0.0,0.0,0.0,0.0,0.0,0.0,0.0,0.0,0.0,0.0,0.0,0.0,0.0,0.0,0.0,0.0,0.0,0.0,0.0,0.0,0.0,0.0,0.0,0.0,0.0,0.0,0.0,0.0,0.0,0.0,0.0,0.0,0.0,0.0,0.0,0.0,0.0,0.0,0.0,0.0,0.0,0.0,0.0,0.0,0.0,0.0
31.2414546331129,103.770577407892,12.5728923534004,223.0,32.5,116.94607164430822,5.0,5.0,2.649692350597529,2.0618687013868698e+18,0.0,0.0,0.0,0.0,0.0,0.0,0.0,0.0,0.0,0.0,0.0,0.0,0.0,0.0,0.0,0.0,0.0,0.0,0.0,0.0,0.0,3569160921408269.5,7138321842816539.0,6924561730983716.0,6710801619150892.0,4132870248724566.5,1554938878298242.8,777469439149121.4,0.0,0.0,0.0,0.0,0.0,1067618169740322.2,2135236339480644.5,1.6964796011698334e+16,3.179435568391603e+16,6.648133938896694e+16,1.0116832309401787e+17,1.4257426044597606e+17,1.839801977979343e+17,2.1683641079748867e+17,2.496926237970431e+17,2.6515287744562627e+17,2.8061313109420938e+17,2.7915674299057568e+17,2.7770035488694192e+17,2.6303327262979866e+17,2.483661903726555e+17,2.2577781340704554e+17,2.0318943644143555e+17,1.7568747661392938e+17,1.4818551678642317e+17,1.1762329973973054e+17,8.70610826930379e+16,5.978071730018833e+16,3.250035190733875e+16,1.6764344649467742e+16,1028337391596735.9,514168695798367.94,0.0,4853356515911566.0,9706713031823132.0,2.340027966731221e+16,3.709384630280128e+16,4.8421572051958616e+16,5.9749297801115944e+16,5.802764640306557e+16,5.630599500501519e+16,4.303201899571962e+16,2.9758042986424044e+16,1.8096824309908844e+16,6435605633393645.0,3217802816696822.5,0.0,0.0,0.0,0.0,0.0,0.0,0.0,0.0,0.0,0.0,0.0,0.0,0.0,0.0,0.0,0.0,0.0,0.0,0.0,0.0,0.0,0.0,0.0,0.0,0.0,0.0,0.0,0.0,0.0,0.0,0.0,0.0,0.0,0.0,0.0,0.0,0.0,0.0,0.0,0.0,0.0,0.0,0.0,0.0,0.0,0.0,0.0,0.0,0.0,0.0,0.0,0.0,0.0,0.0,0.0,0.0,0.0,0.0,0.0,0.0,0.0,0.0,0.0,0.0,0.0,0.0,0.0,0.0,0.0,0.0,0.0,0.0,0.0,0.0,0.0,0.0,0.0,0.0,0.0,0.0,0.0,0.0,0.0,0.0,0.0,0.0,0.0,0.0,0.0,0.0,0.0,0.0,0.0,0.0,0.0,0.0,0.0,0.0,0.0,0.0,0.0,0.0,0.0,0.0,0.0,0.0,0.0,0.0,0.0,0.0,0.0,0.0,0.0,0.0,0.0,0.0,0.0,0.0,0.0,0.0,0.0,0.0,0.0,0.0,0.0,0.0,0.0,0.0,0.0,0.0,0.0,0.0,0.0,0.0,0.0,0.0,0.0,0.0,0.0,0.0,0.0,0.0,0.0,0.0,0.0,0.0,0.0,0.0,0.0,0.0,0.0,0.0,0.0,0.0,0.0,0.0,0.0,0.0,0.0,0.0,0.0,0.0,0.0,0.0,0.0,0.0
31.2676657994689,103.736937366945,15.1661413742675,223.0,30.0,122.06696183215004,5.0,5.0,3.0664105000314468,2.3861395962414705e+18,0.0,0.0,0.0,0.0,0.0,0.0,0.0,0.0,0.0,0.0,0.0,0.0,0.0,0.0,0.0,0.0,0.0,0.0,0.0,0.0,0.0,4644695771864722.0,9289391543729444.0,9192633610298910.0,9095875676868376.0,5865049562945492.0,2634223449022606.0,1317111724511303.0,0.0,0.0,0.0,0.0,0.0,3723708013919419.5,7447416027838839.0,2.770479023862963e+16,4.7962164449420424e+16,8.81825794275815e+16,1.2840299440574258e+17,1.7656466852944608e+17,2.2472634265314957e+17,2.6336065155790602e+17,3.0199496046266246e+17,3.2111866549249766e+17,3.4024237052233286e+17,3.3745628330885306e+17,3.346701960953733e+17,3.14614585061289e+17,2.945589740272048e+17,2.6325226862998426e+17,2.3194556323276368e+17,1.9581961885957955e+17,1.5969367448639546e+17,1.2303100681189955e+17,8.636833913740365e+16,5.6831290232492184e+16,2.729424132758072e+16,1.364712066379036e+16,0.0,0.0,0.0,8484240807964021.0,1.6968481615928042e+16,3.123601044769065e+16,4.550353927945325e+16,5.194222742158892e+16,5.838091556372459e+16,5.068341967004293e+16,4.298592377636126e+16,2.9294462762672348e+16,1.5603001748983436e+16,7987004254257153.0,371006759530871.1,185503379765435.56,0.0,0.0,0.0,0.0,0.0,0.0,0.0,0.0,0.0,0.0,0.0,0.0,0.0,0.0,0.0,0.0,0.0,0.0,0.0,0.0,0.0,0.0,0.0,0.0,0.0,0.0,0.0,0.0,0.0,0.0,0.0,0.0,0.0,0.0,0.0,0.0,0.0,0.0,0.0,0.0,0.0,0.0,0.0,0.0,0.0,0.0,0.0,0.0,0.0,0.0,0.0,0.0,0.0,0.0,0.0,0.0,0.0,0.0,0.0,0.0,0.0,0.0,0.0,0.0,0.0,0.0,0.0,0.0,0.0,0.0,0.0,0.0,0.0,0.0,0.0,0.0,0.0,0.0,0.0,0.0,0.0,0.0,0.0,0.0,0.0,0.0,0.0,0.0,0.0,0.0,0.0,0.0,0.0,0.0,0.0,0.0,0.0,0.0,0.0,0.0,0.0,0.0,0.0,0.0,0.0,0.0,0.0,0.0,0.0,0.0,0.0,0.0,0.0,0.0,0.0,0.0,0.0,0.0,0.0,0.0,0.0,0.0,0.0,0.0,0.0,0.0,0.0,0.0,0.0,0.0,0.0,0.0,0.0,0.0,0.0,0.0,0.0,0.0,0.0,0.0,0.0,0.0,0.0,0.0,0.0,0.0,0.0,0.0,0.0,0.0,0.0,0.0,0.0,0.0,0.0,0.0,0.0,0.0,0.0,0.0,0.0,0.0,0.0,0.0,0.0,0.0
31.2948416870318,103.702146730257,17.4726870286192,223.0,25.0,124.79454759514539,5.0,5.0,3.1997434457714298,2.489893161300821e+18,0.0,0.0,0.0,0.0,0.0,0.0,0.0,0.0,0.0,0.0,0.0,0.0,0.0,0.0,0.0,0.0,0.0,0.0,0.0,0.0,0.0,4580451448117703.0,9160902896235406.0,9304820276756950.0,9448737657278492.0,6135918040892230.0,2823098424505968.5,1411549212252984.2,0.0,0.0,0.0,0.0,0.0,6107427659435370.0,1.221485531887074e+16,3.4985431079198748e+16,5.775600683952675e+16,9.909507016513498e+16,1.4043413349074318e+17,1.8942525980785635e+17,2.3841638612496957e+17,2.784350458612115e+17,3.184537055974534e+17,3.3823097761506035e+17,3.580082496326673e+17,3.5516308608229677e+17,3.523179225319262e+17,3.302616985409773e+17,3.082054745500282e+17,2.7380565003535757e+17,2.3940582552068694e+17,2.0054606285460352e+17,1.616863001885201e+17,1.2362116096273954e+17,8.555602173695899e+16,5.577451967669519e+16,2.5993017616431404e+16,1.2996508808215702e+16,0.0,0.0,0.0,1.2377954158451464e+16,2.475590831690293e+16,3.810315472137826e+16,5.14504011258536e+16,5.3149799633385944e+16,5.484919814091828e+16,4.350021604566998e+16,3.215123395042169e+16,1.9478507795171724e+16,6805781639921760.0,3402890819960880.0,0.0,0.0,0.0,0.0,0.0,0.0,0.0,0.0,0.0,0.0,0.0,0.0,0.0,0.0,0.0,0.0,0.0,0.0,0.0,0.0,0.0,0.0,0.0,0.0,0.0,0.0,0.0,0.0,0.0,0.0,0.0,0.0,0.0,0.0,0.0,0.0,0.0,0.0,0.0,0.0,0.0,0.0,0.0,0.0,0.0,0.0,0.0,0.0,0.0,0.0,0.0,0.0,0.0,0.0,0.0,0.0,0.0,0.0,0.0,0.0,0.0,0.0,0.0,0.0,0.0,0.0,0.0,0.0,0.0,0.0,0.0,0.0,0.0,0.0,0.0,0.0,0.0,0.0,0.0,0.0,0.0,0.0,0.0,0.0,0.0,0.0,0.0,0.0,0.0,0.0,0.0,0.0,0.0,0.0,0.0,0.0,0.0,0.0,0.0,0.0,0.0,0.0,0.0,0.0,0.0,0.0,0.0,0.0,0.0,0.0,0.0,0.0,0.0,0.0,0.0,0.0,0.0,0.0,0.0,0.0,0.0,0.0,0.0,0.0,0.0,0.0,0.0,0.0,0.0,0.0,0.0,0.0,0.0,0.0,0.0,0.0,0.0,0.0,0.0,0.0,0.0,0.0,0.0,0.0,0.0,0.0,0.0,0.0,0.0,0.0,0.0,0.0,0.0,0.0,0.0,0.0,0.0,0.0,0.0,0.0,0.0,0.0,0.0,0.0,0.0,0.0,0.0,0.0
31.144323294233,103.816587704449,2.26576946759162,223.0,65.0,108.67509022889988,5.0,5.0,0.6940082067315507,5.400452621009831e+17,0.0,0.0,0.0,0.0,0.0,0.0,0.0,0.0,0.0,0.0,0.0,0.0,0.0,0.0,0.0,0.0,0.0,0.0,0.0,0.0,0.0,0.0,0.0,0.0,0.0,249558764517420.03,499117529034840.06,527618574722410.94,556119620409981.75,431603555421346.4,307087490432711.0,283886142771783.25,260684795110855.4,441725625359047.3,622766455607239.1,1075853985904341.6,1528941516201444.0,2719850044725666.0,3910758573249888.0,9054253567363484.0,1.419774856147708e+16,2.4177183214126556e+16,3.4156617866776028e+16,4.373431409427605e+16,5.3312010321776056e+16,5.950984222442541e+16,6.5707674127074744e+16,6.925254236384159e+16,7.279741060060845e+16,7.231478808803192e+16,7.183216557545537e+16,6.596067653008254e+16,6.0089187484709704e+16,4.997328886309331e+16,3.985739024147691e+16,2.838335854067122e+16,1.6909326839865522e+16,8565447453173271.0,221568066481020.78,362272382407091.25,502976698333161.6,890677708889856.4,1278378719446551.2,2222823768134236.0,3167268816821921.0,5703626437146327.0,8239984057470735.0,1.2617509593309716e+16,1.6995035129148698e+16,1.9960220802410424e+16,2.292540647567215e+16,2.266951141886142e+16,2.2413616362050684e+16,1.8998321785687804e+16,1.5583027209324924e+16,1.1181885512543412e+16,6780743815761900.0,4677514187455255.0,2574284559148611.0,1899406503015614.5,1224528446882617.8,1100423581145506.6,976318715408395.8,796718072586646.0,617117429764896.4,308558714882448.2,0.0,0.0,0.0,0.0,0.0,0.0,0.0,0.0,0.0,0.0,0.0,0.0,0.0,0.0,0.0,0.0,0.0,0.0,0.0,0.0,0.0,0.0,0.0,0.0,0.0,0.0,0.0,0.0,0.0,0.0,0.0,0.0,0.0,0.0,0.0,0.0,0.0,0.0,0.0,0.0,0.0,0.0,0.0,0.0,0.0,0.0,0.0,0.0,0.0,0.0,0.0,0.0,0.0,0.0,0.0,0.0,0.0,0.0,0.0,0.0,0.0,0.0,0.0,0.0,0.0,0.0,0.0,0.0,0.0,0.0,0.0,0.0,0.0,0.0,0.0,0.0,0.0,0.0,0.0,0.0,0.0,0.0,0.0,0.0,0.0,0.0,0.0,0.0,0.0,0.0,0.0,0.0,0.0,0.0,0.0,0.0,0.0,0.0,0.0,0.0,0.0,0.0,0.0,0.0,0.0,0.0,0.0,0.0,0.0,0.0,0.0,0.0,0.0,0.0,0.0,0.0,0.0,0.0,0.0,0.0,0.0,0.0,0.0,0.0,0.0,0.0,0.0,0.0,0.0,0.0,0.0,0.0,0.0,0.0,0.0,0.0,0.0,0.0,0.0,0.0,0.0,0.0,0.0,0.0,0.0,0.0,0.0,0.0,0.0,0.0,0.0,0.0,0.0,0.0
31.1606595849038,103.795696868501,6.44665004298069,223.0,50.0,98.96705780036541,5.0,5.0,1.2020883175906922,9.354098326864676e+17,0.0,0.0,0.0,0.0,0.0,0.0,0.0,0.0,0.0,0.0,0.0,0.0,0.0,0.0,0.0,0.0,0.0,0.0,0.0,0.0,0.0,0.0,0.0,0.0,0.0,0.0,0.0,0.0,0.0,0.0,0.0,0.0,0.0,0.0,0.0,1663329516135289.0,3326659032270578.0,1.1735423400420466e+16,2.014418776857035e+16,3.4116209876000556e+16,4.808823198343076e+16,6.332500301959372e+16,7.856177405575666e+16,9.120773510472077e+16,1.038536961536849e+17,1.115132752510766e+17,1.1917285434846834e+17,1.2232459766881835e+17,1.2547634098916838e+17,1.2307705661675346e+17,1.2067777224433856e+17,1.1107765431978718e+17,1.0147753639523578e+17,8.502265608163296e+16,6.856777576803012e+16,5.0232825254837896e+16,3.1897874741645668e+16,1.8563757718087428e+16,5229640694529186.0,2614820347264593.0,0.0,0.0,0.0,3208166457178139.5,6416332914356279.0,1.3250538742759882e+16,2.008474457116348e+16,2.4346313877158756e+16,2.8607883183154036e+16,2.7546498684598564e+16,2.6485114186043096e+16,2.2004580579935052e+16,1.7524046973827012e+16,1.2702047092524368e+16,7880047211221727.0,4585811672654853.0,1291576134087979.5,645788067043989.8,0.0,0.0,0.0,322871668742304.56,645743337484609.1,322871668742304.56,0.0,0.0,0.0,0.0,0.0,0.0,0.0,0.0,0.0,0.0,0.0,0.0,0.0,0.0,0.0,0.0,0.0,0.0,0.0,0.0,0.0,0.0,0.0,0.0,0.0,0.0,0.0,0.0,0.0,0.0,0.0,0.0,0.0,0.0,0.0,0.0,0.0,0.0,0.0,0.0,0.0,0.0,0.0,0.0,0.0,0.0,0.0,0.0,0.0,0.0,0.0,0.0,0.0,0.0,0.0,0.0,0.0,0.0,0.0,0.0,0.0,0.0,0.0,0.0,0.0,0.0,0.0,0.0,0.0,0.0,0.0,0.0,0.0,0.0,0.0,0.0,0.0,0.0,0.0,0.0,0.0,0.0,0.0,0.0,0.0,0.0,0.0,0.0,0.0,0.0,0.0,0.0,0.0,0.0,0.0,0.0,0.0,0.0,0.0,0.0,0.0,0.0,0.0,0.0,0.0,0.0,0.0,0.0,0.0,0.0,0.0,0.0,0.0,0.0,0.0,0.0,0.0,0.0,0.0,0.0,0.0,0.0,0.0,0.0,0.0,0.0,0.0,0.0,0.0,0.0,0.0,0.0,0.0,0.0,0.0,0.0,0.0,0.0,0.0,0.0,0.0,0.0,0.0,0.0,0.0,0.0,0.0,0.0,0.0,0.0,0.0,0.0,0.0,0.0,0.0,0.0
31.1830760852921,103.766972446994,9.79570224165576,223.0,35.0,104.09006678498221,5.0,5.0,2.1109778536059927,1.6426658606949176e+18,0.0,0.0,0.0,0.0,0.0,0.0,0.0,0.0,0.0,0.0,0.0,0.0,0.0,0.0,0.0,0.0,0.0,0.0,0.0,0.0,0.0,3141651778874972.5,6283303557749945.0,5313350604576935.0,4343397651403926.5,2171698825701963.2,0.0,0.0,0.0,0.0,0.0,0.0,0.0,0.0,0.0,6845214459085256.0,1.3690428918170512e+16,3.3237991359393412e+16,5.278555380061631e+16,7.991082869040875e+16,1.0703610358020117e+17,1.3266079816675053e+17,1.5828549275329987e+17,1.7582965607610512e+17,1.933738193989104e+17,2.013295419808806e+17,2.092852645628508e+17,2.0755870828406922e+17,2.058321520052877e+17,1.9581056868647194e+17,1.857889853676562e+17,1.6765160860981194e+17,1.4951423185196774e+17,1.2366828150340613e+17,9.782233115484453e+16,7.087718060404329e+16,4.3932030053242056e+16,2.5843289715155316e+16,7754549377068584.0,3877274688534292.0,0.0,3614213628995937.5,7228427257991875.0,1.9730252412428628e+16,3.2232077566865384e+16,4.4780612069023096e+16,5.732914657118082e+16,5.891483787187519e+16,6.050052917256956e+16,4.90545119993514e+16,3.760849482613323e+16,2.4330094270322452e+16,1.1051693714511678e+16,6019770633453409.0,987847552395141.5,493923776197570.75,0.0,0.0,0.0,0.0,0.0,0.0,0.0,0.0,0.0,0.0,0.0,0.0,0.0,0.0,0.0,0.0,0.0,0.0,0.0,0.0,0.0,0.0,0.0,0.0,0.0,0.0,0.0,0.0,0.0,0.0,0.0,0.0,0.0,0.0,0.0,0.0,0.0,0.0,0.0,0.0,0.0,0.0,0.0,0.0,0.0,0.0,0.0,0.0,0.0,0.0,0.0,0.0,0.0,0.0,0.0,0.0,0.0,0.0,0.0,0.0,0.0,0.0,0.0,0.0,0.0,0.0,0.0,0.0,0.0,0.0,0.0,0.0,0.0,0.0,0.0,0.0,0.0,0.0,0.0,0.0,0.0,0.0,0.0,0.0,0.0,0.0,0.0,0.0,0.0,0.0,0.0,0.0,0.0,0.0,0.0,0.0,0.0,0.0,0.0,0.0,0.0,0.0,0.0,0.0,0.0,0.0,0.0,0.0,0.0,0.0,0.0,0.0,0.0,0.0,0.0,0.0,0.0,0.0,0.0,0.0,0.0,0.0,0.0,0.0,0.0,0.0,0.0,0.0,0.0,0.0,0.0,0.0,0.0,0.0,0.0,0.0,0.0,0.0,0.0,0.0,0.0,0.0,0.0,0.0,0.0,0.0,0.0,0.0,0.0,0.0,0.0,0.0,0.0,0.0,0.0,0.0,0.0,0.0,0.0,0.0,0.0,0.0,0.0,0.0
31.2085685238412,103.734271213127,12.5728923534004,223.0,32.5,112.13700626544207,5.0,5.0,2.8669064551238654,2.2308947256804564e+18,0.0,0.0,0.0,0.0,0.0,0.0,0.0,0.0,0.0,0.0,0.0,0.0,0.0,0.0,0.0,0.0,0.0,0.0,0.0,3717873176583014.0,7435746353166028.0,1.1939780784920234e+16,1.644381521667444e+16,1.4618061396437968e+16,1.2792307576201494e+16,7942426747438653.0,3092545918675814.0,1546272959337907.0,0.0,0.0,0.0,0.0,0.0,0.0,0.0,9301462191076544.0,1.860292438215309e+16,4.876480242888735e+16,7.892668047562162e+16,1.2037695450776126e+17,1.6182722853990093e+17,1.994419943617965e+17,2.3705676018369213e+17,2.6118078412771008e+17,2.85304808071728e+17,2.925282887035727e+17,2.997517693354172e+17,2.908934359056215e+17,2.820351024758259e+17,2.6071372872740723e+17,2.3939235497898858e+17,2.0947469762296746e+17,1.7955704026694634e+17,1.4470256724719702e+17,1.0984809422744774e+17,7.724148719731248e+16,4.4634880167177224e+16,2.449653932335366e+16,4358198479530101.5,2179099239765050.8,0.0,8375876924563418.0,1.6751753849126836e+16,3.345317216003993e+16,5.015459047095303e+16,6.262310103653107e+16,7.509161160210912e+16,7.165160801783297e+16,6.821160443355683e+16,5.167457529649353e+16,3.513754615943024e+16,1.981245433778192e+16,4487362516133602.5,2243681258066801.2,0.0,0.0,0.0,0.0,0.0,0.0,0.0,0.0,0.0,0.0,0.0,0.0,0.0,0.0,0.0,0.0,0.0,0.0,0.0,0.0,0.0,0.0,0.0,0.0,0.0,0.0,0.0,0.0,0.0,0.0,0.0,0.0,0.0,0.0,0.0,0.0,0.0,0.0,0.0,0.0,0.0,0.0,0.0,0.0,0.0,0.0,0.0,0.0,0.0,0.0,0.0,0.0,0.0,0.0,0.0,0.0,0.0,0.0,0.0,0.0,0.0,0.0,0.0,0.0,0.0,0.0,0.0,0.0,0.0,0.0,0.0,0.0,0.0,0.0,0.0,0.0,0.0,0.0,0.0,0.0,0.0,0.0,0.0,0.0,0.0,0.0,0.0,0.0,0.0,0.0,0.0,0.0,0.0,0.0,0.0,0.0,0.0,0.0,0.0,0.0,0.0,0.0,0.0,0.0,0.0,0.0,0.0,0.0,0.0,0.0,0.0,0.0,0.0,0.0,0.0,0.0,0.0,0.0,0.0,0.0,0.0,0.0,0.0,0.0,0.0,0.0,0.0,0.0,0.0,0.0,0.0,0.0,0.0,0.0,0.0,0.0,0.0,0.0,0.0,0.0,0.0,0.0,0.0,0.0,0.0,0.0,0.0,0.0,0.0,0.0,0.0,0.0,0.0,0.0,0.0,0.0,0.0,0.0,0.0,0.0,0.0,0.0,0.0,0.0,0.0,0.0
31.2347796901972,103.700620784143,15.1661413742675,223.0,30.0,118.8691285129515,5.0,5.0,3.3302645337474255,2.591458667993694e+18,0.0,0.0,0.0,0.0,0.0,0.0,0.0,0.0,0.0,0.0,0.0,0.0,0.0,0.0,0.0,0.0,0.0,0.0,0.0,5786374882096898.0,1.1572749764193796e+16,1.7090618886522958e+16,2.2608488008852116e+16,2.0352777831264292e+16,1.8097067653676468e+16,1.2235632272158976e+16,6374196890641481.0,3187098445320740.5,0.0,0.0,0.0,0.0,0.0,199492930534018.88,398985861068037.75,1.4735147544371144e+16,2.9071309227674252e+16,6.625852975202462e+16,1.0344575027637499e+17,1.5346863954130832e+17,2.0349152880624166e+17,2.4892942194776042e+17,2.9436731508927917e+17,3.228884764610874e+17,3.514096378328956e+17,3.57663174587897e+17,3.6391671134289837e+17,3.490331354610073e+17,3.3414955957911635e+17,3.029537690452032e+17,2.7175797851129008e+17,2.3162820847209446e+17,1.914984384328988e+17,1.499330574740074e+17,1.0836767651511602e+17,7.315568743042014e+16,3.7943698345724264e+16,1.8971849172862132e+16,0.0,0.0,0.0,1.2279015585303656e+16,2.455803117060731e+16,4.228591639350781e+16,6.00138016164083e+16,6.807410731084054e+16,7.613441300527278e+16,6.705066305818806e+16,5.796691311110334e+16,4.077416182900888e+16,2.3581410546914412e+16,1.2157208476180428e+16,733006405446443.2,366503202723221.6,0.0,0.0,0.0,0.0,0.0,0.0,0.0,0.0,0.0,0.0,0.0,0.0,0.0,0.0,0.0,0.0,0.0,0.0,0.0,0.0,0.0,0.0,0.0,0.0,0.0,0.0,0.0,0.0,0.0,0.0,0.0,0.0,0.0,0.0,0.0,0.0,0.0,0.0,0.0,0.0,0.0,0.0,0.0,0.0,0.0,0.0,0.0,0.0,0.0,0.0,0.0,0.0,0.0,0.0,0.0,0.0,0.0,0.0,0.0,0.0,0.0,0.0,0.0,0.0,0.0,0.0,0.0,0.0,0.0,0.0,0.0,0.0,0.0,0.0,0.0,0.0,0.0,0.0,0.0,0.0,0.0,0.0,0.0,0.0,0.0,0.0,0.0,0.0,0.0,0.0,0.0,0.0,0.0,0.0,0.0,0.0,0.0,0.0,0.0,0.0,0.0,0.0,0.0,0.0,0.0,0.0,0.0,0.0,0.0,0.0,0.0,0.0,0.0,0.0,0.0,0.0,0.0,0.0,0.0,0.0,0.0,0.0,0.0,0.0,0.0,0.0,0.0,0.0,0.0,0.0,0.0,0.0,0.0,0.0,0.0,0.0,0.0,0.0,0.0,0.0,0.0,0.0,0.0,0.0,0.0,0.0,0.0,0.0,0.0,0.0,0.0,0.0,0.0,0.0,0.0,0.0,0.0,0.0,0.0,0.0,0.0,0.0,0.0,0.0,0.0,0.0
31.2619555777601,103.665822206526,17.4726870286192,223.0,25.0,122.20369004123066,5.0,5.0,3.4602064469793454,2.6925734875427656e+18,0.0,0.0,0.0,0.0,0.0,0.0,0.0,0.0,0.0,0.0,0.0,0.0,0.0,0.0,0.0,0.0,0.0,0.0,0.0,5217621195854639.0,1.0435242391709278e+16,1.6167293923884656e+16,2.189934545606004e+16,2.008285942826058e+16,1.826637340046112e+16,1.2439473251136542e+16,6612573101811964.0,3306286550905982.0,0.0,0.0,0.0,0.0,0.0,1849878244197104.0,3699756488394208.0,2.1088484945145184e+16,3.847721340189616e+16,7.764339566613757e+16,1.1680957793037899e+17,1.6848806417824832e+17,2.201665504261177e+17,2.672896010198434e+17,3.144126516135691e+17,3.433060570429655e+17,3.72199462472362e+17,3.775748228484138e+17,3.829501832244655e+17,3.6572192187096614e+17,3.484936605174669e+17,3.135257295548928e+17,2.7855779859231872e+17,2.344736531538704e+17,1.90389507715422e+17,1.4677909395103277e+17,1.031686801866435e+17,6.82741291782412e+16,3.3379578169838896e+16,1.6689789084919448e+16,0.0,589681922189369.0,1179363844378738.0,1.63024697867589e+16,3.1425575729139056e+16,4.860970719701635e+16,6.579383866489364e+16,6.9208290727601416e+16,7.26227427903092e+16,5.998282809239323e+16,4.734291339447725e+16,3.060786850096293e+16,1.3872823607448612e+16,7145449015325787.0,418074423202962.25,209037211601481.12,0.0,0.0,0.0,0.0,0.0,0.0,0.0,0.0,0.0,0.0,0.0,0.0,0.0,0.0,0.0,0.0,0.0,0.0,0.0,0.0,0.0,0.0,0.0,0.0,0.0,0.0,0.0,0.0,0.0,0.0,0.0,0.0,0.0,0.0,0.0,0.0,0.0,0.0,0.0,0.0,0.0,0.0,0.0,0.0,0.0,0.0,0.0,0.0,0.0,0.0,0.0,0.0,0.0,0.0,0.0,0.0,0.0,0.0,0.0,0.0,0.0,0.0,0.0,0.0,0.0,0.0,0.0,0.0,0.0,0.0,0.0,0.0,0.0,0.0,0.0,0.0,0.0,0.0,0.0,0.0,0.0,0.0,0.0,0.0,0.0,0.0,0.0,0.0,0.0,0.0,0.0,0.0,0.0,0.0,0.0,0.0,0.0,0.0,0.0,0.0,0.0,0.0,0.0,0.0,0.0,0.0,0.0,0.0,0.0,0.0,0.0,0.0,0.0,0.0,0.0,0.0,0.0,0.0,0.0,0.0,0.0,0.0,0.0,0.0,0.0,0.0,0.0,0.0,0.0,0.0,0.0,0.0,0.0,0.0,0.0,0.0,0.0,0.0,0.0,0.0,0.0,0.0,0.0,0.0,0.0,0.0,0.0,0.0,0.0,0.0,0.0,0.0,0.0,0.0,0.0,0.0,0.0,0.0,0.0,0.0,0.0,0.0,0.0,0.0,0.0,0.0
31.1114371849613,103.780303464066,2.26576946759162,223.0,65.0,93.3649774135127,5.0,5.0,0.8221504747820888,6.397596805535816e+17,0.0,0.0,0.0,0.0,0.0,0.0,0.0,0.0,0.0,0.0,0.0,0.0,0.0,0.0,0.0,0.0,0.0,0.0,0.0,0.0,0.0,0.0,0.0,0.0,0.0,0.0,0.0,0.0,0.0,0.0,0.0,0.0,0.0,0.0,0.0,0.0,0.0,1432714063685886.2,2865428127371772.5,1.1368651235822676e+16,1.9871874344273576e+16,3.284909789264635e+16,4.582632144101913e+16,5.85232426239062e+16,7.122016380679327e+16,8.06404334379391e+16,9.006070306908493e+16,9.576415316153531e+16,1.0146760325398571e+17,1.0126058505971075e+17,1.0105356686543582e+17,9.315887255860629e+16,8.526417825177677e+16,7.031809291025977e+16,5.537200756874277e+16,3.897719797325836e+16,2.258238837777396e+16,1.1957777921076162e+16,1333167464378362.0,666583732189181.0,0.0,0.0,0.0,0.0,0.0,2054212342704573.8,4108424685409147.5,6018885048284424.0,7929345411159700.0,9403387747377096.0,1.087743008359449e+16,1.090379294727802e+16,1.0930155810961548e+16,8746759813553284.0,6563363816145018.0,4498460995910286.5,2433558175675554.5,1216779087837777.2,0.0,0.0,0.0,0.0,0.0,0.0,0.0,0.0,0.0,0.0,0.0,0.0,0.0,0.0,0.0,0.0,0.0,0.0,0.0,0.0,0.0,0.0,0.0,0.0,0.0,0.0,0.0,0.0,0.0,0.0,0.0,0.0,0.0,0.0,0.0,0.0,0.0,0.0,0.0,0.0,0.0,0.0,0.0,0.0,0.0,0.0,0.0,0.0,0.0,0.0,0.0,0.0,0.0,0.0,0.0,0.0,0.0,0.0,0.0,0.0,0.0,0.0,0.0,0.0,0.0,0.0,0.0,0.0,0.0,0.0,0.0,0.0,0.0,0.0,0.0,0.0,0.0,0.0,0.0,0.0,0.0,0.0,0.0,0.0,0.0,0.0,0.0,0.0,0.0,0.0,0.0,0.0,0.0,0.0,0.0,0.0,0.0,0.0,0.0,0.0,0.0,0.0,0.0,0.0,0.0,0.0,0.0,0.0,0.0,0.0,0.0,0.0,0.0,0.0,0.0,0.0,0.0,0.0,0.0,0.0,0.0,0.0,0.0,0.0,0.0,0.0,0.0,0.0,0.0,0.0,0.0,0.0,0.0,0.0,0.0,0.0,0.0,0.0,0.0,0.0,0.0,0.0,0.0,0.0,0.0,0.0,0.0,0.0,0.0,0.0,0.0,0.0,0.0,0.0,0.0,0.0,0.0,0.0,0.0,0.0,0.0,0.0
31.1277734756321,103.759408057072,6.44665004298069,223.0,50.0,92.51114594446148,5.0,5.0,1.3469203290978382,1.0481114417687992e+18,0.0,0.0,0.0,0.0,0.0,0.0,0.0,0.0,0.0,0.0,0.0,0.0,0.0,0.0,0.0,0.0,0.0,0.0,0.0,0.0,0.0,0.0,0.0,0.0,0.0,0.0,0.0,0.0,0.0,0.0,0.0,0.0,0.0,0.0,0.0,2491437188808497.0,4982874377616994.0,1.3577726786274042e+16,2.217257919493109e+16,3.67711275694154e+16,5.1369675943899704e+16,6.822967549534888e+16,8.508967504679805e+16,1.0002219712929093e+17,1.1495471921178384e+17,1.2583442804772157e+17,1.367141368836593e+17,1.4201772617803061e+17,1.473213154724019e+17,1.4525693283834246e+17,1.4319255020428309e+17,1.3175064750208016e+17,1.2030874479987722e+17,9.99873456558891e+16,7.966594651190102e+16,5.7317016421569544e+16,3.496808633123808e+16,2.009996592065605e+16,5231845510074020.0,2615922755037010.0,0.0,348525622960586.94,697051245921173.9,6057024984078166.0,1.1416998722235158e+16,1.9216399763907612e+16,2.7015800805580064e+16,2.942914955717449e+16,3.1842498308768908e+16,2.6829796125167576e+16,2.1817093941566252e+16,1.5001237070249442e+16,8185380198932632.0,4092690099466316.0,0.0,0.0,0.0,0.0,0.0,0.0,0.0,582234528665494.8,1164469057330989.5,582234528665494.8,0.0,0.0,0.0,0.0,0.0,0.0,0.0,0.0,0.0,0.0,0.0,0.0,0.0,0.0,0.0,0.0,0.0,0.0,0.0,0.0,0.0,0.0,0.0,0.0,0.0,0.0,0.0,0.0,0.0,0.0,0.0,0.0,0.0,0.0,0.0,0.0,0.0,0.0,0.0,0.0,0.0,0.0,0.0,0.0,0.0,0.0,0.0,0.0,0.0,0.0,0.0,0.0,0.0,0.0,0.0,0.0,0.0,0.0,0.0,0.0,0.0,0.0,0.0,0.0,0.0,0.0,0.0,0.0,0.0,0.0,0.0,0.0,0.0,0.0,0.0,0.0,0.0,0.0,0.0,0.0,0.0,0.0,0.0,0.0,0.0,0.0,0.0,0.0,0.0,0.0,0.0,0.0,0.0,0.0,0.0,0.0,0.0,0.0,0.0,0.0,0.0,0.0,0.0,0.0,0.0,0.0,0.0,0.0,0.0,0.0,0.0,0.0,0.0,0.0,0.0,0.0,0.0,0.0,0.0,0.0,0.0,0.0,0.0,0.0,0.0,0.0,0.0,0.0,0.0,0.0,0.0,0.0,0.0,0.0,0.0,0.0,0.0,0.0,0.0,0.0,0.0,0.0,0.0,0.0,0.0,0.0,0.0,0.0,0.0,0.0,0.0,0.0,0.0,0.0,0.0,0.0
31.1501899760204,103.730675866506,9.79570224165576,223.0,35.0,100.9913856057909,5.0,5.0,2.2031317060162596,1.7143757495633764e+18,0.0,0.0,0.0,0.0,0.0,0.0,0.0,0.0,0.0,0.0,0.0,0.0,0.0,0.0,0.0,0.0,0.0,0.0,0.0,0.0,0.0,4082372594062546.0,8164745188125092.0,7116519893382354.0,6068294598639616.0,3034147299319808.0,0.0,0.0,0.0,0.0,0.0,0.0,0.0,0.0,0.0,6855522933653968.0,1.3711045867307936e+16,3.207081418376141e+16,5.043058250021487e+16,7.651714168137787e+16,1.0260370086254088e+17,1.2900457422907982e+17,1.5540544759561878e+17,1.7569112609386262e+17,1.9597680459210646e+17,2.0727957618423222e+17,2.1858234777635798e+17,2.1935525728598307e+17,2.2012816679560813e+17,2.1075930167562662e+17,2.013904365556452e+17,1.8200565985317466e+17,1.6262088315070416e+17,1.3403474606783792e+17,1.054486089849717e+17,7.568632233118533e+16,4.592403567739895e+16,2.6660547622326376e+16,7397059567253795.0,3698529783626897.5,0.0,5398838361672103.0,1.0797676723344206e+16,2.4431076276556464e+16,3.806447582976873e+16,5.006207539847734e+16,6.205967496718595e+16,6.226861723868541e+16,6.247755951018486e+16,5.0123942875963256e+16,3.777032624174166e+16,2.35621014101997e+16,9353876578657738.0,4676938289328869.0,0.0,0.0,0.0,0.0,0.0,0.0,0.0,0.0,0.0,0.0,0.0,0.0,0.0,0.0,0.0,0.0,0.0,0.0,0.0,0.0,0.0,0.0,0.0,0.0,0.0,0.0,0.0,0.0,0.0,0.0,0.0,0.0,0.0,0.0,0.0,0.0,0.0,0.0,0.0,0.0,0.0,0.0,0.0,0.0,0.0,0.0,0.0,0.0,0.0,0.0,0.0,0.0,0.0,0.0,0.0,0.0,0.0,0.0,0.0,0.0,0.0,0.0,0.0,0.0,0.0,0.0,0.0,0.0,0.0,0.0,0.0,0.0,0.0,0.0,0.0,0.0,0.0,0.0,0.0,0.0,0.0,0.0,0.0,0.0,0.0,0.0,0.0,0.0,0.0,0.0,0.0,0.0,0.0,0.0,0.0,0.0,0.0,0.0,0.0,0.0,0.0,0.0,0.0,0.0,0.0,0.0,0.0,0.0,0.0,0.0,0.0,0.0,0.0,0.0,0.0,0.0,0.0,0.0,0.0,0.0,0.0,0.0,0.0,0.0,0.0,0.0,0.0,0.0,0.0,0.0,0.0,0.0,0.0,0.0,0.0,0.0,0.0,0.0,0.0,0.0,0.0,0.0,0.0,0.0,0.0,0.0,0.0,0.0,0.0,0.0,0.0,0.0,0.0,0.0,0.0,0.0,0.0,0.0,0.0,0.0,0.0,0.0,0.0,0.0,0.0,0.0
31.1756824145694,103.697965018361,12.5728923534004,223.0,32.5,110.14046938129694,5.0,5.0,2.9531491020858827,2.2980047863845379e+18,0.0,0.0,0.0,0.0,0.0,0.0,0.0,0.0,0.0,0.0,0.0,0.0,0.0,0.0,0.0,0.0,0.0,0.0,0.0,5450508797733896.0,1.0901017595467792e+16,1.6156000392820036e+16,2.141098319017228e+16,1.8705737119371884e+16,1.600049104857149e+16,1.0093716543607598e+16,4186942038643710.5,2093471019321855.2,0.0,0.0,0.0,0.0,0.0,0.0,0.0,8662715730462557.0,1.7325431460925114e+16,4.45653767538247e+16,7.1805322046724296e+16,1.11629842201605e+17,1.5145436235648566e+17,1.9041195752358464e+17,2.293695526906836e+17,2.5639550768479824e+17,2.8342146267891296e+17,2.9431036190733664e+17,3.0519926113576026e+17,2.9945707709514086e+17,2.9371489305452154e+17,2.7375468769120157e+17,2.5379448232788166e+17,2.2329073600496787e+17,1.9278698968205398e+17,1.5579996078149254e+17,1.1881293188093104e+17,8.330804638340245e+16,4.7803160885873864e+16,2.6191969864600628e+16,4580778843327404.0,2290389421663702.0,0.0,1.0371674620559804e+16,2.074334924111961e+16,3.856513318290941e+16,5.63869171246992e+16,6.887563973016379e+16,8.136436233562838e+16,7.721100510425709e+16,7.30576478728858e+16,5.551888967582809e+16,3.798013147877041e+16,2.194222344663421e+16,5904315414498009.0,2952157707249004.5,0.0,0.0,0.0,0.0,0.0,0.0,0.0,0.0,0.0,0.0,0.0,0.0,0.0,0.0,0.0,0.0,0.0,0.0,0.0,0.0,0.0,0.0,0.0,0.0,0.0,0.0,0.0,0.0,0.0,0.0,0.0,0.0,0.0,0.0,0.0,0.0,0.0,0.0,0.0,0.0,0.0,0.0,0.0,0.0,0.0,0.0,0.0,0.0,0.0,0.0,0.0,0.0,0.0,0.0,0.0,0.0,0.0,0.0,0.0,0.0,0.0,0.0,0.0,0.0,0.0,0.0,0.0,0.0,0.0,0.0,0.0,0.0,0.0,0.0,0.0,0.0,0.0,0.0,0.0,0.0,0.0,0.0,0.0,0.0,0.0,0.0,0.0,0.0,0.0,0.0,0.0,0.0,0.0,0.0,0.0,0.0,0.0,0.0,0.0,0.0,0.0,0.0,0.0,0.0,0.0,0.0,0.0,0.0,0.0,0.0,0.0,0.0,0.0,0.0,0.0,0.0,0.0,0.0,0.0,0.0,0.0,0.0,0.0,0.0,0.0,0.0,0.0,0.0,0.0,0.0,0.0,0.0,0.0,0.0,0.0,0.0,0.0,0.0,0.0,0.0,0.0,0.0,0.0,0.0,0.0,0.0,0.0,0.0,0.0,0.0,0.0,0.0,0.0,0.0,0.0,0.0,0.0,0.0,0.0,0.0,0.0,0.0,0.0,0.0,0.0,0.0
31.2018935809254,103.664304201341,15.1661413742675,223.0,30.0,117.08481590214524,5.0,5.0,3.409939147369694,2.653457787282317e+18,0.0,0.0,0.0,0.0,0.0,0.0,0.0,0.0,0.0,0.0,0.0,0.0,0.0,0.0,0.0,0.0,0.0,710171317895590.5,1420342635791181.0,9263286256257754.0,1.7106229876724328e+16,2.3226626027232956e+16,2.934702217774158e+16,2.6124062462713984e+16,2.290110274768639e+16,1.5354181314208068e+16,7807259880729743.0,3903629940364871.5,0.0,0.0,0.0,0.0,0.0,0.0,0.0,1.0985106246960238e+16,2.1970212493920476e+16,5.7346435216479816e+16,9.272265793903917e+16,1.4173408902823202e+17,1.9074552011742483e+17,2.37874293262093e+17,2.850030664067612e+17,3.161743490572452e+17,3.4734563170772915e+17,3.5738059987765523e+17,3.674155680475813e+17,3.55868939809146e+17,3.4432231157071066e+17,3.146840504532144e+17,2.8504578933571808e+17,2.4446649610253533e+17,2.0388720286935258e+17,1.6078868437035712e+17,1.1769016587136163e+17,8.010421891921419e+16,4.2518271967066744e+16,2.1285030686580436e+16,51789406094120.625,25894703047060.312,0.0,1.4687004216657196e+16,2.937400843331439e+16,4.811442588604495e+16,6.685484333877553e+16,7.564713985693726e+16,8.443943637509902e+16,7.521298980554386e+16,6.59865432359887e+16,4.685662354237265e+16,2.772670384875658e+16,1.4751405423852948e+16,1776106998949310.8,888053499474655.4,0.0,0.0,0.0,0.0,0.0,0.0,0.0,0.0,0.0,0.0,0.0,0.0,0.0,0.0,0.0,0.0,0.0,0.0,0.0,0.0,0.0,0.0,0.0,0.0,0.0,0.0,0.0,0.0,0.0,0.0,0.0,0.0,0.0,0.0,0.0,0.0,0.0,0.0,0.0,0.0,0.0,0.0,0.0,0.0,0.0,0.0,0.0,0.0,0.0,0.0,0.0,0.0,0.0,0.0,0.0,0.0,0.0,0.0,0.0,0.0,0.0,0.0,0.0,0.0,0.0,0.0,0.0,0.0,0.0,0.0,0.0,0.0,0.0,0.0,0.0,0.0,0.0,0.0,0.0,0.0,0.0,0.0,0.0,0.0,0.0,0.0,0.0,0.0,0.0,0.0,0.0,0.0,0.0,0.0,0.0,0.0,0.0,0.0,0.0,0.0,0.0,0.0,0.0,0.0,0.0,0.0,0.0,0.0,0.0,0.0,0.0,0.0,0.0,0.0,0.0,0.0,0.0,0.0,0.0,0.0,0.0,0.0,0.0,0.0,0.0,0.0,0.0,0.0,0.0,0.0,0.0,0.0,0.0,0.0,0.0,0.0,0.0,0.0,0.0,0.0,0.0,0.0,0.0,0.0,0.0,0.0,0.0,0.0,0.0,0.0,0.0,0.0,0.0,0.0,0.0,0.0,0.0,0.0,0.0,0.0,0.0,0.0,0.0,0.0,0.0,0.0
31.2290694684884,103.629497682796,17.4726870286192,223.0,25.0,120.3971346912954,5.0,5.0,3.532634976691586,2.7489340376524646e+18,0.0,0.0,0.0,0.0,0.0,0.0,0.0,0.0,0.0,0.0,0.0,0.0,0.0,0.0,0.0,0.0,0.0,0.0,0.0,8404993578364583.0,1.6809987156729166e+16,2.3110081521057116e+16,2.9410175885385068e+16,2.621946475292439e+16,2.302875362046372e+16,1.5684074859343126e+16,8339396098222535.0,4169698049111267.5,0.0,0.0,0.0,0.0,0.0,523264717658849.3,1046529435317698.6,1.5139148835678504e+16,2.9231768236039308e+16,6.656077183272387e+16,1.0388977542940845e+17,1.558073926381972e+17,2.077250098469859e+17,2.5645843227519715e+17,3.0519185470340845e+17,3.374216310049242e+17,3.6965140730644e+17,3.7832403648897805e+17,3.869966656715161e+17,3.726082319673198e+17,3.582197982631235e+17,3.246092690931771e+17,2.9099873992323066e+17,2.4696346871566474e+17,2.0292819750809885e+17,1.5770899265654714e+17,1.1248978780499546e+17,7.537987542900928e+16,3.82699630530231e+16,1.913498152651155e+16,0.0,1042498416942244.0,2084996833884488.0,1.8274545571445172e+16,3.4464094309005856e+16,5.27693724580157e+16,7.107465060702553e+16,7.608448900035427e+16,8.109432739368302e+16,6.84854853614137e+16,5.587664332914435e+16,3.740379738592212e+16,1.893095144269988e+16,1.0055757618666886e+16,1180563794633892.0,590281897316946.0,0.0,0.0,0.0,0.0,0.0,0.0,0.0,0.0,0.0,0.0,0.0,0.0,0.0,0.0,0.0,0.0,0.0,0.0,0.0,0.0,0.0,0.0,0.0,0.0,0.0,0.0,0.0,0.0,0.0,0.0,0.0,0.0,0.0,0.0,0.0,0.0,0.0,0.0,0.0,0.0,0.0,0.0,0.0,0.0,0.0,0.0,0.0,0.0,0.0,0.0,0.0,0.0,0.0,0.0,0.0,0.0,0.0,0.0,0.0,0.0,0.0,0.0,0.0,0.0,0.0,0.0,0.0,0.0,0.0,0.0,0.0,0.0,0.0,0.0,0.0,0.0,0.0,0.0,0.0,0.0,0.0,0.0,0.0,0.0,0.0,0.0,0.0,0.0,0.0,0.0,0.0,0.0,0.0,0.0,0.0,0.0,0.0,0.0,0.0,0.0,0.0,0.0,0.0,0.0,0.0,0.0,0.0,0.0,0.0,0.0,0.0,0.0,0.0,0.0,0.0,0.0,0.0,0.0,0.0,0.0,0.0,0.0,0.0,0.0,0.0,0.0,0.0,0.0,0.0,0.0,0.0,0.0,0.0,0.0,0.0,0.0,0.0,0.0,0.0,0.0,0.0,0.0,0.0,0.0,0.0,0.0,0.0,0.0,0.0,0.0,0.0,0.0,0.0,0.0,0.0,0.0,0.0,0.0,0.0,0.0,0.0,0.0,0.0,0.0,0.0,0.0
