32.0243301222771,104.640333103436,2.46201938253052,218.0,80.0,168.68846542998315,5.0,5.0,4.685465213095603,3.646013497431196e+18,0.0,0.0,0.0,0.0,0.0,0.0,0.0,0.0,0.0,0.0,0.0,0.0,0.0,0.0,0.0,0.0,0.0,0.0,0.0,0.0,0.0,0.0,0.0,0.0,0.0,0.0,0.0,0.0,0.0,0.0,0.0,0.0,0.0,0.0,0.0,0.0,0.0,0.0,0.0,0.0,0.0,0.0,0.0,0.0,0.0,0.0,0.0,0.0,0.0,0.0,0.0,0.0,0.0,0.0,0.0,0.0,0.0,0.0,0.0,0.0,0.0,0.0,0.0,0.0,0.0,0.0,0.0,0.0,0.0,0.0,0.0,0.0,0.0,0.0,0.0,5774415374011782.0,1.1548830748023564e+16,1.9778985283172984e+16,2.80091398183224e+16,4.1783696093176296e+16,5.555825236803019e+16,7.548784009195376e+16,9.541742781587733e+16,1.1997039043504728e+17,1.4452335305421718e+17,1.699114838931675e+17,1.952996147321178e+17,2.1744197478778944e+17,2.3958433484346106e+17,2.536634609561472e+17,2.6774258706883338e+17,2.698284487533883e+17,2.719143104379432e+17,2.6032450866451107e+17,2.4873470689107894e+17,2.2442507090291283e+17,2.0011543491474672e+17,1.6937338687391696e+17,1.386313388330872e+17,1.127769400467611e+17,8.692254126043498e+16,8.114656726195083e+16,7.537059326346669e+16,8.088332001124534e+16,8.639604675902398e+16,8.794379575602187e+16,8.949154475301976e+16,8.470872672710222e+16,7.992590870118469e+16,6.952351293864676e+16,5.912111717610883e+16,4.8503226017706584e+16,3.788533485930432e+16,4.288324661599593e+16,4.788115837268754e+16,6.437728514843496e+16,8.087341192418238e+16,1.0266419784687416e+17,1.2445498376956594e+17,1.4529222441365398e+17,1.6612946505774205e+17,1.789260531572776e+17,1.9172264125681315e+17,1.91812330879257e+17,1.9190202050170086e+17,1.770546959298434e+17,1.622073713579859e+17,1.3866203925940022e+17,1.1511670716081456e+17,9.604281083881258e+16,7.696891451681058e+16,6.466164513422364e+16,5.23543757516367e+16,3.828220260730556e+16,2.4210029462974412e+16,1.2105014731487206e+16,0.0,0.0,0.0,0.0,0.0,0.0,0.0,0.0,0.0,0.0,0.0,0.0,0.0,0.0,0.0,0.0,0.0,0.0,0.0,0.0,0.0,0.0,0.0,0.0,0.0,0.0,0.0,0.0,0.0,0.0,0.0,0.0,0.0,0.0,0.0,0.0,0.0,0.0,0.0,0.0,0.0,0.0,0.0,0.0,0.0,0.0,0.0,0.0,0.0,0.0,0.0,0.0,0.0,0.0,0.0,0.0,0.0,0.0,0.0,0.0,0.0,0.0,0.0,0.0,0.0,0.0,0.0,0.0,0.0,0.0,0.0,0.0,0.0,0.0,0.0,0.0,0.0,0.0,0.0,0.0,0.0,0.0,0.0,0.0,0.0,0.0,0.0,0.0,0.0,0.0,0.0,0.0,0.0,0.0,0.0,0.0,0.0,0.0,0.0,0.0,0.0,0.0,0.0,0.0
32.0325836075495,104.627869481428,7.18980823265266,218.0,65.0,165.46514702331598,5.0,5.0,3.7739490817129426,2.936713573731253e+18,0.0,0.0,0.0,0.0,0.0,0.0,0.0,0.0,0.0,0.0,0.0,0.0,0.0,0.0,0.0,0.0,0.0,0.0,0.0,0.0,0.0,0.0,0.0,0.0,0.0,0.0,0.0,0.0,0.0,0.0,0.0,0.0,0.0,0.0,0.0,0.0,0.0,0.0,0.0,0.0,0.0,0.0,0.0,0.0,0.0,0.0,0.0,0.0,0.0,0.0,0.0,0.0,0.0,0.0,0.0,0.0,0.0,0.0,0.0,0.0,0.0,0.0,0.0,0.0,0.0,0.0,0.0,0.0,0.0,0.0,0.0,0.0,0.0,0.0,0.0,3830263838360845.0,7660527676721690.0,1.2569768199807074e+16,1.747900872289246e+16,2.6168334135447696e+16,3.485765954800293e+16,4.926585370689141e+16,6.367404786577989e+16,8.238139999963122e+16,1.0108875213348256e+17,1.2183956132390198e+17,1.4259037051432139e+17,1.6188850515864032e+17,1.8118663980295923e+17,1.959317659390057e+17,2.1067689207505216e+17,2.162290868035227e+17,2.2178128153199318e+17,2.1560061705122474e+17,2.0941995257045635e+17,1.9107735494798835e+17,1.727347573255204e+17,1.4707980928240605e+17,1.2142486123929174e+17,9.931186037361294e+16,7.719885950793416e+16,7.094566069943689e+16,6.469246189093965e+16,6.761526786258035e+16,7.0538073834221064e+16,7.16644205875475e+16,7.279076734087394e+16,7.096195232123826e+16,6.913313730160258e+16,6.212801711373403e+16,5.51228969258655e+16,4.356972613914992e+16,3.201655535243434e+16,2.625206979947379e+16,2.048758424651324e+16,3.127429114291618e+16,4.206099803931911e+16,6.074893141066952e+16,7.943686478201992e+16,1.0147702703429574e+17,1.2351718928657155e+17,1.4040862616019246e+17,1.5730006303381338e+17,1.6220414189381302e+17,1.671082207538127e+17,1.568392183364341e+17,1.4657021591905552e+17,1.2705890041036888e+17,1.0754758490168222e+17,9.344111901364669e+16,7.933465312561117e+16,6.9630063478614216e+16,5.992547383161726e+16,4.364134824125461e+16,2.7357222650891948e+16,1.3678611325445974e+16,0.0,0.0,0.0,0.0,0.0,0.0,0.0,0.0,0.0,0.0,0.0,0.0,0.0,0.0,0.0,0.0,0.0,0.0,0.0,0.0,0.0,0.0,0.0,0.0,0.0,0.0,0.0,0.0,0.0,0.0,0.0,0.0,0.0,0.0,0.0,0.0,0.0,0.0,0.0,0.0,0.0,0.0,0.0,0.0,0.0,0.0,0.0,0.0,0.0,0.0,0.0,0.0,0.0,0.0,0.0,0.0,0.0,0.0,0.0,0.0,0.0,0.0,0.0,0.0,0.0,0.0,0.0,0.0,0.0,0.0,0.0,0.0,0.0,0.0,0.0,0.0,0.0,0.0,0.0,0.0,0.0,0.0,0.0,0.0,0.0,0.0,0.0,0.0,0.0,0.0,0.0,0.0,0.0,0.0,0.0,0.0,0.0,0.0,0.0,0.0,0.0,0.0,0.0,0.0
32.0473308934738,104.605597132038,11.3706888080417,218.0,50.0,161.75349110550374,5.0,5.0,2.4474575007595747,1.9044988440460662e+18,0.0,0.0,0.0,0.0,0.0,0.0,0.0,0.0,0.0,0.0,0.0,0.0,0.0,0.0,0.0,0.0,0.0,0.0,0.0,0.0,0.0,0.0,0.0,0.0,0.0,0.0,0.0,0.0,0.0,0.0,0.0,0.0,0.0,0.0,0.0,0.0,0.0,0.0,0.0,0.0,0.0,0.0,0.0,0.0,0.0,0.0,0.0,0.0,0.0,0.0,0.0,0.0,0.0,0.0,0.0,0.0,0.0,0.0,0.0,0.0,0.0,0.0,0.0,0.0,0.0,0.0,0.0,0.0,0.0,0.0,0.0,0.0,0.0,0.0,0.0,1939255603569749.8,3878511207139499.5,4424052629075622.0,4969594051011745.0,7166632263780080.0,9363670476548416.0,1.5302545850223972e+16,2.1241421223899524e+16,3.0186889327620504e+16,3.913235743134148e+16,5.172345505044838e+16,6.4314552669555304e+16,7.991284947523178e+16,9.551114628090822e+16,1.110012928232325e+17,1.2649143936555675e+17,1.376945230881157e+17,1.488976068106746e+17,1.512650790539949e+17,1.536325512973152e+17,1.446975944144601e+17,1.3576263753160498e+17,1.1873865604899594e+17,1.0171467456638688e+17,8.386511590381174e+16,6.60155572412366e+16,5.462665495055152e+16,4.3237752659866424e+16,4.038884813758768e+16,3.753994361530893e+16,3.803361643452068e+16,3.8527289253732424e+16,4.039717254089464e+16,4.2267055828056856e+16,4.163604973408467e+16,4.100504364011248e+16,3.456594392229085e+16,2.812684420446922e+16,1.8999014151118468e+16,9871184097767714.0,6104802780661070.0,2338421463554427.5,1.2924751193780368e+16,2.3511080924006308e+16,4.429391569807358e+16,6.507675047214088e+16,8.66768867624962e+16,1.082770230528515e+17,1.1897474760818694e+17,1.2967247216352237e+17,1.2394223680814669e+17,1.18212001452771e+17,1.0320220754468466e+17,8.819241363659829e+16,8.07378086898561e+16,7.328320374311387e+16,6.614256604047978e+16,5.9001928337845656e+16,4.2217321842507096e+16,2.5432715347168524e+16,1.2716357673584262e+16,0.0,0.0,0.0,0.0,0.0,0.0,0.0,0.0,0.0,0.0,0.0,0.0,0.0,0.0,0.0,0.0,0.0,0.0,0.0,0.0,0.0,0.0,0.0,0.0,0.0,0.0,0.0,0.0,0.0,0.0,0.0,0.0,0.0,0.0,0.0,0.0,0.0,0.0,0.0,0.0,0.0,0.0,0.0,0.0,0.0,0.0,0.0,0.0,0.0,0.0,0.0,0.0,0.0,0.0,0.0,0.0,0.0,0.0,0.0,0.0,0.0,0.0,0.0,0.0,0.0,0.0,0.0,0.0,0.0,0.0,0.0,0.0,0.0,0.0,0.0,0.0,0.0,0.0,0.0,0.0,0.0,0.0,0.0,0.0,0.0,0.0,0.0,0.0,0.0,0.0,0.0,0.0,0.0,0.0,0.0,0.0,0.0,0.0,0.0,0.0,0.0,0.0,0.0,0.0
32.0668318645678,104.57614049202,14.8927689400555,218.0,40.0,163.7468979754912,5.0,5.0,1.4588746893802025,1.1352291750399621e+18,0.0,0.0,0.0,0.0,0.0,0.0,0.0,0.0,0.0,0.0,0.0,0.0,0.0,0.0,0.0,0.0,0.0,0.0,0.0,0.0,0.0,0.0,0.0,0.0,0.0,0.0,0.0,0.0,0.0,0.0,0.0,0.0,0.0,0.0,0.0,0.0,0.0,0.0,0.0,0.0,0.0,0.0,0.0,0.0,0.0,0.0,0.0,0.0,0.0,0.0,0.0,0.0,0.0,0.0,0.0,0.0,0.0,0.0,0.0,0.0,0.0,0.0,0.0,0.0,0.0,0.0,0.0,0.0,0.0,0.0,0.0,0.0,0.0,0.0,0.0,0.0,0.0,0.0,0.0,0.0,0.0,0.0,0.0,777715528523736.5,1555431057047473.0,6903333303076402.0,1.225123554910533e+16,2.438763648676203e+16,3.652403742441874e+16,5.275030169024078e+16,6.8976565956062824e+16,8.299708846594234e+16,9.701761097582184e+16,1.0487341199961397e+17,1.127292130234061e+17,1.1054362290284538e+17,1.0835803278228462e+17,9.736390473070006e+16,8.636977667911554e+16,7.041082588214448e+16,5.445187508517344e+16,3.913269871487979e+16,2.381352234458614e+16,1.627137034859416e+16,8729218352602177.0,8979096327275030.0,9228974301947882.0,1.1870441139220736e+16,1.451190797649359e+16,1.6613975578980412e+16,1.871604318146723e+16,1.7551845410420986e+16,1.6387647639374738e+16,1.1483615720660938e+16,6579583801947138.0,3289791900973569.0,0.0,116225163651013.55,232450327302027.1,1.535634956581557e+16,3.048024880432911e+16,5.1345656328591464e+16,7.221106385285382e+16,8.392054764215043e+16,9.563003143144702e+16,9.086119105391987e+16,8.609235067639269e+16,7.279314084383245e+16,5.949393101127219e+16,5.5882676416398136e+16,5.2271421821524056e+16,4.827877746890177e+16,4.4286133116279464e+16,3.1308500491993296e+16,1.8330867867707132e+16,9165433933853566.0,0.0,0.0,0.0,0.0,0.0,0.0,0.0,0.0,0.0,0.0,0.0,0.0,0.0,0.0,0.0,0.0,0.0,0.0,0.0,0.0,0.0,0.0,0.0,0.0,0.0,0.0,0.0,0.0,0.0,0.0,0.0,0.0,0.0,0.0,0.0,0.0,0.0,0.0,0.0,0.0,0.0,0.0,0.0,0.0,0.0,0.0,0.0,0.0,0.0,0.0,0.0,0.0,0.0,0.0,0.0,0.0,0.0,0.0,0.0,0.0,0.0,0.0,0.0,0.0,0.0,0.0,0.0,0.0,0.0,0.0,0.0,0.0,0.0,0.0,0.0,0.0,0.0,0.0,0.0,0.0,0.0,0.0,0.0,0.0,0.0,0.0,0.0,0.0,0.0,0.0,0.0,0.0,0.0,0.0,0.0,0.0,0.0,0.0,0.0,0.0,0.0,0.0,0.0,0.0
32.0894228801856,104.542008822411,17.7497379642719,218.0,30.0,172.37569429346235,5.0,5.0,0.8816183455309048,6.860348420482557e+17,0.0,0.0,0.0,0.0,0.0,0.0,0.0,0.0,0.0,0.0,0.0,0.0,0.0,0.0,0.0,0.0,0.0,0.0,0.0,0.0,0.0,0.0,0.0,0.0,0.0,0.0,0.0,0.0,0.0,0.0,0.0,0.0,0.0,0.0,0.0,0.0,0.0,0.0,0.0,0.0,0.0,0.0,0.0,0.0,0.0,0.0,0.0,0.0,0.0,0.0,0.0,0.0,0.0,0.0,0.0,0.0,0.0,0.0,0.0,0.0,0.0,0.0,0.0,0.0,0.0,0.0,0.0,0.0,0.0,0.0,0.0,0.0,0.0,0.0,0.0,0.0,0.0,0.0,0.0,0.0,0.0,0.0,0.0,0.0,0.0,0.0,0.0,6199052748893543.0,1.2398105497787086e+16,2.6570884188543616e+16,4.074366287930014e+16,5.518886048436134e+16,6.963405808942253e+16,7.83050248534287e+16,8.69759916174349e+16,8.705126631182453e+16,8.712654100621416e+16,7.857179709812334e+16,7.001705319003252e+16,5.594654019036597e+16,4.18760271906994e+16,2.818969196952674e+16,1.4503356748354086e+16,7251678374177043.0,0.0,0.0,0.0,0.0,0.0,1680748135472402.2,3361496270944804.5,4649760244101301.0,5938024217257797.0,5214783310619619.0,4491542403981442.0,2885209778646632.0,1278877153311823.2,639438576655911.6,0.0,8846558967855855.0,1.769311793571171e+16,3.2259103903745924e+16,4.6825089871780136e+16,5.433359568166293e+16,6.184210149154571e+16,5.569575258346712e+16,4.954940367538855e+16,3.73368995911681e+16,2.512439550694764e+16,2.329900711369788e+16,2.147361872044813e+16,1.994924267668205e+16,1.8424866632915972e+16,1.259118929084663e+16,6757511948777290.0,3378755974388645.0,0.0,0.0,0.0,0.0,0.0,0.0,0.0,0.0,0.0,0.0,0.0,0.0,0.0,0.0,0.0,0.0,0.0,0.0,0.0,0.0,0.0,0.0,0.0,0.0,0.0,0.0,0.0,0.0,0.0,0.0,0.0,0.0,0.0,0.0,0.0,0.0,0.0,0.0,0.0,0.0,0.0,0.0,0.0,0.0,0.0,0.0,0.0,0.0,0.0,0.0,0.0,0.0,0.0,0.0,0.0,0.0,0.0,0.0,0.0,0.0,0.0,0.0,0.0,0.0,0.0,0.0,0.0,0.0,0.0,0.0,0.0,0.0,0.0,0.0,0.0,0.0,0.0,0.0,0.0,0.0,0.0,0.0,0.0,0.0,0.0,0.0,0.0,0.0,0.0,0.0,0.0,0.0,0.0,0.0,0.0,0.0,0.0,0.0,0.0,0.0,0.0,0.0,0.0,0.0
32.113955412828,104.504934664342,20.0562836186236,218.0,25.0,179.2085441403302,5.0,5.0,0.4986705225976382,3.8804246184144256e+17,0.0,0.0,0.0,0.0,0.0,0.0,0.0,0.0,0.0,0.0,0.0,0.0,0.0,0.0,0.0,0.0,0.0,0.0,0.0,0.0,0.0,0.0,0.0,0.0,0.0,0.0,0.0,0.0,0.0,0.0,0.0,0.0,0.0,0.0,0.0,0.0,0.0,0.0,0.0,0.0,0.0,0.0,0.0,0.0,0.0,0.0,0.0,0.0,0.0,0.0,0.0,0.0,0.0,0.0,0.0,0.0,0.0,0.0,0.0,0.0,0.0,0.0,0.0,0.0,0.0,0.0,0.0,0.0,0.0,0.0,0.0,0.0,0.0,0.0,0.0,0.0,0.0,0.0,0.0,0.0,0.0,0.0,0.0,0.0,0.0,0.0,0.0,5248717581714872.0,1.0497435163429744e+16,2.2237128340939796e+16,3.3976821518449856e+16,4.451147329291329e+16,5.504612506737671e+16,6.0029902190356456e+16,6.501367931333619e+16,6.337487533903014e+16,6.17360713647241e+16,5.350120951213814e+16,4.526634765955219e+16,3.4172288731549536e+16,2.307822980354688e+16,1.4224845540196646e+16,5371461276846412.0,2685730638423206.0,0.0,0.0,0.0,0.0,0.0,0.0,0.0,0.0,0.0,0.0,0.0,0.0,0.0,0.0,0.0,4801257720491626.0,9602515440983252.0,1.6493559705294258e+16,2.3384603969605264e+16,2.556392579217368e+16,2.7743247614742084e+16,2.297602377995848e+16,1.820879994517487e+16,1.1441607446046862e+16,4674414946918850.0,3641297625902699.5,2608180304886548.5,2221354378378068.5,1834528451869588.2,917264225934794.1,0.0,0.0,0.0,0.0,0.0,0.0,0.0,0.0,0.0,0.0,0.0,0.0,0.0,0.0,0.0,0.0,0.0,0.0,0.0,0.0,0.0,0.0,0.0,0.0,0.0,0.0,0.0,0.0,0.0,0.0,0.0,0.0,0.0,0.0,0.0,0.0,0.0,0.0,0.0,0.0,0.0,0.0,0.0,0.0,0.0,0.0,0.0,0.0,0.0,0.0,0.0,0.0,0.0,0.0,0.0,0.0,0.0,0.0,0.0,0.0,0.0,0.0,0.0,0.0,0.0,0.0,0.0,0.0,0.0,0.0,0.0,0.0,0.0,0.0,0.0,0.0,0.0,0.0,0.0,0.0,0.0,0.0,0.0,0.0,0.0,0.0,0.0,0.0,0.0,0.0,0.0,0.0,0.0,0.0,0.0,0.0,0.0,0.0,0.0,0.0,0.0,0.0,0.0,0.0,0.0,0.0
32.1395076427909,104.466309059206,21.9678796312896,218.0,20.0,180.0,5.0,5.0,0.201660071999015,1.5692259166632154e+17,0.0,0.0,0.0,0.0,0.0,0.0,0.0,0.0,0.0,0.0,0.0,0.0,0.0,0.0,0.0,0.0,0.0,0.0,0.0,0.0,0.0,0.0,0.0,0.0,0.0,0.0,0.0,0.0,0.0,0.0,0.0,0.0,0.0,0.0,0.0,0.0,0.0,0.0,0.0,0.0,0.0,0.0,0.0,0.0,0.0,0.0,0.0,0.0,0.0,0.0,0.0,0.0,0.0,0.0,0.0,0.0,0.0,0.0,0.0,0.0,0.0,0.0,0.0,0.0,0.0,0.0,0.0,0.0,0.0,0.0,0.0,0.0,0.0,0.0,0.0,0.0,0.0,0.0,0.0,0.0,0.0,0.0,0.0,0.0,0.0,11959031638067.588,23918063276135.176,4772051674758490.0,9520185286240844.0,1.640495600870958e+16,2.328972673117832e+16,2.818320697467858e+16,3.3076687218178836e+16,3.3664541908884856e+16,3.425239659959088e+16,3.0940036478455916e+16,2.762767635732094e+16,2.1867190813190292e+16,1.6106705269059638e+16,1.0768294568062376e+16,5429883867065115.0,2714941933532557.5,0.0,0.0,0.0,0.0,0.0,0.0,0.0,0.0,0.0,0.0,0.0,0.0,0.0,0.0,0.0,0.0,0.0,617407921109517.6,1234815842219035.2,2285705602426130.5,3336595362633225.5,3180298216095889.5,3024001069558552.5,1512000534779276.2,0.0,0.0,0.0,0.0,0.0,0.0,0.0,0.0,0.0,0.0,0.0,0.0,0.0,0.0,0.0,0.0,0.0,0.0,0.0,0.0,0.0,0.0,0.0,0.0,0.0,0.0,0.0,0.0,0.0,0.0,0.0,0.0,0.0,0.0,0.0,0.0,0.0,0.0,0.0,0.0,0.0,0.0,0.0,0.0,0.0,0.0,0.0,0.0,0.0,0.0,0.0,0.0,0.0,0.0,0.0,0.0,0.0,0.0,0.0,0.0,0.0,0.0,0.0,0.0,0.0,0.0,0.0,0.0,0.0,0.0,0.0,0.0,0.0,0.0,0.0,0.0,0.0,0.0,0.0,0.0,0.0,0.0,0.0,0.0,0.0,0.0,0.0,0.0,0.0,0.0,0.0,0.0,0.0,0.0,0.0,0.0,0.0,0.0,0.0,0.0,0.0,0.0,0.0,0.0,0.0,0.0,0.0,0.0,0.0,0.0,0.0,0.0,0.0,0.0
32.1658851021754,104.426424829871,23.46997760236,218.0,15.0,180.0,5.0,5.0,0.0668782727842959,5.2041595480190984e+16,0.0,0.0,0.0,0.0,0.0,0.0,0.0,0.0,0.0,0.0,0.0,0.0,0.0,0.0,0.0,0.0,0.0,0.0,0.0,0.0,0.0,0.0,0.0,0.0,0.0,0.0,0.0,0.0,0.0,0.0,0.0,0.0,0.0,0.0,0.0,0.0,0.0,0.0,0.0,0.0,0.0,0.0,0.0,0.0,0.0,0.0,0.0,0.0,0.0,0.0,0.0,0.0,0.0,0.0,0.0,0.0,0.0,0.0,0.0,0.0,0.0,0.0,0.0,0.0,0.0,0.0,0.0,0.0,0.0,0.0,0.0,0.0,0.0,0.0,0.0,0.0,0.0,0.0,0.0,0.0,0.0,0.0,0.0,0.0,0.0,409050030729529.06,818100061459058.1,3823254395735222.0,6828408730011386.0,9536617028946842.0,1.2244825327882296e+16,1.3032913781192034e+16,1.3821002234501772e+16,1.2514658380726498e+16,1.1208314526951222e+16,8607402285315104.0,6006490043678984.0,3560472299692623.5,1114454555706263.1,557227277853131.56,0.0,0.0,0.0,0.0,0.0,0.0,0.0,0.0,0.0,0.0,0.0,0.0,0.0,0.0,0.0,0.0,0.0,0.0,0.0,0.0,0.0,0.0,0.0,0.0,0.0,0.0,0.0,0.0,0.0,0.0,0.0,0.0,0.0,0.0,0.0,0.0,0.0,0.0,0.0,0.0,0.0,0.0,0.0,0.0,0.0,0.0,0.0,0.0,0.0,0.0,0.0,0.0,0.0,0.0,0.0,0.0,0.0,0.0,0.0,0.0,0.0,0.0,0.0,0.0,0.0,0.0,0.0,0.0,0.0,0.0,0.0,0.0,0.0,0.0,0.0,0.0,0.0,0.0,0.0,0.0,0.0,0.0,0.0,0.0,0.0,0.0,0.0,0.0,0.0,0.0,0.0,0.0,0.0,0.0,0.0,0.0,0.0,0.0,0.0,0.0,0.0,0.0,0.0,0.0,0.0,0.0,0.0,0.0,0.0,0.0,0.0,0.0,0.0,0.0,0.0,0.0,0.0,0.0,0.0,0.0,0.0,0.0,0.0,0.0,0.0,0.0,0.0,0.0,0.0,0.0,0.0,0.0,0.0,0.0,0.0,0.0,0.0,0.0,0.0,0.0
32.1928870425886,104.385585748101,24.5511456592836,218.0,10.0,90.0,5.0,5.0,0.0,0.0,0.0,0.0,0.0,0.0,0.0,0.0,0.0,0.0,0.0,0.0,0.0,0.0,0.0,0.0,0.0,0.0,0.0,0.0,0.0,0.0,0.0,0.0,0.0,0.0,0.0,0.0,0.0,0.0,0.0,0.0,0.0,0.0,0.0,0.0,0.0,0.0,0.0,0.0,0.0,0.0,0.0,0.0,0.0,0.0,0.0,0.0,0.0,0.0,0.0,0.0,0.0,0.0,0.0,0.0,0.0,0.0,0.0,0.0,0.0,0.0,0.0,0.0,0.0,0.0,0.0,0.0,0.0,0.0,0.0,0.0,0.0,0.0,0.0,0.0,0.0,0.0,0.0,0.0,0.0,0.0,0.0,0.0,0.0,0.0,0.0,0.0,0.0,0.0,0.0,0.0,0.0,0.0,0.0,0.0,0.0,0.0,0.0,0.0,0.0,0.0,0.0,0.0,0.0,0.0,0.0,0.0,0.0,0.0,0.0,0.0,0.0,0.0,0.0,0.0,0.0,0.0,0.0,0.0,0.0,0.0,0.0,0.0,0.0,0.0,0.0,0.0,0.0,0.0,0.0,0.0,0.0,0.0,0.0,0.0,0.0,0.0,0.0,0.0,0.0,0.0,0.0,0.0,0.0,0.0,0.0,0.0,0.0,0.0,0.0,0.0,0.0,0.0,0.0,0.0,0.0,0.0,0.0,0.0,0.0,0.0,0.0,0.0,0.0,0.0,0.0,0.0,0.0,0.0,0.0,0.0,0.0,0.0,0.0,0.0,0.0,0.0,0.0,0.0,0.0,0.0,0.0,0.0,0.0,0.0,0.0,0.0,0.0,0.0,0.0,0.0,0.0,0.0,0.0,0.0,0.0,0.0,0.0,0.0,0.0,0.0,0.0,0.0,0.0,0.0,0.0,0.0,0.0,0.0,0.0,0.0,0.0,0.0,0.0,0.0,0.0,0.0,0.0,0.0,0.0,0.0,0.0,0.0,0.0,0.0,0.0,0.0,0.0,0.0,0.0,0.0,0.0,0.0,0.0,0.0,0.0,0.0,0.0,0.0,0.0,0.0
31.9888963674563,104.607674309606,2.46201938253052,218.0,80.0,170.3159104942791,5.0,5.0,5.314782047573085,4.1357189094471864e+18,0.0,0.0,0.0,0.0,0.0,0.0,0.0,0.0,0.0,0.0,0.0,0.0,0.0,0.0,0.0,0.0,0.0,0.0,0.0,0.0,0.0,0.0,0.0,0.0,0.0,0.0,0.0,0.0,0.0,0.0,0.0,0.0,0.0,0.0,0.0,0.0,0.0,0.0,0.0,0.0,0.0,0.0,0.0,0.0,0.0,0.0,0.0,0.0,0.0,0.0,0.0,0.0,0.0,0.0,0.0,0.0,0.0,0.0,0.0,0.0,0.0,0.0,0.0,0.0,0.0,0.0,0.0,0.0,0.0,0.0,0.0,0.0,0.0,8242242061586850.0,1.64844841231737e+16,2.5167127559789096e+16,3.3849770996404484e+16,4.392522437651296e+16,5.400067775662144e+16,6.8789126179078456e+16,8.35775746015355e+16,1.0252266403093555e+17,1.214677534603356e+17,1.4425465131151814e+17,1.6704154916270067e+17,1.909279617073238e+17,2.148143742519469e+17,2.3589979362954355e+17,2.569852130071402e+17,2.7168658163692253e+17,2.8638795026670493e+17,2.9076698114697645e+17,2.95146012027248e+17,2.8693608225825184e+17,2.7872615248925565e+17,2.580551422689375e+17,2.3738413204861936e+17,2.084623676329027e+17,1.79540603217186e+17,1.5092748866717674e+17,1.2231437411716747e+17,1.0834938222647517e+17,9.438439033578288e+16,9.815200313054253e+16,1.0191961592530219e+17,1.0701065643432067e+17,1.1210169694333922e+17,1.0961194271604891e+17,1.0712218848875864e+17,9.605542147422318e+16,8.498865445968771e+16,7.098328292726831e+16,5.6977911394848904e+16,5.780507230567834e+16,5.863223321650778e+16,7.569293499277504e+16,9.275363676904229e+16,1.1515072061321907e+17,1.3754780445739582e+17,1.5906424372093565e+17,1.8058068298447546e+17,1.933822800093105e+17,2.0618387703414554e+17,2.0409522705481485e+17,2.0200657707548416e+17,1.834738943384786e+17,1.64941211601473e+17,1.3607559493908938e+17,1.0720997827670574e+17,8.216798525946797e+16,5.7125992242230184e+16,4.0323914479098664e+16,2.3521836715967148e+16,1.1760918357983574e+16,0.0,0.0,0.0,0.0,0.0,0.0,0.0,0.0,0.0,0.0,0.0,0.0,0.0,0.0,0.0,0.0,0.0,0.0,0.0,0.0,0.0,0.0,0.0,0.0,0.0,0.0,0.0,0.0,0.0,0.0,0.0,0.0,0.0,0.0,0.0,0.0,0.0,0.0,0.0,0.0,0.0,0.0,0.0,0.0,0.0,0.0,0.0,0.0,0.0,0.0,0.0,0.0,0.0,0.0,0.0,0.0,0.0,0.0,0.0,0.0,0.0,0.0,0.0,0.0,0.0,0.0,0.0,0.0,0.0,0.0,0.0,0.0,0.0,0.0,0.0,0.0,0.0,0.0,0.0,0.0,0.0,0.0,0.0,0.0,0.0,0.0,0.0,0.0,0.0,0.0,0.0,0.0,0.0,0.0,0.0,0.0,0.0,0.0,0.0,0.0,0.0,0.0,0.0,0.0,0.0,0.0
31.9971498527288,104.595208786131,7.18980823265266,218.0,65.0,168.3549049720994,5.0,5.0,4.3478367422674005,3.383286552342347e+18,0.0,0.0,0.0,0.0,0.0,0.0,0.0,0.0,0.0,0.0,0.0,0.0,0.0,0.0,0.0,0.0,0.0,0.0,0.0,0.0,0.0,0.0,0.0,0.0,0.0,0.0,0.0,0.0,0.0,0.0,0.0,0.0,0.0,0.0,0.0,0.0,0.0,0.0,0.0,0.0,0.0,0.0,0.0,0.0,0.0,0.0,0.0,0.0,0.0,0.0,0.0,0.0,0.0,0.0,0.0,0.0,0.0,0.0,0.0,0.0,0.0,0.0,0.0,0.0,0.0,0.0,0.0,0.0,0.0,0.0,0.0,0.0,0.0,4865964106730669.0,9731928213461338.0,1.6098341484119496e+16,2.2464754754777652e+16,3.0100224362976908e+16,3.773569397117617e+16,4.819899040423126e+16,5.866228683728637e+16,7.26824988553238e+16,8.670271087336126e+16,1.0418857171281048e+17,1.2167443255225966e+17,1.4094670755211686e+17,1.602189825519741e+17,1.7888436618826966e+17,1.9754974982456522e+17,2.127049329389897e+17,2.278601160534141e+17,2.3619562069274858e+17,2.4453112533208304e+17,2.420516899269028e+17,2.395722545217225e+17,2.2510962553049322e+17,2.1064699653926397e+17,1.8693431721536298e+17,1.6322163789146198e+17,1.3797296359897242e+17,1.127242893064828e+17,9.787040296389395e+16,8.301651662130512e+16,8.286936764086762e+16,8.27222186604301e+16,8.713610065306416e+16,9.154998264569824e+16,9.235781739917085e+16,9.316565215264349e+16,8.598116916713438e+16,7.87966861816253e+16,6.430784516687624e+16,4.981900415212719e+16,4.036553096634189e+16,3.0912057780556584e+16,4.176732763886905e+16,5.262259749718151e+16,7.200146572142603e+16,9.138033394567054e+16,1.1528242275369822e+17,1.3918451156172589e+17,1.5699058174209754e+17,1.7479665192246922e+17,1.7848613561350618e+17,1.8217561930454323e+17,1.6822825096727648e+17,1.5428088263000973e+17,1.2801053533034307e+17,1.0174018803067642e+17,7.85724977568658e+16,5.540480748305516e+16,4.191334501619708e+16,2.8421882549338984e+16,1.4210941274669492e+16,0.0,0.0,0.0,0.0,0.0,0.0,0.0,0.0,0.0,0.0,0.0,0.0,0.0,0.0,0.0,0.0,0.0,0.0,0.0,0.0,0.0,0.0,0.0,0.0,0.0,0.0,0.0,0.0,0.0,0.0,0.0,0.0,0.0,0.0,0.0,0.0,0.0,0.0,0.0,0.0,0.0,0.0,0.0,0.0,0.0,0.0,0.0,0.0,0.0,0.0,0.0,0.0,0.0,0.0,0.0,0.0,0.0,0.0,0.0,0.0,0.0,0.0,0.0,0.0,0.0,0.0,0.0,0.0,0.0,0.0,0.0,0.0,0.0,0.0,0.0,0.0,0.0,0.0,0.0,0.0,0.0,0.0,0.0,0.0,0.0,0.0,0.0,0.0,0.0,0.0,0.0,0.0,0.0,0.0,0.0,0.0,0.0,0.0,0.0,0.0,0.0,0.0,0.0,0.0,0.0,0.0
32.0118971386531,104.572932331141,11.3706888080417,218.0,50.0,165.92590483740773,5.0,5.0,2.841610860688927,2.2112108576885312e+18,0.0,0.0,0.0,0.0,0.0,0.0,0.0,0.0,0.0,0.0,0.0,0.0,0.0,0.0,0.0,0.0,0.0,0.0,0.0,0.0,0.0,0.0,0.0,0.0,0.0,0.0,0.0,0.0,0.0,0.0,0.0,0.0,0.0,0.0,0.0,0.0,0.0,0.0,0.0,0.0,0.0,0.0,0.0,0.0,0.0,0.0,0.0,0.0,0.0,0.0,0.0,0.0,0.0,0.0,0.0,0.0,0.0,0.0,0.0,0.0,0.0,0.0,0.0,0.0,0.0,0.0,0.0,0.0,0.0,0.0,0.0,0.0,0.0,1290692536350354.2,2581385072700708.5,5235508671888368.0,7889632271076025.0,1.0807832452343678e+16,1.3726032633611328e+16,1.7842159211394804e+16,2.195828578917828e+16,2.775145439397381e+16,3.3544622998769336e+16,4.184770421685852e+16,5.0150785434947704e+16,6.192419711834562e+16,7.369760880174352e+16,8.856351008571725e+16,1.0342941136969098e+17,1.1968470544477381e+17,1.359399995198566e+17,1.4962505001383302e+17,1.633101005078094e+17,1.699786967532601e+17,1.7664729299871082e+17,1.7195516649323e+17,1.6726303998774925e+17,1.5243327517204502e+17,1.3760351035634075e+17,1.173424903806189e+17,9.708147040489704e+16,7.905966443448478e+16,6.103785846407254e+16,5.423927878847449e+16,4.7440699112876424e+16,5.025841052663381e+16,5.307612194039118e+16,5.825225563217928e+16,6.342838932396739e+16,6.375907667507581e+16,6.4089764026184216e+16,5.5936635283074184e+16,4.778350653996415e+16,3.4165939393263884e+16,2.054837224656362e+16,1.3614363916308654e+16,6680355586053688.0,1.918256079339549e+16,3.1684766000737292e+16,5.450451902704058e+16,7.732427205334384e+16,1.0082317425692389e+17,1.2432207646050395e+17,1.3498941021303286e+17,1.4565674396556176e+17,1.3702130031499866e+17,1.2838585666443554e+17,1.0523245311406334e+17,8.207904956369112e+16,6.300275190322001e+16,4.392645424274889e+16,3.642492379655134e+16,2.8923393350353784e+16,1.4461696675176892e+16,0.0,0.0,0.0,0.0,0.0,0.0,0.0,0.0,0.0,0.0,0.0,0.0,0.0,0.0,0.0,0.0,0.0,0.0,0.0,0.0,0.0,0.0,0.0,0.0,0.0,0.0,0.0,0.0,0.0,0.0,0.0,0.0,0.0,0.0,0.0,0.0,0.0,0.0,0.0,0.0,0.0,0.0,0.0,0.0,0.0,0.0,0.0,0.0,0.0,0.0,0.0,0.0,0.0,0.0,0.0,0.0,0.0,0.0,0.0,0.0,0.0,0.0,0.0,0.0,0.0,0.0,0.0,0.0,0.0,0.0,0.0,0.0,0.0,0.0,0.0,0.0,0.0,0.0,0.0,0.0,0.0,0.0,0.0,0.0,0.0,0.0,0.0,0.0,0.0,0.0,0.0,0.0,0.0,0.0,0.0,0.0,0.0,0.0,0.0,0.0,0.0,0.0,0.0,0.0,0.0,0.0
32.0313981097471,104.543469573782,14.8927689400555,218.0,40.0,167.6643676533118,5.0,5.0,1.7185201720305083,1.3372733459462282e+18,0.0,0.0,0.0,0.0,0.0,0.0,0.0,0.0,0.0,0.0,0.0,0.0,0.0,0.0,0.0,0.0,0.0,0.0,0.0,0.0,0.0,0.0,0.0,0.0,0.0,0.0,0.0,0.0,0.0,0.0,0.0,0.0,0.0,0.0,0.0,0.0,0.0,0.0,0.0,0.0,0.0,0.0,0.0,0.0,0.0,0.0,0.0,0.0,0.0,0.0,0.0,0.0,0.0,0.0,0.0,0.0,0.0,0.0,0.0,0.0,0.0,0.0,0.0,0.0,0.0,0.0,0.0,0.0,0.0,0.0,0.0,0.0,0.0,0.0,0.0,0.0,0.0,16581809441314.992,33163618882629.984,963291251105540.5,1893418883328451.0,2102547707960757.0,2311676532593062.5,3774770753999018.5,5237864975404974.0,1.0208521081115514e+16,1.5179177186826056e+16,2.572139131815914e+16,3.626360544949222e+16,5.296190036725378e+16,6.966019528501533e+16,8.681138518202696e+16,1.0396257507903856e+17,1.1651175195716522e+17,1.2906092883529187e+17,1.3185139105266886e+17,1.3464185327004586e+17,1.2596315318354366e+17,1.1728445309704149e+17,1.0023218626230202e+17,8.317991942756253e+16,6.327415898213839e+16,4.336839853671428e+16,2.947267965259207e+16,1.5576960768469876e+16,1.5846640639202952e+16,1.6116320509936026e+16,2.217955126053098e+16,2.8242782011125936e+16,3.3599380541518788e+16,3.895597907191164e+16,3.7463213063203416e+16,3.597044705449518e+16,2.7319826999005344e+16,1.8669206943515504e+16,1.0072037388621606e+16,1474867833727707.8,2227163320060758.8,2979458806393810.0,2.064219933061714e+16,3.830493985484047e+16,6.173957080661849e+16,8.51742017583965e+16,9.711070208859618e+16,1.090472024187959e+17,1.024668157211806e+17,9.588642902356533e+16,7.63058074399151e+16,5.672518585626488e+16,4.3732161790750504e+16,3.073913772523613e+16,2.6036066928776036e+16,2.1332996132315944e+16,1.0666498066157972e+16,0.0,0.0,0.0,0.0,0.0,0.0,0.0,0.0,0.0,0.0,0.0,0.0,0.0,0.0,0.0,0.0,0.0,0.0,0.0,0.0,0.0,0.0,0.0,0.0,0.0,0.0,0.0,0.0,0.0,0.0,0.0,0.0,0.0,0.0,0.0,0.0,0.0,0.0,0.0,0.0,0.0,0.0,0.0,0.0,0.0,0.0,0.0,0.0,0.0,0.0,0.0,0.0,0.0,0.0,0.0,0.0,0.0,0.0,0.0,0.0,0.0,0.0,0.0,0.0,0.0,0.0,0.0,0.0,0.0,0.0,0.0,0.0,0.0,0.0,0.0,0.0,0.0,0.0,0.0,0.0,0.0,0.0,0.0,0.0,0.0,0.0,0.0,0.0,0.0,0.0,0.0,0.0,0.0,0.0,0.0,0.0,0.0,0.0,0.0,0.0,0.0,0.0,0.0,0.0,0.0,0.0
32.0539891253649,104.509330378961,17.7497379642719,218.0,30.0,173.56013371312048,5.0,5.0,1.095081968548452,8.521424141538522e+17,0.0,0.0,0.0,0.0,0.0,0.0,0.0,0.0,0.0,0.0,0.0,0.0,0.0,0.0,0.0,0.0,0.0,0.0,0.0,0.0,0.0,0.0,0.0,0.0,0.0,0.0,0.0,0.0,0.0,0.0,0.0,0.0,0.0,0.0,0.0,0.0,0.0,0.0,0.0,0.0,0.0,0.0,0.0,0.0,0.0,0.0,0.0,0.0,0.0,0.0,0.0,0.0,0.0,0.0,0.0,0.0,0.0,0.0,0.0,0.0,0.0,0.0,0.0,0.0,0.0,0.0,0.0,0.0,0.0,0.0,0.0,0.0,0.0,0.0,0.0,0.0,0.0,0.0,0.0,0.0,0.0,0.0,0.0,0.0,0.0,0.0,0.0,5327952472764159.0,1.0655904945528318e+16,2.4581933501270724e+16,3.850796205701313e+16,5.500772686585126e+16,7.150749167468938e+16,8.494090804307274e+16,9.837432441145606e+16,1.0356013318763555e+17,1.0874594196381502e+17,1.0266545088903162e+17,9.65849598142482e+16,8.147986699355277e+16,6.637477417285732e+16,4.8707245480083416e+16,3.103971678730952e+16,1.850382897246636e+16,5967941157623199.0,2983970578811599.5,0.0,2018805058203021.8,4037610116406043.5,9408535383261884.0,1.4779460650117722e+16,1.820060397590601e+16,2.1621747301694292e+16,1.913071152423234e+16,1.663967574677039e+16,1.081786334996708e+16,4996050953163772.0,2498025476581886.0,0.0,1.166732206993563e+16,2.333464413987126e+16,4.035887057677177e+16,5.738309701367227e+16,6.532754389177777e+16,7.327199076988326e+16,6.62016877070469e+16,5.913138464421052e+16,4.367490172510669e+16,2.8218418806002868e+16,1.9869588894995068e+16,1.1520758983987276e+16,1.048465851375975e+16,9448558043532224.0,4724279021766112.0,0.0,0.0,0.0,0.0,0.0,0.0,0.0,0.0,0.0,0.0,0.0,0.0,0.0,0.0,0.0,0.0,0.0,0.0,0.0,0.0,0.0,0.0,0.0,0.0,0.0,0.0,0.0,0.0,0.0,0.0,0.0,0.0,0.0,0.0,0.0,0.0,0.0,0.0,0.0,0.0,0.0,0.0,0.0,0.0,0.0,0.0,0.0,0.0,0.0,0.0,0.0,0.0,0.0,0.0,0.0,0.0,0.0,0.0,0.0,0.0,0.0,0.0,0.0,0.0,0.0,0.0,0.0,0.0,0.0,0.0,0.0,0.0,0.0,0.0,0.0,0.0,0.0,0.0,0.0,0.0,0.0,0.0,0.0,0.0,0.0,0.0,0.0,0.0,0.0,0.0,0.0,0.0,0.0,0.0,0.0,0.0,0.0,0.0,0.0,0.0,0.0,0.0,0.0,0.0,0.0,0.0
32.0785216580073,104.472247787029,20.0562836186236,218.0,25.0,178.40736998127488,5.0,5.0,0.6155048042577863,4.7895752545241344e+17,0.0,0.0,0.0,0.0,0.0,0.0,0.0,0.0,0.0,0.0,0.0,0.0,0.0,0.0,0.0,0.0,0.0,0.0,0.0,0.0,0.0,0.0,0.0,0.0,0.0,0.0,0.0,0.0,0.0,0.0,0.0,0.0,0.0,0.0,0.0,0.0,0.0,0.0,0.0,0.0,0.0,0.0,0.0,0.0,0.0,0.0,0.0,0.0,0.0,0.0,0.0,0.0,0.0,0.0,0.0,0.0,0.0,0.0,0.0,0.0,0.0,0.0,0.0,0.0,0.0,0.0,0.0,0.0,0.0,0.0,0.0,0.0,0.0,0.0,0.0,0.0,0.0,0.0,0.0,0.0,0.0,0.0,0.0,0.0,0.0,0.0,0.0,3008053171311104.0,6016106342622208.0,1.7121452254117988e+16,2.822679816561377e+16,4.178968159299326e+16,5.535256502037276e+16,6.473063410075685e+16,7.410870318114094e+16,7.58503518209044e+16,7.759200046066786e+16,7.0715114459115304e+16,6.3838228457562776e+16,5.124652779823307e+16,3.865482713890338e+16,2.598497164018867e+16,1.3315116141473968e+16,6657558070736984.0,0.0,0.0,0.0,0.0,0.0,412076687468508.8,824153374937017.6,2844572501808377.5,4864991628679736.0,4757316037569770.0,4649640446459804.0,2689638232036757.5,729636017613710.8,364818008806855.4,0.0,6469834175835640.0,1.293966835167128e+16,2.1517115457574816e+16,3.0094562563478356e+16,3.260111132526696e+16,3.510766008705556e+16,2.9410195814504864e+16,2.371273154195417e+16,1.5377346717231886e+16,7041961892509605.0,4104720305091329.0,1167478717673053.5,944087319848289.9,720695922023526.4,360347961011763.2,0.0,0.0,0.0,0.0,0.0,0.0,0.0,0.0,0.0,0.0,0.0,0.0,0.0,0.0,0.0,0.0,0.0,0.0,0.0,0.0,0.0,0.0,0.0,0.0,0.0,0.0,0.0,0.0,0.0,0.0,0.0,0.0,0.0,0.0,0.0,0.0,0.0,0.0,0.0,0.0,0.0,0.0,0.0,0.0,0.0,0.0,0.0,0.0,0.0,0.0,0.0,0.0,0.0,0.0,0.0,0.0,0.0,0.0,0.0,0.0,0.0,0.0,0.0,0.0,0.0,0.0,0.0,0.0,0.0,0.0,0.0,0.0,0.0,0.0,0.0,0.0,0.0,0.0,0.0,0.0,0.0,0.0,0.0,0.0,0.0,0.0,0.0,0.0,0.0,0.0,0.0,0.0,0.0,0.0,0.0,0.0,0.0,0.0,0.0,0.0,0.0,0.0,0.0,0.0,0.0,0.0
32.1040738879701,104.433613207418,21.9678796312896,218.0,20.0,180.0,5.0,5.0,0.263037517538452,2.0468369642261658e+17,0.0,0.0,0.0,0.0,0.0,0.0,0.0,0.0,0.0,0.0,0.0,0.0,0.0,0.0,0.0,0.0,0.0,0.0,0.0,0.0,0.0,0.0,0.0,0.0,0.0,0.0,0.0,0.0,0.0,0.0,0.0,0.0,0.0,0.0,0.0,0.0,0.0,0.0,0.0,0.0,0.0,0.0,0.0,0.0,0.0,0.0,0.0,0.0,0.0,0.0,0.0,0.0,0.0,0.0,0.0,0.0,0.0,0.0,0.0,0.0,0.0,0.0,0.0,0.0,0.0,0.0,0.0,0.0,0.0,0.0,0.0,0.0,0.0,0.0,0.0,0.0,0.0,0.0,0.0,0.0,0.0,0.0,0.0,0.0,0.0,0.0,0.0,3697496629611651.5,7394993259223303.0,1.4315005033736306e+16,2.1235016808249308e+16,2.804487935088105e+16,3.485474189351279e+16,3.882389581561008e+16,4.279304973770737e+16,4.1368811965240824e+16,3.994457419277428e+16,3.3680440539357224e+16,2.7416306885940176e+16,1.9875169058007932e+16,1.233403123007569e+16,6699852490381874.0,1065673750688059.9,532836875344029.94,0.0,0.0,0.0,0.0,0.0,0.0,0.0,0.0,0.0,0.0,0.0,0.0,0.0,0.0,0.0,1686804808639899.2,3373609617279798.5,5064309853909583.0,6755010090539367.0,6526907716237840.0,6298805341936314.0,3758344478313201.0,1217883614690089.0,608941807345044.5,0.0,0.0,0.0,0.0,0.0,0.0,0.0,0.0,0.0,0.0,0.0,0.0,0.0,0.0,0.0,0.0,0.0,0.0,0.0,0.0,0.0,0.0,0.0,0.0,0.0,0.0,0.0,0.0,0.0,0.0,0.0,0.0,0.0,0.0,0.0,0.0,0.0,0.0,0.0,0.0,0.0,0.0,0.0,0.0,0.0,0.0,0.0,0.0,0.0,0.0,0.0,0.0,0.0,0.0,0.0,0.0,0.0,0.0,0.0,0.0,0.0,0.0,0.0,0.0,0.0,0.0,0.0,0.0,0.0,0.0,0.0,0.0,0.0,0.0,0.0,0.0,0.0,0.0,0.0,0.0,0.0,0.0,0.0,0.0,0.0,0.0,0.0,0.0,0.0,0.0,0.0,0.0,0.0,0.0,0.0,0.0,0.0,0.0,0.0,0.0,0.0,0.0,0.0,0.0,0.0,0.0,0.0,0.0,0.0,0.0,0.0,0.0
32.1304513473547,104.393719661263,23.46997760236,218.0,15.0,180.0,5.0,5.0,0.0746903320196365,5.812058062240822e+16,0.0,0.0,0.0,0.0,0.0,0.0,0.0,0.0,0.0,0.0,0.0,0.0,0.0,0.0,0.0,0.0,0.0,0.0,0.0,0.0,0.0,0.0,0.0,0.0,0.0,0.0,0.0,0.0,0.0,0.0,0.0,0.0,0.0,0.0,0.0,0.0,0.0,0.0,0.0,0.0,0.0,0.0,0.0,0.0,0.0,0.0,0.0,0.0,0.0,0.0,0.0,0.0,0.0,0.0,0.0,0.0,0.0,0.0,0.0,0.0,0.0,0.0,0.0,0.0,0.0,0.0,0.0,0.0,0.0,0.0,0.0,0.0,0.0,0.0,0.0,0.0,0.0,0.0,0.0,0.0,0.0,0.0,0.0,0.0,0.0,0.0,0.0,2077404509496253.0,4154809018992506.0,7095403961195926.0,1.0035998903399346e+16,1.2051070724518852e+16,1.4066142545638354e+16,1.4467512894999254e+16,1.4868883244360154e+16,1.2974100172246504e+16,1.1079317100132854e+16,7497373455008935.0,3915429809885018.0,1957714904942509.0,0.0,0.0,0.0,0.0,0.0,0.0,0.0,0.0,0.0,0.0,0.0,0.0,0.0,0.0,0.0,0.0,0.0,0.0,0.0,0.0,0.0,0.0,0.0,0.0,0.0,0.0,0.0,0.0,0.0,0.0,0.0,0.0,0.0,0.0,0.0,0.0,0.0,0.0,0.0,0.0,0.0,0.0,0.0,0.0,0.0,0.0,0.0,0.0,0.0,0.0,0.0,0.0,0.0,0.0,0.0,0.0,0.0,0.0,0.0,0.0,0.0,0.0,0.0,0.0,0.0,0.0,0.0,0.0,0.0,0.0,0.0,0.0,0.0,0.0,0.0,0.0,0.0,0.0,0.0,0.0,0.0,0.0,0.0,0.0,0.0,0.0,0.0,0.0,0.0,0.0,0.0,0.0,0.0,0.0,0.0,0.0,0.0,0.0,0.0,0.0,0.0,0.0,0.0,0.0,0.0,0.0,0.0,0.0,0.0,0.0,0.0,0.0,0.0,0.0,0.0,0.0,0.0,0.0,0.0,0.0,0.0,0.0,0.0,0.0,0.0,0.0,0.0,0.0,0.0,0.0,0.0,0.0,0.0,0.0,0.0,0.0,0.0,0.0,0.0,0.0
32.1574532877678,104.352873442191,24.5511456592836,218.0,10.0,90.0,5.0,5.0,0.0,0.0,0.0,0.0,0.0,0.0,0.0,0.0,0.0,0.0,0.0,0.0,0.0,0.0,0.0,0.0,0.0,0.0,0.0,0.0,0.0,0.0,0.0,0.0,0.0,0.0,0.0,0.0,0.0,0.0,0.0,0.0,0.0,0.0,0.0,0.0,0.0,0.0,0.0,0.0,0.0,0.0,0.0,0.0,0.0,0.0,0.0,0.0,0.0,0.0,0.0,0.0,0.0,0.0,0.0,0.0,0.0,0.0,0.0,0.0,0.0,0.0,0.0,0.0,0.0,0.0,0.0,0.0,0.0,0.0,0.0,0.0,0.0,0.0,0.0,0.0,0.0,0.0,0.0,0.0,0.0,0.0,0.0,0.0,0.0,0.0,0.0,0.0,0.0,0.0,0.0,0.0,0.0,0.0,0.0,0.0,0.0,0.0,0.0,0.0,0.0,0.0,0.0,0.0,0.0,0.0,0.0,0.0,0.0,0.0,0.0,0.0,0.0,0.0,0.0,0.0,0.0,0.0,0.0,0.0,0.0,0.0,0.0,0.0,0.0,0.0,0.0,0.0,0.0,0.0,0.0,0.0,0.0,0.0,0.0,0.0,0.0,0.0,0.0,0.0,0.0,0.0,0.0,0.0,0.0,0.0,0.0,0.0,0.0,0.0,0.0,0.0,0.0,0.0,0.0,0.0,0.0,0.0,0.0,0.0,0.0,0.0,0.0,0.0,0.0,0.0,0.0,0.0,0.0,0.0,0.0,0.0,0.0,0.0,0.0,0.0,0.0,0.0,0.0,0.0,0.0,0.0,0.0,0.0,0.0,0.0,0.0,0.0,0.0,0.0,0.0,0.0,0.0,0.0,0.0,0.0,0.0,0.0,0.0,0.0,0.0,0.0,0.0,0.0,0.0,0.0,0.0,0.0,0.0,0.0,0.0,0.0,0.0,0.0,0.0,0.0,0.0,0.0,0.0,0.0,0.0,0.0,0.0,0.0,0.0,0.0,0.0,0.0,0.0,0.0,0.0,0.0,0.0,0.0,0.0,0.0,0.0,0.0,0.0,0.0,0.0,0.0
31.9534626126356,104.575015515776,2.46201938253052,218.0,80.0,167.17825828043053,5.0,5.0,5.359490298871233,4.170508814027845e+18,0.0,0.0,0.0,0.0,0.0,0.0,0.0,0.0,0.0,0.0,0.0,0.0,0.0,0.0,0.0,0.0,0.0,0.0,0.0,0.0,0.0,0.0,0.0,0.0,0.0,0.0,0.0,0.0,0.0,0.0,0.0,0.0,0.0,0.0,0.0,0.0,0.0,0.0,0.0,0.0,0.0,0.0,0.0,0.0,0.0,0.0,0.0,0.0,0.0,0.0,0.0,0.0,0.0,0.0,0.0,0.0,0.0,0.0,0.0,0.0,0.0,0.0,0.0,0.0,0.0,0.0,0.0,0.0,0.0,0.0,0.0,7164146920239452.0,1.4328293840478904e+16,2.2283806332373144e+16,3.0239318824267388e+16,3.8143822967688456e+16,4.604832711110951e+16,5.5587180529882104e+16,6.5126033948654696e+16,7.793547307491355e+16,9.074491220117242e+16,1.074690434371211e+17,1.2419317467306978e+17,1.430797342230015e+17,1.619662937729332e+17,1.8254131479749926e+17,2.031163358220653e+17,2.2203751399551498e+17,2.4095869216896467e+17,2.552471077432886e+17,2.695355233176125e+17,2.7528138192546614e+17,2.8102724053331974e+17,2.762649691805041e+17,2.7150269782768835e+17,2.5572697263262397e+17,2.3995124743755955e+17,2.1560820011530448e+17,1.912651527930494e+17,1.6481571205412032e+17,1.383662713151912e+17,1.2659522895183902e+17,1.1482418658848685e+17,1.2300543366376536e+17,1.3118668073904386e+17,1.4233882923363243e+17,1.53490977728221e+17,1.55197530678614e+17,1.5690408362900707e+17,1.4473200771479994e+17,1.3255993180059285e+17,1.1189271166999507e+17,9.122549153939731e+16,7.929337400346184e+16,6.736125646752636e+16,7.884377906458112e+16,9.032630166163586e+16,1.0946112059066386e+17,1.2859593951969187e+17,1.468358184629716e+17,1.6507569740625133e+17,1.7430235729688045e+17,1.8352901718750957e+17,1.7737181807542134e+17,1.7121461896333315e+17,1.4827466700675715e+17,1.2533471505018112e+17,9.458071818579622e+16,6.382672132141135e+16,4.525520007991546e+16,2.6683678838419544e+16,1.3341839419209772e+16,0.0,0.0,0.0,0.0,0.0,0.0,0.0,0.0,0.0,0.0,0.0,0.0,0.0,0.0,0.0,0.0,0.0,0.0,0.0,0.0,0.0,0.0,0.0,0.0,0.0,0.0,0.0,0.0,0.0,0.0,0.0,0.0,0.0,0.0,0.0,0.0,0.0,0.0,0.0,0.0,0.0,0.0,0.0,0.0,0.0,0.0,0.0,0.0,0.0,0.0,0.0,0.0,0.0,0.0,0.0,0.0,0.0,0.0,0.0,0.0,0.0,0.0,0.0,0.0,0.0,0.0,0.0,0.0,0.0,0.0,0.0,0.0,0.0,0.0,0.0,0.0,0.0,0.0,0.0,0.0,0.0,0.0,0.0,0.0,0.0,0.0,0.0,0.0,0.0,0.0,0.0,0.0,0.0,0.0,0.0,0.0,0.0,0.0,0.0,0.0,0.0,0.0,0.0,0.0,0.0,0.0,0.0,0.0
31.9617160979081,104.562548090834,7.18980823265266,218.0,65.0,165.3195082773281,5.0,5.0,4.352294352760154,3.386755259777725e+18,0.0,0.0,0.0,0.0,0.0,0.0,0.0,0.0,0.0,0.0,0.0,0.0,0.0,0.0,0.0,0.0,0.0,0.0,0.0,0.0,0.0,0.0,0.0,0.0,0.0,0.0,0.0,0.0,0.0,0.0,0.0,0.0,0.0,0.0,0.0,0.0,0.0,0.0,0.0,0.0,0.0,0.0,0.0,0.0,0.0,0.0,0.0,0.0,0.0,0.0,0.0,0.0,0.0,0.0,0.0,0.0,0.0,0.0,0.0,0.0,0.0,0.0,0.0,0.0,0.0,0.0,0.0,0.0,0.0,0.0,0.0,3465791350411687.5,6931582700823375.0,1.204661813516086e+16,1.7161653569498348e+16,2.3752171153392972e+16,3.034268873728759e+16,3.809740925640922e+16,4.585212977553085e+16,5.509260628521997e+16,6.4333082794909096e+16,7.601024085086371e+16,8.768739890681834e+16,1.0209210008997704e+17,1.1649680127313573e+17,1.3293283702938302e+17,1.4936887278563034e+17,1.6557553883723168e+17,1.8178220488883306e+17,1.9612047890650496e+17,2.104587529241768e+17,2.201020005949346e+17,2.2974524826569235e+17,2.3060262483272704e+17,2.3146000139976173e+17,2.2186363628624506e+17,2.1226727117272835e+17,1.9303163583967475e+17,1.7379600050662112e+17,1.508039526175614e+17,1.2781190472850168e+17,1.142978058071626e+17,1.0078370688582349e+17,1.0461638796438696e+17,1.0844906904295045e+17,1.1873987552700651e+17,1.2903068201106254e+17,1.3400712172884931e+17,1.3898356144663606e+17,1.316579432811706e+17,1.2433232511570512e+17,1.0483758074672594e+17,8.534283637774675e+16,6.451979758521578e+16,4.369675879268481e+16,4.723134256176638e+16,5.076592633084795e+16,6.834498468425873e+16,8.59240430376695e+16,1.0621131445564566e+17,1.2649858587362181e+17,1.4078150149841899e+17,1.5506441712321616e+17,1.5484326498202282e+17,1.546221128408295e+17,1.3635109057550698e+17,1.1808006831018445e+17,8.917695948894085e+16,6.0273850667697256e+16,3.984278607939881e+16,1.941172149110036e+16,9705860745550180.0,0.0,0.0,0.0,0.0,0.0,0.0,0.0,0.0,0.0,0.0,0.0,0.0,0.0,0.0,0.0,0.0,0.0,0.0,0.0,0.0,0.0,0.0,0.0,0.0,0.0,0.0,0.0,0.0,0.0,0.0,0.0,0.0,0.0,0.0,0.0,0.0,0.0,0.0,0.0,0.0,0.0,0.0,0.0,0.0,0.0,0.0,0.0,0.0,0.0,0.0,0.0,0.0,0.0,0.0,0.0,0.0,0.0,0.0,0.0,0.0,0.0,0.0,0.0,0.0,0.0,0.0,0.0,0.0,0.0,0.0,0.0,0.0,0.0,0.0,0.0,0.0,0.0,0.0,0.0,0.0,0.0,0.0,0.0,0.0,0.0,0.0,0.0,0.0,0.0,0.0,0.0,0.0,0.0,0.0,0.0,0.0,0.0,0.0,0.0,0.0,0.0,0.0,0.0,0.0,0.0,0.0,0.0,0.0
31.9764633838324,104.540267530244,11.3706888080417,218.0,50.0,161.1142810016452,5.0,5.0,2.792501044452144,2.1729958577446136e+18,0.0,0.0,0.0,0.0,0.0,0.0,0.0,0.0,0.0,0.0,0.0,0.0,0.0,0.0,0.0,0.0,0.0,0.0,0.0,0.0,0.0,0.0,0.0,0.0,0.0,0.0,0.0,0.0,0.0,0.0,0.0,0.0,0.0,0.0,0.0,0.0,0.0,0.0,0.0,0.0,0.0,0.0,0.0,0.0,0.0,0.0,0.0,0.0,0.0,0.0,0.0,0.0,0.0,0.0,0.0,0.0,0.0,0.0,0.0,0.0,0.0,0.0,0.0,0.0,0.0,0.0,0.0,0.0,0.0,0.0,0.0,332909664522349.0,665819329044698.0,2665638376267954.5,4665457423491212.0,7772250235119634.0,1.0879043046748056e+16,1.4179580107406202e+16,1.7480117168064346e+16,2.1360453182269024e+16,2.5240789196473704e+16,2.9427247859332948e+16,3.361370652219219e+16,3.995861005560533e+16,4.6303513589018456e+16,5.497138245178019e+16,6.3639251314541944e+16,7.505163611497016e+16,8.646402091539837e+16,1.011590688589456e+17,1.1585411680249283e+17,1.3032491987424526e+17,1.4479572294599773e+17,1.5426964454966342e+17,1.637435661533291e+17,1.6391801464641418e+17,1.6409246313949933e+17,1.5364949760955597e+17,1.4320653207961258e+17,1.2563837709411749e+17,1.0807022210862237e+17,9.109369122129837e+16,7.411716033397437e+16,6.959986777614218e+16,6.5082575218309976e+16,7.371905410053922e+16,8.235553298276845e+16,9.282510736183885e+16,1.0329468174090926e+17,1.0612275895987245e+17,1.0895083617883566e+17,9.858569471852208e+16,8.822055325820853e+16,6.740184859898362e+16,4.6583143939758696e+16,2.8452188803632404e+16,1.0321233667506124e+16,1.8936885596710148e+16,2.7552537525914172e+16,4.744412965489914e+16,6.73357217838841e+16,8.697417286755714e+16,1.0661262395123018e+17,1.1375237429218278e+17,1.2089212463313538e+17,1.0885887105843005e+17,9.682561748372472e+16,7.148139539782587e+16,4.6137173311927016e+16,2.3068586655963508e+16,0.0,0.0,0.0,0.0,0.0,0.0,0.0,0.0,0.0,0.0,0.0,0.0,0.0,0.0,0.0,0.0,0.0,0.0,0.0,0.0,0.0,0.0,0.0,0.0,0.0,0.0,0.0,0.0,0.0,0.0,0.0,0.0,0.0,0.0,0.0,0.0,0.0,0.0,0.0,0.0,0.0,0.0,0.0,0.0,0.0,0.0,0.0,0.0,0.0,0.0,0.0,0.0,0.0,0.0,0.0,0.0,0.0,0.0,0.0,0.0,0.0,0.0,0.0,0.0,0.0,0.0,0.0,0.0,0.0,0.0,0.0,0.0,0.0,0.0,0.0,0.0,0.0,0.0,0.0,0.0,0.0,0.0,0.0,0.0,0.0,0.0,0.0,0.0,0.0,0.0,0.0,0.0,0.0,0.0,0.0,0.0,0.0,0.0,0.0,0.0,0.0,0.0,0.0,0.0,0.0,0.0,0.0,0.0,0.0,0.0
31.9959643549263,104.510798655543,14.8927689400555,218.0,40.0,160.48456910128857,5.0,5.0,1.7391094072773896,1.3532949417105298e+18,0.0,0.0,0.0,0.0,0.0,0.0,0.0,0.0,0.0,0.0,0.0,0.0,0.0,0.0,0.0,0.0,0.0,0.0,0.0,0.0,0.0,0.0,0.0,0.0,0.0,0.0,0.0,0.0,0.0,0.0,0.0,0.0,0.0,0.0,0.0,0.0,0.0,0.0,0.0,0.0,0.0,0.0,0.0,0.0,0.0,0.0,0.0,0.0,0.0,0.0,0.0,0.0,0.0,0.0,0.0,0.0,0.0,0.0,0.0,0.0,0.0,0.0,0.0,0.0,0.0,0.0,0.0,0.0,0.0,0.0,0.0,0.0,0.0,0.0,0.0,423839119300078.4,847678238600156.8,1335810741114707.2,1823943243629258.5,2264726185284821.0,2705509126940383.5,2789859661287526.5,2874210195634670.5,3857534054801742.0,4840857913968815.0,7993037797884173.0,1.1145217681799532e+16,1.892968333147374e+16,2.6714148981147948e+16,4.020837236257327e+16,5.37025957439986e+16,7.022285067015273e+16,8.674310559630686e+16,1.0132800709359802e+17,1.159129085908892e+17,1.2291598229089998e+17,1.2991905599091077e+17,1.2553621977435942e+17,1.211533835578081e+17,1.0657875850948115e+17,9.200413346115422e+16,7.259206999040163e+16,5.318000651964906e+16,3.918096964050999e+16,2.518193276137095e+16,2.9600130555622124e+16,3.4018328349873296e+16,4.650875188124441e+16,5.89991754126155e+16,6.946559459432718e+16,7.993201377603886e+16,7.9198862952613e+16,7.846571212918712e+16,6.4545788231347336e+16,5.0625864333507544e+16,3.306107091646264e+16,1.549627749941773e+16,9411850210752882.0,3327422922088033.5,1.846361135159562e+16,3.359979978110321e+16,5.353767340111873e+16,7.347554702113424e+16,8.227762021256672e+16,9.107969340399922e+16,8.221204601690106e+16,7.334439862980291e+16,5.276320973887832e+16,3.218202084795373e+16,1.6091010423976864e+16,0.0,0.0,0.0,0.0,0.0,0.0,0.0,0.0,0.0,0.0,0.0,0.0,0.0,0.0,0.0,0.0,0.0,0.0,0.0,0.0,0.0,0.0,0.0,0.0,0.0,0.0,0.0,0.0,0.0,0.0,0.0,0.0,0.0,0.0,0.0,0.0,0.0,0.0,0.0,0.0,0.0,0.0,0.0,0.0,0.0,0.0,0.0,0.0,0.0,0.0,0.0,0.0,0.0,0.0,0.0,0.0,0.0,0.0,0.0,0.0,0.0,0.0,0.0,0.0,0.0,0.0,0.0,0.0,0.0,0.0,0.0,0.0,0.0,0.0,0.0,0.0,0.0,0.0,0.0,0.0,0.0,0.0,0.0,0.0,0.0,0.0,0.0,0.0,0.0,0.0,0.0,0.0,0.0,0.0,0.0,0.0,0.0,0.0,0.0,0.0,0.0,0.0,0.0,0.0,0.0,0.0,0.0,0.0,0.0,0.0
32.0185553705441,104.476651935511,17.7497379642719,218.0,30.0,164.67202253053125,5.0,5.0,1.1226974057078773,8.736314770412076e+17,0.0,0.0,0.0,0.0,0.0,0.0,0.0,0.0,0.0,0.0,0.0,0.0,0.0,0.0,0.0,0.0,0.0,0.0,0.0,0.0,0.0,0.0,0.0,0.0,0.0,0.0,0.0,0.0,0.0,0.0,0.0,0.0,0.0,0.0,0.0,0.0,0.0,0.0,0.0,0.0,0.0,0.0,0.0,0.0,0.0,0.0,0.0,0.0,0.0,0.0,0.0,0.0,0.0,0.0,0.0,0.0,0.0,0.0,0.0,0.0,0.0,0.0,0.0,0.0,0.0,0.0,0.0,0.0,0.0,0.0,0.0,0.0,0.0,0.0,0.0,0.0,0.0,0.0,0.0,0.0,0.0,0.0,0.0,0.0,0.0,0.0,0.0,1899795806953185.8,3799591613906371.5,1.4552796461294868e+16,2.530600130868337e+16,4.107500875417647e+16,5.684401619966958e+16,7.213405149071898e+16,8.742408678176835e+16,9.592297360520026e+16,1.0442186042863216e+17,1.016595046150319e+17,9.889714880143163e+16,8.597873861068405e+16,7.306032841993646e+16,5.551367975009335e+16,3.796703108025025e+16,2.394028288392909e+16,9913534687607930.0,6842681642643433.0,3771828597678937.0,1.2697554045727644e+16,2.162327949377635e+16,3.3436287401013988e+16,4.5249295308251624e+16,5.038143815189236e+16,5.551358099553308e+16,4.919365877507158e+16,4.287373655461007e+16,3.0585233849611376e+16,1.829673114461268e+16,9455666055044370.0,614600965476060.0,9806402052077916.0,1.8998203138679772e+16,3.338721690557948e+16,4.777623067247918e+16,5.36866955762237e+16,5.959716047996821e+16,5.2159949548384584e+16,4.472273861680094e+16,3.0841615184127716e+16,1.696049175145448e+16,8480245875727240.0,0.0,0.0,0.0,0.0,0.0,0.0,0.0,0.0,0.0,0.0,0.0,0.0,0.0,0.0,0.0,0.0,0.0,0.0,0.0,0.0,0.0,0.0,0.0,0.0,0.0,0.0,0.0,0.0,0.0,0.0,0.0,0.0,0.0,0.0,0.0,0.0,0.0,0.0,0.0,0.0,0.0,0.0,0.0,0.0,0.0,0.0,0.0,0.0,0.0,0.0,0.0,0.0,0.0,0.0,0.0,0.0,0.0,0.0,0.0,0.0,0.0,0.0,0.0,0.0,0.0,0.0,0.0,0.0,0.0,0.0,0.0,0.0,0.0,0.0,0.0,0.0,0.0,0.0,0.0,0.0,0.0,0.0,0.0,0.0,0.0,0.0,0.0,0.0,0.0,0.0,0.0,0.0,0.0,0.0,0.0,0.0,0.0,0.0,0.0,0.0,0.0,0.0,0.0,0.0,0.0,0.0,0.0,0.0,0.0,0.0
32.0430879031865,104.439560909717,20.0562836186236,218.0,25.0,169.6503190378278,5.0,5.0,0.6701011726130939,5.214419078735695e+17,0.0,0.0,0.0,0.0,0.0,0.0,0.0,0.0,0.0,0.0,0.0,0.0,0.0,0.0,0.0,0.0,0.0,0.0,0.0,0.0,0.0,0.0,0.0,0.0,0.0,0.0,0.0,0.0,0.0,0.0,0.0,0.0,0.0,0.0,0.0,0.0,0.0,0.0,0.0,0.0,0.0,0.0,0.0,0.0,0.0,0.0,0.0,0.0,0.0,0.0,0.0,0.0,0.0,0.0,0.0,0.0,0.0,0.0,0.0,0.0,0.0,0.0,0.0,0.0,0.0,0.0,0.0,0.0,0.0,0.0,0.0,0.0,0.0,0.0,0.0,0.0,0.0,0.0,0.0,0.0,0.0,0.0,0.0,0.0,0.0,0.0,0.0,1188166578203981.2,2376333156407962.5,1.0666639286361866e+16,1.8956945416315764e+16,3.1960252822990084e+16,4.496356022966441e+16,5.665423742021367e+16,6.834491461076294e+16,7.318544447520242e+16,7.802597433964189e+16,7.380477978424558e+16,6.95835852288493e+16,5.772942676059742e+16,4.5875268292345544e+16,3.2344777354917456e+16,1.881428641748936e+16,1.0226487446756094e+16,1638688476022826.5,819344238011413.2,0.0,1577721550007057.2,3155443100014114.5,9890442139439392.0,1.662544117886467e+16,2.1844028272108616e+16,2.7062615365352564e+16,2.530530954876561e+16,2.354800373217866e+16,1.683998436987169e+16,1.013196500756472e+16,5065982503782360.0,0.0,5947810010767490.0,1.189562002153498e+16,1.933568315154387e+16,2.6775746281552772e+16,2.8464537874887356e+16,3.015332946822195e+16,2.45743831250618e+16,1.899543678190165e+16,1.175709377539252e+16,4518750768883393.0,2259375384441696.5,0.0,0.0,0.0,0.0,0.0,0.0,0.0,0.0,0.0,0.0,0.0,0.0,0.0,0.0,0.0,0.0,0.0,0.0,0.0,0.0,0.0,0.0,0.0,0.0,0.0,0.0,0.0,0.0,0.0,0.0,0.0,0.0,0.0,0.0,0.0,0.0,0.0,0.0,0.0,0.0,0.0,0.0,0.0,0.0,0.0,0.0,0.0,0.0,0.0,0.0,0.0,0.0,0.0,0.0,0.0,0.0,0.0,0.0,0.0,0.0,0.0,0.0,0.0,0.0,0.0,0.0,0.0,0.0,0.0,0.0,0.0,0.0,0.0,0.0,0.0,0.0,0.0,0.0,0.0,0.0,0.0,0.0,0.0,0.0,0.0,0.0,0.0,0.0,0.0,0.0,0.0,0.0,0.0,0.0,0.0,0.0,0.0,0.0,0.0,0.0,0.0,0.0,0.0,0.0,0.0,0.0,0.0,0.0,0.0,0.0
32.0686401331494,104.40091735563,21.9678796312896,218.0,20.0,176.76016649683527,5.0,5.0,0.29100926929706805,2.264500269405907e+17,0.0,0.0,0.0,0.0,0.0,0.0,0.0,0.0,0.0,0.0,0.0,0.0,0.0,0.0,0.0,0.0,0.0,0.0,0.0,0.0,0.0,0.0,0.0,0.0,0.0,0.0,0.0,0.0,0.0,0.0,0.0,0.0,0.0,0.0,0.0,0.0,0.0,0.0,0.0,0.0,0.0,0.0,0.0,0.0,0.0,0.0,0.0,0.0,0.0,0.0,0.0,0.0,0.0,0.0,0.0,0.0,0.0,0.0,0.0,0.0,0.0,0.0,0.0,0.0,0.0,0.0,0.0,0.0,0.0,0.0,0.0,0.0,0.0,0.0,0.0,0.0,0.0,0.0,0.0,0.0,0.0,0.0,0.0,0.0,0.0,0.0,0.0,1028179508815024.9,2056359017630049.8,8211930904137688.0,1.436750279064533e+16,2.3208399760203536e+16,3.204929672976174e+16,3.8474726234971544e+16,4.490015574018135e+16,4.555681500079849e+16,4.6213474261415624e+16,4.074806106367355e+16,3.5282647865931496e+16,2.674868307847587e+16,1.821471829102025e+16,1.113579474341102e+16,4056871195801791.0,2028435597900895.5,0.0,0.0,0.0,0.0,0.0,935361673636297.4,1870723347272594.8,3910104143048051.0,5949484938823507.0,5130500591494735.0,4311516244165963.5,2155758122082981.8,0.0,0.0,0.0,1601529639386736.2,3203059278773472.5,5120769378629545.0,7038479478485618.0,6323127780273895.0,5607776082062172.0,3467868880340954.5,1327961678619736.8,663980839309868.4,0.0,0.0,0.0,0.0,0.0,0.0,0.0,0.0,0.0,0.0,0.0,0.0,0.0,0.0,0.0,0.0,0.0,0.0,0.0,0.0,0.0,0.0,0.0,0.0,0.0,0.0,0.0,0.0,0.0,0.0,0.0,0.0,0.0,0.0,0.0,0.0,0.0,0.0,0.0,0.0,0.0,0.0,0.0,0.0,0.0,0.0,0.0,0.0,0.0,0.0,0.0,0.0,0.0,0.0,0.0,0.0,0.0,0.0,0.0,0.0,0.0,0.0,0.0,0.0,0.0,0.0,0.0,0.0,0.0,0.0,0.0,0.0,0.0,0.0,0.0,0.0,0.0,0.0,0.0,0.0,0.0,0.0,0.0,0.0,0.0,0.0,0.0,0.0,0.0,0.0,0.0,0.0,0.0,0.0,0.0,0.0,0.0,0.0,0.0,0.0,0.0,0.0,0.0,0.0,0.0,0.0,0.0,0.0,0.0,0.0,0.0,0.0
32.095017592534,104.361014492655,23.46997760236,218.0,15.0,180.0,5.0,5.0,0.0868238552526445,6.756233026026632e+16,0.0,0.0,0.0,0.0,0.0,0.0,0.0,0.0,0.0,0.0,0.0,0.0,0.0,0.0,0.0,0.0,0.0,0.0,0.0,0.0,0.0,0.0,0.0,0.0,0.0,0.0,0.0,0.0,0.0,0.0,0.0,0.0,0.0,0.0,0.0,0.0,0.0,0.0,0.0,0.0,0.0,0.0,0.0,0.0,0.0,0.0,0.0,0.0,0.0,0.0,0.0,0.0,0.0,0.0,0.0,0.0,0.0,0.0,0.0,0.0,0.0,0.0,0.0,0.0,0.0,0.0,0.0,0.0,0.0,0.0,0.0,0.0,0.0,0.0,0.0,0.0,0.0,0.0,0.0,0.0,0.0,0.0,0.0,0.0,0.0,0.0,0.0,1249741067707846.8,2499482135415693.5,5146544998595397.0,7793607861775102.0,1.1219051157276956e+16,1.4644494452778812e+16,1.65477928426457e+16,1.8451091232512584e+16,1.6996233663388648e+16,1.5541376094264714e+16,1.1758286317977126e+16,7975196541689535.0,4316139241759708.0,657081941829881.0,328540970914940.5,0.0,0.0,0.0,0.0,0.0,0.0,0.0,0.0,0.0,0.0,0.0,0.0,0.0,0.0,0.0,0.0,0.0,0.0,0.0,0.0,0.0,0.0,0.0,0.0,0.0,0.0,0.0,0.0,0.0,0.0,0.0,0.0,0.0,0.0,0.0,0.0,0.0,0.0,0.0,0.0,0.0,0.0,0.0,0.0,0.0,0.0,0.0,0.0,0.0,0.0,0.0,0.0,0.0,0.0,0.0,0.0,0.0,0.0,0.0,0.0,0.0,0.0,0.0,0.0,0.0,0.0,0.0,0.0,0.0,0.0,0.0,0.0,0.0,0.0,0.0,0.0,0.0,0.0,0.0,0.0,0.0,0.0,0.0,0.0,0.0,0.0,0.0,0.0,0.0,0.0,0.0,0.0,0.0,0.0,0.0,0.0,0.0,0.0,0.0,0.0,0.0,0.0,0.0,0.0,0.0,0.0,0.0,0.0,0.0,0.0,0.0,0.0,0.0,0.0,0.0,0.0,0.0,0.0,0.0,0.0,0.0,0.0,0.0,0.0,0.0,0.0,0.0,0.0,0.0,0.0,0.0,0.0,0.0,0.0,0.0,0.0,0.0,0.0
32.1220195329471,104.32016113628,24.5511456592836,218.0,10.0,90.0,5.0,5.0,0.0,0.0,0.0,0.0,0.0,0.0,0.0,0.0,0.0,0.0,0.0,0.0,0.0,0.0,0.0,0.0,0.0,0.0,0.0,0.0,0.0,0.0,0.0,0.0,0.0,0.0,0.0,0.0,0.0,0.0,0.0,0.0,0.0,0.0,0.0,0.0,0.0,0.0,0.0,0.0,0.0,0.0,0.0,0.0,0.0,0.0,0.0,0.0,0.0,0.0,0.0,0.0,0.0,0.0,0.0,0.0,0.0,0.0,0.0,0.0,0.0,0.0,0.0,0.0,0.0,0.0,0.0,0.0,0.0,0.0,0.0,0.0,0.0,0.0,0.0,0.0,0.0,0.0,0.0,0.0,0.0,0.0,0.0,0.0,0.0,0.0,0.0,0.0,0.0,0.0,0.0,0.0,0.0,0.0,0.0,0.0,0.0,0.0,0.0,0.0,0.0,0.0,0.0,0.0,0.0,0.0,0.0,0.0,0.0,0.0,0.0,0.0,0.0,0.0,0.0,0.0,0.0,0.0,0.0,0.0,0.0,0.0,0.0,0.0,0.0,0.0,0.0,0.0,0.0,0.0,0.0,0.0,0.0,0.0,0.0,0.0,0.0,0.0,0.0,0.0,0.0,0.0,0.0,0.0,0.0,0.0,0.0,0.0,0.0,0.0,0.0,0.0,0.0,0.0,0.0,0.0,0.0,0.0,0.0,0.0,0.0,0.0,0.0,0.0,0.0,0.0,0.0,0.0,0.0,0.0,0.0,0.0,0.0,0.0,0.0,0.0,0.0,0.0,0.0,0.0,0.0,0.0,0.0,0.0,0.0,0.0,0.0,0.0,0.0,0.0,0.0,0.0,0.0,0.0,0.0,0.0,0.0,0.0,0.0,0.0,0.0,0.0,0.0,0.0,0.0,0.0,0.0,0.0,0.0,0.0,0.0,0.0,0.0,0.0,0.0,0.0,0.0,0.0,0.0,0.0,0.0,0.0,0.0,0.0,0.0,0.0,0.0,0.0,0.0,0.0,0.0,0.0,0.0,0.0,0.0,0.0,0.0,0.0,0.0,0.0,0.0,0.0
31.9180288578149,104.542356721947,2.46201938253052,218.0,80.0,156.07873071751263,5.0,5.0,4.625943530002156,3.599696461645298e+18,0.0,0.0,0.0,0.0,0.0,0.0,0.0,0.0,0.0,0.0,0.0,0.0,0.0,0.0,0.0,0.0,0.0,0.0,0.0,0.0,0.0,0.0,0.0,0.0,0.0,0.0,0.0,0.0,0.0,0.0,0.0,0.0,0.0,0.0,0.0,0.0,0.0,0.0,0.0,0.0,0.0,0.0,0.0,0.0,0.0,0.0,0.0,0.0,0.0,0.0,0.0,0.0,0.0,0.0,0.0,0.0,0.0,0.0,0.0,0.0,0.0,0.0,0.0,0.0,0.0,0.0,0.0,3169957156834769.5,6339914313669539.0,7684580204843398.0,9029246096017258.0,1.309712083924925e+16,1.7164995582481242e+16,2.116638604654502e+16,2.51677765106088e+16,3.080753931029082e+16,3.644730210997285e+16,4.364960463470353e+16,5.08519071594342e+16,6.029717981188148e+16,6.974245246432878e+16,8.221833432106838e+16,9.469421617780802e+16,1.0925774144875426e+17,1.238212667197005e+17,1.3939236986385613e+17,1.5496347300801178e+17,1.7000840808090333e+17,1.8505334315379485e+17,1.9717117280701152e+17,2.0928900246022822e+17,2.1606128578924592e+17,2.228335691182637e+17,2.21714500292721e+17,2.2059543146717824e+17,2.1047189792056464e+17,2.00348364373951e+17,1.8186307379636528e+17,1.633777832187796e+17,1.4372382281432797e+17,1.2406986240987632e+17,1.244368763298221e+17,1.2480389024976787e+17,1.4633482243923235e+17,1.6786575462869683e+17,1.881743690437711e+17,2.084829834588454e+17,2.1468141217401398e+17,2.208798408891825e+17,2.0844532188253187e+17,1.9601080287588118e+17,1.678860729227271e+17,1.39761342969573e+17,1.0866069329690318e+17,7.756004362423338e+16,7.1071469841664056e+16,6.458289605909472e+16,7.729060323252891e+16,8.999831040596309e+16,1.0177426490557624e+17,1.1355021940518939e+17,1.1784268958771141e+17,1.2213515977023344e+17,1.131480065987142e+17,1.0416085342719494e+17,8.01376554822661e+16,5.611445753733725e+16,2.8057228768668624e+16,0.0,0.0,0.0,0.0,0.0,0.0,0.0,0.0,0.0,0.0,0.0,0.0,0.0,0.0,0.0,0.0,0.0,0.0,0.0,0.0,0.0,0.0,0.0,0.0,0.0,0.0,0.0,0.0,0.0,0.0,0.0,0.0,0.0,0.0,0.0,0.0,0.0,0.0,0.0,0.0,0.0,0.0,0.0,0.0,0.0,0.0,0.0,0.0,0.0,0.0,0.0,0.0,0.0,0.0,0.0,0.0,0.0,0.0,0.0,0.0,0.0,0.0,0.0,0.0,0.0,0.0,0.0,0.0,0.0,0.0,0.0,0.0,0.0,0.0,0.0,0.0,0.0,0.0,0.0,0.0,0.0,0.0,0.0,0.0,0.0,0.0,0.0,0.0,0.0,0.0,0.0,0.0,0.0,0.0,0.0,0.0,0.0,0.0,0.0,0.0,0.0,0.0,0.0,0.0,0.0,0.0,0.0,0.0,0.0,0.0,0.0,0.0
31.9262823430873,104.529887395537,7.18980823265266,218.0,65.0,150.1768970356941,5.0,5.0,3.661242413477417,2.849010429017106e+18,0.0,0.0,0.0,0.0,0.0,0.0,0.0,0.0,0.0,0.0,0.0,0.0,0.0,0.0,0.0,0.0,0.0,0.0,0.0,0.0,0.0,0.0,0.0,0.0,0.0,0.0,0.0,0.0,0.0,0.0,0.0,0.0,0.0,0.0,0.0,0.0,0.0,0.0,0.0,0.0,0.0,0.0,0.0,0.0,0.0,0.0,0.0,0.0,0.0,0.0,0.0,0.0,0.0,0.0,0.0,0.0,0.0,0.0,0.0,0.0,0.0,0.0,0.0,0.0,0.0,0.0,0.0,576105597649797.0,1152211195299594.0,2085141582465756.5,3018071969631919.5,4526376515549701.0,6034681061467481.0,9126209847577614.0,1.2217738633687744e+16,1.7195533280092914e+16,2.2173327926498084e+16,2.7032908731033344e+16,3.1892489535568604e+16,3.7831875502379976e+16,4.377126146919134e+16,5.197909850450518e+16,6.018693553981902e+16,7.025362326305871e+16,8.032031098629838e+16,9.180285068400507e+16,1.0328539038171176e+17,1.1551447088322392e+17,1.2774355138473611e+17,1.3982121994586387e+17,1.518988885069916e+17,1.6120519489382694e+17,1.7051150128066227e+17,1.7413259693401923e+17,1.7775369258737613e+17,1.734993669034767e+17,1.692450412195772e+17,1.5594289414370106e+17,1.4264074706782485e+17,1.2662076540079947e+17,1.1060078373377406e+17,1.0941415477832482e+17,1.0822752582287557e+17,1.2518122086289061e+17,1.4213491590290563e+17,1.6185964882161363e+17,1.8158438174032163e+17,1.9184940905672525e+17,2.0211443637312886e+17,1.9547405101874557e+17,1.888336656643622e+17,1.6481164071367258e+17,1.4078961576298293e+17,1.068364909364027e+17,7.288336610982246e+16,5.330483394052319e+16,3.3726301771223924e+16,4.3425435556620376e+16,5.3124569342016824e+16,6.61471575528514e+16,7.916974576368597e+16,8.732475681090182e+16,9.547976785811766e+16,9.14991566533839e+16,8.751854544865011e+16,6.824775621277304e+16,4.8976966976895976e+16,2.4488483488447988e+16,0.0,0.0,0.0,0.0,0.0,0.0,0.0,0.0,0.0,0.0,0.0,0.0,0.0,0.0,0.0,0.0,0.0,0.0,0.0,0.0,0.0,0.0,0.0,0.0,0.0,0.0,0.0,0.0,0.0,0.0,0.0,0.0,0.0,0.0,0.0,0.0,0.0,0.0,0.0,0.0,0.0,0.0,0.0,0.0,0.0,0.0,0.0,0.0,0.0,0.0,0.0,0.0,0.0,0.0,0.0,0.0,0.0,0.0,0.0,0.0,0.0,0.0,0.0,0.0,0.0,0.0,0.0,0.0,0.0,0.0,0.0,0.0,0.0,0.0,0.0,0.0,0.0,0.0,0.0,0.0,0.0,0.0,0.0,0.0,0.0,0.0,0.0,0.0,0.0,0.0,0.0,0.0,0.0,0.0,0.0,0.0,0.0,0.0,0.0,0.0,0.0,0.0,0.0,0.0,0.0,0.0,0.0,0.0,0.0,0.0,0.0,0.0
31.9410296290116,104.507602729347,11.3706888080417,218.0,50.0,138.07613130083615,5.0,5.0,2.5588260302019017,1.9911607107057306e+18,0.0,0.0,0.0,0.0,0.0,0.0,0.0,0.0,0.0,0.0,0.0,0.0,0.0,0.0,0.0,0.0,0.0,0.0,0.0,0.0,0.0,0.0,0.0,0.0,0.0,0.0,0.0,0.0,0.0,0.0,0.0,0.0,0.0,0.0,0.0,0.0,0.0,0.0,0.0,0.0,0.0,0.0,0.0,0.0,0.0,0.0,0.0,0.0,0.0,0.0,0.0,0.0,0.0,0.0,0.0,0.0,0.0,0.0,0.0,0.0,0.0,0.0,0.0,0.0,0.0,0.0,0.0,0.0,0.0,0.0,0.0,408894207055352.7,817788414110705.4,3619784917219181.0,6421781420327658.0,8815487296494466.0,1.1209193172661276e+16,1.1698682516897256e+16,1.218817186113324e+16,1.2807905885299292e+16,1.3427639909465346e+16,1.5859108724245298e+16,1.829057753902525e+16,2.1999045424802836e+16,2.5707513310580424e+16,3.124283410076971e+16,3.6778154890959e+16,4.504303162554714e+16,5.330790836013527e+16,6.429459191575578e+16,7.528127547137627e+16,8.783267850449645e+16,1.0038408153761659e+17,1.1104534411421378e+17,1.2170660669081098e+17,1.2595674031852405e+17,1.3020687394623715e+17,1.2525075283064973e+17,1.2029463171506232e+17,1.0847189673668114e+17,9.664916175829995e+16,8.924852867471102e+16,8.18478955911221e+16,8.98378068276868e+16,9.782771806425152e+16,1.1622353060799997e+17,1.3461934315174842e+17,1.5173926534684035e+17,1.688591875419323e+17,1.7440078496341053e+17,1.799423823848887e+17,1.670863742391771e+17,1.5423036609346544e+17,1.24982685728352e+17,9.573500536323858e+16,6.356133144149066e+16,3.1387657519742748e+16,2.210501141014141e+16,1.2822365300540064e+16,2.5712390869094892e+16,3.860241643764973e+16,5.121026263649447e+16,6.381810883533922e+16,6.578333059997195e+16,6.774855236460468e+16,5.43984522120052e+16,4.104835205940571e+16,2.0524176029702856e+16,0.0,0.0,0.0,0.0,0.0,0.0,0.0,0.0,0.0,0.0,0.0,0.0,0.0,0.0,0.0,0.0,0.0,0.0,0.0,0.0,0.0,0.0,0.0,0.0,0.0,0.0,0.0,0.0,0.0,0.0,0.0,0.0,0.0,0.0,0.0,0.0,0.0,0.0,0.0,0.0,0.0,0.0,0.0,0.0,0.0,0.0,0.0,0.0,0.0,0.0,0.0,0.0,0.0,0.0,0.0,0.0,0.0,0.0,0.0,0.0,0.0,0.0,0.0,0.0,0.0,0.0,0.0,0.0,0.0,0.0,0.0,0.0,0.0,0.0,0.0,0.0,0.0,0.0,0.0,0.0,0.0,0.0,0.0,0.0,0.0,0.0,0.0,0.0,0.0,0.0,0.0,0.0,0.0,0.0,0.0,0.0,0.0,0.0,0.0,0.0,0.0,0.0,0.0,0.0,0.0,0.0,0.0,0.0,0.0,0.0,0.0,0.0
31.9605306001056,104.478127737305,14.8927689400555,218.0,40.0,133.3181028247889,5.0,5.0,1.7479001521608515,1.3601354950045752e+18,0.0,0.0,0.0,0.0,0.0,0.0,0.0,0.0,0.0,0.0,0.0,0.0,0.0,0.0,0.0,0.0,0.0,0.0,0.0,0.0,0.0,0.0,0.0,0.0,0.0,0.0,0.0,0.0,0.0,0.0,0.0,0.0,0.0,0.0,0.0,0.0,0.0,0.0,0.0,0.0,0.0,0.0,0.0,0.0,0.0,0.0,0.0,0.0,0.0,0.0,0.0,0.0,0.0,0.0,0.0,0.0,0.0,0.0,0.0,0.0,0.0,0.0,0.0,0.0,0.0,0.0,0.0,0.0,0.0,0.0,0.0,0.0,0.0,688315179271888.8,1376630358543777.5,1734259241643187.0,2091888124742596.5,1531139410469954.2,970390696197312.2,485195348098656.1,0.0,0.0,0.0,106160225596048.81,212320451192097.62,1737883056312860.2,3263445661433623.0,6645803326377109.0,1.0028160991320594e+16,1.8618099594980416e+16,2.7208038198640244e+16,4.099076569746968e+16,5.477349319629911e+16,6.9946845444627224e+16,8.512019769295534e+16,9.539081874422304e+16,1.0566143979549074e+17,1.0541484933729038e+17,1.0516825887909005e+17,9.488652495524336e+16,8.460479103139667e+16,6.9521388398595976e+16,5.443798576579528e+16,5.0042327137965144e+16,4.5646668510135e+16,6.036796574623211e+16,7.508926298232922e+16,9.619121327564054e+16,1.1729316356895184e+17,1.3258957564386894e+17,1.4788598771878602e+17,1.4635632265378624e+17,1.4482665758878643e+17,1.2379701458113822e+17,1.0276737157349003e+17,7.352370887122827e+16,4.428004616896651e+16,2.4255175788157616e+16,4230305407348721.0,1.0984137854469302e+16,1.7737970301589884e+16,3.0243220196053708e+16,4.2748470090517544e+16,4.7035550605017384e+16,5.132263111951724e+16,4.13562751252884e+16,3.138991913105956e+16,1.569495956552978e+16,0.0,0.0,0.0,0.0,0.0,0.0,0.0,0.0,0.0,0.0,0.0,0.0,0.0,0.0,0.0,0.0,0.0,0.0,0.0,0.0,0.0,0.0,0.0,0.0,0.0,0.0,0.0,0.0,0.0,0.0,0.0,0.0,0.0,0.0,0.0,0.0,0.0,0.0,0.0,0.0,0.0,0.0,0.0,0.0,0.0,0.0,0.0,0.0,0.0,0.0,0.0,0.0,0.0,0.0,0.0,0.0,0.0,0.0,0.0,0.0,0.0,0.0,0.0,0.0,0.0,0.0,0.0,0.0,0.0,0.0,0.0,0.0,0.0,0.0,0.0,0.0,0.0,0.0,0.0,0.0,0.0,0.0,0.0,0.0,0.0,0.0,0.0,0.0,0.0,0.0,0.0,0.0,0.0,0.0,0.0,0.0,0.0,0.0,0.0,0.0,0.0,0.0,0.0,0.0,0.0,0.0,0.0,0.0,0.0,0.0,0.0,0.0
31.9831216157234,104.44397349206,17.7497379642719,218.0,30.0,137.99005156018455,5.0,5.0,1.1829150457927144,9.20490074543784e+17,0.0,0.0,0.0,0.0,0.0,0.0,0.0,0.0,0.0,0.0,0.0,0.0,0.0,0.0,0.0,0.0,0.0,0.0,0.0,0.0,0.0,0.0,0.0,0.0,0.0,0.0,0.0,0.0,0.0,0.0,0.0,0.0,0.0,0.0,0.0,0.0,0.0,0.0,0.0,0.0,0.0,0.0,0.0,0.0,0.0,0.0,0.0,0.0,0.0,0.0,0.0,0.0,0.0,0.0,0.0,0.0,0.0,0.0,0.0,0.0,0.0,0.0,0.0,0.0,0.0,0.0,0.0,0.0,0.0,0.0,0.0,0.0,0.0,0.0,0.0,0.0,0.0,0.0,0.0,0.0,0.0,0.0,0.0,0.0,0.0,0.0,0.0,0.0,0.0,5219424284673423.0,1.0438848569346846e+16,2.2751962401626988e+16,3.506507623390713e+16,4.993184180534249e+16,6.4798607376777864e+16,7.537133491939848e+16,8.594406246201912e+16,8.628102254824024e+16,8.661798263446134e+16,7.679077467884568e+16,6.6963566723230056e+16,5.1814402659558024e+16,3.6665238595886e+16,2.4476178007752468e+16,1.2287117419618932e+16,1.9205159120761896e+16,2.6123200821904864e+16,4.4285982686079656e+16,6.244876455025445e+16,8.01142787745112e+16,9.777979299876794e+16,1.0329946873240622e+17,1.0881914446604453e+17,9.734170878090526e+16,8.586427309576598e+16,6.454634268636599e+16,4.322841227696601e+16,2.555800500277747e+16,7887597728588936.0,8875837981837526.0,9864078235086114.0,1.8699500184732464e+16,2.753492213437882e+16,3.0271692649584384e+16,3.3008463164789948e+16,2.6079694110389536e+16,1.9150925055989124e+16,9575462527994562.0,0.0,0.0,0.0,0.0,0.0,0.0,0.0,0.0,0.0,0.0,0.0,0.0,0.0,0.0,0.0,0.0,0.0,0.0,0.0,0.0,0.0,0.0,0.0,0.0,0.0,0.0,0.0,0.0,0.0,0.0,0.0,0.0,0.0,0.0,0.0,0.0,0.0,0.0,0.0,0.0,0.0,0.0,0.0,0.0,0.0,0.0,0.0,0.0,0.0,0.0,0.0,0.0,0.0,0.0,0.0,0.0,0.0,0.0,0.0,0.0,0.0,0.0,0.0,0.0,0.0,0.0,0.0,0.0,0.0,0.0,0.0,0.0,0.0,0.0,0.0,0.0,0.0,0.0,0.0,0.0,0.0,0.0,0.0,0.0,0.0,0.0,0.0,0.0,0.0,0.0,0.0,0.0,0.0,0.0,0.0,0.0,0.0,0.0,0.0,0.0,0.0,0.0,0.0,0.0,0.0,0.0,0.0,0.0,0.0,0.0,0.0,0.0
32.0076541483658,104.406874032404,20.0562836186236,218.0,25.0,144.5643259342834,5.0,5.0,0.7067133667209867,5.499318331674027e+17,0.0,0.0,0.0,0.0,0.0,0.0,0.0,0.0,0.0,0.0,0.0,0.0,0.0,0.0,0.0,0.0,0.0,0.0,0.0,0.0,0.0,0.0,0.0,0.0,0.0,0.0,0.0,0.0,0.0,0.0,0.0,0.0,0.0,0.0,0.0,0.0,0.0,0.0,0.0,0.0,0.0,0.0,0.0,0.0,0.0,0.0,0.0,0.0,0.0,0.0,0.0,0.0,0.0,0.0,0.0,0.0,0.0,0.0,0.0,0.0,0.0,0.0,0.0,0.0,0.0,0.0,0.0,0.0,0.0,0.0,0.0,0.0,0.0,0.0,0.0,0.0,0.0,0.0,0.0,0.0,0.0,0.0,0.0,0.0,0.0,0.0,0.0,0.0,0.0,4189475406679889.0,8378950813359778.0,1.873586134481945e+16,2.909277187627912e+16,4.050557188853432e+16,5.191837190078952e+16,5.815783162023246e+16,6.439729133967542e+16,6.262845604913444e+16,6.0859620758593464e+16,5.176985228757748e+16,4.26800838165615e+16,3.123779239468762e+16,1.9795500972813736e+16,1.17301860779641e+16,3664871183114462.0,3835598308240885.0,4006325433367308.5,1.4000463523288454e+16,2.39946016132096e+16,3.708950940573254e+16,5.018441719825549e+16,5.680456504642302e+16,6.342471289459058e+16,5.830330641567884e+16,5.318189993676709e+16,4.070438265065173e+16,2.8226865364536364e+16,1.6921518493513984e+16,5616171622491602.0,5370766450605319.0,5125361278719035.0,9327687376943366.0,1.3530013475167698e+16,1.4050689805105152e+16,1.4571366135042606e+16,1.0927000844555486e+16,7282635554068364.0,3641317777034182.0,0.0,0.0,0.0,0.0,0.0,0.0,0.0,0.0,0.0,0.0,0.0,0.0,0.0,0.0,0.0,0.0,0.0,0.0,0.0,0.0,0.0,0.0,0.0,0.0,0.0,0.0,0.0,0.0,0.0,0.0,0.0,0.0,0.0,0.0,0.0,0.0,0.0,0.0,0.0,0.0,0.0,0.0,0.0,0.0,0.0,0.0,0.0,0.0,0.0,0.0,0.0,0.0,0.0,0.0,0.0,0.0,0.0,0.0,0.0,0.0,0.0,0.0,0.0,0.0,0.0,0.0,0.0,0.0,0.0,0.0,0.0,0.0,0.0,0.0,0.0,0.0,0.0,0.0,0.0,0.0,0.0,0.0,0.0,0.0,0.0,0.0,0.0,0.0,0.0,0.0,0.0,0.0,0.0,0.0,0.0,0.0,0.0,0.0,0.0,0.0,0.0,0.0,0.0,0.0,0.0,0.0,0.0,0.0,0.0,0.0,0.0,0.0
32.0332063783287,104.368221503842,21.9678796312896,218.0,20.0,155.62869945245214,5.0,5.0,0.31248334342699097,2.4316016362108672e+17,0.0,0.0,0.0,0.0,0.0,0.0,0.0,0.0,0.0,0.0,0.0,0.0,0.0,0.0,0.0,0.0,0.0,0.0,0.0,0.0,0.0,0.0,0.0,0.0,0.0,0.0,0.0,0.0,0.0,0.0,0.0,0.0,0.0,0.0,0.0,0.0,0.0,0.0,0.0,0.0,0.0,0.0,0.0,0.0,0.0,0.0,0.0,0.0,0.0,0.0,0.0,0.0,0.0,0.0,0.0,0.0,0.0,0.0,0.0,0.0,0.0,0.0,0.0,0.0,0.0,0.0,0.0,0.0,0.0,0.0,0.0,0.0,0.0,0.0,0.0,0.0,0.0,0.0,0.0,0.0,0.0,0.0,0.0,0.0,0.0,0.0,0.0,0.0,0.0,4203015531784306.5,8406031063568613.0,1.573729431923064e+16,2.3068557574892668e+16,2.9173021700015104e+16,3.5277485825137548e+16,3.718724384350064e+16,3.909700186186373e+16,3.5431674012211052e+16,3.176634616255836e+16,2.4900924612381396e+16,1.8035503062204428e+16,1.1606389662407118e+16,5177276262609805.0,2588638131304902.5,0.0,0.0,0.0,2730251452205880.0,5460502904411760.0,1.120664552499041e+16,1.6952788145569062e+16,2.0292821568601864e+16,2.3632854991634664e+16,2.1508018079201536e+16,1.9383181166768404e+16,1.44459612255594e+16,9508741284350390.0,5191144834437163.0,873548384523935.8,1040181756772917.0,1206815129021898.2,2173760161723051.8,3140705194424205.0,2656764900985720.0,2172824607547235.5,1086412303773617.8,0.0,0.0,0.0,0.0,0.0,0.0,0.0,0.0,0.0,0.0,0.0,0.0,0.0,0.0,0.0,0.0,0.0,0.0,0.0,0.0,0.0,0.0,0.0,0.0,0.0,0.0,0.0,0.0,0.0,0.0,0.0,0.0,0.0,0.0,0.0,0.0,0.0,0.0,0.0,0.0,0.0,0.0,0.0,0.0,0.0,0.0,0.0,0.0,0.0,0.0,0.0,0.0,0.0,0.0,0.0,0.0,0.0,0.0,0.0,0.0,0.0,0.0,0.0,0.0,0.0,0.0,0.0,0.0,0.0,0.0,0.0,0.0,0.0,0.0,0.0,0.0,0.0,0.0,0.0,0.0,0.0,0.0,0.0,0.0,0.0,0.0,0.0,0.0,0.0,0.0,0.0,0.0,0.0,0.0,0.0,0.0,0.0,0.0,0.0,0.0,0.0,0.0,0.0,0.0,0.0,0.0,0.0,0.0,0.0,0.0,0.0,0.0,0.0,0.0
32.0595838377132,104.328309324048,23.46997760236,218.0,15.0,178.2458608902049,5.0,5.0,0.08715067604996311,6.7816647170983e+16,0.0,0.0,0.0,0.0,0.0,0.0,0.0,0.0,0.0,0.0,0.0,0.0,0.0,0.0,0.0,0.0,0.0,0.0,0.0,0.0,0.0,0.0,0.0,0.0,0.0,0.0,0.0,0.0,0.0,0.0,0.0,0.0,0.0,0.0,0.0,0.0,0.0,0.0,0.0,0.0,0.0,0.0,0.0,0.0,0.0,0.0,0.0,0.0,0.0,0.0,0.0,0.0,0.0,0.0,0.0,0.0,0.0,0.0,0.0,0.0,0.0,0.0,0.0,0.0,0.0,0.0,0.0,0.0,0.0,0.0,0.0,0.0,0.0,0.0,0.0,0.0,0.0,0.0,0.0,0.0,0.0,0.0,0.0,0.0,0.0,0.0,0.0,16257652601047.438,32515305202094.875,2697822310070856.5,5363129314939618.0,9531769842485254.0,1.3700410370030892e+16,1.6221506657825174e+16,1.8742602945619456e+16,1.768525819026341e+16,1.6627913434907364e+16,1.3021844274186002e+16,9415775113464642.0,5667450486444470.0,1919125859424298.2,959562929712149.1,0.0,0.0,0.0,0.0,0.0,0.0,0.0,424491126473655.0,848982252947310.0,1007587413697313.1,1166192574447316.2,583096287223658.1,0.0,0.0,0.0,0.0,0.0,0.0,0.0,0.0,0.0,0.0,0.0,0.0,0.0,0.0,0.0,0.0,0.0,0.0,0.0,0.0,0.0,0.0,0.0,0.0,0.0,0.0,0.0,0.0,0.0,0.0,0.0,0.0,0.0,0.0,0.0,0.0,0.0,0.0,0.0,0.0,0.0,0.0,0.0,0.0,0.0,0.0,0.0,0.0,0.0,0.0,0.0,0.0,0.0,0.0,0.0,0.0,0.0,0.0,0.0,0.0,0.0,0.0,0.0,0.0,0.0,0.0,0.0,0.0,0.0,0.0,0.0,0.0,0.0,0.0,0.0,0.0,0.0,0.0,0.0,0.0,0.0,0.0,0.0,0.0,0.0,0.0,0.0,0.0,0.0,0.0,0.0,0.0,0.0,0.0,0.0,0.0,0.0,0.0,0.0,0.0,0.0,0.0,0.0,0.0,0.0,0.0,0.0,0.0,0.0,0.0,0.0,0.0,0.0,0.0,0.0,0.0,0.0,0.0,0.0,0.0,0.0,0.0,0.0,0.0,0.0,0.0
32.0865857781264,104.28744883037,24.5511456592836,218.0,10.0,90.0,5.0,5.0,0.0,0.0,0.0,0.0,0.0,0.0,0.0,0.0,0.0,0.0,0.0,0.0,0.0,0.0,0.0,0.0,0.0,0.0,0.0,0.0,0.0,0.0,0.0,0.0,0.0,0.0,0.0,0.0,0.0,0.0,0.0,0.0,0.0,0.0,0.0,0.0,0.0,0.0,0.0,0.0,0.0,0.0,0.0,0.0,0.0,0.0,0.0,0.0,0.0,0.0,0.0,0.0,0.0,0.0,0.0,0.0,0.0,0.0,0.0,0.0,0.0,0.0,0.0,0.0,0.0,0.0,0.0,0.0,0.0,0.0,0.0,0.0,0.0,0.0,0.0,0.0,0.0,0.0,0.0,0.0,0.0,0.0,0.0,0.0,0.0,0.0,0.0,0.0,0.0,0.0,0.0,0.0,0.0,0.0,0.0,0.0,0.0,0.0,0.0,0.0,0.0,0.0,0.0,0.0,0.0,0.0,0.0,0.0,0.0,0.0,0.0,0.0,0.0,0.0,0.0,0.0,0.0,0.0,0.0,0.0,0.0,0.0,0.0,0.0,0.0,0.0,0.0,0.0,0.0,0.0,0.0,0.0,0.0,0.0,0.0,0.0,0.0,0.0,0.0,0.0,0.0,0.0,0.0,0.0,0.0,0.0,0.0,0.0,0.0,0.0,0.0,0.0,0.0,0.0,0.0,0.0,0.0,0.0,0.0,0.0,0.0,0.0,0.0,0.0,0.0,0.0,0.0,0.0,0.0,0.0,0.0,0.0,0.0,0.0,0.0,0.0,0.0,0.0,0.0,0.0,0.0,0.0,0.0,0.0,0.0,0.0,0.0,0.0,0.0,0.0,0.0,0.0,0.0,0.0,0.0,0.0,0.0,0.0,0.0,0.0,0.0,0.0,0.0,0.0,0.0,0.0,0.0,0.0,0.0,0.0,0.0,0.0,0.0,0.0,0.0,0.0,0.0,0.0,0.0,0.0,0.0,0.0,0.0,0.0,0.0,0.0,0.0,0.0,0.0,0.0,0.0,0.0,0.0,0.0,0.0,0.0,0.0,0.0,0.0,0.0,0.0,0.0
31.8825951029941,104.509697928117,2.46201938253052,218.0,80.0,132.2997005673355,5.0,5.0,4.181780363915314,3.254069117302157e+18,0.0,0.0,0.0,0.0,0.0,0.0,0.0,0.0,0.0,0.0,0.0,0.0,0.0,0.0,0.0,0.0,0.0,0.0,0.0,0.0,0.0,0.0,0.0,0.0,0.0,0.0,0.0,0.0,0.0,0.0,0.0,0.0,0.0,0.0,0.0,0.0,0.0,0.0,0.0,0.0,0.0,0.0,0.0,0.0,0.0,0.0,0.0,0.0,0.0,0.0,0.0,0.0,0.0,0.0,0.0,0.0,0.0,0.0,0.0,0.0,0.0,0.0,0.0,0.0,0.0,1942540608758727.5,3885081217517455.0,5062321637733317.0,6239562057949177.0,6936122123074681.0,7632682188200186.0,9371009538521824.0,1.1109336888843464e+16,1.7797643965128642e+16,2.4485951041413824e+16,3.2058298458822324e+16,3.963064587623082e+16,4.271889686773767e+16,4.580714785924451e+16,4.651168204425679e+16,4.721621622926909e+16,5.339188714348132e+16,5.956755805769355e+16,7.0407573526839576e+16,8.12475889959856e+16,9.282747464845952e+16,1.0440736030093342e+17,1.1607927784673029e+17,1.2775119539252718e+17,1.3845267169437763e+17,1.491541479962281e+17,1.561407250387231e+17,1.6312730208121818e+17,1.6478616208224973e+17,1.6644502208328128e+17,1.606810392787982e+17,1.549170564743151e+17,1.4182539112628126e+17,1.2873372577824738e+17,1.2073808573480864e+17,1.127424456913699e+17,1.3423796243155104e+17,1.557334791717322e+17,1.9160721633095686e+17,2.2748095349018157e+17,2.5641688468303254e+17,2.8535281587588365e+17,2.962555413109548e+17,3.07158266746026e+17,2.9472936642706003e+17,2.82300466108094e+17,2.4759187259119626e+17,2.1288327907429846e+17,1.6634373861029162e+17,1.1980419814628474e+17,8.324136883634902e+16,4.667853952641333e+16,4.451969428698607e+16,4.236084904755882e+16,4.6886460561368744e+16,5.141207207517867e+16,5.222604003558766e+16,5.304000799599666e+16,4.440208591501843e+16,3.5764163834040212e+16,1.7882081917020106e+16,0.0,0.0,0.0,0.0,0.0,0.0,0.0,0.0,0.0,0.0,0.0,0.0,0.0,0.0,0.0,0.0,0.0,0.0,0.0,0.0,0.0,0.0,0.0,0.0,0.0,0.0,0.0,0.0,0.0,0.0,0.0,0.0,0.0,0.0,0.0,0.0,0.0,0.0,0.0,0.0,0.0,0.0,0.0,0.0,0.0,0.0,0.0,0.0,0.0,0.0,0.0,0.0,0.0,0.0,0.0,0.0,0.0,0.0,0.0,0.0,0.0,0.0,0.0,0.0,0.0,0.0,0.0,0.0,0.0,0.0,0.0,0.0,0.0,0.0,0.0,0.0,0.0,0.0,0.0,0.0,0.0,0.0,0.0,0.0,0.0,0.0,0.0,0.0,0.0,0.0,0.0,0.0,0.0,0.0,0.0,0.0,0.0,0.0,0.0,0.0,0.0,0.0,0.0,0.0,0.0,0.0,0.0,0.0,0.0,0.0,0.0,0.0,0.0,0.0
31.8908485882666,104.49722670024,7.18980823265266,218.0,65.0,119.25544601983074,5.0,5.0,3.807197900834566,2.962586275326021e+18,0.0,0.0,0.0,0.0,0.0,0.0,0.0,0.0,0.0,0.0,0.0,0.0,0.0,0.0,0.0,0.0,0.0,0.0,0.0,0.0,0.0,0.0,0.0,0.0,0.0,0.0,0.0,0.0,0.0,0.0,0.0,0.0,0.0,0.0,0.0,0.0,0.0,0.0,0.0,0.0,0.0,0.0,0.0,0.0,0.0,0.0,0.0,0.0,0.0,0.0,0.0,0.0,0.0,0.0,0.0,0.0,0.0,0.0,0.0,0.0,0.0,0.0,0.0,0.0,0.0,0.0,0.0,0.0,0.0,1204445627307095.8,2408891254614191.5,8446150564098147.0,1.4483409873582104e+16,2.4073836888822864e+16,3.3664263904063628e+16,4.098639173911329e+16,4.830851957416296e+16,4.808377200934786e+16,4.785902444453276e+16,4.11581100878891e+16,3.4457195731245444e+16,3.3185318007502084e+16,3.191344028375872e+16,3.861922843924128e+16,4.532501659472384e+16,5.371561413485786e+16,6.210621167499189e+16,7.181527608753826e+16,8.152434050008462e+16,9.227939403428998e+16,1.0303444756849533e+17,1.124255774664348e+17,1.2181670736437424e+17,1.2765044454535792e+17,1.334841817263416e+17,1.330045044100382e+17,1.3252482709373482e+17,1.2465412220067013e+17,1.167834173076054e+17,1.1488488006451403e+17,1.1298634282142267e+17,1.3421940837265488e+17,1.5545247392388707e+17,1.8907789260083427e+17,2.2270331127778154e+17,2.534090808936553e+17,2.8411485050952902e+17,3.0056619683024166e+17,3.1701754315095424e+17,3.112693158423947e+17,3.0552108853383514e+17,2.7456537884951498e+17,2.4360966916519472e+17,1.9487489038342384e+17,1.46140111601653e+17,9.882475294006299e+16,5.150939427847301e+16,3.516645953396364e+16,1.882352478945428e+16,2.4866413379792332e+16,3.0909301970130376e+16,3.3834304837771948e+16,3.675930770541352e+16,3.2052384203697132e+16,2.7345460701980748e+16,1.3672730350990374e+16,0.0,0.0,0.0,0.0,0.0,0.0,0.0,0.0,0.0,0.0,0.0,0.0,0.0,0.0,0.0,0.0,0.0,0.0,0.0,0.0,0.0,0.0,0.0,0.0,0.0,0.0,0.0,0.0,0.0,0.0,0.0,0.0,0.0,0.0,0.0,0.0,0.0,0.0,0.0,0.0,0.0,0.0,0.0,0.0,0.0,0.0,0.0,0.0,0.0,0.0,0.0,0.0,0.0,0.0,0.0,0.0,0.0,0.0,0.0,0.0,0.0,0.0,0.0,0.0,0.0,0.0,0.0,0.0,0.0,0.0,0.0,0.0,0.0,0.0,0.0,0.0,0.0,0.0,0.0,0.0,0.0,0.0,0.0,0.0,0.0,0.0,0.0,0.0,0.0,0.0,0.0,0.0,0.0,0.0,0.0,0.0,0.0,0.0,0.0,0.0,0.0,0.0,0.0,0.0,0.0,0.0,0.0,0.0,0.0,0.0,0.0,0.0,0.0,0.0
31.9055958741909,104.47493792845,11.3706888080417,218.0,50.0,108.25949733704478,5.0,5.0,3.435723036748475,2.6735216239379727e+18,0.0,0.0,0.0,0.0,0.0,0.0,0.0,0.0,0.0,0.0,0.0,0.0,0.0,0.0,0.0,0.0,0.0,0.0,0.0,0.0,0.0,0.0,0.0,0.0,0.0,0.0,0.0,0.0,0.0,0.0,0.0,0.0,0.0,0.0,0.0,0.0,0.0,0.0,0.0,0.0,0.0,0.0,0.0,0.0,0.0,0.0,0.0,0.0,0.0,0.0,0.0,0.0,0.0,0.0,0.0,0.0,0.0,0.0,0.0,0.0,0.0,0.0,0.0,0.0,0.0,0.0,0.0,0.0,0.0,2557461120690041.5,5114922241380083.0,1.1777428991935966e+16,1.8439935742491852e+16,2.7711840703482652e+16,3.698374566447345e+16,4.232519568121983e+16,4.766664569796622e+16,4.5303657139023784e+16,4.294066858008135e+16,3.3909494554607784e+16,2.4878320529134216e+16,1.5843665381370794e+16,6809010233607370.0,7155988120522348.0,7502966007437327.0,1.0523977969379768e+16,1.3544989931322204e+16,1.92510098259209e+16,2.4957029720519604e+16,3.434859102647819e+16,4.374015233243678e+16,5.640396058556e+16,6.906776883868322e+16,8.266568604507482e+16,9.626360325146638e+16,1.051937075019411e+17,1.1412381175241579e+17,1.1490376128182552e+17,1.1568371081123523e+17,1.1517170428711926e+17,1.1465969776300331e+17,1.254152917469948e+17,1.3617088573098635e+17,1.6297330125920973e+17,1.8977571678743318e+17,2.236972976949021e+17,2.5761887860237104e+17,2.8611896822540557e+17,3.1461905784844006e+17,3.24446318675453e+17,3.342735795024659e+17,3.14944050008717e+17,2.9561452051496806e+17,2.491795242397525e+17,2.0274452796453696e+17,1.4607001549258272e+17,8.939550302062845e+16,5.086360722528901e+16,1.2331711429949558e+16,1.1865663834888398e+16,1.139961623982724e+16,1.796955913719091e+16,2.453950203455458e+16,2.3600323599355716e+16,2.266114516415685e+16,1.1330572582078424e+16,0.0,0.0,0.0,0.0,0.0,0.0,0.0,0.0,0.0,0.0,0.0,0.0,0.0,0.0,0.0,0.0,0.0,0.0,0.0,0.0,0.0,0.0,0.0,0.0,0.0,0.0,0.0,0.0,0.0,0.0,0.0,0.0,0.0,0.0,0.0,0.0,0.0,0.0,0.0,0.0,0.0,0.0,0.0,0.0,0.0,0.0,0.0,0.0,0.0,0.0,0.0,0.0,0.0,0.0,0.0,0.0,0.0,0.0,0.0,0.0,0.0,0.0,0.0,0.0,0.0,0.0,0.0,0.0,0.0,0.0,0.0,0.0,0.0,0.0,0.0,0.0,0.0,0.0,0.0,0.0,0.0,0.0,0.0,0.0,0.0,0.0,0.0,0.0,0.0,0.0,0.0,0.0,0.0,0.0,0.0,0.0,0.0,0.0,0.0,0.0,0.0,0.0,0.0,0.0,0.0,0.0,0.0,0.0,0.0,0.0,0.0,0.0,0.0,0.0
31.9250968452848,104.445456819067,14.8927689400555,218.0,40.0,107.43837347229886,5.0,5.0,2.6865348645579226,2.0905378509952056e+18,0.0,0.0,0.0,0.0,0.0,0.0,0.0,0.0,0.0,0.0,0.0,0.0,0.0,0.0,0.0,0.0,0.0,0.0,0.0,0.0,0.0,0.0,0.0,0.0,0.0,0.0,0.0,0.0,0.0,0.0,0.0,0.0,0.0,0.0,0.0,0.0,0.0,0.0,0.0,0.0,0.0,0.0,0.0,0.0,0.0,0.0,0.0,0.0,0.0,0.0,0.0,0.0,0.0,0.0,0.0,0.0,0.0,0.0,0.0,0.0,0.0,0.0,0.0,0.0,0.0,0.0,0.0,0.0,0.0,931334076576638.9,1862668153153277.8,5212655539726068.0,8562642926298857.0,1.2881070483510722e+16,1.719949804072259e+16,1.9663342138957252e+16,2.2127186237191916e+16,2.02122025856266e+16,1.8297218934061284e+16,1.3194726020842942e+16,8092233107624605.0,4046116553812302.5,0.0,0.0,0.0,0.0,0.0,0.0,0.0,3502652067748346.0,7005304135496692.0,1.9941178507316316e+16,3.2877052879135944e+16,5.104994930237452e+16,6.922284572561312e+16,8.461408157271654e+16,1.0000531741981994e+17,1.0500882621222165e+17,1.100123350046234e+17,1.0430610314178773e+17,9.859987127895203e+16,9.226459845661872e+16,8.59293256342854e+16,9.890695358525666e+16,1.1188458153622792e+17,1.431562681349646e+17,1.7442795473370134e+17,2.102750380988664e+17,2.461221214640314e+17,2.7021045884604806e+17,2.942987962280647e+17,2.901853815533866e+17,2.8607196687870848e+17,2.5119782645725824e+17,2.1632368603580794e+17,1.644078147426251e+17,1.1249194344944224e+17,6.982977382761956e+16,2.7167604205796884e+16,1.567802249595434e+16,4188440786111797.5,1.122006731937629e+16,1.8251693852640788e+16,1.888362810016704e+16,1.9515562347693292e+16,9757781173846646.0,0.0,0.0,0.0,0.0,0.0,0.0,0.0,0.0,0.0,0.0,0.0,0.0,0.0,0.0,0.0,0.0,0.0,0.0,0.0,0.0,0.0,0.0,0.0,0.0,0.0,0.0,0.0,0.0,0.0,0.0,0.0,0.0,0.0,0.0,0.0,0.0,0.0,0.0,0.0,0.0,0.0,0.0,0.0,0.0,0.0,0.0,0.0,0.0,0.0,0.0,0.0,0.0,0.0,0.0,0.0,0.0,0.0,0.0,0.0,0.0,0.0,0.0,0.0,0.0,0.0,0.0,0.0,0.0,0.0,0.0,0.0,0.0,0.0,0.0,0.0,0.0,0.0,0.0,0.0,0.0,0.0,0.0,0.0,0.0,0.0,0.0,0.0,0.0,0.0,0.0,0.0,0.0,0.0,0.0,0.0,0.0,0.0,0.0,0.0,0.0,0.0,0.0,0.0,0.0,0.0,0.0,0.0,0.0,0.0,0.0,0.0,0.0,0.0,0.0
31.9476878609027,104.41129504861,17.7497379642719,218.0,30.0,112.36607273627163,5.0,5.0,1.7706580928661353,1.3778446775961546e+18,0.0,0.0,0.0,0.0,0.0,0.0,0.0,0.0,0.0,0.0,0.0,0.0,0.0,0.0,0.0,0.0,0.0,0.0,0.0,0.0,0.0,0.0,0.0,0.0,0.0,0.0,0.0,0.0,0.0,0.0,0.0,0.0,0.0,0.0,0.0,0.0,0.0,0.0,0.0,0.0,0.0,0.0,0.0,0.0,0.0,0.0,0.0,0.0,0.0,0.0,0.0,0.0,0.0,0.0,0.0,0.0,0.0,0.0,0.0,0.0,0.0,0.0,0.0,0.0,0.0,0.0,0.0,0.0,0.0,0.0,0.0,0.0,0.0,0.0,0.0,0.0,0.0,0.0,0.0,0.0,0.0,0.0,0.0,0.0,0.0,0.0,0.0,0.0,0.0,176168326094039.2,352336652188078.4,1.0602007543702674e+16,2.0851678435217268e+16,3.781657872052306e+16,5.478147900582884e+16,6.937225655473048e+16,8.396303410363213e+16,8.76120281530378e+16,9.126102220244347e+16,8.305886484040232e+16,7.485670747836118e+16,5.974215624906043e+16,4.462760501975968e+16,3.993675551785123e+16,3.524590601594279e+16,5.791311071883383e+16,8.058031542172488e+16,1.13454709224624e+17,1.4632910302752314e+17,1.7390847519777728e+17,2.0148784736803152e+17,2.0799910812991686e+17,2.145103688918022e+17,1.9416137458839232e+17,1.7381238028498246e+17,1.3674326204219941e+17,9.967414379941634e+16,6.505756662253714e+16,3.044098944565794e+16,1.6100869924085798e+16,1760750402513657.8,6541801989756913.0,1.132285357700017e+16,1.1654505020564502e+16,1.1986156464128834e+16,5993078232064417.0,0.0,0.0,0.0,0.0,0.0,0.0,0.0,0.0,0.0,0.0,0.0,0.0,0.0,0.0,0.0,0.0,0.0,0.0,0.0,0.0,0.0,0.0,0.0,0.0,0.0,0.0,0.0,0.0,0.0,0.0,0.0,0.0,0.0,0.0,0.0,0.0,0.0,0.0,0.0,0.0,0.0,0.0,0.0,0.0,0.0,0.0,0.0,0.0,0.0,0.0,0.0,0.0,0.0,0.0,0.0,0.0,0.0,0.0,0.0,0.0,0.0,0.0,0.0,0.0,0.0,0.0,0.0,0.0,0.0,0.0,0.0,0.0,0.0,0.0,0.0,0.0,0.0,0.0,0.0,0.0,0.0,0.0,0.0,0.0,0.0,0.0,0.0,0.0,0.0,0.0,0.0,0.0,0.0,0.0,0.0,0.0,0.0,0.0,0.0,0.0,0.0,0.0,0.0,0.0,0.0,0.0,0.0,0.0,0.0,0.0,0.0,0.0,0.0,0.0
31.972220393545,104.374187155092,20.0562836186236,218.0,25.0,117.78365845141397,5.0,5.0,1.0521279752008459,8.18717592414439e+17,0.0,0.0,0.0,0.0,0.0,0.0,0.0,0.0,0.0,0.0,0.0,0.0,0.0,0.0,0.0,0.0,0.0,0.0,0.0,0.0,0.0,0.0,0.0,0.0,0.0,0.0,0.0,0.0,0.0,0.0,0.0,0.0,0.0,0.0,0.0,0.0,0.0,0.0,0.0,0.0,0.0,0.0,0.0,0.0,0.0,0.0,0.0,0.0,0.0,0.0,0.0,0.0,0.0,0.0,0.0,0.0,0.0,0.0,0.0,0.0,0.0,0.0,0.0,0.0,0.0,0.0,0.0,0.0,0.0,0.0,0.0,0.0,0.0,0.0,0.0,0.0,0.0,0.0,0.0,0.0,0.0,0.0,0.0,0.0,0.0,0.0,0.0,0.0,0.0,1453800669706725.8,2907601339413451.5,1.1730703682039646e+16,2.055380602466584e+16,3.2810592680587924e+16,4.506737933651002e+16,5.420568843909726e+16,6.334399754168453e+16,6.3534896909204536e+16,6.372579627672454e+16,5.554966930133088e+16,4.737354232593722e+16,3.564922033697423e+16,2.3924898348011252e+16,1.4892576680789896e+16,5860255013568536.0,1.5970113844995534e+16,2.6079972676422536e+16,4.7881978901224456e+16,6.968398512602639e+16,9.13012487645572e+16,1.1291851240308803e+17,1.2124661345354602e+17,1.2957471450400402e+17,1.1977546942974509e+17,1.0997622435548613e+17,8.788424614881238e+16,6.579226794213862e+16,4.3368329193547576e+16,2.0944390444956524e+16,1.097732318388289e+16,1010255922809257.0,3048156393547406.0,5086056864285555.0,4989996416496015.0,4893935968706475.0,2446967984353237.5,0.0,0.0,0.0,0.0,0.0,0.0,0.0,0.0,0.0,0.0,0.0,0.0,0.0,0.0,0.0,0.0,0.0,0.0,0.0,0.0,0.0,0.0,0.0,0.0,0.0,0.0,0.0,0.0,0.0,0.0,0.0,0.0,0.0,0.0,0.0,0.0,0.0,0.0,0.0,0.0,0.0,0.0,0.0,0.0,0.0,0.0,0.0,0.0,0.0,0.0,0.0,0.0,0.0,0.0,0.0,0.0,0.0,0.0,0.0,0.0,0.0,0.0,0.0,0.0,0.0,0.0,0.0,0.0,0.0,0.0,0.0,0.0,0.0,0.0,0.0,0.0,0.0,0.0,0.0,0.0,0.0,0.0,0.0,0.0,0.0,0.0,0.0,0.0,0.0,0.0,0.0,0.0,0.0,0.0,0.0,0.0,0.0,0.0,0.0,0.0,0.0,0.0,0.0,0.0,0.0,0.0,0.0,0.0,0.0,0.0,0.0,0.0,0.0,0.0
31.9977726235079,104.335525652054,21.9678796312896,218.0,20.0,124.26575269789791,5.0,5.0,0.46730628912666594,3.636362581090716e+17,0.0,0.0,0.0,0.0,0.0,0.0,0.0,0.0,0.0,0.0,0.0,0.0,0.0,0.0,0.0,0.0,0.0,0.0,0.0,0.0,0.0,0.0,0.0,0.0,0.0,0.0,0.0,0.0,0.0,0.0,0.0,0.0,0.0,0.0,0.0,0.0,0.0,0.0,0.0,0.0,0.0,0.0,0.0,0.0,0.0,0.0,0.0,0.0,0.0,0.0,0.0,0.0,0.0,0.0,0.0,0.0,0.0,0.0,0.0,0.0,0.0,0.0,0.0,0.0,0.0,0.0,0.0,0.0,0.0,0.0,0.0,0.0,0.0,0.0,0.0,0.0,0.0,0.0,0.0,0.0,0.0,0.0,0.0,0.0,0.0,0.0,0.0,0.0,0.0,2407475168047389.5,4814950336094779.0,1.0986036992421682e+16,1.7157123648748586e+16,2.374416942346415e+16,3.0331215198179716e+16,3.35876709491563e+16,3.684412670013288e+16,3.4569214069338816e+16,3.2294301438544756e+16,2.582204256876568e+16,1.934978369898661e+16,1.2849404912046974e+16,6349026125107336.0,3174513062553668.0,0.0,2396402405909706.5,4792804811819413.0,1.4518802036241694e+16,2.4244799260663976e+16,3.550268026707795e+16,4.676056127349193e+16,5.168236599695426e+16,5.6604170720416584e+16,5.227202964069783e+16,4.793988856097908e+16,3.795636692251784e+16,2.7972845284056604e+16,1.7971683608996046e+16,7970521933935486.0,3985260966967743.0,0.0,105069558956915.64,210139117913831.28,105069558956915.64,0.0,0.0,0.0,0.0,0.0,0.0,0.0,0.0,0.0,0.0,0.0,0.0,0.0,0.0,0.0,0.0,0.0,0.0,0.0,0.0,0.0,0.0,0.0,0.0,0.0,0.0,0.0,0.0,0.0,0.0,0.0,0.0,0.0,0.0,0.0,0.0,0.0,0.0,0.0,0.0,0.0,0.0,0.0,0.0,0.0,0.0,0.0,0.0,0.0,0.0,0.0,0.0,0.0,0.0,0.0,0.0,0.0,0.0,0.0,0.0,0.0,0.0,0.0,0.0,0.0,0.0,0.0,0.0,0.0,0.0,0.0,0.0,0.0,0.0,0.0,0.0,0.0,0.0,0.0,0.0,0.0,0.0,0.0,0.0,0.0,0.0,0.0,0.0,0.0,0.0,0.0,0.0,0.0,0.0,0.0,0.0,0.0,0.0,0.0,0.0,0.0,0.0,0.0,0.0,0.0,0.0,0.0,0.0,0.0,0.0,0.0,0.0,0.0,0.0,0.0,0.0
32.0241500828925,104.29560415544,23.46997760236,218.0,15.0,141.6933477050984,5.0,5.0,0.10842407236237622,8.437062560507251e+16,0.0,0.0,0.0,0.0,0.0,0.0,0.0,0.0,0.0,0.0,0.0,0.0,0.0,0.0,0.0,0.0,0.0,0.0,0.0,0.0,0.0,0.0,0.0,0.0,0.0,0.0,0.0,0.0,0.0,0.0,0.0,0.0,0.0,0.0,0.0,0.0,0.0,0.0,0.0,0.0,0.0,0.0,0.0,0.0,0.0,0.0,0.0,0.0,0.0,0.0,0.0,0.0,0.0,0.0,0.0,0.0,0.0,0.0,0.0,0.0,0.0,0.0,0.0,0.0,0.0,0.0,0.0,0.0,0.0,0.0,0.0,0.0,0.0,0.0,0.0,0.0,0.0,0.0,0.0,0.0,0.0,0.0,0.0,0.0,0.0,0.0,0.0,0.0,0.0,1459149500546827.0,2918299001093654.0,5636300083365362.0,8354301165637072.0,1.0488936540462204e+16,1.2623571915287336e+16,1.272008666072837e+16,1.2816601406169406e+16,1.0533954388342008e+16,8251307370514613.0,5211604599345722.0,2171901828176830.0,1085950914088415.0,0.0,0.0,0.0,0.0,0.0,2170205546483721.5,4340411092967443.0,7110200147744247.0,9879989202521050.0,1.0453991077308404e+16,1.1027992952095758e+16,9572547502370646.0,8117102052645535.0,5993124835304674.0,3869147617963810.5,1934573808981905.2,0.0,0.0,0.0,0.0,0.0,0.0,0.0,0.0,0.0,0.0,0.0,0.0,0.0,0.0,0.0,0.0,0.0,0.0,0.0,0.0,0.0,0.0,0.0,0.0,0.0,0.0,0.0,0.0,0.0,0.0,0.0,0.0,0.0,0.0,0.0,0.0,0.0,0.0,0.0,0.0,0.0,0.0,0.0,0.0,0.0,0.0,0.0,0.0,0.0,0.0,0.0,0.0,0.0,0.0,0.0,0.0,0.0,0.0,0.0,0.0,0.0,0.0,0.0,0.0,0.0,0.0,0.0,0.0,0.0,0.0,0.0,0.0,0.0,0.0,0.0,0.0,0.0,0.0,0.0,0.0,0.0,0.0,0.0,0.0,0.0,0.0,0.0,0.0,0.0,0.0,0.0,0.0,0.0,0.0,0.0,0.0,0.0,0.0,0.0,0.0,0.0,0.0,0.0,0.0,0.0,0.0,0.0,0.0,0.0,0.0,0.0,0.0,0.0,0.0,0.0,0.0,0.0,0.0,0.0,0.0,0.0,0.0
32.0511520233056,104.254736524459,24.5511456592836,218.0,10.0,90.0,5.0,5.0,0.0,0.0,0.0,0.0,0.0,0.0,0.0,0.0,0.0,0.0,0.0,0.0,0.0,0.0,0.0,0.0,0.0,0.0,0.0,0.0,0.0,0.0,0.0,0.0,0.0,0.0,0.0,0.0,0.0,0.0,0.0,0.0,0.0,0.0,0.0,0.0,0.0,0.0,0.0,0.0,0.0,0.0,0.0,0.0,0.0,0.0,0.0,0.0,0.0,0.0,0.0,0.0,0.0,0.0,0.0,0.0,0.0,0.0,0.0,0.0,0.0,0.0,0.0,0.0,0.0,0.0,0.0,0.0,0.0,0.0,0.0,0.0,0.0,0.0,0.0,0.0,0.0,0.0,0.0,0.0,0.0,0.0,0.0,0.0,0.0,0.0,0.0,0.0,0.0,0.0,0.0,0.0,0.0,0.0,0.0,0.0,0.0,0.0,0.0,0.0,0.0,0.0,0.0,0.0,0.0,0.0,0.0,0.0,0.0,0.0,0.0,0.0,0.0,0.0,0.0,0.0,0.0,0.0,0.0,0.0,0.0,0.0,0.0,0.0,0.0,0.0,0.0,0.0,0.0,0.0,0.0,0.0,0.0,0.0,0.0,0.0,0.0,0.0,0.0,0.0,0.0,0.0,0.0,0.0,0.0,0.0,0.0,0.0,0.0,0.0,0.0,0.0,0.0,0.0,0.0,0.0,0.0,0.0,0.0,0.0,0.0,0.0,0.0,0.0,0.0,0.0,0.0,0.0,0.0,0.0,0.0,0.0,0.0,0.0,0.0,0.0,0.0,0.0,0.0,0.0,0.0,0.0,0.0,0.0,0.0,0.0,0.0,0.0,0.0,0.0,0.0,0.0,0.0,0.0,0.0,0.0,0.0,0.0,0.0,0.0,0.0,0.0,0.0,0.0,0.0,0.0,0.0,0.0,0.0,0.0,0.0,0.0,0.0,0.0,0.0,0.0,0.0,0.0,0.0,0.0,0.0,0.0,0.0,0.0,0.0,0.0,0.0,0.0,0.0,0.0,0.0,0.0,0.0,0.0,0.0,0.0,0.0,0.0,0.0,0.0,0.0,0.0
31.8471613481734,104.477039134287,2.46201938253052,218.0,80.0,115.43762142511844,5.0,5.0,5.530409695486964,4.303510426181963e+18,0.0,0.0,0.0,0.0,0.0,0.0,0.0,0.0,0.0,0.0,0.0,0.0,0.0,0.0,0.0,0.0,0.0,0.0,0.0,0.0,0.0,0.0,0.0,0.0,0.0,0.0,0.0,0.0,0.0,0.0,0.0,0.0,0.0,0.0,0.0,0.0,0.0,0.0,0.0,0.0,0.0,0.0,0.0,0.0,0.0,0.0,0.0,0.0,0.0,0.0,0.0,0.0,0.0,0.0,0.0,0.0,0.0,0.0,0.0,0.0,0.0,0.0,0.0,5826115459142391.0,1.1652230918284782e+16,1.471769294932924e+16,1.77831549803737e+16,1.7998409594507536e+16,1.8213664208641376e+16,1.9260545121642264e+16,2.030742603464315e+16,3.076325112157491e+16,4.1219076208506664e+16,5.756503294032013e+16,7.391098967213358e+16,8.677394341940776e+16,9.963689716668195e+16,1.0124633328565474e+17,1.0285576940462752e+17,9.33510991859553e+16,8.384642896728309e+16,7.475423621516043e+16,6.566204346303778e+16,6.957464282662445e+16,7.348724219021114e+16,8.289320751324152e+16,9.229917283627192e+16,1.0311772960339974e+17,1.1393628637052757e+17,1.2528816586987602e+17,1.3664004536922446e+17,1.4512810651668957e+17,1.536161676641547e+17,1.577402269161329e+17,1.6186428616811114e+17,1.591402631350346e+17,1.5641624010195808e+17,1.4829856462970915e+17,1.4018088915746016e+17,1.510612856565462e+17,1.6194168215563222e+17,2.03757658957879e+17,2.4557363576012576e+17,2.9616877677096474e+17,3.4676391778180365e+17,3.8633063048816365e+17,4.258973431945235e+17,4.420049970220142e+17,4.5811265084950496e+17,4.43707450845647e+17,4.293022508417892e+17,3.83862552907318e+17,3.3842285497284685e+17,2.7371804316478058e+17,2.0901323135671434e+17,1.4834479720450112e+17,8.767636305228792e+16,5.299473841557479e+16,1.8313113778861656e+16,1.4791293429174616e+16,1.1269473079487574e+16,9482685777870008.0,7695898476252442.0,3847949238126221.0,0.0,0.0,0.0,0.0,0.0,0.0,0.0,0.0,0.0,0.0,0.0,0.0,0.0,0.0,0.0,0.0,0.0,0.0,0.0,0.0,0.0,0.0,0.0,0.0,0.0,0.0,0.0,0.0,0.0,0.0,0.0,0.0,0.0,0.0,0.0,0.0,0.0,0.0,0.0,0.0,0.0,0.0,0.0,0.0,0.0,0.0,0.0,0.0,0.0,0.0,0.0,0.0,0.0,0.0,0.0,0.0,0.0,0.0,0.0,0.0,0.0,0.0,0.0,0.0,0.0,0.0,0.0,0.0,0.0,0.0,0.0,0.0,0.0,0.0,0.0,0.0,0.0,0.0,0.0,0.0,0.0,0.0,0.0,0.0,0.0,0.0,0.0,0.0,0.0,0.0,0.0,0.0,0.0,0.0,0.0,0.0,0.0,0.0,0.0,0.0,0.0,0.0,0.0,0.0,0.0,0.0,0.0,0.0,0.0,0.0,0.0,0.0,0.0,0.0,0.0,0.0
31.8554148334458,104.464566004944,7.18980823265266,218.0,65.0,104.52386965541946,5.0,5.0,5.860739043882941,4.5605575299536865e+18,0.0,0.0,0.0,0.0,0.0,0.0,0.0,0.0,0.0,0.0,0.0,0.0,0.0,0.0,0.0,0.0,0.0,0.0,0.0,0.0,0.0,0.0,0.0,0.0,0.0,0.0,0.0,0.0,0.0,0.0,0.0,0.0,0.0,0.0,0.0,0.0,0.0,0.0,0.0,0.0,0.0,0.0,0.0,0.0,0.0,0.0,0.0,0.0,0.0,0.0,0.0,0.0,0.0,0.0,0.0,0.0,0.0,0.0,0.0,0.0,0.0,0.0,0.0,1941590567391345.8,3883181134782691.5,5639122234170381.0,7395063333558071.0,9657772372459290.0,1.1920481411360508e+16,2.042818257851454e+16,2.8935883745668564e+16,4.590051786759272e+16,6.286515198951688e+16,8.290138189419061e+16,1.0293761179886434e+17,1.1606707907994816e+17,1.29196546361032e+17,1.2829126188910726e+17,1.2738597741718254e+17,1.1199917675277635e+17,9.661237608837011e+16,7.610127290620674e+16,5.559016972404336e+16,4.731475608955165e+16,3.903934245505996e+16,4.493172068669326e+16,5.0824098918326584e+16,5.99167308166238e+16,6.9009362714921016e+16,8.051862966203334e+16,9.202789660914565e+16,1.0307257071751038e+17,1.1411724482587509e+17,1.2274073388630424e+17,1.3136422294673339e+17,1.3463196135091146e+17,1.3789969975508955e+17,1.3969011382254994e+17,1.4148052789001032e+17,1.6283065974942013e+17,1.8418079160882992e+17,2.2812540414706234e+17,2.720700166852948e+17,3.242523076863622e+17,3.764345986874296e+17,4.21357774042512e+17,4.662809493975944e+17,4.905849057926362e+17,5.14888862187678e+17,5.082985837478157e+17,5.0170830530795334e+17,4.5893597472906086e+17,4.161636441501683e+17,3.457812502986423e+17,2.753988564471162e+17,2.006923598263804e+17,1.259858632056446e+17,7.547333318104075e+16,2.49608031564369e+16,1.248040157821845e+16,0.0,0.0,0.0,0.0,0.0,0.0,0.0,0.0,0.0,0.0,0.0,0.0,0.0,0.0,0.0,0.0,0.0,0.0,0.0,0.0,0.0,0.0,0.0,0.0,0.0,0.0,0.0,0.0,0.0,0.0,0.0,0.0,0.0,0.0,0.0,0.0,0.0,0.0,0.0,0.0,0.0,0.0,0.0,0.0,0.0,0.0,0.0,0.0,0.0,0.0,0.0,0.0,0.0,0.0,0.0,0.0,0.0,0.0,0.0,0.0,0.0,0.0,0.0,0.0,0.0,0.0,0.0,0.0,0.0,0.0,0.0,0.0,0.0,0.0,0.0,0.0,0.0,0.0,0.0,0.0,0.0,0.0,0.0,0.0,0.0,0.0,0.0,0.0,0.0,0.0,0.0,0.0,0.0,0.0,0.0,0.0,0.0,0.0,0.0,0.0,0.0,0.0,0.0,0.0,0.0,0.0,0.0,0.0,0.0,0.0,0.0,0.0,0.0,0.0,0.0,0.0,0.0,0.0,0.0,0.0
31.8701621193701,104.442273127553,11.3706888080417,218.0,50.0,99.29651095943856,5.0,5.0,5.598126078604537,4.3562042005704346e+18,0.0,0.0,0.0,0.0,0.0,0.0,0.0,0.0,0.0,0.0,0.0,0.0,0.0,0.0,0.0,0.0,0.0,0.0,0.0,0.0,0.0,0.0,0.0,0.0,0.0,0.0,0.0,0.0,0.0,0.0,0.0,0.0,0.0,0.0,0.0,0.0,0.0,0.0,0.0,0.0,0.0,0.0,0.0,0.0,0.0,0.0,0.0,0.0,0.0,0.0,0.0,0.0,0.0,0.0,0.0,0.0,0.0,0.0,0.0,0.0,0.0,0.0,0.0,891316601083437.5,1782633202166875.0,3111617465944474.5,4440601729722073.5,9451987502322694.0,1.4463373274923314e+16,2.429717959282269e+16,3.4130985910722064e+16,4.974883593339921e+16,6.5366685956076344e+16,8.285310847831347e+16,1.0033953100055062e+17,1.1116619863785789e+17,1.2199286627516515e+17,1.1876963471506534e+17,1.1554640315496554e+17,9.912409276291662e+16,8.270178237086771e+16,6.125478300965606e+16,3.980778364844438e+16,2.413811077048527e+16,8468437892526162.0,7335960321987084.0,6203482751448007.0,1.0949405516082476e+16,1.5695328280716946e+16,2.4267796585358092e+16,3.284026488999924e+16,4.614179070140186e+16,5.944331651280448e+16,7.543947207446813e+16,9.143562763613178e+16,1.0509437588266254e+17,1.1875312412919331e+17,1.3098526811824531e+17,1.4321741210729733e+17,1.6230952683059152e+17,1.814016415538857e+17,2.1275318832675498e+17,2.4410473509962426e+17,2.891823068837461e+17,3.34259878667868e+17,3.8439313402620864e+17,4.345263893845491e+17,4.7404685367608544e+17,5.1356731796762176e+17,5.260789475589099e+17,5.385905771501981e+17,5.101271625139178e+17,4.816637478776377e+17,4.1422644072852096e+17,3.467891335794041e+17,2.6245037890516675e+17,1.781116242309293e+17,1.1233556928296224e+17,4.655951433499521e+16,2.3279757167497604e+16,0.0,0.0,0.0,0.0,0.0,0.0,0.0,0.0,0.0,0.0,0.0,0.0,0.0,0.0,0.0,0.0,0.0,0.0,0.0,0.0,0.0,0.0,0.0,0.0,0.0,0.0,0.0,0.0,0.0,0.0,0.0,0.0,0.0,0.0,0.0,0.0,0.0,0.0,0.0,0.0,0.0,0.0,0.0,0.0,0.0,0.0,0.0,0.0,0.0,0.0,0.0,0.0,0.0,0.0,0.0,0.0,0.0,0.0,0.0,0.0,0.0,0.0,0.0,0.0,0.0,0.0,0.0,0.0,0.0,0.0,0.0,0.0,0.0,0.0,0.0,0.0,0.0,0.0,0.0,0.0,0.0,0.0,0.0,0.0,0.0,0.0,0.0,0.0,0.0,0.0,0.0,0.0,0.0,0.0,0.0,0.0,0.0,0.0,0.0,0.0,0.0,0.0,0.0,0.0,0.0,0.0,0.0,0.0,0.0,0.0,0.0,0.0,0.0,0.0,0.0,0.0,0.0,0.0,0.0,0.0
31.8896630904641,104.412785900829,14.8927689400555,218.0,40.0,99.82221244009008,5.0,5.0,4.3114219236819995,3.354950215600843e+18,0.0,0.0,0.0,0.0,0.0,0.0,0.0,0.0,0.0,0.0,0.0,0.0,0.0,0.0,0.0,0.0,0.0,0.0,0.0,0.0,0.0,0.0,0.0,0.0,0.0,0.0,0.0,0.0,0.0,0.0,0.0,0.0,0.0,0.0,0.0,0.0,0.0,0.0,0.0,0.0,0.0,0.0,0.0,0.0,0.0,0.0,0.0,0.0,0.0,0.0,0.0,0.0,0.0,0.0,0.0,0.0,0.0,0.0,0.0,0.0,0.0,0.0,0.0,0.0,0.0,0.0,0.0,2603045989808547.5,5206091979617095.0,1.0493418501927658e+16,1.5780745024238222e+16,2.382732963917212e+16,3.1873914254106012e+16,4.196860479568971e+16,5.206329533727341e+16,5.7913660953609656e+16,6.376402656994591e+16,6.06643510580985e+16,5.756467554625109e+16,4.6766890062224376e+16,3.5969104578197664e+16,2.3886027910525356e+16,1.1802951242853042e+16,5901475621426521.0,0.0,0.0,0.0,0.0,0.0,0.0,0.0,1.17596895511947e+16,2.35193791023894e+16,4.418479839836007e+16,6.485021769433074e+16,8.487019469348403e+16,1.0489017169263733e+17,1.1668406642962714e+17,1.2847796116661691e+17,1.3226019776895563e+17,1.3604243437129437e+17,1.4401986969754798e+17,1.5199730502380163e+17,1.8236805274559638e+17,2.127388004673911e+17,2.6161454688854752e+17,3.1049029330970394e+17,3.601882072816253e+17,4.0988612125354675e+17,4.404974110035444e+17,4.711087007535419e+17,4.6285916872109306e+17,4.5460963668864416e+17,4.030323136585813e+17,3.514549906285184e+17,2.7455906698116982e+17,1.9766314333382128e+17,1.30050376766722e+17,6.2437610199622696e+16,3.1218805099811348e+16,0.0,379322691249913.7,758645382499827.4,379322691249913.7,0.0,0.0,0.0,0.0,0.0,0.0,0.0,0.0,0.0,0.0,0.0,0.0,0.0,0.0,0.0,0.0,0.0,0.0,0.0,0.0,0.0,0.0,0.0,0.0,0.0,0.0,0.0,0.0,0.0,0.0,0.0,0.0,0.0,0.0,0.0,0.0,0.0,0.0,0.0,0.0,0.0,0.0,0.0,0.0,0.0,0.0,0.0,0.0,0.0,0.0,0.0,0.0,0.0,0.0,0.0,0.0,0.0,0.0,0.0,0.0,0.0,0.0,0.0,0.0,0.0,0.0,0.0,0.0,0.0,0.0,0.0,0.0,0.0,0.0,0.0,0.0,0.0,0.0,0.0,0.0,0.0,0.0,0.0,0.0,0.0,0.0,0.0,0.0,0.0,0.0,0.0,0.0,0.0,0.0,0.0,0.0,0.0,0.0,0.0,0.0,0.0,0.0,0.0,0.0,0.0,0.0,0.0,0.0,0.0,0.0,0.0,0.0,0.0,0.0,0.0,0.0
31.9122541060819,104.37861660516,17.7497379642719,218.0,30.0,103.47956877724788,5.0,5.0,2.791131748216289,2.171930334401498e+18,0.0,0.0,0.0,0.0,0.0,0.0,0.0,0.0,0.0,0.0,0.0,0.0,0.0,0.0,0.0,0.0,0.0,0.0,0.0,0.0,0.0,0.0,0.0,0.0,0.0,0.0,0.0,0.0,0.0,0.0,0.0,0.0,0.0,0.0,0.0,0.0,0.0,0.0,0.0,0.0,0.0,0.0,0.0,0.0,0.0,0.0,0.0,0.0,0.0,0.0,0.0,0.0,0.0,0.0,0.0,0.0,0.0,0.0,0.0,0.0,0.0,0.0,0.0,0.0,0.0,0.0,0.0,0.0,0.0,0.0,0.0,344943363760970.7,689886727521941.4,3345646385657091.0,6001406043792241.0,8340024433811783.0,1.0678642823831324e+16,1.028705273838956e+16,9895462652947794.0,7486097027517491.0,5076731402087188.0,2538365701043594.0,0.0,0.0,0.0,0.0,0.0,0.0,0.0,0.0,0.0,7554756954897815.0,1.510951390979563e+16,3.4172039338548616e+16,5.323456476730159e+16,7.189270465700747e+16,9.055084454671334e+16,9.780372824860555e+16,1.0505661195049776e+17,9.873645588557933e+16,9.241629982066093e+16,7.993600765247448e+16,6.745571548428802e+16,7.730399957866093e+16,8.715228367303384e+16,1.2598097341278944e+17,1.6480966315254502e+17,2.12887098119567e+17,2.6096453308658906e+17,2.97602010665162e+17,3.3423948824373485e+17,3.4051686442918605e+17,3.467942406146372e+17,3.15729058934624e+17,2.846638772546108e+17,2.2870563956167555e+17,1.727474018687403e+17,1.1744333070819523e+17,6.21392595476502e+16,3.144930868864381e+16,759357829637425.2,1126953415259568.2,1494549000881711.2,747274500440855.6,0.0,0.0,0.0,0.0,0.0,0.0,0.0,0.0,0.0,0.0,0.0,0.0,0.0,0.0,0.0,0.0,0.0,0.0,0.0,0.0,0.0,0.0,0.0,0.0,0.0,0.0,0.0,0.0,0.0,0.0,0.0,0.0,0.0,0.0,0.0,0.0,0.0,0.0,0.0,0.0,0.0,0.0,0.0,0.0,0.0,0.0,0.0,0.0,0.0,0.0,0.0,0.0,0.0,0.0,0.0,0.0,0.0,0.0,0.0,0.0,0.0,0.0,0.0,0.0,0.0,0.0,0.0,0.0,0.0,0.0,0.0,0.0,0.0,0.0,0.0,0.0,0.0,0.0,0.0,0.0,0.0,0.0,0.0,0.0,0.0,0.0,0.0,0.0,0.0,0.0,0.0,0.0,0.0,0.0,0.0,0.0,0.0,0.0,0.0,0.0,0.0,0.0,0.0,0.0,0.0,0.0,0.0,0.0,0.0,0.0,0.0,0.0,0.0,0.0,0.0,0.0
31.9367866387243,104.34150027778,20.0562836186236,218.0,25.0,107.32398524739996,5.0,5.0,1.6362479667006815,1.273252900280002e+18,0.0,0.0,0.0,0.0,0.0,0.0,0.0,0.0,0.0,0.0,0.0,0.0,0.0,0.0,0.0,0.0,0.0,0.0,0.0,0.0,0.0,0.0,0.0,0.0,0.0,0.0,0.0,0.0,0.0,0.0,0.0,0.0,0.0,0.0,0.0,0.0,0.0,0.0,0.0,0.0,0.0,0.0,0.0,0.0,0.0,0.0,0.0,0.0,0.0,0.0,0.0,0.0,0.0,0.0,0.0,0.0,0.0,0.0,0.0,0.0,0.0,0.0,0.0,0.0,0.0,0.0,0.0,0.0,0.0,0.0,0.0,0.0,0.0,0.0,0.0,0.0,0.0,0.0,0.0,0.0,0.0,0.0,0.0,0.0,0.0,0.0,0.0,0.0,0.0,941839092690987.6,1883678185381975.2,9739763225945388.0,1.7595848266508802e+16,3.1641948777511452e+16,4.5688049288514104e+16,5.766456027913538e+16,6.964107126975664e+16,7.168479358522402e+16,7.37285159006914e+16,6.529986360343645e+16,5.68712113061815e+16,4.3558456964701704e+16,3.0245702623221908e+16,2.4879265545900024e+16,1.9512828468578136e+16,4.345954815970439e+16,6.740626785083062e+16,1.0236422257441717e+17,1.3732217729800374e+17,1.6724291512007427e+17,1.9716365294214483e+17,2.0713652426743914e+17,2.1710939559273344e+17,2.0066649392776778e+17,1.8422359226280214e+17,1.4875145397453824e+17,1.1327931568627438e+17,7.694970169500294e+16,4.0620087703731544e+16,2.0369435479885056e+16,118783256038577.1,480752817323525.06,842722378608473.1,421361189304236.56,0.0,0.0,0.0,0.0,0.0,0.0,0.0,0.0,0.0,0.0,0.0,0.0,0.0,0.0,0.0,0.0,0.0,0.0,0.0,0.0,0.0,0.0,0.0,0.0,0.0,0.0,0.0,0.0,0.0,0.0,0.0,0.0,0.0,0.0,0.0,0.0,0.0,0.0,0.0,0.0,0.0,0.0,0.0,0.0,0.0,0.0,0.0,0.0,0.0,0.0,0.0,0.0,0.0,0.0,0.0,0.0,0.0,0.0,0.0,0.0,0.0,0.0,0.0,0.0,0.0,0.0,0.0,0.0,0.0,0.0,0.0,0.0,0.0,0.0,0.0,0.0,0.0,0.0,0.0,0.0,0.0,0.0,0.0,0.0,0.0,0.0,0.0,0.0,0.0,0.0,0.0,0.0,0.0,0.0,0.0,0.0,0.0,0.0,0.0,0.0,0.0,0.0,0.0,0.0,0.0,0.0,0.0,0.0,0.0,0.0,0.0,0.0,0.0,0.0,0.0,0.0
31.9623388686872,104.302829800266,21.9678796312896,218.0,20.0,110.6459402066842,5.0,5.0,0.7737635744957555,6.021072205481701e+17,0.0,0.0,0.0,0.0,0.0,0.0,0.0,0.0,0.0,0.0,0.0,0.0,0.0,0.0,0.0,0.0,0.0,0.0,0.0,0.0,0.0,0.0,0.0,0.0,0.0,0.0,0.0,0.0,0.0,0.0,0.0,0.0,0.0,0.0,0.0,0.0,0.0,0.0,0.0,0.0,0.0,0.0,0.0,0.0,0.0,0.0,0.0,0.0,0.0,0.0,0.0,0.0,0.0,0.0,0.0,0.0,0.0,0.0,0.0,0.0,0.0,0.0,0.0,0.0,0.0,0.0,0.0,0.0,0.0,0.0,0.0,0.0,0.0,0.0,0.0,0.0,0.0,0.0,0.0,0.0,0.0,0.0,0.0,0.0,0.0,0.0,0.0,0.0,0.0,1912209426132116.2,3824418852264232.5,9883952639694154.0,1.594348642712408e+16,2.3813277751262544e+16,3.168306907540101e+16,3.671729543302317e+16,4.175152179064533e+16,4.013032000237547e+16,3.8509118214105624e+16,3.138216917557332e+16,2.425522013704102e+16,1.6534486783230782e+16,8813753429420544.0,4406876714710272.0,0.0,1.0265902414651252e+16,2.0531804829302504e+16,3.911976826846982e+16,5.770773170763716e+16,7.505409337279205e+16,9.240045503794693e+16,9.848262988873285e+16,1.0456480473951872e+17,9.664325728154923e+16,8.872170982357974e+16,7.164416633464016e+16,5.45666228457006e+16,3.670006324209158e+16,1.8833503638482564e+16,9416751819241282.0,0.0,0.0,0.0,0.0,0.0,0.0,0.0,0.0,0.0,0.0,0.0,0.0,0.0,0.0,0.0,0.0,0.0,0.0,0.0,0.0,0.0,0.0,0.0,0.0,0.0,0.0,0.0,0.0,0.0,0.0,0.0,0.0,0.0,0.0,0.0,0.0,0.0,0.0,0.0,0.0,0.0,0.0,0.0,0.0,0.0,0.0,0.0,0.0,0.0,0.0,0.0,0.0,0.0,0.0,0.0,0.0,0.0,0.0,0.0,0.0,0.0,0.0,0.0,0.0,0.0,0.0,0.0,0.0,0.0,0.0,0.0,0.0,0.0,0.0,0.0,0.0,0.0,0.0,0.0,0.0,0.0,0.0,0.0,0.0,0.0,0.0,0.0,0.0,0.0,0.0,0.0,0.0,0.0,0.0,0.0,0.0,0.0,0.0,0.0,0.0,0.0,0.0,0.0,0.0,0.0,0.0,0.0,0.0,0.0,0.0,0.0,0.0,0.0,0.0,0.0,0.0,0.0,0.0,0.0,0.0
31.9887163280717,104.262898986832,23.46997760236,218.0,15.0,115.91293335118101,5.0,5.0,0.21129143776632947,1.6441727746362035e+17,0.0,0.0,0.0,0.0,0.0,0.0,0.0,0.0,0.0,0.0,0.0,0.0,0.0,0.0,0.0,0.0,0.0,0.0,0.0,0.0,0.0,0.0,0.0,0.0,0.0,0.0,0.0,0.0,0.0,0.0,0.0,0.0,0.0,0.0,0.0,0.0,0.0,0.0,0.0,0.0,0.0,0.0,0.0,0.0,0.0,0.0,0.0,0.0,0.0,0.0,0.0,0.0,0.0,0.0,0.0,0.0,0.0,0.0,0.0,0.0,0.0,0.0,0.0,0.0,0.0,0.0,0.0,0.0,0.0,0.0,0.0,0.0,0.0,0.0,0.0,0.0,0.0,0.0,0.0,0.0,0.0,0.0,0.0,0.0,0.0,0.0,0.0,0.0,0.0,1347907302204406.8,2695814604408813.5,5593284314052607.0,8490754023696403.0,1.1032350027929846e+16,1.3573946032163292e+16,1.416212752384458e+16,1.4750309015525872e+16,1.2659153284294936e+16,1.0567997553064e+16,7125651001393286.0,3683304449722574.5,1841652224861287.2,0.0,0.0,0.0,1722574064294539.8,3445148128589079.5,9256962923192798.0,1.5068777717796518e+16,2.036985682177631e+16,2.5670935925756108e+16,2.6929422988857996e+16,2.8187910051959892e+16,2.5342474949219252e+16,2.2497039846478616e+16,1.7505039156273662e+16,1.251303846606871e+16,7892670057229586.0,3272301648390461.0,1636150824195230.5,0.0,0.0,0.0,0.0,0.0,0.0,0.0,0.0,0.0,0.0,0.0,0.0,0.0,0.0,0.0,0.0,0.0,0.0,0.0,0.0,0.0,0.0,0.0,0.0,0.0,0.0,0.0,0.0,0.0,0.0,0.0,0.0,0.0,0.0,0.0,0.0,0.0,0.0,0.0,0.0,0.0,0.0,0.0,0.0,0.0,0.0,0.0,0.0,0.0,0.0,0.0,0.0,0.0,0.0,0.0,0.0,0.0,0.0,0.0,0.0,0.0,0.0,0.0,0.0,0.0,0.0,0.0,0.0,0.0,0.0,0.0,0.0,0.0,0.0,0.0,0.0,0.0,0.0,0.0,0.0,0.0,0.0,0.0,0.0,0.0,0.0,0.0,0.0,0.0,0.0,0.0,0.0,0.0,0.0,0.0,0.0,0.0,0.0,0.0,0.0,0.0,0.0,0.0,0.0,0.0,0.0,0.0,0.0,0.0,0.0,0.0,0.0,0.0,0.0,0.0,0.0,0.0,0.0,0.0,0.0
32.0157182684849,104.222024218549,24.5511456592836,218.0,10.0,90.0,5.0,5.0,0.0,0.0,0.0,0.0,0.0,0.0,0.0,0.0,0.0,0.0,0.0,0.0,0.0,0.0,0.0,0.0,0.0,0.0,0.0,0.0,0.0,0.0,0.0,0.0,0.0,0.0,0.0,0.0,0.0,0.0,0.0,0.0,0.0,0.0,0.0,0.0,0.0,0.0,0.0,0.0,0.0,0.0,0.0,0.0,0.0,0.0,0.0,0.0,0.0,0.0,0.0,0.0,0.0,0.0,0.0,0.0,0.0,0.0,0.0,0.0,0.0,0.0,0.0,0.0,0.0,0.0,0.0,0.0,0.0,0.0,0.0,0.0,0.0,0.0,0.0,0.0,0.0,0.0,0.0,0.0,0.0,0.0,0.0,0.0,0.0,0.0,0.0,0.0,0.0,0.0,0.0,0.0,0.0,0.0,0.0,0.0,0.0,0.0,0.0,0.0,0.0,0.0,0.0,0.0,0.0,0.0,0.0,0.0,0.0,0.0,0.0,0.0,0.0,0.0,0.0,0.0,0.0,0.0,0.0,0.0,0.0,0.0,0.0,0.0,0.0,0.0,0.0,0.0,0.0,0.0,0.0,0.0,0.0,0.0,0.0,0.0,0.0,0.0,0.0,0.0,0.0,0.0,0.0,0.0,0.0,0.0,0.0,0.0,0.0,0.0,0.0,0.0,0.0,0.0,0.0,0.0,0.0,0.0,0.0,0.0,0.0,0.0,0.0,0.0,0.0,0.0,0.0,0.0,0.0,0.0,0.0,0.0,0.0,0.0,0.0,0.0,0.0,0.0,0.0,0.0,0.0,0.0,0.0,0.0,0.0,0.0,0.0,0.0,0.0,0.0,0.0,0.0,0.0,0.0,0.0,0.0,0.0,0.0,0.0,0.0,0.0,0.0,0.0,0.0,0.0,0.0,0.0,0.0,0.0,0.0,0.0,0.0,0.0,0.0,0.0,0.0,0.0,0.0,0.0,0.0,0.0,0.0,0.0,0.0,0.0,0.0,0.0,0.0,0.0,0.0,0.0,0.0,0.0,0.0,0.0,0.0,0.0,0.0,0.0,0.0,0.0,0.0
31.8117275933526,104.444380340457,2.46201938253052,218.0,80.0,122.89466306268386,5.0,5.0,7.487963750918803,5.826788944632471e+18,0.0,0.0,0.0,0.0,0.0,0.0,0.0,0.0,0.0,0.0,0.0,0.0,0.0,0.0,0.0,0.0,0.0,0.0,0.0,0.0,0.0,0.0,0.0,0.0,0.0,0.0,0.0,0.0,0.0,0.0,0.0,0.0,0.0,0.0,0.0,0.0,0.0,0.0,0.0,0.0,0.0,0.0,0.0,0.0,0.0,0.0,0.0,0.0,0.0,0.0,0.0,0.0,0.0,0.0,0.0,0.0,0.0,0.0,0.0,0.0,0.0,1.948166640580212e+16,3.896333281160424e+16,5.059460377330233e+16,6.222587473500042e+16,6.549341699500997e+16,6.8760959255019496e+16,6.7289437266499e+16,6.581791527797852e+16,6.455969934456542e+16,6.3301483411152344e+16,7.322673844045864e+16,8.315199346976493e+16,1.0369421125280184e+17,1.2423642903583874e+17,1.4159219198739749e+17,1.5894795493895626e+17,1.6212908180126474e+17,1.6531020866357322e+17,1.5357802745409942e+17,1.418458462446256e+17,1.2768942651792488e+17,1.135330067912242e+17,1.1221810240984544e+17,1.109031980284667e+17,1.1871624763290826e+17,1.2652929723734982e+17,1.3706388519367392e+17,1.4759847314999798e+17,1.5897677010103155e+17,1.7035506705206518e+17,1.7990862510718195e+17,1.8946218316229875e+17,1.9553859599565482e+17,2.0161500882901094e+17,2.015488186190956e+17,2.0148262840918035e+17,1.975680942431039e+17,1.9365356007702742e+17,2.1053467922890157e+17,2.274157983807757e+17,2.7388416620035987e+17,3.2035253401994406e+17,3.7605768700946643e+17,4.3176283999898874e+17,4.763908339142064e+17,5.21018827829424e+17,5.39300081494546e+17,5.575813351596679e+17,5.397486420109435e+17,5.2191594886221914e+17,4.67680576376458e+17,4.134452038906969e+17,3.3751933911947315e+17,2.615934743482494e+17,1.8863961244930496e+17,1.1568575055036048e+17,6.9759605540485464e+16,2.383346053061046e+16,1.4161405506004826e+16,4489350481399192.0,2244675240699596.0,0.0,0.0,0.0,0.0,0.0,0.0,0.0,0.0,0.0,0.0,0.0,0.0,0.0,0.0,0.0,0.0,0.0,0.0,0.0,0.0,0.0,0.0,0.0,0.0,0.0,0.0,0.0,0.0,0.0,0.0,0.0,0.0,0.0,0.0,0.0,0.0,0.0,0.0,0.0,0.0,0.0,0.0,0.0,0.0,0.0,0.0,0.0,0.0,0.0,0.0,0.0,0.0,0.0,0.0,0.0,0.0,0.0,0.0,0.0,0.0,0.0,0.0,0.0,0.0,0.0,0.0,0.0,0.0,0.0,0.0,0.0,0.0,0.0,0.0,0.0,0.0,0.0,0.0,0.0,0.0,0.0,0.0,0.0,0.0,0.0,0.0,0.0,0.0,0.0,0.0,0.0,0.0,0.0,0.0,0.0,0.0,0.0,0.0,0.0,0.0,0.0,0.0,0.0,0.0,0.0,0.0,0.0,0.0,0.0,0.0,0.0,0.0,0.0,0.0,0.0,0.0,0.0,0.0
31.8199810786251,104.431905309647,7.18980823265266,218.0,65.0,110.74317449461019,5.0,5.0,8.076825807117634,6.285014309111816e+18,0.0,0.0,0.0,0.0,0.0,0.0,0.0,0.0,0.0,0.0,0.0,0.0,0.0,0.0,0.0,0.0,0.0,0.0,0.0,0.0,0.0,0.0,0.0,0.0,0.0,0.0,0.0,0.0,0.0,0.0,0.0,0.0,0.0,0.0,0.0,0.0,0.0,0.0,0.0,0.0,0.0,0.0,0.0,0.0,0.0,0.0,0.0,0.0,0.0,0.0,0.0,0.0,0.0,0.0,0.0,0.0,0.0,0.0,0.0,0.0,0.0,1.2324171450360558e+16,2.4648342900721116e+16,3.2508967824096732e+16,4.0369592747472344e+16,4.20981719077242e+16,4.382675106797605e+16,4.464336039702061e+16,4.5459969726065176e+16,5.4099758864386184e+16,6.273954800270718e+16,8.51405753821693e+16,1.075416027616314e+17,1.3495114912109902e+17,1.623606954805667e+17,1.8113610371934384e+17,1.9991151195812096e+17,2.0051818943260586e+17,2.0112486690709075e+17,1.8263006535437405e+17,1.6413526380165734e+17,1.3720898961528294e+17,1.1028271542890859e+17,9.423648444921629e+16,7.819025346952402e+16,8.074132529167307e+16,8.329239711382213e+16,9.20615982558161e+16,1.008307993978101e+17,1.1292224030701822e+17,1.2501368121622637e+17,1.3689725365034005e+17,1.4878082608445373e+17,1.5926820174824074e+17,1.6975557741202774e+17,1.7613659802632477e+17,1.825176186406217e+17,1.91563168328185e+17,2.0060871801574832e+17,2.3077730191323382e+17,2.6094588581071936e+17,3.119382052354679e+17,3.629305246602164e+17,4.216437149783113e+17,4.803569052964063e+17,5.319575137761149e+17,5.835581222558235e+17,6.112277595212224e+17,6.388973967866212e+17,6.296511824793108e+17,6.204049681720004e+17,5.68954676069297e+17,5.175043839665939e+17,4.344010313734356e+17,3.5129767878027744e+17,2.6236832989586227e+17,1.7343898101144714e+17,1.0886385562500341e+17,4.42887302385597e+16,2.214436511927985e+16,0.0,0.0,0.0,0.0,0.0,0.0,0.0,0.0,0.0,0.0,0.0,0.0,0.0,0.0,0.0,0.0,0.0,0.0,0.0,0.0,0.0,0.0,0.0,0.0,0.0,0.0,0.0,0.0,0.0,0.0,0.0,0.0,0.0,0.0,0.0,0.0,0.0,0.0,0.0,0.0,0.0,0.0,0.0,0.0,0.0,0.0,0.0,0.0,0.0,0.0,0.0,0.0,0.0,0.0,0.0,0.0,0.0,0.0,0.0,0.0,0.0,0.0,0.0,0.0,0.0,0.0,0.0,0.0,0.0,0.0,0.0,0.0,0.0,0.0,0.0,0.0,0.0,0.0,0.0,0.0,0.0,0.0,0.0,0.0,0.0,0.0,0.0,0.0,0.0,0.0,0.0,0.0,0.0,0.0,0.0,0.0,0.0,0.0,0.0,0.0,0.0,0.0,0.0,0.0,0.0,0.0,0.0,0.0,0.0,0.0,0.0,0.0,0.0,0.0,0.0,0.0,0.0,0.0,0.0,0.0
31.8347283645494,104.409608326655,11.3706888080417,218.0,50.0,102.74263342842853,5.0,5.0,7.412001984246584,5.767678992049416e+18,0.0,0.0,0.0,0.0,0.0,0.0,0.0,0.0,0.0,0.0,0.0,0.0,0.0,0.0,0.0,0.0,0.0,0.0,0.0,0.0,0.0,0.0,0.0,0.0,0.0,0.0,0.0,0.0,0.0,0.0,0.0,0.0,0.0,0.0,0.0,0.0,0.0,0.0,0.0,0.0,0.0,0.0,0.0,0.0,0.0,0.0,0.0,0.0,0.0,0.0,0.0,0.0,0.0,0.0,0.0,0.0,0.0,0.0,0.0,0.0,0.0,3465564748554112.5,6931129497108225.0,9968497912297318.0,1.3005866327486412e+16,1.5019510079273744e+16,1.7033153831061072e+16,2.2093239399174204e+16,2.7153324967287336e+16,4.1146863205071016e+16,5.51404014428547e+16,7.778535831556571e+16,1.004303151882767e+17,1.2439612212925547e+17,1.4836192907023427e+17,1.630512444857004e+17,1.777405599011666e+17,1.754340289140299e+17,1.7312749792689315e+17,1.5300385233609904e+17,1.328802067453049e+17,1.0326000055049986e+17,7.363979435569482e+16,5.097522976356709e+16,2.831066517143937e+16,2.6097970145829548e+16,2.3885275120219736e+16,2.9154185960376132e+16,3.4423096800532532e+16,4.45390630157344e+16,5.465502923093625e+16,6.941162117945301e+16,8.416821312796976e+16,1.0167284005021584e+17,1.1917746697246189e+17,1.3608210823671453e+17,1.5298674950096714e+17,1.721708089795234e+17,1.913548684580796e+17,2.1841895993035085e+17,2.4548305140262205e+17,2.8532853643192157e+17,3.2517402146122106e+17,3.7877938962522234e+17,4.323847577892237e+17,4.905982329088453e+17,5.488117080284669e+17,5.932841602113894e+17,6.377566123943121e+17,6.491717436355771e+17,6.605868748768422e+17,6.240071549784371e+17,5.874274350800323e+17,5.062281277725193e+17,4.2502882046500646e+17,3.25145295877283e+17,2.2526177128955955e+17,1.4531008345785814e+17,6.535839562615678e+16,3.267919781307839e+16,0.0,0.0,0.0,0.0,0.0,0.0,0.0,0.0,0.0,0.0,0.0,0.0,0.0,0.0,0.0,0.0,0.0,0.0,0.0,0.0,0.0,0.0,0.0,0.0,0.0,0.0,0.0,0.0,0.0,0.0,0.0,0.0,0.0,0.0,0.0,0.0,0.0,0.0,0.0,0.0,0.0,0.0,0.0,0.0,0.0,0.0,0.0,0.0,0.0,0.0,0.0,0.0,0.0,0.0,0.0,0.0,0.0,0.0,0.0,0.0,0.0,0.0,0.0,0.0,0.0,0.0,0.0,0.0,0.0,0.0,0.0,0.0,0.0,0.0,0.0,0.0,0.0,0.0,0.0,0.0,0.0,0.0,0.0,0.0,0.0,0.0,0.0,0.0,0.0,0.0,0.0,0.0,0.0,0.0,0.0,0.0,0.0,0.0,0.0,0.0,0.0,0.0,0.0,0.0,0.0,0.0,0.0,0.0,0.0,0.0,0.0,0.0,0.0,0.0,0.0,0.0,0.0,0.0,0.0,0.0
31.8542293356434,104.38011498259,14.8927689400555,218.0,40.0,100.3354621424487,5.0,5.0,5.663066794647777,4.406738078522346e+18,0.0,0.0,0.0,0.0,0.0,0.0,0.0,0.0,0.0,0.0,0.0,0.0,0.0,0.0,0.0,0.0,0.0,0.0,0.0,0.0,0.0,0.0,0.0,0.0,0.0,0.0,0.0,0.0,0.0,0.0,0.0,0.0,0.0,0.0,0.0,0.0,0.0,0.0,0.0,0.0,0.0,0.0,0.0,0.0,0.0,0.0,0.0,0.0,0.0,0.0,0.0,0.0,0.0,0.0,0.0,0.0,0.0,0.0,0.0,0.0,0.0,0.0,0.0,379512204040767.6,759024408081535.2,1697827583184520.8,2636630758287506.5,7613460448433027.0,1.2590290138578548e+16,2.052681081482516e+16,2.8463331491071764e+16,4.094798134575497e+16,5.343263120043816e+16,6.755749945828546e+16,8.168236771613274e+16,9.016834132707474e+16,9.865431493801672e+16,9.592556088330576e+16,9.31968068285948e+16,7.918972622085315e+16,6.518264561311152e+16,4.648357621117935e+16,2.77845068092472e+16,1.4958183518692242e+16,2131860228137283.2,1065930114068641.6,0.0,0.0,0.0,4300010806854788.5,8600021613709577.0,2.298370026258154e+16,3.736737891145352e+16,6.009118940630774e+16,8.281499990116197e+16,1.0532869631634742e+17,1.2784239273153288e+17,1.444944536045614e+17,1.6114651447758998e+17,1.7133739019753232e+17,1.8152826591747466e+17,1.9739363581664006e+17,2.132590057158054e+17,2.53187801453134e+17,2.931165971904625e+17,3.5202782023549664e+17,4.1093904328053075e+17,4.685143050947824e+17,5.2608956690903405e+17,5.574377198119523e+17,5.887858727148707e+17,5.736610358415289e+17,5.5853619896818714e+17,4.9364449875962534e+17,4.287527985510634e+17,3.357076497682661e+17,2.4266250098546883e+17,1.607225057548857e+17,7.878251052430258e+16,3.939125526215129e+16,0.0,0.0,0.0,0.0,0.0,0.0,0.0,0.0,0.0,0.0,0.0,0.0,0.0,0.0,0.0,0.0,0.0,0.0,0.0,0.0,0.0,0.0,0.0,0.0,0.0,0.0,0.0,0.0,0.0,0.0,0.0,0.0,0.0,0.0,0.0,0.0,0.0,0.0,0.0,0.0,0.0,0.0,0.0,0.0,0.0,0.0,0.0,0.0,0.0,0.0,0.0,0.0,0.0,0.0,0.0,0.0,0.0,0.0,0.0,0.0,0.0,0.0,0.0,0.0,0.0,0.0,0.0,0.0,0.0,0.0,0.0,0.0,0.0,0.0,0.0,0.0,0.0,0.0,0.0,0.0,0.0,0.0,0.0,0.0,0.0,0.0,0.0,0.0,0.0,0.0,0.0,0.0,0.0,0.0,0.0,0.0,0.0,0.0,0.0,0.0,0.0,0.0,0.0,0.0,0.0,0.0,0.0,0.0,0.0,0.0,0.0,0.0,0.0,0.0,0.0,0.0,0.0,0.0,0.0,0.0
31.8768203512612,104.345938161709,17.7497379642719,218.0,30.0,102.40682252695002,5.0,5.0,3.6426780873184605,2.8345645243592095e+18,0.0,0.0,0.0,0.0,0.0,0.0,0.0,0.0,0.0,0.0,0.0,0.0,0.0,0.0,0.0,0.0,0.0,0.0,0.0,0.0,0.0,0.0,0.0,0.0,0.0,0.0,0.0,0.0,0.0,0.0,0.0,0.0,0.0,0.0,0.0,0.0,0.0,0.0,0.0,0.0,0.0,0.0,0.0,0.0,0.0,0.0,0.0,0.0,0.0,0.0,0.0,0.0,0.0,0.0,0.0,0.0,0.0,0.0,0.0,0.0,0.0,0.0,0.0,0.0,0.0,0.0,0.0,0.0,0.0,0.0,0.0,2303617757809376.0,4607235515618752.0,9314590527300390.0,1.402194553898203e+16,1.7780066822320924e+16,2.1538188105659816e+16,2.1591842297447836e+16,2.164549648923586e+16,1.7946997869544102e+16,1.424849924985235e+16,9183608714288296.0,4118718178724241.5,2059359089362120.8,0.0,0.0,0.0,0.0,0.0,0.0,0.0,1.0167616224061734e+16,2.0335232448123468e+16,4.175370833214921e+16,6.317218421617494e+16,8.362454026589931e+16,1.0407689631562366e+17,1.1389343368640947e+17,1.237099710571953e+17,1.1937528210008682e+17,1.1504059314297832e+17,1.0612429927558682e+17,9.720800540819531e+16,1.1590971204170341e+17,1.3461141867521152e+17,1.853675486782547e+17,2.3612367868129786e+17,2.938826497648447e+17,3.516416208483915e+17,3.915252053640317e+17,4.314087898796718e+17,4.3373145307906566e+17,4.360541162784594e+17,3.9430691182938016e+17,3.52559707380301e+17,2.8197012868172787e+17,2.1138054998315475e+17,1.433702153923457e+17,7.535988080153666e+16,3.853083848317873e+16,1701796164820799.5,850898082410399.8,0.0,0.0,0.0,0.0,0.0,0.0,0.0,0.0,0.0,0.0,0.0,0.0,0.0,0.0,0.0,0.0,0.0,0.0,0.0,0.0,0.0,0.0,0.0,0.0,0.0,0.0,0.0,0.0,0.0,0.0,0.0,0.0,0.0,0.0,0.0,0.0,0.0,0.0,0.0,0.0,0.0,0.0,0.0,0.0,0.0,0.0,0.0,0.0,0.0,0.0,0.0,0.0,0.0,0.0,0.0,0.0,0.0,0.0,0.0,0.0,0.0,0.0,0.0,0.0,0.0,0.0,0.0,0.0,0.0,0.0,0.0,0.0,0.0,0.0,0.0,0.0,0.0,0.0,0.0,0.0,0.0,0.0,0.0,0.0,0.0,0.0,0.0,0.0,0.0,0.0,0.0,0.0,0.0,0.0,0.0,0.0,0.0,0.0,0.0,0.0,0.0,0.0,0.0,0.0,0.0,0.0,0.0,0.0,0.0,0.0,0.0,0.0,0.0,0.0,0.0,0.0,0.0,0.0
31.9013528839035,104.308813400467,20.0562836186236,218.0,25.0,104.7528475231588,5.0,5.0,2.1414909498255708,1.6664097485705672e+18,0.0,0.0,0.0,0.0,0.0,0.0,0.0,0.0,0.0,0.0,0.0,0.0,0.0,0.0,0.0,0.0,0.0,0.0,0.0,0.0,0.0,0.0,0.0,0.0,0.0,0.0,0.0,0.0,0.0,0.0,0.0,0.0,0.0,0.0,0.0,0.0,0.0,0.0,0.0,0.0,0.0,0.0,0.0,0.0,0.0,0.0,0.0,0.0,0.0,0.0,0.0,0.0,0.0,0.0,0.0,0.0,0.0,0.0,0.0,0.0,0.0,0.0,0.0,0.0,0.0,0.0,0.0,0.0,0.0,0.0,0.0,0.0,0.0,0.0,0.0,0.0,0.0,0.0,0.0,0.0,0.0,0.0,0.0,0.0,0.0,0.0,0.0,0.0,0.0,0.0,0.0,9247377469162096.0,1.849475493832419e+16,3.475522403273656e+16,5.101569312714893e+16,6.468105753714432e+16,7.834642194713971e+16,8.154711096365083e+16,8.474779998016194e+16,7.629288764169272e+16,6.783797530322349e+16,5.322421045275493e+16,3.861044560228636e+16,3.945081612984018e+16,4.029118665739398e+16,7.48275439423975e+16,1.0936390122740102e+17,1.5398857187144525e+17,1.986132425154895e+17,2.327847456448777e+17,2.6695624877426586e+17,2.7496504101259526e+17,2.8297383325092474e+17,2.590387508791811e+17,2.3510366850743747e+17,1.8898602912488966e+17,1.4286838974234186e+17,9.702057855015856e+16,5.117276735797525e+16,2.5593093498513976e+16,13419639052699.865,6709819526349.933,0.0,0.0,0.0,0.0,0.0,0.0,0.0,0.0,0.0,0.0,0.0,0.0,0.0,0.0,0.0,0.0,0.0,0.0,0.0,0.0,0.0,0.0,0.0,0.0,0.0,0.0,0.0,0.0,0.0,0.0,0.0,0.0,0.0,0.0,0.0,0.0,0.0,0.0,0.0,0.0,0.0,0.0,0.0,0.0,0.0,0.0,0.0,0.0,0.0,0.0,0.0,0.0,0.0,0.0,0.0,0.0,0.0,0.0,0.0,0.0,0.0,0.0,0.0,0.0,0.0,0.0,0.0,0.0,0.0,0.0,0.0,0.0,0.0,0.0,0.0,0.0,0.0,0.0,0.0,0.0,0.0,0.0,0.0,0.0,0.0,0.0,0.0,0.0,0.0,0.0,0.0,0.0,0.0,0.0,0.0,0.0,0.0,0.0,0.0,0.0,0.0,0.0,0.0,0.0,0.0,0.0,0.0,0.0,0.0,0.0,0.0,0.0,0.0,0.0,0.0,0.0,0.0,0.0
31.9269051138664,104.270133948478,21.9678796312896,218.0,20.0,106.41592432711897,5.0,5.0,1.0653973730478536,8.290432274266796e+17,0.0,0.0,0.0,0.0,0.0,0.0,0.0,0.0,0.0,0.0,0.0,0.0,0.0,0.0,0.0,0.0,0.0,0.0,0.0,0.0,0.0,0.0,0.0,0.0,0.0,0.0,0.0,0.0,0.0,0.0,0.0,0.0,0.0,0.0,0.0,0.0,0.0,0.0,0.0,0.0,0.0,0.0,0.0,0.0,0.0,0.0,0.0,0.0,0.0,0.0,0.0,0.0,0.0,0.0,0.0,0.0,0.0,0.0,0.0,0.0,0.0,0.0,0.0,0.0,0.0,0.0,0.0,0.0,0.0,0.0,0.0,0.0,0.0,0.0,0.0,0.0,0.0,0.0,0.0,0.0,0.0,0.0,0.0,0.0,0.0,0.0,0.0,0.0,0.0,1854961716395943.8,3709923432791887.5,1.0678441890789804e+16,1.7646960348787714e+16,2.6579728974880748e+16,3.5512497600973784e+16,4.141989556118931e+16,4.732729352140485e+16,4.584900002676025e+16,4.437070653211565e+16,3.6701276540566376e+16,2.90318465490171e+16,2.0049572552606936e+16,1.1067298556196764e+16,8558181503845355.0,6049064451493946.0,2.3700466972770092e+16,4.135186949404625e+16,6.7458793396756424e+16,9.356571729946662e+16,1.143750056639424e+17,1.351842940284182e+17,1.4052142737225203e+17,1.4585856071608582e+17,1.3362650436525026e+17,1.2139444801441464e+17,9.697703398011931e+16,7.255961994582397e+16,4.8486373440733176e+16,2.4413126935642376e+16,1.2206563467821188e+16,0.0,0.0,0.0,0.0,0.0,0.0,0.0,0.0,0.0,0.0,0.0,0.0,0.0,0.0,0.0,0.0,0.0,0.0,0.0,0.0,0.0,0.0,0.0,0.0,0.0,0.0,0.0,0.0,0.0,0.0,0.0,0.0,0.0,0.0,0.0,0.0,0.0,0.0,0.0,0.0,0.0,0.0,0.0,0.0,0.0,0.0,0.0,0.0,0.0,0.0,0.0,0.0,0.0,0.0,0.0,0.0,0.0,0.0,0.0,0.0,0.0,0.0,0.0,0.0,0.0,0.0,0.0,0.0,0.0,0.0,0.0,0.0,0.0,0.0,0.0,0.0,0.0,0.0,0.0,0.0,0.0,0.0,0.0,0.0,0.0,0.0,0.0,0.0,0.0,0.0,0.0,0.0,0.0,0.0,0.0,0.0,0.0,0.0,0.0,0.0,0.0,0.0,0.0,0.0,0.0,0.0,0.0,0.0,0.0,0.0,0.0,0.0,0.0,0.0,0.0,0.0,0.0,0.0,0.0,0.0
31.953282573251,104.230193818225,23.46997760236,218.0,15.0,108.51405346654519,5.0,5.0,0.32232825781163005,2.5082102312915117e+17,0.0,0.0,0.0,0.0,0.0,0.0,0.0,0.0,0.0,0.0,0.0,0.0,0.0,0.0,0.0,0.0,0.0,0.0,0.0,0.0,0.0,0.0,0.0,0.0,0.0,0.0,0.0,0.0,0.0,0.0,0.0,0.0,0.0,0.0,0.0,0.0,0.0,0.0,0.0,0.0,0.0,0.0,0.0,0.0,0.0,0.0,0.0,0.0,0.0,0.0,0.0,0.0,0.0,0.0,0.0,0.0,0.0,0.0,0.0,0.0,0.0,0.0,0.0,0.0,0.0,0.0,0.0,0.0,0.0,0.0,0.0,0.0,0.0,0.0,0.0,0.0,0.0,0.0,0.0,154133273350967.88,308266546701935.75,154133273350967.88,0.0,0.0,0.0,0.0,0.0,0.0,0.0,1429240009613624.5,2858480019227249.0,6056628421044231.0,9254776822861214.0,1.2593497508926564e+16,1.5932218194991914e+16,1.6681131092596354e+16,1.743004399020079e+16,1.490916024405351e+16,1.2388276497906234e+16,8724642545145405.0,5061008592384573.0,2530504296192286.5,0.0,0.0,0.0,4822800583446432.0,9645601166892864.0,1.8795811044746172e+16,2.794602092259948e+16,3.5140589686907656e+16,4.233515845121583e+16,4.357353468435962e+16,4.48119109175034e+16,4.014001202459272e+16,3.5468113131682044e+16,2.8083447583098476e+16,2.069878203451491e+16,1.3690573937491822e+16,6682365840468729.0,3341182920234364.5,0.0,0.0,0.0,0.0,0.0,0.0,0.0,0.0,0.0,0.0,0.0,0.0,0.0,0.0,0.0,0.0,0.0,0.0,0.0,0.0,0.0,0.0,0.0,0.0,0.0,0.0,0.0,0.0,0.0,0.0,0.0,0.0,0.0,0.0,0.0,0.0,0.0,0.0,0.0,0.0,0.0,0.0,0.0,0.0,0.0,0.0,0.0,0.0,0.0,0.0,0.0,0.0,0.0,0.0,0.0,0.0,0.0,0.0,0.0,0.0,0.0,0.0,0.0,0.0,0.0,0.0,0.0,0.0,0.0,0.0,0.0,0.0,0.0,0.0,0.0,0.0,0.0,0.0,0.0,0.0,0.0,0.0,0.0,0.0,0.0,0.0,0.0,0.0,0.0,0.0,0.0,0.0,0.0,0.0,0.0,0.0,0.0,0.0,0.0,0.0,0.0,0.0,0.0,0.0,0.0,0.0,0.0,0.0,0.0,0.0,0.0,0.0,0.0,0.0,0.0,0.0,0.0,0.0,0.0,0.0
31.9802845136641,104.189311912639,24.5511456592836,218.0,10.0,90.0,5.0,5.0,0.0,0.0,0.0,0.0,0.0,0.0,0.0,0.0,0.0,0.0,0.0,0.0,0.0,0.0,0.0,0.0,0.0,0.0,0.0,0.0,0.0,0.0,0.0,0.0,0.0,0.0,0.0,0.0,0.0,0.0,0.0,0.0,0.0,0.0,0.0,0.0,0.0,0.0,0.0,0.0,0.0,0.0,0.0,0.0,0.0,0.0,0.0,0.0,0.0,0.0,0.0,0.0,0.0,0.0,0.0,0.0,0.0,0.0,0.0,0.0,0.0,0.0,0.0,0.0,0.0,0.0,0.0,0.0,0.0,0.0,0.0,0.0,0.0,0.0,0.0,0.0,0.0,0.0,0.0,0.0,0.0,0.0,0.0,0.0,0.0,0.0,0.0,0.0,0.0,0.0,0.0,0.0,0.0,0.0,0.0,0.0,0.0,0.0,0.0,0.0,0.0,0.0,0.0,0.0,0.0,0.0,0.0,0.0,0.0,0.0,0.0,0.0,0.0,0.0,0.0,0.0,0.0,0.0,0.0,0.0,0.0,0.0,0.0,0.0,0.0,0.0,0.0,0.0,0.0,0.0,0.0,0.0,0.0,0.0,0.0,0.0,0.0,0.0,0.0,0.0,0.0,0.0,0.0,0.0,0.0,0.0,0.0,0.0,0.0,0.0,0.0,0.0,0.0,0.0,0.0,0.0,0.0,0.0,0.0,0.0,0.0,0.0,0.0,0.0,0.0,0.0,0.0,0.0,0.0,0.0,0.0,0.0,0.0,0.0,0.0,0.0,0.0,0.0,0.0,0.0,0.0,0.0,0.0,0.0,0.0,0.0,0.0,0.0,0.0,0.0,0.0,0.0,0.0,0.0,0.0,0.0,0.0,0.0,0.0,0.0,0.0,0.0,0.0,0.0,0.0,0.0,0.0,0.0,0.0,0.0,0.0,0.0,0.0,0.0,0.0,0.0,0.0,0.0,0.0,0.0,0.0,0.0,0.0,0.0,0.0,0.0,0.0,0.0,0.0,0.0,0.0,0.0,0.0,0.0,0.0,0.0,0.0,0.0,0.0,0.0,0.0,0.0
31.7762938385319,104.411721546628,2.46201938253052,218.0,80.0,131.29023731064405,5.0,5.0,9.030582671890999,7.027184028462668e+18,0.0,0.0,0.0,0.0,0.0,0.0,0.0,0.0,0.0,0.0,0.0,0.0,0.0,0.0,0.0,0.0,0.0,0.0,0.0,0.0,0.0,0.0,0.0,0.0,0.0,0.0,0.0,0.0,0.0,0.0,0.0,0.0,0.0,0.0,0.0,0.0,0.0,0.0,0.0,0.0,0.0,0.0,0.0,0.0,0.0,0.0,0.0,0.0,0.0,0.0,0.0,0.0,0.0,0.0,0.0,0.0,0.0,0.0,0.0,2.22069861270026e+16,4.44139722540052e+16,6.685284451454158e+16,8.929171677507798e+16,1.0183962858107208e+17,1.143875403870662e+17,1.170579820717582e+17,1.1972842375645022e+17,1.1654797312792291e+17,1.133675224993956e+17,1.1076393148752582e+17,1.081603404756561e+17,1.1634683429844522e+17,1.2453332812123435e+17,1.463429609772592e+17,1.68152593833284e+17,1.8767334120280794e+17,2.0719408857233194e+17,2.1184980843113843e+17,2.165055282899449e+17,2.0522504308356755e+17,1.939445578771902e+17,1.790430543074793e+17,1.6414155073776835e+17,1.6020840460973085e+17,1.562752584816933e+17,1.624860049951518e+17,1.6869675150861024e+17,1.7900631979977773e+17,1.8931588809094515e+17,2.0093416914624125e+17,2.125524502015374e+17,2.226151292661576e+17,2.3267780833077776e+17,2.399113284706707e+17,2.4714484861056368e+17,2.4827435339893782e+17,2.49403858187312e+17,2.4747500578690112e+17,2.455461533864902e+17,2.6172828064934704e+17,2.7791040791220387e+17,3.2181105854594426e+17,3.657117091796846e+17,4.2047594316661357e+17,4.752401771535426e+17,5.2012805244065e+17,5.6501592772775744e+17,5.809729489352324e+17,5.969299701427072e+17,5.735990290603238e+17,5.502680879779404e+17,4.888625679810275e+17,4.274570479841146e+17,3.45637709219972e+17,2.638183704558294e+17,1.8892067928130602e+17,1.140229881067827e+17,6.969907477577642e+16,2.5375161444770136e+16,1.2687580722385068e+16,0.0,0.0,0.0,0.0,0.0,0.0,0.0,0.0,0.0,0.0,0.0,0.0,0.0,0.0,0.0,0.0,0.0,0.0,0.0,0.0,0.0,0.0,0.0,0.0,0.0,0.0,0.0,0.0,0.0,0.0,0.0,0.0,0.0,0.0,0.0,0.0,0.0,0.0,0.0,0.0,0.0,0.0,0.0,0.0,0.0,0.0,0.0,0.0,0.0,0.0,0.0,0.0,0.0,0.0,0.0,0.0,0.0,0.0,0.0,0.0,0.0,0.0,0.0,0.0,0.0,0.0,0.0,0.0,0.0,0.0,0.0,0.0,0.0,0.0,0.0,0.0,0.0,0.0,0.0,0.0,0.0,0.0,0.0,0.0,0.0,0.0,0.0,0.0,0.0,0.0,0.0,0.0,0.0,0.0,0.0,0.0,0.0,0.0,0.0,0.0,0.0,0.0,0.0,0.0,0.0,0.0,0.0,0.0,0.0,0.0,0.0,0.0,0.0,0.0,0.0,0.0,0.0,0.0,0.0,0.0
31.7845473238044,104.39924461435,7.18980823265266,218.0,65.0,121.30647860157761,5.0,5.0,8.93302741170997,6.95127101253176e+18,0.0,0.0,0.0,0.0,0.0,0.0,0.0,0.0,0.0,0.0,0.0,0.0,0.0,0.0,0.0,0.0,0.0,0.0,0.0,0.0,0.0,0.0,0.0,0.0,0.0,0.0,0.0,0.0,0.0,0.0,0.0,0.0,0.0,0.0,0.0,0.0,0.0,0.0,0.0,0.0,0.0,0.0,0.0,0.0,0.0,0.0,0.0,0.0,0.0,0.0,0.0,0.0,0.0,0.0,0.0,0.0,0.0,0.0,0.0,1.6247601102881806e+16,3.2495202205763612e+16,4.847505718463817e+16,6.445491216351271e+16,7.346050017943846e+16,8.246608819536426e+16,8.379200605585998e+16,8.511792391635568e+16,8.241131899834106e+16,7.970471408032643e+16,8.193130652298922e+16,8.4157898965652e+16,1.0246735613550376e+17,1.2077681330535554e+17,1.488772051954768e+17,1.7697759708559808e+17,1.9810047425015043e+17,2.1922335141470275e+17,2.2231699864327498e+17,2.2541064587184717e+17,2.090011928929048e+17,1.9259173991396243e+17,1.6768393365296288e+17,1.4277612739196334e+17,1.2970765648463616e+17,1.1663918557730901e+17,1.1979652998317554e+17,1.2295387438904211e+17,1.3201368754278606e+17,1.4107350069653005e+17,1.5321685588381683e+17,1.653602110711036e+17,1.777767106814779e+17,1.9019321029185213e+17,2.012927986901493e+17,2.1239238708844653e+17,2.1902317759455728e+17,2.2565396810066806e+17,2.3265907019826237e+17,2.3966417229585667e+17,2.6411345513886253e+17,2.885627379818684e+17,3.346138816276742e+17,3.806650252734798e+17,4.377660479446936e+17,4.9486707061590746e+17,5.456898748572524e+17,5.965126790985974e+17,6.218393281994808e+17,6.471659773003643e+17,6.326170993395758e+17,6.180682213787872e+17,5.6007252592744646e+17,5.0207683047610566e+17,4.138039040869819e+17,3.255309776978581e+17,2.365384119113485e+17,1.47545846124839e+17,8.88689843437898e+16,3.0192122562740596e+16,1.5096061281370298e+16,0.0,0.0,0.0,0.0,0.0,0.0,0.0,0.0,0.0,0.0,0.0,0.0,0.0,0.0,0.0,0.0,0.0,0.0,0.0,0.0,0.0,0.0,0.0,0.0,0.0,0.0,0.0,0.0,0.0,0.0,0.0,0.0,0.0,0.0,0.0,0.0,0.0,0.0,0.0,0.0,0.0,0.0,0.0,0.0,0.0,0.0,0.0,0.0,0.0,0.0,0.0,0.0,0.0,0.0,0.0,0.0,0.0,0.0,0.0,0.0,0.0,0.0,0.0,0.0,0.0,0.0,0.0,0.0,0.0,0.0,0.0,0.0,0.0,0.0,0.0,0.0,0.0,0.0,0.0,0.0,0.0,0.0,0.0,0.0,0.0,0.0,0.0,0.0,0.0,0.0,0.0,0.0,0.0,0.0,0.0,0.0,0.0,0.0,0.0,0.0,0.0,0.0,0.0,0.0,0.0,0.0,0.0,0.0,0.0,0.0,0.0,0.0,0.0,0.0,0.0,0.0,0.0,0.0,0.0,0.0
31.7992946097287,104.376943525758,11.3706888080417,218.0,50.0,110.00554724528155,5.0,5.0,7.824156601647557,6.088398756198453e+18,0.0,0.0,0.0,0.0,0.0,0.0,0.0,0.0,0.0,0.0,0.0,0.0,0.0,0.0,0.0,0.0,0.0,0.0,0.0,0.0,0.0,0.0,0.0,0.0,0.0,0.0,0.0,0.0,0.0,0.0,0.0,0.0,0.0,0.0,0.0,0.0,0.0,0.0,0.0,0.0,0.0,0.0,0.0,0.0,0.0,0.0,0.0,0.0,0.0,0.0,0.0,0.0,0.0,0.0,0.0,0.0,0.0,0.0,0.0,5916478308925584.0,1.1832956617851168e+16,1.8109049683398228e+16,2.438514274894529e+16,2.799380044938771e+16,3.1602458149830132e+16,3.2000456852936284e+16,3.239845555604243e+16,3.412476609156569e+16,3.585107662708894e+16,4.630217837764373e+16,5.675328012819852e+16,7.895034015375221e+16,1.011474001793059e+17,1.263281035212635e+17,1.5150880686322115e+17,1.683946259054341e+17,1.8528044494764707e+17,1.8537096629764566e+17,1.854614876476443e+17,1.6650552715529014e+17,1.4754956666293603e+17,1.187082519075697e+17,8.98669371522034e+16,7.083304872885045e+16,5.1799160305497496e+16,5.156166088490323e+16,5.132416146430894e+16,5.7283876424822824e+16,6.3243591385336696e+16,7.473889823070389e+16,8.623420507607106e+16,1.020814250338285e+17,1.1792864499158594e+17,1.3590410928284765e+17,1.5387957357410938e+17,1.6937205095716586e+17,1.8486452834022234e+17,2.00974171191851e+17,2.1708381404347968e+17,2.404072113970288e+17,2.6373060875057792e+17,3.005331020041264e+17,3.3733559525767494e+17,3.8985373640694464e+17,4.423718775562143e+17,5.006140658964595e+17,5.588562542367049e+17,6.018016083981046e+17,6.447469625595043e+17,6.510578335303026e+17,6.573687045011008e+17,6.139871102174547e+17,5.7060551593380845e+17,4.836996149257147e+17,3.967937139176208e+17,2.946745711397896e+17,1.925554283619582e+17,1.1829691551186042e+17,4.403840266176262e+16,2.201920133088131e+16,0.0,0.0,0.0,0.0,0.0,0.0,0.0,0.0,0.0,0.0,0.0,0.0,0.0,0.0,0.0,0.0,0.0,0.0,0.0,0.0,0.0,0.0,0.0,0.0,0.0,0.0,0.0,0.0,0.0,0.0,0.0,0.0,0.0,0.0,0.0,0.0,0.0,0.0,0.0,0.0,0.0,0.0,0.0,0.0,0.0,0.0,0.0,0.0,0.0,0.0,0.0,0.0,0.0,0.0,0.0,0.0,0.0,0.0,0.0,0.0,0.0,0.0,0.0,0.0,0.0,0.0,0.0,0.0,0.0,0.0,0.0,0.0,0.0,0.0,0.0,0.0,0.0,0.0,0.0,0.0,0.0,0.0,0.0,0.0,0.0,0.0,0.0,0.0,0.0,0.0,0.0,0.0,0.0,0.0,0.0,0.0,0.0,0.0,0.0,0.0,0.0,0.0,0.0,0.0,0.0,0.0,0.0,0.0,0.0,0.0,0.0,0.0,0.0,0.0,0.0,0.0,0.0,0.0,0.0,0.0
31.8187955808226,104.347444064352,14.8927689400555,218.0,40.0,103.96369866343402,5.0,5.0,5.900773475233807,4.5917104828470876e+18,0.0,0.0,0.0,0.0,0.0,0.0,0.0,0.0,0.0,0.0,0.0,0.0,0.0,0.0,0.0,0.0,0.0,0.0,0.0,0.0,0.0,0.0,0.0,0.0,0.0,0.0,0.0,0.0,0.0,0.0,0.0,0.0,0.0,0.0,0.0,0.0,0.0,0.0,0.0,0.0,0.0,0.0,0.0,0.0,0.0,0.0,0.0,0.0,0.0,0.0,0.0,0.0,0.0,0.0,0.0,0.0,0.0,0.0,0.0,585661209002738.9,1171322418005477.8,1354763585981489.8,1538204753957502.2,1990797826172065.8,2443390898386628.5,3217354020089643.5,3991317141792658.0,7320777298437835.0,1.0650237455083012e+16,1.8527081607299984e+16,2.640392575951695e+16,3.948726699000313e+16,5.25706082204893e+16,6.7827088066325304e+16,8.308356791216131e+16,9.311918241815203e+16,1.0315479692414278e+17,1.018066441839165e+17,1.004584914436902e+17,8.695527962057117e+16,7.345206779745213e+16,5.35066765018704e+16,3.3561285206288668e+16,2.03370279362953e+16,7112770666301938.0,6797572937117326.0,6482375207932713.0,8608895955748093.0,1.0735416703563474e+16,1.82225042312602e+16,2.5709591758956936e+16,4.281988719364132e+16,5.993018262832571e+16,8.31449094716445e+16,1.0635963631496326e+17,1.277606484270639e+17,1.4916166053916454e+17,1.6451938398428992e+17,1.7987710742941533e+17,1.886231178334892e+17,1.9736912823756307e+17,2.1297122611022317e+17,2.2857332398288323e+17,2.6940674071977462e+17,3.10240157456666e+17,3.716482609414331e+17,4.3305636442620006e+17,4.90927690091417e+17,5.48799015756634e+17,5.761514912569754e+17,6.035039667573169e+17,5.802521834270294e+17,5.570004000967419e+17,4.831944590333689e+17,4.0938851796999597e+17,3.1094702689759584e+17,2.1250553582519578e+17,1.3296582549174778e+17,5.342611515829976e+16,2.671305757914988e+16,0.0,0.0,0.0,0.0,0.0,0.0,0.0,0.0,0.0,0.0,0.0,0.0,0.0,0.0,0.0,0.0,0.0,0.0,0.0,0.0,0.0,0.0,0.0,0.0,0.0,0.0,0.0,0.0,0.0,0.0,0.0,0.0,0.0,0.0,0.0,0.0,0.0,0.0,0.0,0.0,0.0,0.0,0.0,0.0,0.0,0.0,0.0,0.0,0.0,0.0,0.0,0.0,0.0,0.0,0.0,0.0,0.0,0.0,0.0,0.0,0.0,0.0,0.0,0.0,0.0,0.0,0.0,0.0,0.0,0.0,0.0,0.0,0.0,0.0,0.0,0.0,0.0,0.0,0.0,0.0,0.0,0.0,0.0,0.0,0.0,0.0,0.0,0.0,0.0,0.0,0.0,0.0,0.0,0.0,0.0,0.0,0.0,0.0,0.0,0.0,0.0,0.0,0.0,0.0,0.0,0.0,0.0,0.0,0.0,0.0,0.0,0.0,0.0,0.0,0.0,0.0,0.0,0.0,0.0,0.0
31.8413865964404,104.313259718259,17.7497379642719,218.0,30.0,103.64618326225784,5.0,5.0,3.8371953580530915,2.9859289166504453e+18,0.0,0.0,0.0,0.0,0.0,0.0,0.0,0.0,0.0,0.0,0.0,0.0,0.0,0.0,0.0,0.0,0.0,0.0,0.0,0.0,0.0,0.0,0.0,0.0,0.0,0.0,0.0,0.0,0.0,0.0,0.0,0.0,0.0,0.0,0.0,0.0,0.0,0.0,0.0,0.0,0.0,0.0,0.0,0.0,0.0,0.0,0.0,0.0,0.0,0.0,0.0,0.0,0.0,0.0,0.0,0.0,0.0,0.0,0.0,2227502157433472.5,4455004314866945.0,3471029511309698.0,2487054707752451.0,1243527353876225.5,0.0,0.0,0.0,0.0,0.0,0.0,0.0,2422310682666171.0,4844621365332342.0,9842598152527202.0,1.484057493972206e+16,1.9277644948056724e+16,2.371471495639139e+16,2.4923591091071224e+16,2.6132467225751056e+16,2.270028312361542e+16,1.9268099021479784e+16,1.3283434774322682e+16,7298770527165583.0,3649385263582791.5,0.0,0.0,0.0,0.0,0.0,1641320278938269.2,3282640557876538.5,1.6901007252230456e+16,3.0519373946584372e+16,5.280727153655014e+16,7.509516912651592e+16,9.493603553877614e+16,1.147769019510364e+17,1.239090336190659e+17,1.3304116528709536e+17,1.2882214548074133e+17,1.246031256743873e+17,1.1708120177881736e+17,1.0955927788324742e+17,1.3152978530483253e+17,1.5350029272641763e+17,2.0799625663578563e+17,2.6249222054515366e+17,3.226529456400574e+17,3.828136707349612e+17,4.1975617573658144e+17,4.566986807382017e+17,4.516279282064981e+17,4.465571756747945e+17,3.95976614433655e+17,3.453960531925156e+17,2.677210681074484e+17,1.9004608302238125e+17,1.2227593077659813e+17,5.450577853081501e+16,2.7252889265407504e+16,0.0,0.0,0.0,0.0,0.0,0.0,0.0,0.0,0.0,0.0,0.0,0.0,0.0,0.0,0.0,0.0,0.0,0.0,0.0,0.0,0.0,0.0,0.0,0.0,0.0,0.0,0.0,0.0,0.0,0.0,0.0,0.0,0.0,0.0,0.0,0.0,0.0,0.0,0.0,0.0,0.0,0.0,0.0,0.0,0.0,0.0,0.0,0.0,0.0,0.0,0.0,0.0,0.0,0.0,0.0,0.0,0.0,0.0,0.0,0.0,0.0,0.0,0.0,0.0,0.0,0.0,0.0,0.0,0.0,0.0,0.0,0.0,0.0,0.0,0.0,0.0,0.0,0.0,0.0,0.0,0.0,0.0,0.0,0.0,0.0,0.0,0.0,0.0,0.0,0.0,0.0,0.0,0.0,0.0,0.0,0.0,0.0,0.0,0.0,0.0,0.0,0.0,0.0,0.0,0.0,0.0,0.0,0.0,0.0,0.0,0.0,0.0,0.0,0.0,0.0,0.0,0.0,0.0,0.0,0.0
31.8659191290828,104.276126523155,20.0562836186236,218.0,25.0,105.0763572963929,5.0,5.0,2.2994025010268717,1.7892892537840643e+18,0.0,0.0,0.0,0.0,0.0,0.0,0.0,0.0,0.0,0.0,0.0,0.0,0.0,0.0,0.0,0.0,0.0,0.0,0.0,0.0,0.0,0.0,0.0,0.0,0.0,0.0,0.0,0.0,0.0,0.0,0.0,0.0,0.0,0.0,0.0,0.0,0.0,0.0,0.0,0.0,0.0,0.0,0.0,0.0,0.0,0.0,0.0,0.0,0.0,0.0,0.0,0.0,0.0,0.0,0.0,0.0,0.0,0.0,0.0,1963280415170649.8,3926560830341299.5,2577078411795234.0,1227595993249169.0,613797996624584.5,0.0,0.0,0.0,0.0,0.0,0.0,0.0,0.0,0.0,0.0,0.0,0.0,0.0,0.0,0.0,122389941361058.66,244779882722117.3,122389941361058.66,0.0,0.0,0.0,0.0,0.0,0.0,0.0,599676848620345.0,1199353697240690.0,1.2183985409230942e+16,2.3168617121221196e+16,4.018163078297761e+16,5.719464444473402e+16,7.047430728981172e+16,8.375397013488942e+16,8.658167444350309e+16,8.940937875211672e+16,8.086144957665203e+16,7.231352040118734e+16,5.765573021200606e+16,4.299794002282478e+16,4.705813817648649e+16,5.111833633014818e+16,9.099151109056547e+16,1.3086468585098275e+17,1.7891391370104726e+17,2.269631415511117e+17,2.608094475481564e+17,2.9465575354520115e+17,2.977743699132848e+17,3.0089298628136845e+17,2.6973401067522944e+17,2.3857503506909043e+17,1.8582012225060992e+17,1.3306520943212946e+17,8.539147693781757e+16,3.771774444350565e+16,1.8858872221752824e+16,0.0,0.0,0.0,0.0,0.0,0.0,0.0,0.0,0.0,0.0,0.0,0.0,0.0,0.0,0.0,0.0,0.0,0.0,0.0,0.0,0.0,0.0,0.0,0.0,0.0,0.0,0.0,0.0,0.0,0.0,0.0,0.0,0.0,0.0,0.0,0.0,0.0,0.0,0.0,0.0,0.0,0.0,0.0,0.0,0.0,0.0,0.0,0.0,0.0,0.0,0.0,0.0,0.0,0.0,0.0,0.0,0.0,0.0,0.0,0.0,0.0,0.0,0.0,0.0,0.0,0.0,0.0,0.0,0.0,0.0,0.0,0.0,0.0,0.0,0.0,0.0,0.0,0.0,0.0,0.0,0.0,0.0,0.0,0.0,0.0,0.0,0.0,0.0,0.0,0.0,0.0,0.0,0.0,0.0,0.0,0.0,0.0,0.0,0.0,0.0,0.0,0.0,0.0,0.0,0.0,0.0,0.0,0.0,0.0,0.0,0.0,0.0,0.0,0.0,0.0,0.0,0.0,0.0,0.0,0.0
31.8914713590457,104.23743809669,21.9678796312896,218.0,20.0,105.23482861788143,5.0,5.0,1.1786079323167338,9.171384769639956e+17,0.0,0.0,0.0,0.0,0.0,0.0,0.0,0.0,0.0,0.0,0.0,0.0,0.0,0.0,0.0,0.0,0.0,0.0,0.0,0.0,0.0,0.0,0.0,0.0,0.0,0.0,0.0,0.0,0.0,0.0,0.0,0.0,0.0,0.0,0.0,0.0,0.0,0.0,0.0,0.0,0.0,0.0,0.0,0.0,0.0,0.0,0.0,0.0,0.0,0.0,0.0,0.0,0.0,0.0,0.0,0.0,0.0,0.0,0.0,953209136209362.1,1906418272418724.2,953209136209362.1,0.0,0.0,0.0,0.0,0.0,0.0,0.0,0.0,0.0,0.0,0.0,0.0,0.0,0.0,0.0,0.0,0.0,0.0,0.0,0.0,0.0,0.0,0.0,0.0,0.0,0.0,0.0,1879957557907386.5,3759915115814773.0,1.1169493139803992e+16,1.8579071163793212e+16,2.8317123509002404e+16,3.80551758542116e+16,4.3634823764741464e+16,4.9214471675271336e+16,4.71186886040414e+16,4.5022905532811464e+16,3.749332389724993e+16,2.99637422616884e+16,2.07615761029196e+16,1.155940994415081e+16,1.09946155607484e+16,1.0429821177345994e+16,3.2703927236477816e+16,5.497803329560963e+16,8.454890431459413e+16,1.1411977533357864e+17,1.3563378294119134e+17,1.5714779054880406e+17,1.6020358076479866e+17,1.632593709807932e+17,1.4605176874192093e+17,1.2884416650304864e+17,9.987919856935349e+16,7.0914230635658344e+16,4.514920465232756e+16,1.9384178668996776e+16,9692089334498388.0,0.0,0.0,0.0,0.0,0.0,0.0,0.0,0.0,0.0,0.0,0.0,0.0,0.0,0.0,0.0,0.0,0.0,0.0,0.0,0.0,0.0,0.0,0.0,0.0,0.0,0.0,0.0,0.0,0.0,0.0,0.0,0.0,0.0,0.0,0.0,0.0,0.0,0.0,0.0,0.0,0.0,0.0,0.0,0.0,0.0,0.0,0.0,0.0,0.0,0.0,0.0,0.0,0.0,0.0,0.0,0.0,0.0,0.0,0.0,0.0,0.0,0.0,0.0,0.0,0.0,0.0,0.0,0.0,0.0,0.0,0.0,0.0,0.0,0.0,0.0,0.0,0.0,0.0,0.0,0.0,0.0,0.0,0.0,0.0,0.0,0.0,0.0,0.0,0.0,0.0,0.0,0.0,0.0,0.0,0.0,0.0,0.0,0.0,0.0,0.0,0.0,0.0,0.0,0.0,0.0,0.0,0.0,0.0,0.0,0.0,0.0,0.0,0.0,0.0,0.0,0.0,0.0,0.0,0.0,0.0
31.9178488184303,104.197488649617,23.46997760236,218.0,15.0,106.39635656349269,5.0,5.0,0.3853304697447935,2.998464463537901e+17,0.0,0.0,0.0,0.0,0.0,0.0,0.0,0.0,0.0,0.0,0.0,0.0,0.0,0.0,0.0,0.0,0.0,0.0,0.0,0.0,0.0,0.0,0.0,0.0,0.0,0.0,0.0,0.0,0.0,0.0,0.0,0.0,0.0,0.0,0.0,0.0,0.0,0.0,0.0,0.0,0.0,0.0,0.0,0.0,0.0,0.0,0.0,0.0,0.0,0.0,0.0,0.0,0.0,0.0,0.0,0.0,0.0,0.0,0.0,405257257358105.25,810514514716210.5,405257257358105.25,0.0,0.0,0.0,0.0,0.0,0.0,0.0,0.0,0.0,0.0,0.0,0.0,0.0,0.0,0.0,379705581751039.4,759411163502078.8,860407393112347.8,961403622722616.9,493526233778804.2,25648844834991.504,12824422417495.752,0.0,0.0,0.0,0.0,0.0,1749966490399288.8,3499932980798577.5,6833464230420995.0,1.0166995480043412e+16,1.3611478049643382e+16,1.705596061924335e+16,1.7873598159347642e+16,1.8691235699451932e+16,1.599691945257617e+16,1.3302603205700408e+16,9447388402687076.0,5592173599673738.0,2796086799836869.0,0.0,0.0,0.0,7500890407278351.0,1.5001780814556702e+16,2.607299645284152e+16,3.714421209112634e+16,4.491529397704706e+16,5.268637586296778e+16,5.369050765038187e+16,5.4694639437795976e+16,4.833366761128624e+16,4.1972695784776504e+16,3.1920095796166756e+16,2.186749580755701e+16,1.3740431315939738e+16,5613366824322466.0,2806683412161233.0,0.0,0.0,0.0,0.0,0.0,0.0,0.0,0.0,0.0,0.0,0.0,0.0,0.0,0.0,0.0,0.0,0.0,0.0,0.0,0.0,0.0,0.0,0.0,0.0,0.0,0.0,0.0,0.0,0.0,0.0,0.0,0.0,0.0,0.0,0.0,0.0,0.0,0.0,0.0,0.0,0.0,0.0,0.0,0.0,0.0,0.0,0.0,0.0,0.0,0.0,0.0,0.0,0.0,0.0,0.0,0.0,0.0,0.0,0.0,0.0,0.0,0.0,0.0,0.0,0.0,0.0,0.0,0.0,0.0,0.0,0.0,0.0,0.0,0.0,0.0,0.0,0.0,0.0,0.0,0.0,0.0,0.0,0.0,0.0,0.0,0.0,0.0,0.0,0.0,0.0,0.0,0.0,0.0,0.0,0.0,0.0,0.0,0.0,0.0,0.0,0.0,0.0,0.0,0.0,0.0,0.0,0.0,0.0,0.0,0.0,0.0,0.0,0.0,0.0,0.0,0.0,0.0,0.0,0.0,0.0
31.9448507588434,104.156599606728,24.5511456592836,218.0,10.0,90.0,5.0,5.0,0.0,0.0,0.0,0.0,0.0,0.0,0.0,0.0,0.0,0.0,0.0,0.0,0.0,0.0,0.0,0.0,0.0,0.0,0.0,0.0,0.0,0.0,0.0,0.0,0.0,0.0,0.0,0.0,0.0,0.0,0.0,0.0,0.0,0.0,0.0,0.0,0.0,0.0,0.0,0.0,0.0,0.0,0.0,0.0,0.0,0.0,0.0,0.0,0.0,0.0,0.0,0.0,0.0,0.0,0.0,0.0,0.0,0.0,0.0,0.0,0.0,0.0,0.0,0.0,0.0,0.0,0.0,0.0,0.0,0.0,0.0,0.0,0.0,0.0,0.0,0.0,0.0,0.0,0.0,0.0,0.0,0.0,0.0,0.0,0.0,0.0,0.0,0.0,0.0,0.0,0.0,0.0,0.0,0.0,0.0,0.0,0.0,0.0,0.0,0.0,0.0,0.0,0.0,0.0,0.0,0.0,0.0,0.0,0.0,0.0,0.0,0.0,0.0,0.0,0.0,0.0,0.0,0.0,0.0,0.0,0.0,0.0,0.0,0.0,0.0,0.0,0.0,0.0,0.0,0.0,0.0,0.0,0.0,0.0,0.0,0.0,0.0,0.0,0.0,0.0,0.0,0.0,0.0,0.0,0.0,0.0,0.0,0.0,0.0,0.0,0.0,0.0,0.0,0.0,0.0,0.0,0.0,0.0,0.0,0.0,0.0,0.0,0.0,0.0,0.0,0.0,0.0,0.0,0.0,0.0,0.0,0.0,0.0,0.0,0.0,0.0,0.0,0.0,0.0,0.0,0.0,0.0,0.0,0.0,0.0,0.0,0.0,0.0,0.0,0.0,0.0,0.0,0.0,0.0,0.0,0.0,0.0,0.0,0.0,0.0,0.0,0.0,0.0,0.0,0.0,0.0,0.0,0.0,0.0,0.0,0.0,0.0,0.0,0.0,0.0,0.0,0.0,0.0,0.0,0.0,0.0,0.0,0.0,0.0,0.0,0.0,0.0,0.0,0.0,0.0,0.0,0.0,0.0,0.0,0.0,0.0,0.0,0.0,0.0,0.0,0.0,0.0
